ISO-10303-21;
HEADER;
/* Generated by software containing ST-Developer
 * from STEP Tools, Inc. (www.steptools.com) 
 */
/* OPTION: using custom schema-name function */

FILE_DESCRIPTION(
/* description */ (''),
/* implementation_level */ '2;1');

FILE_NAME(
/* name */ 'S_AC_A_01_air_classifier.stp',
/* time_stamp */ '2025-12-15T16:53:30+01:00',
/* author */ (''),
/* organization */ (''),
/* preprocessor_version */ 'ST-DEVELOPER v18.1',
/* originating_system */ 'SIEMENS PLM Software NX 1988',
/* authorisation */ '');

FILE_SCHEMA (('AUTOMOTIVE_DESIGN { 1 0 10303 214 3 1 1 1 }'));
ENDSEC;

DATA;
#10=CONTEXT_DEPENDENT_SHAPE_REPRESENTATION(#30,#94);
#11=CONTEXT_DEPENDENT_SHAPE_REPRESENTATION(#31,#95);
#12=CONTEXT_DEPENDENT_SHAPE_REPRESENTATION(#32,#96);
#13=CONTEXT_DEPENDENT_SHAPE_REPRESENTATION(#33,#97);
#14=CONTEXT_DEPENDENT_SHAPE_REPRESENTATION(#34,#98);
#15=CONTEXT_DEPENDENT_SHAPE_REPRESENTATION(#35,#99);
#16=CONTEXT_DEPENDENT_SHAPE_REPRESENTATION(#36,#100);
#17=CONTEXT_DEPENDENT_SHAPE_REPRESENTATION(#37,#101);
#18=CONTEXT_DEPENDENT_SHAPE_REPRESENTATION(#38,#102);
#19=CONTEXT_DEPENDENT_SHAPE_REPRESENTATION(#39,#103);
#20=NEXT_ASSEMBLY_USAGE_OCCURRENCE('1001',' ','S_AC_M_01_FRAME',#114,#113,
$);
#21=NEXT_ASSEMBLY_USAGE_OCCURRENCE('1002',' ','S_AC_M_02_TUBE',#114,#112,
$);
#22=NEXT_ASSEMBLY_USAGE_OCCURRENCE('1003',' ',
'S_AC_M_04_TUBE_VACUUM_CONNECTOR',#114,#111,$);
#23=NEXT_ASSEMBLY_USAGE_OCCURRENCE('1004',' ','S_AC_M_03_FEEDER',#114,#110,
$);
#24=NEXT_ASSEMBLY_USAGE_OCCURRENCE('1005',' ','S_SF_M_03_TRAY',#114,#109,
$);
#25=NEXT_ASSEMBLY_USAGE_OCCURRENCE('1006',' ','S_AC_M_05_FEEDER_DRUM',#114,
#108,$);
#26=NEXT_ASSEMBLY_USAGE_OCCURRENCE('1007',' ','S_AC_M_06_CRANK',#114,#107,
$);
#27=NEXT_ASSEMBLY_USAGE_OCCURRENCE('1008',' ','S_AC_M_07_TUBE_SUPPORT',
#114,#106,$);
#28=NEXT_ASSEMBLY_USAGE_OCCURRENCE('1009',' ',
'S_AC_P_01_VACUUM_MELLERWARE',#114,#105,$);
#29=NEXT_ASSEMBLY_USAGE_OCCURRENCE('1010',' ',
'S_AC_M_08_FEEDER_DRUM_LID',#114,#104,$);
#30=(
REPRESENTATION_RELATIONSHIP(' ',' ',#181,#182)
REPRESENTATION_RELATIONSHIP_WITH_TRANSFORMATION(#40)
SHAPE_REPRESENTATION_RELATIONSHIP()
);
#31=(
REPRESENTATION_RELATIONSHIP(' ',' ',#180,#182)
REPRESENTATION_RELATIONSHIP_WITH_TRANSFORMATION(#41)
SHAPE_REPRESENTATION_RELATIONSHIP()
);
#32=(
REPRESENTATION_RELATIONSHIP(' ',' ',#179,#182)
REPRESENTATION_RELATIONSHIP_WITH_TRANSFORMATION(#42)
SHAPE_REPRESENTATION_RELATIONSHIP()
);
#33=(
REPRESENTATION_RELATIONSHIP(' ',' ',#178,#182)
REPRESENTATION_RELATIONSHIP_WITH_TRANSFORMATION(#43)
SHAPE_REPRESENTATION_RELATIONSHIP()
);
#34=(
REPRESENTATION_RELATIONSHIP(' ',' ',#177,#182)
REPRESENTATION_RELATIONSHIP_WITH_TRANSFORMATION(#44)
SHAPE_REPRESENTATION_RELATIONSHIP()
);
#35=(
REPRESENTATION_RELATIONSHIP(' ',' ',#176,#182)
REPRESENTATION_RELATIONSHIP_WITH_TRANSFORMATION(#45)
SHAPE_REPRESENTATION_RELATIONSHIP()
);
#36=(
REPRESENTATION_RELATIONSHIP(' ',' ',#175,#182)
REPRESENTATION_RELATIONSHIP_WITH_TRANSFORMATION(#46)
SHAPE_REPRESENTATION_RELATIONSHIP()
);
#37=(
REPRESENTATION_RELATIONSHIP(' ',' ',#174,#182)
REPRESENTATION_RELATIONSHIP_WITH_TRANSFORMATION(#47)
SHAPE_REPRESENTATION_RELATIONSHIP()
);
#38=(
REPRESENTATION_RELATIONSHIP(' ',' ',#173,#182)
REPRESENTATION_RELATIONSHIP_WITH_TRANSFORMATION(#48)
SHAPE_REPRESENTATION_RELATIONSHIP()
);
#39=(
REPRESENTATION_RELATIONSHIP(' ',' ',#172,#182)
REPRESENTATION_RELATIONSHIP_WITH_TRANSFORMATION(#49)
SHAPE_REPRESENTATION_RELATIONSHIP()
);
#40=ITEM_DEFINED_TRANSFORMATION(' ',' ',#6320,#6889);
#41=ITEM_DEFINED_TRANSFORMATION(' ',' ',#6320,#6890);
#42=ITEM_DEFINED_TRANSFORMATION(' ',' ',#6320,#6891);
#43=ITEM_DEFINED_TRANSFORMATION(' ',' ',#6320,#6892);
#44=ITEM_DEFINED_TRANSFORMATION(' ',' ',#6320,#6893);
#45=ITEM_DEFINED_TRANSFORMATION(' ',' ',#6320,#6894);
#46=ITEM_DEFINED_TRANSFORMATION(' ',' ',#6320,#6895);
#47=ITEM_DEFINED_TRANSFORMATION(' ',' ',#6320,#6896);
#48=ITEM_DEFINED_TRANSFORMATION(' ',' ',#6320,#6897);
#49=ITEM_DEFINED_TRANSFORMATION(' ',' ',#6320,#6898);
#50=SHAPE_REPRESENTATION_RELATIONSHIP('MODEL',
'relationship between S_AC_M_08_feeder_drum_lid-MODEL and S_AC_M_08_fe
eder_drum_lid-MODEL',#172,#61);
#51=SHAPE_REPRESENTATION_RELATIONSHIP('MODEL',
'relationship between S_AC_P_01_vacuum_mellerware-MODEL and S_AC_P_01_
vacuum_mellerware-MODEL',#173,#62);
#52=SHAPE_REPRESENTATION_RELATIONSHIP('MODEL',
'relationship between S_AC_M_07_tube_support-MODEL and S_AC_M_07_tube_
support-MODEL',#174,#63);
#53=SHAPE_REPRESENTATION_RELATIONSHIP('MODEL',
'relationship between S_AC_M_06_crank-MODEL and S_AC_M_06_crank-MODEL',
#175,#64);
#54=SHAPE_REPRESENTATION_RELATIONSHIP('MODEL',
'relationship between S_AC_M_05_feeder_drum-MODEL and S_AC_M_05_feeder
_drum-MODEL',#176,#65);
#55=SHAPE_REPRESENTATION_RELATIONSHIP('MODEL',
'relationship between S_SF_M_03_tray-MODEL and S_SF_M_03_tray-MODEL',#177,
#66);
#56=SHAPE_REPRESENTATION_RELATIONSHIP('MODEL',
'relationship between S_AC_M_03_feeder-MODEL and S_AC_M_03_feeder-MODE
L',#178,#67);
#57=SHAPE_REPRESENTATION_RELATIONSHIP('MODEL',
'relationship between S_AC_M_04_tube_vacuum_connector-MODEL and S_AC_M
_04_tube_vacuum_connector-MODEL',#179,#68);
#58=SHAPE_REPRESENTATION_RELATIONSHIP('MODEL',
'relationship between S_AC_M_02_tube-MODEL and S_AC_M_02_tube-MODEL',#180,
#69);
#59=SHAPE_REPRESENTATION_RELATIONSHIP('MODEL',
'relationship between S_AC_M_01_frame-MODEL and S_AC_M_01_frame-MODEL',
#181,#70);
#60=SHAPE_REPRESENTATION_RELATIONSHIP('None',
'relationship between S_AC_A_01_air_classifier-None and S_AC_A_01_air_
classifier-None',#182,#71);
#61=ADVANCED_BREP_SHAPE_REPRESENTATION(
'S_AC_M_08_feeder_drum_lid-MODEL',(#1678),#11093);
#62=ADVANCED_BREP_SHAPE_REPRESENTATION(
'S_AC_P_01_vacuum_mellerware-MODEL',(#1677),#11092);
#63=ADVANCED_BREP_SHAPE_REPRESENTATION('S_AC_M_07_tube_support-MODEL',(#1676),
#11091);
#64=ADVANCED_BREP_SHAPE_REPRESENTATION('S_AC_M_06_crank-MODEL',(#1675),
#11090);
#65=ADVANCED_BREP_SHAPE_REPRESENTATION('S_AC_M_05_feeder_drum-MODEL',(#1674),
#11089);
#66=ADVANCED_BREP_SHAPE_REPRESENTATION('S_SF_M_03_tray-MODEL',(#1665,#1666,
#1667,#1668,#1669,#1670,#1671,#1672,#1673),#11088);
#67=ADVANCED_BREP_SHAPE_REPRESENTATION('S_AC_M_03_feeder-MODEL',(#1664),
#11087);
#68=ADVANCED_BREP_SHAPE_REPRESENTATION(
'S_AC_M_04_tube_vacuum_connector-MODEL',(#1663),#11086);
#69=ADVANCED_BREP_SHAPE_REPRESENTATION('S_AC_M_02_tube-MODEL',(#1662),#11085);
#70=ADVANCED_BREP_SHAPE_REPRESENTATION('S_AC_M_01_frame-MODEL',(#1661),
#11084);
#71=ADVANCED_BREP_SHAPE_REPRESENTATION('S_AC_A_01_air_classifier-None',
(#1660),#11083);
#72=SHAPE_DEFINITION_REPRESENTATION(#83,#172);
#73=SHAPE_DEFINITION_REPRESENTATION(#84,#173);
#74=SHAPE_DEFINITION_REPRESENTATION(#85,#174);
#75=SHAPE_DEFINITION_REPRESENTATION(#86,#175);
#76=SHAPE_DEFINITION_REPRESENTATION(#87,#176);
#77=SHAPE_DEFINITION_REPRESENTATION(#88,#177);
#78=SHAPE_DEFINITION_REPRESENTATION(#89,#178);
#79=SHAPE_DEFINITION_REPRESENTATION(#90,#179);
#80=SHAPE_DEFINITION_REPRESENTATION(#91,#180);
#81=SHAPE_DEFINITION_REPRESENTATION(#92,#181);
#82=SHAPE_DEFINITION_REPRESENTATION(#93,#182);
#83=PRODUCT_DEFINITION_SHAPE('','',#104);
#84=PRODUCT_DEFINITION_SHAPE('','',#105);
#85=PRODUCT_DEFINITION_SHAPE('','',#106);
#86=PRODUCT_DEFINITION_SHAPE('','',#107);
#87=PRODUCT_DEFINITION_SHAPE('','',#108);
#88=PRODUCT_DEFINITION_SHAPE('','',#109);
#89=PRODUCT_DEFINITION_SHAPE('','',#110);
#90=PRODUCT_DEFINITION_SHAPE('','',#111);
#91=PRODUCT_DEFINITION_SHAPE('','',#112);
#92=PRODUCT_DEFINITION_SHAPE('','',#113);
#93=PRODUCT_DEFINITION_SHAPE('','',#114);
#94=PRODUCT_DEFINITION_SHAPE(' ','NAUO PRDDFN',#20);
#95=PRODUCT_DEFINITION_SHAPE(' ','NAUO PRDDFN',#21);
#96=PRODUCT_DEFINITION_SHAPE(' ','NAUO PRDDFN',#22);
#97=PRODUCT_DEFINITION_SHAPE(' ','NAUO PRDDFN',#23);
#98=PRODUCT_DEFINITION_SHAPE(' ','NAUO PRDDFN',#24);
#99=PRODUCT_DEFINITION_SHAPE(' ','NAUO PRDDFN',#25);
#100=PRODUCT_DEFINITION_SHAPE(' ','NAUO PRDDFN',#26);
#101=PRODUCT_DEFINITION_SHAPE(' ','NAUO PRDDFN',#27);
#102=PRODUCT_DEFINITION_SHAPE(' ','NAUO PRDDFN',#28);
#103=PRODUCT_DEFINITION_SHAPE(' ','NAUO PRDDFN',#29);
#104=PRODUCT_DEFINITION(' ','',#126,#115);
#105=PRODUCT_DEFINITION(' ','',#127,#116);
#106=PRODUCT_DEFINITION(' ','',#128,#117);
#107=PRODUCT_DEFINITION(' ','',#129,#118);
#108=PRODUCT_DEFINITION(' ','',#130,#119);
#109=PRODUCT_DEFINITION(' ','',#131,#120);
#110=PRODUCT_DEFINITION(' ','',#132,#121);
#111=PRODUCT_DEFINITION(' ','',#133,#122);
#112=PRODUCT_DEFINITION(' ','',#134,#123);
#113=PRODUCT_DEFINITION(' ','',#135,#124);
#114=PRODUCT_DEFINITION(' ','',#136,#125);
#115=PRODUCT_DEFINITION_CONTEXT('part definition',#171,'design');
#116=PRODUCT_DEFINITION_CONTEXT('part definition',#171,'design');
#117=PRODUCT_DEFINITION_CONTEXT('part definition',#171,'design');
#118=PRODUCT_DEFINITION_CONTEXT('part definition',#171,'design');
#119=PRODUCT_DEFINITION_CONTEXT('part definition',#171,'design');
#120=PRODUCT_DEFINITION_CONTEXT('part definition',#171,'design');
#121=PRODUCT_DEFINITION_CONTEXT('part definition',#171,'design');
#122=PRODUCT_DEFINITION_CONTEXT('part definition',#171,'design');
#123=PRODUCT_DEFINITION_CONTEXT('part definition',#171,'design');
#124=PRODUCT_DEFINITION_CONTEXT('part definition',#171,'design');
#125=PRODUCT_DEFINITION_CONTEXT('part definition',#171,'design');
#126=PRODUCT_DEFINITION_FORMATION_WITH_SPECIFIED_SOURCE(' ',' ',#148,
 .NOT_KNOWN.);
#127=PRODUCT_DEFINITION_FORMATION_WITH_SPECIFIED_SOURCE(' ',' ',#149,
 .NOT_KNOWN.);
#128=PRODUCT_DEFINITION_FORMATION_WITH_SPECIFIED_SOURCE(' ',' ',#150,
 .NOT_KNOWN.);
#129=PRODUCT_DEFINITION_FORMATION_WITH_SPECIFIED_SOURCE(' ',' ',#151,
 .NOT_KNOWN.);
#130=PRODUCT_DEFINITION_FORMATION_WITH_SPECIFIED_SOURCE(' ',' ',#152,
 .NOT_KNOWN.);
#131=PRODUCT_DEFINITION_FORMATION_WITH_SPECIFIED_SOURCE(' ',' ',#153,
 .NOT_KNOWN.);
#132=PRODUCT_DEFINITION_FORMATION_WITH_SPECIFIED_SOURCE(' ',' ',#154,
 .NOT_KNOWN.);
#133=PRODUCT_DEFINITION_FORMATION_WITH_SPECIFIED_SOURCE(' ',' ',#155,
 .NOT_KNOWN.);
#134=PRODUCT_DEFINITION_FORMATION_WITH_SPECIFIED_SOURCE(' ',' ',#156,
 .NOT_KNOWN.);
#135=PRODUCT_DEFINITION_FORMATION_WITH_SPECIFIED_SOURCE(' ',' ',#157,
 .NOT_KNOWN.);
#136=PRODUCT_DEFINITION_FORMATION_WITH_SPECIFIED_SOURCE(' ',' ',#158,
 .NOT_KNOWN.);
#137=PRODUCT_RELATED_PRODUCT_CATEGORY('part','',(#148));
#138=PRODUCT_RELATED_PRODUCT_CATEGORY('part','',(#149));
#139=PRODUCT_RELATED_PRODUCT_CATEGORY('part','',(#150));
#140=PRODUCT_RELATED_PRODUCT_CATEGORY('part','',(#151));
#141=PRODUCT_RELATED_PRODUCT_CATEGORY('part','',(#152));
#142=PRODUCT_RELATED_PRODUCT_CATEGORY('part','',(#153));
#143=PRODUCT_RELATED_PRODUCT_CATEGORY('part','',(#154));
#144=PRODUCT_RELATED_PRODUCT_CATEGORY('part','',(#155));
#145=PRODUCT_RELATED_PRODUCT_CATEGORY('part','',(#156));
#146=PRODUCT_RELATED_PRODUCT_CATEGORY('part','',(#157));
#147=PRODUCT_RELATED_PRODUCT_CATEGORY('part','',(#158));
#148=PRODUCT('S_AC_M_08_feeder_drum_lid','S_AC_M_08_feeder_drum_lid',
' ',(#159));
#149=PRODUCT('S_AC_P_01_vacuum_mellerware',
'S_AC_P_01_vacuum_mellerware',' ',(#160));
#150=PRODUCT('S_AC_M_07_tube_support','S_AC_M_07_tube_support',' ',(#161));
#151=PRODUCT('S_AC_M_06_crank','S_AC_M_06_crank',' ',(#162));
#152=PRODUCT('S_AC_M_05_feeder_drum','S_AC_M_05_feeder_drum',' ',(#163));
#153=PRODUCT('S_SF_M_03_tray','S_SF_M_03_tray',' ',(#164));
#154=PRODUCT('S_AC_M_03_feeder','S_AC_M_03_feeder',' ',(#165));
#155=PRODUCT('S_AC_M_04_tube_vacuum_connector',
'S_AC_M_04_tube_vacuum_connector',' ',(#166));
#156=PRODUCT('S_AC_M_02_tube','S_AC_M_02_tube',' ',(#167));
#157=PRODUCT('S_AC_M_01_frame','S_AC_M_01_frame',' ',(#168));
#158=PRODUCT('S_AC_A_01_air_classifier','S_AC_A_01_air_classifier',' ',
(#169));
#159=PRODUCT_CONTEXT(' ',#171,'mechanical');
#160=PRODUCT_CONTEXT(' ',#171,'mechanical');
#161=PRODUCT_CONTEXT(' ',#171,'mechanical');
#162=PRODUCT_CONTEXT(' ',#171,'mechanical');
#163=PRODUCT_CONTEXT(' ',#171,'mechanical');
#164=PRODUCT_CONTEXT(' ',#171,'mechanical');
#165=PRODUCT_CONTEXT(' ',#171,'mechanical');
#166=PRODUCT_CONTEXT(' ',#171,'mechanical');
#167=PRODUCT_CONTEXT(' ',#171,'mechanical');
#168=PRODUCT_CONTEXT(' ',#171,'mechanical');
#169=PRODUCT_CONTEXT(' ',#171,'mechanical');
#170=APPLICATION_PROTOCOL_DEFINITION('international standard',
'automotive_design',2010,#171);
#171=APPLICATION_CONTEXT(
'core data for automotive mechanical design processes');
#172=SHAPE_REPRESENTATION('S_AC_M_08_feeder_drum_lid-MODEL',(#6320),#11093);
#173=SHAPE_REPRESENTATION('S_AC_P_01_vacuum_mellerware-MODEL',(#6320),#11092);
#174=SHAPE_REPRESENTATION('S_AC_M_07_tube_support-MODEL',(#6320),#11091);
#175=SHAPE_REPRESENTATION('S_AC_M_06_crank-MODEL',(#6320),#11090);
#176=SHAPE_REPRESENTATION('S_AC_M_05_feeder_drum-MODEL',(#6320),#11089);
#177=SHAPE_REPRESENTATION('S_SF_M_03_tray-MODEL',(#6320),#11088);
#178=SHAPE_REPRESENTATION('S_AC_M_03_feeder-MODEL',(#6320),#11087);
#179=SHAPE_REPRESENTATION('S_AC_M_04_tube_vacuum_connector-MODEL',(#6320),
#11086);
#180=SHAPE_REPRESENTATION('S_AC_M_02_tube-MODEL',(#6320),#11085);
#181=SHAPE_REPRESENTATION('S_AC_M_01_frame-MODEL',(#6320),#11084);
#182=SHAPE_REPRESENTATION('S_AC_A_01_air_classifier-None',(#6320,#6889,
#6890,#6891,#6892,#6893,#6894,#6895,#6896,#6897,#6898),#11083);
#183=DRAUGHTING_PRE_DEFINED_COLOUR('white');
#184=B_SPLINE_CURVE_WITH_KNOTS('',3,(#9405,#9406,#9407,#9408,#9409,#9410,
#9411,#9412,#9413,#9414,#9415,#9416,#9417,#9418,#9419,#9420,#9421,#9422,
#9423,#9424,#9425,#9426,#9427,#9428,#9429,#9430,#9431,#9432,#9433,#9434,
#9435,#9436,#9437,#9438,#9439,#9440,#9441,#9442,#9443,#9444,#9445,#9446,
#9447,#9448,#9449,#9450,#9451,#9452,#9453,#9454,#9455,#9456,#9457,#9458,
#9459,#9460,#9461,#9462),.UNSPECIFIED.,.T.,.F.,(1,3,3,3,3,3,3,3,3,3,3,3,
3,3,3,3,3,3,3,3,3,1),(-0.0536863573448019,0.,0.0334600730930851,0.0871676909350152,
0.140858973346993,0.194544062022909,0.248242761113213,0.301953643950104,
0.355656259900129,0.409343060085687,0.463031177256673,0.516735694533001,
0.57044609091797,0.624142679275459,0.677827326847178,0.73152052385327,0.785229430472564,
0.838936683512323,0.892627497412414,0.946313642655198,1.,1.03346007309309),
 .UNSPECIFIED.);
#185=B_SPLINE_CURVE_WITH_KNOTS('',3,(#9464,#9465,#9466,#9467,#9468,#9469,
#9470,#9471,#9472,#9473,#9474,#9475,#9476,#9477,#9478,#9479,#9480,#9481,
#9482,#9483,#9484,#9485,#9486,#9487,#9488,#9489,#9490,#9491,#9492,#9493,
#9494,#9495,#9496,#9497,#9498,#9499,#9500,#9501,#9502,#9503,#9504,#9505,
#9506,#9507,#9508,#9509,#9510,#9511,#9512,#9513,#9514,#9515,#9516,#9517,
#9518,#9519,#9520,#9521),.UNSPECIFIED.,.T.,.F.,(1,3,3,3,3,3,3,3,3,3,3,3,
3,3,3,3,3,3,3,3,3,1),(-0.0536863095353576,0.,0.0334615591522841,0.0871685252068001,
0.14085900864713,0.194544398645824,0.24824403141091,0.301955024457475,0.355656756438106,
0.409343059561677,0.463031844047313,0.516737153087128,0.57044723116149,
0.624142890528511,0.677827448965347,0.731521537596371,0.785230926973415,
0.838937501480845,0.892627536199946,0.946313690464642,1.,1.03346155915228),
 .UNSPECIFIED.);
#186=B_SPLINE_CURVE_WITH_KNOTS('',3,(#9523,#9524,#9525,#9526,#9527,#9528,
#9529,#9530,#9531,#9532,#9533,#9534,#9535,#9536,#9537,#9538,#9539,#9540,
#9541,#9542,#9543,#9544,#9545,#9546,#9547,#9548,#9549,#9550,#9551,#9552,
#9553,#9554,#9555,#9556,#9557,#9558,#9559,#9560,#9561,#9562,#9563,#9564,
#9565,#9566,#9567,#9568,#9569,#9570,#9571,#9572,#9573,#9574,#9575,#9576,
#9577,#9578,#9579,#9580),.UNSPECIFIED.,.T.,.F.,(1,3,3,3,3,3,3,3,3,3,3,3,
3,3,3,3,3,3,3,3,3,1),(-0.0334127907227705,0.,0.053702776913832,0.107404871333564,
0.161115554828064,0.214818933817428,0.268506215463435,0.322193725562347,
0.375897428207538,0.429608029911332,0.483305454539833,0.536990194306486,
0.590682540512577,0.644390909630179,0.698098712724754,0.751790248466372,
0.805475207305385,0.859173532047218,0.912884319929497,0.96658720927723,
1.,1.05370277691383),.UNSPECIFIED.);
#187=B_SPLINE_CURVE_WITH_KNOTS('',3,(#9582,#9583,#9584,#9585,#9586,#9587,
#9588,#9589,#9590,#9591,#9592,#9593,#9594,#9595,#9596,#9597,#9598,#9599,
#9600,#9601,#9602,#9603,#9604,#9605,#9606,#9607,#9608,#9609,#9610,#9611,
#9612,#9613,#9614,#9615,#9616,#9617,#9618,#9619,#9620,#9621,#9622,#9623,
#9624,#9625,#9626,#9627,#9628,#9629,#9630,#9631,#9632,#9633,#9634,#9635,
#9636,#9637,#9638,#9639),.UNSPECIFIED.,.T.,.F.,(1,3,3,3,3,3,3,3,3,3,3,3,
3,3,3,3,3,3,3,3,3,1),(-0.033412018461299,0.,0.0537035136155108,0.10740637912152,
0.16111723208837,0.214819747650223,0.268506479693269,0.322194609528402,
0.375899133446606,0.429609474716105,0.483305961613019,0.536990549133288,
0.590683764415515,0.644392666380744,0.698099833047081,0.751790555594844,
0.805475791635383,0.859175050098662,0.912885970234234,0.966587981538701,
1.,1.05370351361551),.UNSPECIFIED.);
#188=B_SPLINE_CURVE_WITH_KNOTS('',3,(#9741,#9742,#9743,#9744,#9745,#9746,
#9747,#9748,#9749,#9750,#9751,#9752,#9753,#9754,#9755,#9756,#9757,#9758,
#9759,#9760,#9761,#9762,#9763,#9764,#9765,#9766,#9767,#9768,#9769,#9770,
#9771,#9772,#9773,#9774,#9775,#9776,#9777,#9778,#9779,#9780,#9781,#9782,
#9783,#9784,#9785,#9786,#9787,#9788,#9789,#9790,#9791,#9792,#9793,#9794,
#9795,#9796,#9797,#9798),.UNSPECIFIED.,.T.,.F.,(1,3,3,3,3,3,3,3,3,3,3,3,
3,3,3,3,3,3,3,3,3,1),(-0.0334018378549361,0.,0.0537029731283872,0.107405344461729,
0.161115289214804,0.214818793444568,0.268508102841451,0.322197613924728,
0.375901404426485,0.429611276727165,0.483309529267858,0.536996598057471,
0.59069037535164,0.644398280544541,0.698105684382935,0.751798743369872,
0.805486005047784,0.859185055502468,0.912895093059043,0.966598162145064,
1.,1.05370297312839),.UNSPECIFIED.);
#189=B_SPLINE_CURVE_WITH_KNOTS('',3,(#9800,#9801,#9802,#9803,#9804,#9805,
#9806,#9807,#9808,#9809,#9810,#9811,#9812,#9813,#9814,#9815,#9816,#9817,
#9818,#9819,#9820,#9821,#9822,#9823,#9824,#9825,#9826,#9827,#9828,#9829,
#9830,#9831,#9832,#9833,#9834,#9835,#9836,#9837,#9838,#9839,#9840,#9841,
#9842,#9843,#9844,#9845,#9846,#9847,#9848,#9849,#9850,#9851,#9852,#9853,
#9854,#9855,#9856,#9857),.UNSPECIFIED.,.T.,.F.,(1,3,3,3,3,3,3,3,3,3,3,3,
3,3,3,3,3,3,3,3,3,1),(-0.0334011570605105,0.,0.0537036227097489,0.107406673942249,
0.16111676814061,0.214819511066738,0.268508335816348,0.32219839342068,0.375902908046208,
0.429612550615134,0.483309976382295,0.536996911013987,0.590691454629131,
0.644399829538111,0.698106672131497,0.75179901412931,0.805486520411208,
0.859186394190433,0.912896548094428,0.966598842939489,1.,1.05370362270975),
 .UNSPECIFIED.);
#190=B_SPLINE_CURVE_WITH_KNOTS('',3,(#9864,#9865,#9866,#9867,#9868,#9869,
#9870,#9871,#9872,#9873,#9874,#9875,#9876,#9877,#9878,#9879,#9880,#9881,
#9882,#9883,#9884,#9885,#9886,#9887,#9888,#9889,#9890,#9891,#9892,#9893,
#9894,#9895,#9896,#9897,#9898,#9899,#9900,#9901,#9902,#9903,#9904,#9905,
#9906,#9907,#9908,#9909,#9910,#9911,#9912,#9913,#9914,#9915,#9916,#9917,
#9918,#9919,#9920,#9921),.UNSPECIFIED.,.T.,.F.,(1,3,3,3,3,3,3,3,3,3,3,3,
3,3,3,3,3,3,3,3,3,1),(-0.0334435234044052,0.,0.0536884952730307,0.107376803490696,
0.161069228996316,0.214776149781841,0.268484527200438,0.322179051610673,
0.375866038375044,0.429563556940147,0.483273249557164,0.536977754791781,
0.590667800025996,0.644356687402105,0.698059521666625,0.751769641804815,
0.805469015803154,0.8591563903206,0.912849231459316,0.966556476595595,1.,
1.05368849527303),.UNSPECIFIED.);
#191=B_SPLINE_CURVE_WITH_KNOTS('',3,(#9923,#9924,#9925,#9926,#9927,#9928,
#9929,#9930,#9931,#9932,#9933,#9934,#9935,#9936,#9937,#9938,#9939,#9940,
#9941,#9942,#9943,#9944,#9945,#9946,#9947,#9948,#9949,#9950,#9951,#9952,
#9953,#9954,#9955,#9956,#9957,#9958,#9959,#9960,#9961,#9962,#9963,#9964,
#9965,#9966,#9967,#9968,#9969,#9970,#9971,#9972,#9973,#9974,#9975,#9976,
#9977,#9978,#9979,#9980),.UNSPECIFIED.,.T.,.F.,(1,3,3,3,3,3,3,3,3,3,3,3,
3,3,3,3,3,3,3,3,3,1),(-0.0334448336857934,0.,0.0536884531196461,0.107376769295629,
0.16106850773929,0.214774830302177,0.26848363345265,0.322178944049871,0.375865852094904,
0.42956255144958,0.483271963608577,0.536977167046956,0.590667800520243,
0.64435624945595,0.698058304376291,0.751768521923463,0.805468719220598,
0.859156359206123,0.912848495633744,0.966555166314207,1.,1.05368845311965),
 .UNSPECIFIED.);
#192=B_SPLINE_CURVE_WITH_KNOTS('',3,(#10346,#10347,#10348,#10349,#10350,
#10351,#10352,#10353,#10354,#10355,#10356,#10357,#10358,#10359,#10360,#10361,
#10362,#10363,#10364,#10365,#10366,#10367,#10368,#10369,#10370,#10371,#10372,
#10373,#10374,#10375,#10376,#10377,#10378,#10379,#10380,#10381,#10382,#10383,
#10384,#10385,#10386,#10387,#10388,#10389,#10390,#10391,#10392,#10393,#10394,
#10395,#10396,#10397,#10398,#10399,#10400,#10401,#10402,#10403),
 .UNSPECIFIED.,.T.,.F.,(1,3,3,3,3,3,3,3,3,3,3,3,3,3,3,3,3,3,3,3,3,1),(-0.0400669241293894,
0.,0.0529702802188772,0.105895044979886,0.159500494252396,0.213592292876969,
0.266960158760327,0.319545220798078,0.372461545734808,0.426322574289958,
0.480310648175686,0.53335564228292,0.585872648570928,0.639083891399925,
0.693135704765439,0.746877169796903,0.799660349214026,0.852311906354235,
0.905832948567157,0.959933075870611,1.,1.05297028021888),.UNSPECIFIED.);
#193=B_SPLINE_CURVE_WITH_KNOTS('',3,(#10405,#10406,#10407,#10408,#10409,
#10410,#10411,#10412,#10413,#10414,#10415,#10416,#10417,#10418,#10419,#10420,
#10421,#10422,#10423,#10424,#10425,#10426,#10427,#10428,#10429,#10430,#10431,
#10432,#10433,#10434,#10435,#10436,#10437,#10438,#10439,#10440,#10441,#10442,
#10443,#10444,#10445,#10446,#10447,#10448,#10449,#10450,#10451,#10452,#10453,
#10454,#10455,#10456,#10457,#10458,#10459,#10460,#10461,#10462),
 .UNSPECIFIED.,.T.,.F.,(1,3,3,3,3,3,3,3,3,3,3,3,3,3,3,3,3,3,3,3,3,1),(-0.0400669241293894,
0.,0.0529702802188772,0.105895044979886,0.159500494252396,0.213592292876969,
0.266960158760327,0.319545220798078,0.372461545734808,0.426322574289958,
0.480310648175686,0.53335564228292,0.585872648570928,0.639083891399925,
0.693135704765439,0.746877169796903,0.799660349214026,0.852311906354235,
0.905832948567157,0.959933075870611,1.,1.05297028021888),.UNSPECIFIED.);
#194=B_SPLINE_CURVE_WITH_KNOTS('',3,(#10580,#10581,#10582,#10583,#10584,
#10585,#10586,#10587,#10588,#10589,#10590,#10591,#10592,#10593,#10594,#10595,
#10596,#10597,#10598,#10599,#10600,#10601,#10602,#10603,#10604,#10605,#10606,
#10607,#10608,#10609,#10610,#10611,#10612,#10613,#10614,#10615,#10616,#10617,
#10618,#10619,#10620,#10621,#10622,#10623,#10624,#10625,#10626,#10627,#10628,
#10629,#10630,#10631,#10632,#10633,#10634,#10635,#10636,#10637),
 .UNSPECIFIED.,.T.,.F.,(1,3,3,3,3,3,3,3,3,3,3,3,3,3,3,3,3,3,3,3,3,1),(-0.0376360349461035,
0.,0.0532354274476332,0.10644166966991,0.160084865870934,0.214034925005892,
0.267518054783616,0.320498111759882,0.373703713086354,0.427519090080821,
0.481393748569029,0.534662460145959,0.587611471661748,0.641018760746558,
0.694950698124612,0.748660515299342,0.801756077751763,0.854794115995831,
0.90840988797638,0.962363965053897,1.,1.05323542744763),.UNSPECIFIED.);
#195=B_SPLINE_CURVE_WITH_KNOTS('',3,(#10639,#10640,#10641,#10642,#10643,
#10644,#10645,#10646,#10647,#10648,#10649,#10650,#10651,#10652,#10653,#10654,
#10655,#10656,#10657,#10658,#10659,#10660,#10661,#10662,#10663,#10664,#10665,
#10666,#10667,#10668,#10669,#10670,#10671,#10672,#10673,#10674,#10675,#10676,
#10677,#10678,#10679,#10680,#10681,#10682,#10683,#10684,#10685,#10686,#10687,
#10688,#10689,#10690,#10691,#10692,#10693,#10694,#10695,#10696),
 .UNSPECIFIED.,.T.,.F.,(1,3,3,3,3,3,3,3,3,3,3,3,3,3,3,3,3,3,3,3,3,1),(-0.0376430317698674,
0.,0.0532402622027825,0.10645228910115,0.160088959474712,0.214041155532337,
0.267527795529966,0.320492439232409,0.373692958609013,0.427515237799999,
0.481383569481296,0.534655333385785,0.58762032132231,0.641025849699002,
0.694954192902732,0.748671260645925,0.801756694459618,0.854782411268259,
0.908404481395008,0.962356968230133,1.,1.05324026220278),.UNSPECIFIED.);
#196=B_SPLINE_CURVE_WITH_KNOTS('',3,(#10699,#10700,#10701,#10702,#10703,
#10704,#10705,#10706,#10707,#10708,#10709,#10710,#10711,#10712,#10713,#10714,
#10715,#10716,#10717,#10718,#10719,#10720,#10721,#10722,#10723,#10724,#10725,
#10726,#10727,#10728,#10729,#10730,#10731,#10732,#10733,#10734,#10735,#10736,
#10737,#10738,#10739,#10740,#10741,#10742,#10743,#10744,#10745,#10746,#10747,
#10748,#10749,#10750,#10751,#10752,#10753,#10754,#10755,#10756),
 .UNSPECIFIED.,.T.,.F.,(1,3,3,3,3,3,3,3,3,3,3,3,3,3,3,3,3,3,3,3,3,1),(-0.039438666080394,
0.,0.0530388491450583,0.106036394777844,0.159651822778665,0.213706770862578,
0.267103777845614,0.319790009455833,0.372781589090378,0.426632027386539,
0.480589650354197,0.533690900080351,0.586319904187128,0.6395837528799,0.693605267127154,
0.747336655342515,0.800198422469855,0.852950393076246,0.906498977281877,
0.960561333919606,1.,1.05303884914506),.UNSPECIFIED.);
#197=B_SPLINE_CURVE_WITH_KNOTS('',3,(#10762,#10763,#10764,#10765,#10766,
#10767,#10768,#10769,#10770,#10771,#10772,#10773,#10774,#10775,#10776,#10777,
#10778,#10779,#10780,#10781,#10782,#10783,#10784,#10785,#10786,#10787,#10788,
#10789,#10790,#10791,#10792,#10793,#10794,#10795,#10796,#10797,#10798,#10799,
#10800,#10801,#10802,#10803,#10804,#10805,#10806,#10807,#10808,#10809,#10810,
#10811,#10812,#10813,#10814,#10815,#10816,#10817,#10818,#10819),
 .UNSPECIFIED.,.T.,.F.,(1,3,3,3,3,3,3,3,3,3,3,3,3,3,3,3,3,3,3,3,3,1),(-0.0394519974333029,
0.,0.0530485239093513,0.106057638590027,0.159660013113034,0.213719038448356,
0.267123352079176,0.319778896387348,0.372759876780662,0.426624393296523,
0.480569537053389,0.533676200828807,0.586337268740754,0.639598335008975,
0.693611862148155,0.747358043883024,0.80020053369579,0.852927020894766,
0.906487709912429,0.960548002566697,1.,1.05304852390935),.UNSPECIFIED.);
#198=CONICAL_SURFACE('',#6583,40.,20.);
#199=CONICAL_SURFACE('',#6597,75.,20.);
#200=CYLINDRICAL_SURFACE('',#6555,2.);
#201=CYLINDRICAL_SURFACE('',#6556,2.);
#202=CYLINDRICAL_SURFACE('',#6569,75.);
#203=CYLINDRICAL_SURFACE('',#6574,77.);
#204=CYLINDRICAL_SURFACE('',#6585,71.);
#205=CYLINDRICAL_SURFACE('',#6589,75.);
#206=CYLINDRICAL_SURFACE('',#6593,79.);
#207=CYLINDRICAL_SURFACE('',#6599,44.);
#208=CYLINDRICAL_SURFACE('',#6602,40.);
#209=CYLINDRICAL_SURFACE('',#6621,65.);
#210=CYLINDRICAL_SURFACE('',#6623,65.);
#211=CYLINDRICAL_SURFACE('',#6640,77.);
#212=CYLINDRICAL_SURFACE('',#6645,60.);
#213=CYLINDRICAL_SURFACE('',#6656,10.);
#214=CYLINDRICAL_SURFACE('',#6657,2.);
#215=CYLINDRICAL_SURFACE('',#6662,2.);
#216=CYLINDRICAL_SURFACE('',#6668,2.);
#217=CYLINDRICAL_SURFACE('',#6674,2.);
#218=CYLINDRICAL_SURFACE('',#6676,82.);
#219=CYLINDRICAL_SURFACE('',#6679,82.);
#220=CYLINDRICAL_SURFACE('',#6680,2.);
#221=CYLINDRICAL_SURFACE('',#6681,2.);
#222=CYLINDRICAL_SURFACE('',#6682,2.);
#223=CYLINDRICAL_SURFACE('',#6683,2.);
#224=CYLINDRICAL_SURFACE('',#6765,10.);
#225=CYLINDRICAL_SURFACE('',#6798,2.);
#226=CYLINDRICAL_SURFACE('',#6802,12.5);
#227=CYLINDRICAL_SURFACE('',#6805,10.5);
#228=CYLINDRICAL_SURFACE('',#6822,10.);
#229=CYLINDRICAL_SURFACE('',#6824,2.);
#230=CYLINDRICAL_SURFACE('',#6825,2.);
#231=CYLINDRICAL_SURFACE('',#6826,5.);
#232=CYLINDRICAL_SURFACE('',#6827,5.);
#233=CYLINDRICAL_SURFACE('',#6836,2.);
#234=CYLINDRICAL_SURFACE('',#6845,40.);
#235=CYLINDRICAL_SURFACE('',#6856,60.);
#236=CYLINDRICAL_SURFACE('',#6868,2.);
#237=CYLINDRICAL_SURFACE('',#6877,2.);
#238=CYLINDRICAL_SURFACE('',#6886,2.);
#239=CYLINDRICAL_SURFACE('',#6888,10.);
#240=FACE_OUTER_BOUND('',#2946,.T.);
#241=FACE_OUTER_BOUND('',#2947,.T.);
#242=FACE_OUTER_BOUND('',#2948,.T.);
#243=FACE_OUTER_BOUND('',#2949,.T.);
#244=FACE_OUTER_BOUND('',#2953,.T.);
#245=FACE_OUTER_BOUND('',#2954,.T.);
#246=FACE_OUTER_BOUND('',#2955,.T.);
#247=FACE_OUTER_BOUND('',#2956,.T.);
#248=FACE_OUTER_BOUND('',#2957,.T.);
#249=FACE_OUTER_BOUND('',#2958,.T.);
#250=FACE_OUTER_BOUND('',#2962,.T.);
#251=FACE_OUTER_BOUND('',#2963,.T.);
#252=FACE_OUTER_BOUND('',#2968,.T.);
#253=FACE_OUTER_BOUND('',#2969,.T.);
#254=FACE_OUTER_BOUND('',#2970,.T.);
#255=FACE_OUTER_BOUND('',#2971,.T.);
#256=FACE_OUTER_BOUND('',#2972,.T.);
#257=FACE_OUTER_BOUND('',#2973,.T.);
#258=FACE_OUTER_BOUND('',#2974,.T.);
#259=FACE_OUTER_BOUND('',#2975,.T.);
#260=FACE_OUTER_BOUND('',#2976,.T.);
#261=FACE_OUTER_BOUND('',#2977,.T.);
#262=FACE_OUTER_BOUND('',#2978,.T.);
#263=FACE_OUTER_BOUND('',#2979,.T.);
#264=FACE_OUTER_BOUND('',#2980,.T.);
#265=FACE_OUTER_BOUND('',#2981,.T.);
#266=FACE_OUTER_BOUND('',#2982,.T.);
#267=FACE_OUTER_BOUND('',#2983,.T.);
#268=FACE_OUTER_BOUND('',#2984,.T.);
#269=FACE_OUTER_BOUND('',#2985,.T.);
#270=FACE_OUTER_BOUND('',#2986,.T.);
#271=FACE_OUTER_BOUND('',#2987,.T.);
#272=FACE_OUTER_BOUND('',#2988,.T.);
#273=FACE_OUTER_BOUND('',#2992,.T.);
#274=FACE_OUTER_BOUND('',#2993,.T.);
#275=FACE_OUTER_BOUND('',#2994,.T.);
#276=FACE_OUTER_BOUND('',#3002,.T.);
#277=FACE_OUTER_BOUND('',#3003,.T.);
#278=FACE_OUTER_BOUND('',#3004,.T.);
#279=FACE_OUTER_BOUND('',#3005,.T.);
#280=FACE_OUTER_BOUND('',#3006,.T.);
#281=FACE_OUTER_BOUND('',#3007,.T.);
#282=FACE_OUTER_BOUND('',#3008,.T.);
#283=FACE_OUTER_BOUND('',#3009,.T.);
#284=FACE_OUTER_BOUND('',#3020,.T.);
#285=FACE_OUTER_BOUND('',#3021,.T.);
#286=FACE_OUTER_BOUND('',#3022,.T.);
#287=FACE_OUTER_BOUND('',#3023,.T.);
#288=FACE_OUTER_BOUND('',#3046,.T.);
#289=FACE_OUTER_BOUND('',#3053,.T.);
#290=FACE_OUTER_BOUND('',#3054,.T.);
#291=FACE_OUTER_BOUND('',#3057,.T.);
#292=FACE_OUTER_BOUND('',#3060,.T.);
#293=FACE_OUTER_BOUND('',#3061,.T.);
#294=FACE_OUTER_BOUND('',#3062,.T.);
#295=FACE_OUTER_BOUND('',#3063,.T.);
#296=FACE_OUTER_BOUND('',#3070,.T.);
#297=FACE_OUTER_BOUND('',#3073,.T.);
#298=FACE_OUTER_BOUND('',#3074,.T.);
#299=FACE_OUTER_BOUND('',#3077,.T.);
#300=FACE_OUTER_BOUND('',#3078,.T.);
#301=FACE_OUTER_BOUND('',#3079,.T.);
#302=FACE_OUTER_BOUND('',#3080,.T.);
#303=FACE_OUTER_BOUND('',#3085,.T.);
#304=FACE_OUTER_BOUND('',#3086,.T.);
#305=FACE_OUTER_BOUND('',#3087,.T.);
#306=FACE_OUTER_BOUND('',#3092,.T.);
#307=FACE_OUTER_BOUND('',#3093,.T.);
#308=FACE_OUTER_BOUND('',#3094,.T.);
#309=FACE_OUTER_BOUND('',#3099,.T.);
#310=FACE_OUTER_BOUND('',#3100,.T.);
#311=FACE_OUTER_BOUND('',#3101,.T.);
#312=FACE_OUTER_BOUND('',#3109,.T.);
#313=FACE_OUTER_BOUND('',#3110,.T.);
#314=FACE_OUTER_BOUND('',#3122,.T.);
#315=FACE_OUTER_BOUND('',#3123,.T.);
#316=FACE_OUTER_BOUND('',#3124,.T.);
#317=FACE_OUTER_BOUND('',#3125,.T.);
#318=FACE_OUTER_BOUND('',#3126,.T.);
#319=FACE_OUTER_BOUND('',#3127,.T.);
#320=FACE_OUTER_BOUND('',#3128,.T.);
#321=FACE_OUTER_BOUND('',#3129,.T.);
#322=FACE_OUTER_BOUND('',#3130,.T.);
#323=FACE_OUTER_BOUND('',#3131,.T.);
#324=FACE_OUTER_BOUND('',#3132,.T.);
#325=FACE_OUTER_BOUND('',#3133,.T.);
#326=FACE_OUTER_BOUND('',#3134,.T.);
#327=FACE_OUTER_BOUND('',#3135,.T.);
#328=FACE_OUTER_BOUND('',#3136,.T.);
#329=FACE_OUTER_BOUND('',#3137,.T.);
#330=FACE_OUTER_BOUND('',#3138,.T.);
#331=FACE_OUTER_BOUND('',#3139,.T.);
#332=FACE_OUTER_BOUND('',#3140,.T.);
#333=FACE_OUTER_BOUND('',#3141,.T.);
#334=FACE_OUTER_BOUND('',#3142,.T.);
#335=FACE_OUTER_BOUND('',#3143,.T.);
#336=FACE_OUTER_BOUND('',#3144,.T.);
#337=FACE_OUTER_BOUND('',#3145,.T.);
#338=FACE_OUTER_BOUND('',#3146,.T.);
#339=FACE_OUTER_BOUND('',#3147,.T.);
#340=FACE_OUTER_BOUND('',#3148,.T.);
#341=FACE_OUTER_BOUND('',#3149,.T.);
#342=FACE_OUTER_BOUND('',#3150,.T.);
#343=FACE_OUTER_BOUND('',#3151,.T.);
#344=FACE_OUTER_BOUND('',#3152,.T.);
#345=FACE_OUTER_BOUND('',#3153,.T.);
#346=FACE_OUTER_BOUND('',#3154,.T.);
#347=FACE_OUTER_BOUND('',#3155,.T.);
#348=FACE_OUTER_BOUND('',#3156,.T.);
#349=FACE_OUTER_BOUND('',#3161,.T.);
#350=FACE_OUTER_BOUND('',#3162,.T.);
#351=FACE_OUTER_BOUND('',#3163,.T.);
#352=FACE_OUTER_BOUND('',#3164,.T.);
#353=FACE_OUTER_BOUND('',#3165,.T.);
#354=FACE_OUTER_BOUND('',#3166,.T.);
#355=FACE_OUTER_BOUND('',#3167,.T.);
#356=FACE_OUTER_BOUND('',#3168,.T.);
#357=FACE_OUTER_BOUND('',#3169,.T.);
#358=FACE_OUTER_BOUND('',#3170,.T.);
#359=FACE_OUTER_BOUND('',#3171,.T.);
#360=FACE_OUTER_BOUND('',#3172,.T.);
#361=FACE_OUTER_BOUND('',#3173,.T.);
#362=FACE_OUTER_BOUND('',#3174,.T.);
#363=FACE_OUTER_BOUND('',#3175,.T.);
#364=FACE_OUTER_BOUND('',#3176,.T.);
#365=FACE_OUTER_BOUND('',#3181,.T.);
#366=FACE_OUTER_BOUND('',#3182,.T.);
#367=FACE_OUTER_BOUND('',#3183,.T.);
#368=FACE_OUTER_BOUND('',#3184,.T.);
#369=FACE_OUTER_BOUND('',#3185,.T.);
#370=FACE_OUTER_BOUND('',#3186,.T.);
#371=FACE_OUTER_BOUND('',#3187,.T.);
#372=FACE_OUTER_BOUND('',#3188,.T.);
#373=FACE_OUTER_BOUND('',#3189,.T.);
#374=FACE_OUTER_BOUND('',#3190,.T.);
#375=FACE_OUTER_BOUND('',#3191,.T.);
#376=FACE_OUTER_BOUND('',#3192,.T.);
#377=FACE_OUTER_BOUND('',#3203,.T.);
#378=FACE_OUTER_BOUND('',#3204,.T.);
#379=FACE_OUTER_BOUND('',#3205,.T.);
#380=FACE_OUTER_BOUND('',#3206,.T.);
#381=FACE_OUTER_BOUND('',#3207,.T.);
#382=FACE_OUTER_BOUND('',#3208,.T.);
#383=FACE_OUTER_BOUND('',#3209,.T.);
#384=FACE_OUTER_BOUND('',#3210,.T.);
#385=FACE_OUTER_BOUND('',#3211,.T.);
#386=FACE_OUTER_BOUND('',#3212,.T.);
#387=FACE_OUTER_BOUND('',#3213,.T.);
#388=FACE_OUTER_BOUND('',#3214,.T.);
#389=FACE_OUTER_BOUND('',#3215,.T.);
#390=FACE_OUTER_BOUND('',#3216,.T.);
#391=FACE_OUTER_BOUND('',#3217,.T.);
#392=FACE_OUTER_BOUND('',#3218,.T.);
#393=FACE_OUTER_BOUND('',#3219,.T.);
#394=FACE_OUTER_BOUND('',#3220,.T.);
#395=FACE_OUTER_BOUND('',#3221,.T.);
#396=FACE_OUTER_BOUND('',#3222,.T.);
#397=FACE_OUTER_BOUND('',#3223,.T.);
#398=FACE_OUTER_BOUND('',#3224,.T.);
#399=FACE_OUTER_BOUND('',#3225,.T.);
#400=FACE_OUTER_BOUND('',#3226,.T.);
#401=FACE_OUTER_BOUND('',#3227,.T.);
#402=FACE_OUTER_BOUND('',#3228,.T.);
#403=FACE_OUTER_BOUND('',#3229,.T.);
#404=FACE_OUTER_BOUND('',#3230,.T.);
#405=FACE_OUTER_BOUND('',#3231,.T.);
#406=FACE_OUTER_BOUND('',#3232,.T.);
#407=FACE_OUTER_BOUND('',#3233,.T.);
#408=FACE_OUTER_BOUND('',#3234,.T.);
#409=FACE_OUTER_BOUND('',#3245,.T.);
#410=FACE_OUTER_BOUND('',#3246,.T.);
#411=FACE_OUTER_BOUND('',#3251,.T.);
#412=FACE_OUTER_BOUND('',#3252,.T.);
#413=FACE_OUTER_BOUND('',#3253,.T.);
#414=FACE_OUTER_BOUND('',#3254,.T.);
#415=FACE_OUTER_BOUND('',#3257,.T.);
#416=FACE_OUTER_BOUND('',#3262,.T.);
#417=FACE_OUTER_BOUND('',#3263,.T.);
#418=FACE_OUTER_BOUND('',#3264,.T.);
#419=FACE_OUTER_BOUND('',#3265,.T.);
#420=FACE_OUTER_BOUND('',#3266,.T.);
#421=FACE_OUTER_BOUND('',#3267,.T.);
#422=FACE_OUTER_BOUND('',#3276,.T.);
#423=FACE_OUTER_BOUND('',#3277,.T.);
#424=FACE_OUTER_BOUND('',#3278,.T.);
#425=FACE_OUTER_BOUND('',#3279,.T.);
#426=FACE_OUTER_BOUND('',#3280,.T.);
#427=FACE_OUTER_BOUND('',#3283,.T.);
#428=FACE_OUTER_BOUND('',#3284,.T.);
#429=FACE_OUTER_BOUND('',#3285,.T.);
#430=FACE_OUTER_BOUND('',#3292,.T.);
#431=FACE_OUTER_BOUND('',#3293,.T.);
#432=FACE_OUTER_BOUND('',#3294,.T.);
#433=FACE_OUTER_BOUND('',#3295,.T.);
#434=FACE_OUTER_BOUND('',#3302,.T.);
#435=FACE_OUTER_BOUND('',#3303,.T.);
#436=FACE_OUTER_BOUND('',#3304,.T.);
#437=FACE_OUTER_BOUND('',#3305,.T.);
#438=FACE_OUTER_BOUND('',#3312,.T.);
#439=FACE_OUTER_BOUND('',#3313,.T.);
#440=FACE_OUTER_BOUND('',#3314,.T.);
#441=FACE_OUTER_BOUND('',#3315,.T.);
#442=LINE('',#8880,#982);
#443=LINE('',#8883,#983);
#444=LINE('',#8885,#984);
#445=LINE('',#8887,#985);
#446=LINE('',#8889,#986);
#447=LINE('',#8892,#987);
#448=LINE('',#8894,#988);
#449=LINE('',#8896,#989);
#450=LINE('',#8898,#990);
#451=LINE('',#8901,#991);
#452=LINE('',#8903,#992);
#453=LINE('',#8905,#993);
#454=LINE('',#8907,#994);
#455=LINE('',#8909,#995);
#456=LINE('',#8911,#996);
#457=LINE('',#8912,#997);
#458=LINE('',#8913,#998);
#459=LINE('',#8915,#999);
#460=LINE('',#8917,#1000);
#461=LINE('',#8919,#1001);
#462=LINE('',#8921,#1002);
#463=LINE('',#8922,#1003);
#464=LINE('',#8924,#1004);
#465=LINE('',#8926,#1005);
#466=LINE('',#8928,#1006);
#467=LINE('',#8930,#1007);
#468=LINE('',#8932,#1008);
#469=LINE('',#8933,#1009);
#470=LINE('',#8935,#1010);
#471=LINE('',#8937,#1011);
#472=LINE('',#8938,#1012);
#473=LINE('',#8941,#1013);
#474=LINE('',#8943,#1014);
#475=LINE('',#8945,#1015);
#476=LINE('',#8947,#1016);
#477=LINE('',#8950,#1017);
#478=LINE('',#8952,#1018);
#479=LINE('',#8954,#1019);
#480=LINE('',#8957,#1020);
#481=LINE('',#8959,#1021);
#482=LINE('',#8961,#1022);
#483=LINE('',#8963,#1023);
#484=LINE('',#8966,#1024);
#485=LINE('',#8968,#1025);
#486=LINE('',#8970,#1026);
#487=LINE('',#8972,#1027);
#488=LINE('',#8975,#1028);
#489=LINE('',#8977,#1029);
#490=LINE('',#8979,#1030);
#491=LINE('',#8981,#1031);
#492=LINE('',#8982,#1032);
#493=LINE('',#8984,#1033);
#494=LINE('',#8986,#1034);
#495=LINE('',#8987,#1035);
#496=LINE('',#8989,#1036);
#497=LINE('',#8991,#1037);
#498=LINE('',#8993,#1038);
#499=LINE('',#8995,#1039);
#500=LINE('',#8997,#1040);
#501=LINE('',#8999,#1041);
#502=LINE('',#9001,#1042);
#503=LINE('',#9003,#1043);
#504=LINE('',#9005,#1044);
#505=LINE('',#9006,#1045);
#506=LINE('',#9007,#1046);
#507=LINE('',#9009,#1047);
#508=LINE('',#9011,#1048);
#509=LINE('',#9012,#1049);
#510=LINE('',#9015,#1050);
#511=LINE('',#9017,#1051);
#512=LINE('',#9019,#1052);
#513=LINE('',#9021,#1053);
#514=LINE('',#9024,#1054);
#515=LINE('',#9026,#1055);
#516=LINE('',#9028,#1056);
#517=LINE('',#9029,#1057);
#518=LINE('',#9031,#1058);
#519=LINE('',#9033,#1059);
#520=LINE('',#9035,#1060);
#521=LINE('',#9037,#1061);
#522=LINE('',#9038,#1062);
#523=LINE('',#9041,#1063);
#524=LINE('',#9043,#1064);
#525=LINE('',#9045,#1065);
#526=LINE('',#9047,#1066);
#527=LINE('',#9049,#1067);
#528=LINE('',#9051,#1068);
#529=LINE('',#9053,#1069);
#530=LINE('',#9055,#1070);
#531=LINE('',#9056,#1071);
#532=LINE('',#9057,#1072);
#533=LINE('',#9060,#1073);
#534=LINE('',#9062,#1074);
#535=LINE('',#9064,#1075);
#536=LINE('',#9066,#1076);
#537=LINE('',#9068,#1077);
#538=LINE('',#9070,#1078);
#539=LINE('',#9072,#1079);
#540=LINE('',#9075,#1080);
#541=LINE('',#9076,#1081);
#542=LINE('',#9078,#1082);
#543=LINE('',#9080,#1083);
#544=LINE('',#9082,#1084);
#545=LINE('',#9084,#1085);
#546=LINE('',#9085,#1086);
#547=LINE('',#9086,#1087);
#548=LINE('',#9088,#1088);
#549=LINE('',#9090,#1089);
#550=LINE('',#9092,#1090);
#551=LINE('',#9093,#1091);
#552=LINE('',#9095,#1092);
#553=LINE('',#9097,#1093);
#554=LINE('',#9100,#1094);
#555=LINE('',#9102,#1095);
#556=LINE('',#9104,#1096);
#557=LINE('',#9106,#1097);
#558=LINE('',#9108,#1098);
#559=LINE('',#9110,#1099);
#560=LINE('',#9112,#1100);
#561=LINE('',#9113,#1101);
#562=LINE('',#9114,#1102);
#563=LINE('',#9116,#1103);
#564=LINE('',#9118,#1104);
#565=LINE('',#9120,#1105);
#566=LINE('',#9122,#1106);
#567=LINE('',#9124,#1107);
#568=LINE('',#9126,#1108);
#569=LINE('',#9128,#1109);
#570=LINE('',#9130,#1110);
#571=LINE('',#9131,#1111);
#572=LINE('',#9134,#1112);
#573=LINE('',#9135,#1113);
#574=LINE('',#9137,#1114);
#575=LINE('',#9141,#1115);
#576=LINE('',#9144,#1116);
#577=LINE('',#9145,#1117);
#578=LINE('',#9147,#1118);
#579=LINE('',#9148,#1119);
#580=LINE('',#9149,#1120);
#581=LINE('',#9151,#1121);
#582=LINE('',#9153,#1122);
#583=LINE('',#9155,#1123);
#584=LINE('',#9161,#1124);
#585=LINE('',#9162,#1125);
#586=LINE('',#9164,#1126);
#587=LINE('',#9166,#1127);
#588=LINE('',#9168,#1128);
#589=LINE('',#9170,#1129);
#590=LINE('',#9172,#1130);
#591=LINE('',#9181,#1131);
#592=LINE('',#9182,#1132);
#593=LINE('',#9183,#1133);
#594=LINE('',#9184,#1134);
#595=LINE('',#9186,#1135);
#596=LINE('',#9187,#1136);
#597=LINE('',#9189,#1137);
#598=LINE('',#9196,#1138);
#599=LINE('',#9201,#1139);
#600=LINE('',#9212,#1140);
#601=LINE('',#9216,#1141);
#602=LINE('',#9224,#1142);
#603=LINE('',#9225,#1143);
#604=LINE('',#9227,#1144);
#605=LINE('',#9228,#1145);
#606=LINE('',#9268,#1146);
#607=LINE('',#9270,#1147);
#608=LINE('',#9272,#1148);
#609=LINE('',#9280,#1149);
#610=LINE('',#9285,#1150);
#611=LINE('',#9289,#1151);
#612=LINE('',#9291,#1152);
#613=LINE('',#9293,#1153);
#614=LINE('',#9297,#1154);
#615=LINE('',#9299,#1155);
#616=LINE('',#9301,#1156);
#617=LINE('',#9305,#1157);
#618=LINE('',#9307,#1158);
#619=LINE('',#9309,#1159);
#620=LINE('',#9313,#1160);
#621=LINE('',#9315,#1161);
#622=LINE('',#9317,#1162);
#623=LINE('',#9323,#1163);
#624=LINE('',#9326,#1164);
#625=LINE('',#9328,#1165);
#626=LINE('',#9332,#1166);
#627=LINE('',#9339,#1167);
#628=LINE('',#9340,#1168);
#629=LINE('',#9344,#1169);
#630=LINE('',#9345,#1170);
#631=LINE('',#9346,#1171);
#632=LINE('',#9347,#1172);
#633=LINE('',#9352,#1173);
#634=LINE('',#9353,#1174);
#635=LINE('',#9354,#1175);
#636=LINE('',#9355,#1176);
#637=LINE('',#9357,#1177);
#638=LINE('',#9360,#1178);
#639=LINE('',#9362,#1179);
#640=LINE('',#9364,#1180);
#641=LINE('',#9365,#1181);
#642=LINE('',#9368,#1182);
#643=LINE('',#9370,#1183);
#644=LINE('',#9372,#1184);
#645=LINE('',#9374,#1185);
#646=LINE('',#9375,#1186);
#647=LINE('',#9379,#1187);
#648=LINE('',#9380,#1188);
#649=LINE('',#9383,#1189);
#650=LINE('',#9387,#1190);
#651=LINE('',#9391,#1191);
#652=LINE('',#9398,#1192);
#653=LINE('',#9403,#1193);
#654=LINE('',#9641,#1194);
#655=LINE('',#9646,#1195);
#656=LINE('',#9647,#1196);
#657=LINE('',#9649,#1197);
#658=LINE('',#9651,#1198);
#659=LINE('',#9655,#1199);
#660=LINE('',#9659,#1200);
#661=LINE('',#9660,#1201);
#662=LINE('',#9664,#1202);
#663=LINE('',#9670,#1203);
#664=LINE('',#9671,#1204);
#665=LINE('',#9672,#1205);
#666=LINE('',#9674,#1206);
#667=LINE('',#9676,#1207);
#668=LINE('',#9678,#1208);
#669=LINE('',#9680,#1209);
#670=LINE('',#9682,#1210);
#671=LINE('',#9683,#1211);
#672=LINE('',#9685,#1212);
#673=LINE('',#9686,#1213);
#674=LINE('',#9690,#1214);
#675=LINE('',#9691,#1215);
#676=LINE('',#9699,#1216);
#677=LINE('',#9701,#1217);
#678=LINE('',#9703,#1218);
#679=LINE('',#9705,#1219);
#680=LINE('',#9707,#1220);
#681=LINE('',#9713,#1221);
#682=LINE('',#9715,#1222);
#683=LINE('',#9717,#1223);
#684=LINE('',#9719,#1224);
#685=LINE('',#9721,#1225);
#686=LINE('',#9727,#1226);
#687=LINE('',#9729,#1227);
#688=LINE('',#9731,#1228);
#689=LINE('',#9733,#1229);
#690=LINE('',#9735,#1230);
#691=LINE('',#9859,#1231);
#692=LINE('',#9862,#1232);
#693=LINE('',#9988,#1233);
#694=LINE('',#9991,#1234);
#695=LINE('',#9993,#1235);
#696=LINE('',#9995,#1236);
#697=LINE('',#9997,#1237);
#698=LINE('',#9999,#1238);
#699=LINE('',#10001,#1239);
#700=LINE('',#10003,#1240);
#701=LINE('',#10005,#1241);
#702=LINE('',#10007,#1242);
#703=LINE('',#10009,#1243);
#704=LINE('',#10010,#1244);
#705=LINE('',#10014,#1245);
#706=LINE('',#10017,#1246);
#707=LINE('',#10019,#1247);
#708=LINE('',#10021,#1248);
#709=LINE('',#10023,#1249);
#710=LINE('',#10025,#1250);
#711=LINE('',#10027,#1251);
#712=LINE('',#10029,#1252);
#713=LINE('',#10031,#1253);
#714=LINE('',#10033,#1254);
#715=LINE('',#10035,#1255);
#716=LINE('',#10037,#1256);
#717=LINE('',#10040,#1257);
#718=LINE('',#10043,#1258);
#719=LINE('',#10045,#1259);
#720=LINE('',#10047,#1260);
#721=LINE('',#10049,#1261);
#722=LINE('',#10051,#1262);
#723=LINE('',#10053,#1263);
#724=LINE('',#10055,#1264);
#725=LINE('',#10057,#1265);
#726=LINE('',#10059,#1266);
#727=LINE('',#10061,#1267);
#728=LINE('',#10062,#1268);
#729=LINE('',#10066,#1269);
#730=LINE('',#10069,#1270);
#731=LINE('',#10071,#1271);
#732=LINE('',#10073,#1272);
#733=LINE('',#10075,#1273);
#734=LINE('',#10077,#1274);
#735=LINE('',#10079,#1275);
#736=LINE('',#10081,#1276);
#737=LINE('',#10083,#1277);
#738=LINE('',#10085,#1278);
#739=LINE('',#10087,#1279);
#740=LINE('',#10089,#1280);
#741=LINE('',#10092,#1281);
#742=LINE('',#10095,#1282);
#743=LINE('',#10097,#1283);
#744=LINE('',#10099,#1284);
#745=LINE('',#10101,#1285);
#746=LINE('',#10103,#1286);
#747=LINE('',#10105,#1287);
#748=LINE('',#10107,#1288);
#749=LINE('',#10109,#1289);
#750=LINE('',#10111,#1290);
#751=LINE('',#10113,#1291);
#752=LINE('',#10116,#1292);
#753=LINE('',#10118,#1293);
#754=LINE('',#10120,#1294);
#755=LINE('',#10122,#1295);
#756=LINE('',#10124,#1296);
#757=LINE('',#10126,#1297);
#758=LINE('',#10128,#1298);
#759=LINE('',#10130,#1299);
#760=LINE('',#10132,#1300);
#761=LINE('',#10134,#1301);
#762=LINE('',#10136,#1302);
#763=LINE('',#10138,#1303);
#764=LINE('',#10140,#1304);
#765=LINE('',#10142,#1305);
#766=LINE('',#10144,#1306);
#767=LINE('',#10146,#1307);
#768=LINE('',#10147,#1308);
#769=LINE('',#10149,#1309);
#770=LINE('',#10150,#1310);
#771=LINE('',#10154,#1311);
#772=LINE('',#10157,#1312);
#773=LINE('',#10159,#1313);
#774=LINE('',#10161,#1314);
#775=LINE('',#10163,#1315);
#776=LINE('',#10166,#1316);
#777=LINE('',#10168,#1317);
#778=LINE('',#10170,#1318);
#779=LINE('',#10172,#1319);
#780=LINE('',#10173,#1320);
#781=LINE('',#10175,#1321);
#782=LINE('',#10176,#1322);
#783=LINE('',#10180,#1323);
#784=LINE('',#10183,#1324);
#785=LINE('',#10185,#1325);
#786=LINE('',#10187,#1326);
#787=LINE('',#10189,#1327);
#788=LINE('',#10191,#1328);
#789=LINE('',#10193,#1329);
#790=LINE('',#10195,#1330);
#791=LINE('',#10197,#1331);
#792=LINE('',#10199,#1332);
#793=LINE('',#10201,#1333);
#794=LINE('',#10204,#1334);
#795=LINE('',#10206,#1335);
#796=LINE('',#10208,#1336);
#797=LINE('',#10210,#1337);
#798=LINE('',#10212,#1338);
#799=LINE('',#10214,#1339);
#800=LINE('',#10216,#1340);
#801=LINE('',#10218,#1341);
#802=LINE('',#10220,#1342);
#803=LINE('',#10222,#1343);
#804=LINE('',#10224,#1344);
#805=LINE('',#10226,#1345);
#806=LINE('',#10228,#1346);
#807=LINE('',#10230,#1347);
#808=LINE('',#10232,#1348);
#809=LINE('',#10234,#1349);
#810=LINE('',#10235,#1350);
#811=LINE('',#10237,#1351);
#812=LINE('',#10238,#1352);
#813=LINE('',#10242,#1353);
#814=LINE('',#10245,#1354);
#815=LINE('',#10247,#1355);
#816=LINE('',#10249,#1356);
#817=LINE('',#10251,#1357);
#818=LINE('',#10253,#1358);
#819=LINE('',#10255,#1359);
#820=LINE('',#10257,#1360);
#821=LINE('',#10259,#1361);
#822=LINE('',#10261,#1362);
#823=LINE('',#10263,#1363);
#824=LINE('',#10264,#1364);
#825=LINE('',#10268,#1365);
#826=LINE('',#10271,#1366);
#827=LINE('',#10273,#1367);
#828=LINE('',#10275,#1368);
#829=LINE('',#10277,#1369);
#830=LINE('',#10280,#1370);
#831=LINE('',#10282,#1371);
#832=LINE('',#10284,#1372);
#833=LINE('',#10286,#1373);
#834=LINE('',#10287,#1374);
#835=LINE('',#10289,#1375);
#836=LINE('',#10290,#1376);
#837=LINE('',#10297,#1377);
#838=LINE('',#10301,#1378);
#839=LINE('',#10305,#1379);
#840=LINE('',#10309,#1380);
#841=LINE('',#10313,#1381);
#842=LINE('',#10317,#1382);
#843=LINE('',#10325,#1383);
#844=LINE('',#10329,#1384);
#845=LINE('',#10333,#1385);
#846=LINE('',#10337,#1386);
#847=LINE('',#10341,#1387);
#848=LINE('',#10345,#1388);
#849=LINE('',#10467,#1389);
#850=LINE('',#10469,#1390);
#851=LINE('',#10471,#1391);
#852=LINE('',#10473,#1392);
#853=LINE('',#10475,#1393);
#854=LINE('',#10477,#1394);
#855=LINE('',#10479,#1395);
#856=LINE('',#10480,#1396);
#857=LINE('',#10484,#1397);
#858=LINE('',#10486,#1398);
#859=LINE('',#10488,#1399);
#860=LINE('',#10490,#1400);
#861=LINE('',#10492,#1401);
#862=LINE('',#10494,#1402);
#863=LINE('',#10496,#1403);
#864=LINE('',#10497,#1404);
#865=LINE('',#10501,#1405);
#866=LINE('',#10503,#1406);
#867=LINE('',#10505,#1407);
#868=LINE('',#10507,#1408);
#869=LINE('',#10509,#1409);
#870=LINE('',#10511,#1410);
#871=LINE('',#10513,#1411);
#872=LINE('',#10514,#1412);
#873=LINE('',#10518,#1413);
#874=LINE('',#10520,#1414);
#875=LINE('',#10522,#1415);
#876=LINE('',#10524,#1416);
#877=LINE('',#10526,#1417);
#878=LINE('',#10528,#1418);
#879=LINE('',#10530,#1419);
#880=LINE('',#10531,#1420);
#881=LINE('',#10535,#1421);
#882=LINE('',#10537,#1422);
#883=LINE('',#10539,#1423);
#884=LINE('',#10541,#1424);
#885=LINE('',#10543,#1425);
#886=LINE('',#10545,#1426);
#887=LINE('',#10547,#1427);
#888=LINE('',#10548,#1428);
#889=LINE('',#10552,#1429);
#890=LINE('',#10554,#1430);
#891=LINE('',#10556,#1431);
#892=LINE('',#10558,#1432);
#893=LINE('',#10560,#1433);
#894=LINE('',#10562,#1434);
#895=LINE('',#10564,#1435);
#896=LINE('',#10565,#1436);
#897=LINE('',#10575,#1437);
#898=LINE('',#10579,#1438);
#899=LINE('',#10822,#1439);
#900=LINE('',#10827,#1440);
#901=LINE('',#10829,#1441);
#902=LINE('',#10833,#1442);
#903=LINE('',#10836,#1443);
#904=LINE('',#10839,#1444);
#905=LINE('',#10844,#1445);
#906=LINE('',#10846,#1446);
#907=LINE('',#10848,#1447);
#908=LINE('',#10850,#1448);
#909=LINE('',#10852,#1449);
#910=LINE('',#10854,#1450);
#911=LINE('',#10856,#1451);
#912=LINE('',#10869,#1452);
#913=LINE('',#10872,#1453);
#914=LINE('',#10874,#1454);
#915=LINE('',#10876,#1455);
#916=LINE('',#10878,#1456);
#917=LINE('',#10880,#1457);
#918=LINE('',#10882,#1458);
#919=LINE('',#10884,#1459);
#920=LINE('',#10886,#1460);
#921=LINE('',#10888,#1461);
#922=LINE('',#10890,#1462);
#923=LINE('',#10891,#1463);
#924=LINE('',#10902,#1464);
#925=LINE('',#10905,#1465);
#926=LINE('',#10907,#1466);
#927=LINE('',#10909,#1467);
#928=LINE('',#10911,#1468);
#929=LINE('',#10913,#1469);
#930=LINE('',#10915,#1470);
#931=LINE('',#10917,#1471);
#932=LINE('',#10919,#1472);
#933=LINE('',#10921,#1473);
#934=LINE('',#10923,#1474);
#935=LINE('',#10924,#1475);
#936=LINE('',#10932,#1476);
#937=LINE('',#10935,#1477);
#938=LINE('',#10937,#1478);
#939=LINE('',#10939,#1479);
#940=LINE('',#10961,#1480);
#941=LINE('',#10963,#1481);
#942=LINE('',#10965,#1482);
#943=LINE('',#10967,#1483);
#944=LINE('',#10968,#1484);
#945=LINE('',#10970,#1485);
#946=LINE('',#10972,#1486);
#947=LINE('',#10973,#1487);
#948=LINE('',#10975,#1488);
#949=LINE('',#10979,#1489);
#950=LINE('',#10981,#1490);
#951=LINE('',#10983,#1491);
#952=LINE('',#10985,#1492);
#953=LINE('',#10987,#1493);
#954=LINE('',#10989,#1494);
#955=LINE('',#10991,#1495);
#956=LINE('',#10993,#1496);
#957=LINE('',#10995,#1497);
#958=LINE('',#10997,#1498);
#959=LINE('',#10999,#1499);
#960=LINE('',#11007,#1500);
#961=LINE('',#11009,#1501);
#962=LINE('',#11011,#1502);
#963=LINE('',#11013,#1503);
#964=LINE('',#11015,#1504);
#965=LINE('',#11017,#1505);
#966=LINE('',#11019,#1506);
#967=LINE('',#11021,#1507);
#968=LINE('',#11023,#1508);
#969=LINE('',#11025,#1509);
#970=LINE('',#11027,#1510);
#971=LINE('',#11035,#1511);
#972=LINE('',#11037,#1512);
#973=LINE('',#11039,#1513);
#974=LINE('',#11041,#1514);
#975=LINE('',#11043,#1515);
#976=LINE('',#11045,#1516);
#977=LINE('',#11047,#1517);
#978=LINE('',#11049,#1518);
#979=LINE('',#11051,#1519);
#980=LINE('',#11053,#1520);
#981=LINE('',#11055,#1521);
#982=VECTOR('',#7277,1.);
#983=VECTOR('',#7278,1.);
#984=VECTOR('',#7279,1.);
#985=VECTOR('',#7280,1.);
#986=VECTOR('',#7283,1.);
#987=VECTOR('',#7284,1.);
#988=VECTOR('',#7285,1.);
#989=VECTOR('',#7286,1.);
#990=VECTOR('',#7289,1.);
#991=VECTOR('',#7290,1.);
#992=VECTOR('',#7291,1.);
#993=VECTOR('',#7292,1.);
#994=VECTOR('',#7295,1.);
#995=VECTOR('',#7296,1.);
#996=VECTOR('',#7297,1.);
#997=VECTOR('',#7298,1.);
#998=VECTOR('',#7299,1.);
#999=VECTOR('',#7300,1.);
#1000=VECTOR('',#7301,1.);
#1001=VECTOR('',#7304,1.);
#1002=VECTOR('',#7305,1.);
#1003=VECTOR('',#7306,1.);
#1004=VECTOR('',#7307,1.);
#1005=VECTOR('',#7308,1.);
#1006=VECTOR('',#7309,1.);
#1007=VECTOR('',#7310,1.);
#1008=VECTOR('',#7311,1.);
#1009=VECTOR('',#7312,1.);
#1010=VECTOR('',#7313,1.);
#1011=VECTOR('',#7314,1.);
#1012=VECTOR('',#7315,1.);
#1013=VECTOR('',#7316,1.);
#1014=VECTOR('',#7317,1.);
#1015=VECTOR('',#7318,1.);
#1016=VECTOR('',#7319,1.);
#1017=VECTOR('',#7324,1.);
#1018=VECTOR('',#7325,1.);
#1019=VECTOR('',#7328,1.);
#1020=VECTOR('',#7329,1.);
#1021=VECTOR('',#7330,1.);
#1022=VECTOR('',#7331,1.);
#1023=VECTOR('',#7334,1.);
#1024=VECTOR('',#7335,1.);
#1025=VECTOR('',#7336,1.);
#1026=VECTOR('',#7337,1.);
#1027=VECTOR('',#7340,1.);
#1028=VECTOR('',#7341,1.);
#1029=VECTOR('',#7342,1.);
#1030=VECTOR('',#7343,1.);
#1031=VECTOR('',#7346,1.);
#1032=VECTOR('',#7347,1.);
#1033=VECTOR('',#7348,1.);
#1034=VECTOR('',#7349,1.);
#1035=VECTOR('',#7350,1.);
#1036=VECTOR('',#7351,1.);
#1037=VECTOR('',#7352,1.);
#1038=VECTOR('',#7355,1.);
#1039=VECTOR('',#7356,1.);
#1040=VECTOR('',#7357,1.);
#1041=VECTOR('',#7358,1.);
#1042=VECTOR('',#7359,1.);
#1043=VECTOR('',#7360,1.);
#1044=VECTOR('',#7361,1.);
#1045=VECTOR('',#7362,1.);
#1046=VECTOR('',#7363,1.);
#1047=VECTOR('',#7364,1.);
#1048=VECTOR('',#7365,1.);
#1049=VECTOR('',#7366,1.);
#1050=VECTOR('',#7367,1.);
#1051=VECTOR('',#7368,1.);
#1052=VECTOR('',#7369,1.);
#1053=VECTOR('',#7370,1.);
#1054=VECTOR('',#7375,1.);
#1055=VECTOR('',#7376,1.);
#1056=VECTOR('',#7379,1.);
#1057=VECTOR('',#7380,1.);
#1058=VECTOR('',#7381,1.);
#1059=VECTOR('',#7382,1.);
#1060=VECTOR('',#7383,1.);
#1061=VECTOR('',#7384,1.);
#1062=VECTOR('',#7385,1.);
#1063=VECTOR('',#7386,1.);
#1064=VECTOR('',#7387,1.);
#1065=VECTOR('',#7388,1.);
#1066=VECTOR('',#7391,1.);
#1067=VECTOR('',#7392,1.);
#1068=VECTOR('',#7393,1.);
#1069=VECTOR('',#7394,1.);
#1070=VECTOR('',#7395,1.);
#1071=VECTOR('',#7396,1.);
#1072=VECTOR('',#7397,1.);
#1073=VECTOR('',#7398,1.);
#1074=VECTOR('',#7399,1.);
#1075=VECTOR('',#7400,1.);
#1076=VECTOR('',#7403,1.);
#1077=VECTOR('',#7404,1.);
#1078=VECTOR('',#7407,1.);
#1079=VECTOR('',#7410,1.);
#1080=VECTOR('',#7411,1.);
#1081=VECTOR('',#7412,1.);
#1082=VECTOR('',#7415,1.);
#1083=VECTOR('',#7416,1.);
#1084=VECTOR('',#7417,1.);
#1085=VECTOR('',#7420,1.);
#1086=VECTOR('',#7421,1.);
#1087=VECTOR('',#7422,1.);
#1088=VECTOR('',#7423,1.);
#1089=VECTOR('',#7424,1.);
#1090=VECTOR('',#7425,1.);
#1091=VECTOR('',#7426,1.);
#1092=VECTOR('',#7427,1.);
#1093=VECTOR('',#7428,1.);
#1094=VECTOR('',#7433,1.);
#1095=VECTOR('',#7434,1.);
#1096=VECTOR('',#7435,1.);
#1097=VECTOR('',#7438,1.);
#1098=VECTOR('',#7439,1.);
#1099=VECTOR('',#7442,1.);
#1100=VECTOR('',#7445,1.);
#1101=VECTOR('',#7446,1.);
#1102=VECTOR('',#7447,1.);
#1103=VECTOR('',#7448,1.);
#1104=VECTOR('',#7449,1.);
#1105=VECTOR('',#7450,1.);
#1106=VECTOR('',#7451,1.);
#1107=VECTOR('',#7452,1.);
#1108=VECTOR('',#7453,1.);
#1109=VECTOR('',#7454,1.);
#1110=VECTOR('',#7457,1.);
#1111=VECTOR('',#7458,1.);
#1112=VECTOR('',#7463,1.);
#1113=VECTOR('',#7464,1.);
#1114=VECTOR('',#7467,1.);
#1115=VECTOR('',#7474,1.);
#1116=VECTOR('',#7479,1.);
#1117=VECTOR('',#7480,1.);
#1118=VECTOR('',#7483,1.);
#1119=VECTOR('',#7484,1.);
#1120=VECTOR('',#7485,1.);
#1121=VECTOR('',#7488,1.);
#1122=VECTOR('',#7489,1.);
#1123=VECTOR('',#7490,1.);
#1124=VECTOR('',#7497,1.);
#1125=VECTOR('',#7498,1.);
#1126=VECTOR('',#7499,1.);
#1127=VECTOR('',#7502,1.);
#1128=VECTOR('',#7503,1.);
#1129=VECTOR('',#7506,1.);
#1130=VECTOR('',#7509,1.);
#1131=VECTOR('',#7522,1.);
#1132=VECTOR('',#7523,1.);
#1133=VECTOR('',#7524,1.);
#1134=VECTOR('',#7525,1.);
#1135=VECTOR('',#7528,1.);
#1136=VECTOR('',#7529,1.);
#1137=VECTOR('',#7532,1.);
#1138=VECTOR('',#7545,1.);
#1139=VECTOR('',#7548,1.);
#1140=VECTOR('',#7559,1.);
#1141=VECTOR('',#7562,1.);
#1142=VECTOR('',#7573,1.);
#1143=VECTOR('',#7574,1.);
#1144=VECTOR('',#7577,1.);
#1145=VECTOR('',#7578,1.);
#1146=VECTOR('',#7631,1.);
#1147=VECTOR('',#7632,1.);
#1148=VECTOR('',#7633,1.);
#1149=VECTOR('',#7642,1.);
#1150=VECTOR('',#7645,1.);
#1151=VECTOR('',#7648,1.);
#1152=VECTOR('',#7649,1.);
#1153=VECTOR('',#7650,1.);
#1154=VECTOR('',#7653,1.);
#1155=VECTOR('',#7654,1.);
#1156=VECTOR('',#7655,1.);
#1157=VECTOR('',#7658,1.);
#1158=VECTOR('',#7659,1.);
#1159=VECTOR('',#7660,1.);
#1160=VECTOR('',#7663,1.);
#1161=VECTOR('',#7664,1.);
#1162=VECTOR('',#7665,1.);
#1163=VECTOR('',#7672,1.);
#1164=VECTOR('',#7673,1.);
#1165=VECTOR('',#7674,1.);
#1166=VECTOR('',#7677,1.);
#1167=VECTOR('',#7684,1.);
#1168=VECTOR('',#7685,1.);
#1169=VECTOR('',#7688,1.);
#1170=VECTOR('',#7689,1.);
#1171=VECTOR('',#7690,1.);
#1172=VECTOR('',#7691,1.);
#1173=VECTOR('',#7696,1.);
#1174=VECTOR('',#7697,1.);
#1175=VECTOR('',#7698,1.);
#1176=VECTOR('',#7699,1.);
#1177=VECTOR('',#7702,1.);
#1178=VECTOR('',#7703,1.);
#1179=VECTOR('',#7704,1.);
#1180=VECTOR('',#7705,1.);
#1181=VECTOR('',#7706,1.);
#1182=VECTOR('',#7707,1.);
#1183=VECTOR('',#7708,1.);
#1184=VECTOR('',#7709,1.);
#1185=VECTOR('',#7712,1.);
#1186=VECTOR('',#7713,1.);
#1187=VECTOR('',#7718,1.);
#1188=VECTOR('',#7719,1.);
#1189=VECTOR('',#7724,1.);
#1190=VECTOR('',#7729,1.);
#1191=VECTOR('',#7732,1.);
#1192=VECTOR('',#7739,1.);
#1193=VECTOR('',#7744,1.);
#1194=VECTOR('',#7747,1.);
#1195=VECTOR('',#7752,1.);
#1196=VECTOR('',#7753,1.);
#1197=VECTOR('',#7756,1.);
#1198=VECTOR('',#7757,1.);
#1199=VECTOR('',#7760,1.);
#1200=VECTOR('',#7763,1.);
#1201=VECTOR('',#7764,1.);
#1202=VECTOR('',#7767,1.);
#1203=VECTOR('',#7774,1.);
#1204=VECTOR('',#7775,1.);
#1205=VECTOR('',#7776,1.);
#1206=VECTOR('',#7777,1.);
#1207=VECTOR('',#7778,1.);
#1208=VECTOR('',#7781,1.);
#1209=VECTOR('',#7782,1.);
#1210=VECTOR('',#7783,1.);
#1211=VECTOR('',#7784,1.);
#1212=VECTOR('',#7787,1.);
#1213=VECTOR('',#7788,1.);
#1214=VECTOR('',#7793,1.);
#1215=VECTOR('',#7794,1.);
#1216=VECTOR('',#7809,1.);
#1217=VECTOR('',#7810,1.);
#1218=VECTOR('',#7813,1.);
#1219=VECTOR('',#7814,1.);
#1220=VECTOR('',#7817,1.);
#1221=VECTOR('',#7826,1.);
#1222=VECTOR('',#7827,1.);
#1223=VECTOR('',#7830,1.);
#1224=VECTOR('',#7831,1.);
#1225=VECTOR('',#7834,1.);
#1226=VECTOR('',#7843,1.);
#1227=VECTOR('',#7844,1.);
#1228=VECTOR('',#7847,1.);
#1229=VECTOR('',#7848,1.);
#1230=VECTOR('',#7851,1.);
#1231=VECTOR('',#7860,1.);
#1232=VECTOR('',#7865,1.);
#1233=VECTOR('',#7880,1.);
#1234=VECTOR('',#7881,1.);
#1235=VECTOR('',#7882,1.);
#1236=VECTOR('',#7883,1.);
#1237=VECTOR('',#7886,1.);
#1238=VECTOR('',#7887,1.);
#1239=VECTOR('',#7888,1.);
#1240=VECTOR('',#7891,1.);
#1241=VECTOR('',#7892,1.);
#1242=VECTOR('',#7893,1.);
#1243=VECTOR('',#7896,1.);
#1244=VECTOR('',#7897,1.);
#1245=VECTOR('',#7904,1.);
#1246=VECTOR('',#7905,1.);
#1247=VECTOR('',#7906,1.);
#1248=VECTOR('',#7907,1.);
#1249=VECTOR('',#7910,1.);
#1250=VECTOR('',#7911,1.);
#1251=VECTOR('',#7912,1.);
#1252=VECTOR('',#7915,1.);
#1253=VECTOR('',#7916,1.);
#1254=VECTOR('',#7917,1.);
#1255=VECTOR('',#7920,1.);
#1256=VECTOR('',#7923,1.);
#1257=VECTOR('',#7928,1.);
#1258=VECTOR('',#7929,1.);
#1259=VECTOR('',#7930,1.);
#1260=VECTOR('',#7931,1.);
#1261=VECTOR('',#7934,1.);
#1262=VECTOR('',#7935,1.);
#1263=VECTOR('',#7936,1.);
#1264=VECTOR('',#7939,1.);
#1265=VECTOR('',#7940,1.);
#1266=VECTOR('',#7941,1.);
#1267=VECTOR('',#7944,1.);
#1268=VECTOR('',#7945,1.);
#1269=VECTOR('',#7952,1.);
#1270=VECTOR('',#7953,1.);
#1271=VECTOR('',#7954,1.);
#1272=VECTOR('',#7955,1.);
#1273=VECTOR('',#7958,1.);
#1274=VECTOR('',#7959,1.);
#1275=VECTOR('',#7960,1.);
#1276=VECTOR('',#7963,1.);
#1277=VECTOR('',#7964,1.);
#1278=VECTOR('',#7965,1.);
#1279=VECTOR('',#7968,1.);
#1280=VECTOR('',#7971,1.);
#1281=VECTOR('',#7976,1.);
#1282=VECTOR('',#7977,1.);
#1283=VECTOR('',#7978,1.);
#1284=VECTOR('',#7979,1.);
#1285=VECTOR('',#7982,1.);
#1286=VECTOR('',#7983,1.);
#1287=VECTOR('',#7984,1.);
#1288=VECTOR('',#7987,1.);
#1289=VECTOR('',#7988,1.);
#1290=VECTOR('',#7989,1.);
#1291=VECTOR('',#7992,1.);
#1292=VECTOR('',#7993,1.);
#1293=VECTOR('',#7994,1.);
#1294=VECTOR('',#7995,1.);
#1295=VECTOR('',#7998,1.);
#1296=VECTOR('',#7999,1.);
#1297=VECTOR('',#8000,1.);
#1298=VECTOR('',#8003,1.);
#1299=VECTOR('',#8004,1.);
#1300=VECTOR('',#8005,1.);
#1301=VECTOR('',#8008,1.);
#1302=VECTOR('',#8009,1.);
#1303=VECTOR('',#8010,1.);
#1304=VECTOR('',#8013,1.);
#1305=VECTOR('',#8014,1.);
#1306=VECTOR('',#8015,1.);
#1307=VECTOR('',#8018,1.);
#1308=VECTOR('',#8019,1.);
#1309=VECTOR('',#8022,1.);
#1310=VECTOR('',#8023,1.);
#1311=VECTOR('',#8030,1.);
#1312=VECTOR('',#8031,1.);
#1313=VECTOR('',#8032,1.);
#1314=VECTOR('',#8033,1.);
#1315=VECTOR('',#8036,1.);
#1316=VECTOR('',#8037,1.);
#1317=VECTOR('',#8038,1.);
#1318=VECTOR('',#8039,1.);
#1319=VECTOR('',#8042,1.);
#1320=VECTOR('',#8043,1.);
#1321=VECTOR('',#8046,1.);
#1322=VECTOR('',#8047,1.);
#1323=VECTOR('',#8054,1.);
#1324=VECTOR('',#8055,1.);
#1325=VECTOR('',#8056,1.);
#1326=VECTOR('',#8057,1.);
#1327=VECTOR('',#8060,1.);
#1328=VECTOR('',#8061,1.);
#1329=VECTOR('',#8062,1.);
#1330=VECTOR('',#8065,1.);
#1331=VECTOR('',#8066,1.);
#1332=VECTOR('',#8067,1.);
#1333=VECTOR('',#8070,1.);
#1334=VECTOR('',#8071,1.);
#1335=VECTOR('',#8072,1.);
#1336=VECTOR('',#8073,1.);
#1337=VECTOR('',#8076,1.);
#1338=VECTOR('',#8077,1.);
#1339=VECTOR('',#8078,1.);
#1340=VECTOR('',#8081,1.);
#1341=VECTOR('',#8082,1.);
#1342=VECTOR('',#8083,1.);
#1343=VECTOR('',#8086,1.);
#1344=VECTOR('',#8087,1.);
#1345=VECTOR('',#8088,1.);
#1346=VECTOR('',#8091,1.);
#1347=VECTOR('',#8092,1.);
#1348=VECTOR('',#8093,1.);
#1349=VECTOR('',#8096,1.);
#1350=VECTOR('',#8097,1.);
#1351=VECTOR('',#8100,1.);
#1352=VECTOR('',#8101,1.);
#1353=VECTOR('',#8108,1.);
#1354=VECTOR('',#8109,1.);
#1355=VECTOR('',#8110,1.);
#1356=VECTOR('',#8111,1.);
#1357=VECTOR('',#8114,1.);
#1358=VECTOR('',#8115,1.);
#1359=VECTOR('',#8116,1.);
#1360=VECTOR('',#8119,1.);
#1361=VECTOR('',#8120,1.);
#1362=VECTOR('',#8121,1.);
#1363=VECTOR('',#8124,1.);
#1364=VECTOR('',#8125,1.);
#1365=VECTOR('',#8132,1.);
#1366=VECTOR('',#8133,1.);
#1367=VECTOR('',#8134,1.);
#1368=VECTOR('',#8135,1.);
#1369=VECTOR('',#8138,1.);
#1370=VECTOR('',#8139,1.);
#1371=VECTOR('',#8140,1.);
#1372=VECTOR('',#8141,1.);
#1373=VECTOR('',#8144,1.);
#1374=VECTOR('',#8145,1.);
#1375=VECTOR('',#8148,1.);
#1376=VECTOR('',#8149,1.);
#1377=VECTOR('',#8158,1.);
#1378=VECTOR('',#8161,1.);
#1379=VECTOR('',#8164,1.);
#1380=VECTOR('',#8167,1.);
#1381=VECTOR('',#8170,1.);
#1382=VECTOR('',#8173,1.);
#1383=VECTOR('',#8180,1.);
#1384=VECTOR('',#8183,1.);
#1385=VECTOR('',#8186,1.);
#1386=VECTOR('',#8189,1.);
#1387=VECTOR('',#8192,1.);
#1388=VECTOR('',#8195,1.);
#1389=VECTOR('',#8202,1.);
#1390=VECTOR('',#8203,1.);
#1391=VECTOR('',#8204,1.);
#1392=VECTOR('',#8207,1.);
#1393=VECTOR('',#8208,1.);
#1394=VECTOR('',#8209,1.);
#1395=VECTOR('',#8212,1.);
#1396=VECTOR('',#8213,1.);
#1397=VECTOR('',#8220,1.);
#1398=VECTOR('',#8221,1.);
#1399=VECTOR('',#8222,1.);
#1400=VECTOR('',#8225,1.);
#1401=VECTOR('',#8226,1.);
#1402=VECTOR('',#8227,1.);
#1403=VECTOR('',#8230,1.);
#1404=VECTOR('',#8231,1.);
#1405=VECTOR('',#8238,1.);
#1406=VECTOR('',#8239,1.);
#1407=VECTOR('',#8240,1.);
#1408=VECTOR('',#8243,1.);
#1409=VECTOR('',#8244,1.);
#1410=VECTOR('',#8245,1.);
#1411=VECTOR('',#8248,1.);
#1412=VECTOR('',#8249,1.);
#1413=VECTOR('',#8256,1.);
#1414=VECTOR('',#8257,1.);
#1415=VECTOR('',#8258,1.);
#1416=VECTOR('',#8261,1.);
#1417=VECTOR('',#8262,1.);
#1418=VECTOR('',#8263,1.);
#1419=VECTOR('',#8266,1.);
#1420=VECTOR('',#8267,1.);
#1421=VECTOR('',#8274,1.);
#1422=VECTOR('',#8275,1.);
#1423=VECTOR('',#8276,1.);
#1424=VECTOR('',#8279,1.);
#1425=VECTOR('',#8280,1.);
#1426=VECTOR('',#8281,1.);
#1427=VECTOR('',#8284,1.);
#1428=VECTOR('',#8285,1.);
#1429=VECTOR('',#8292,1.);
#1430=VECTOR('',#8293,1.);
#1431=VECTOR('',#8294,1.);
#1432=VECTOR('',#8297,1.);
#1433=VECTOR('',#8298,1.);
#1434=VECTOR('',#8299,1.);
#1435=VECTOR('',#8302,1.);
#1436=VECTOR('',#8303,1.);
#1437=VECTOR('',#8316,1.);
#1438=VECTOR('',#8319,1.);
#1439=VECTOR('',#8328,1.);
#1440=VECTOR('',#8331,1.);
#1441=VECTOR('',#8334,1.);
#1442=VECTOR('',#8337,1.);
#1443=VECTOR('',#8342,1.);
#1444=VECTOR('',#8345,1.);
#1445=VECTOR('',#8352,1.);
#1446=VECTOR('',#8353,1.);
#1447=VECTOR('',#8354,1.);
#1448=VECTOR('',#8357,1.);
#1449=VECTOR('',#8358,1.);
#1450=VECTOR('',#8361,1.);
#1451=VECTOR('',#8362,1.);
#1452=VECTOR('',#8385,1.);
#1453=VECTOR('',#8386,1.);
#1454=VECTOR('',#8387,1.);
#1455=VECTOR('',#8388,1.);
#1456=VECTOR('',#8391,1.);
#1457=VECTOR('',#8392,1.);
#1458=VECTOR('',#8393,1.);
#1459=VECTOR('',#8396,1.);
#1460=VECTOR('',#8397,1.);
#1461=VECTOR('',#8398,1.);
#1462=VECTOR('',#8401,1.);
#1463=VECTOR('',#8402,1.);
#1464=VECTOR('',#8417,1.);
#1465=VECTOR('',#8418,1.);
#1466=VECTOR('',#8419,1.);
#1467=VECTOR('',#8420,1.);
#1468=VECTOR('',#8423,1.);
#1469=VECTOR('',#8424,1.);
#1470=VECTOR('',#8425,1.);
#1471=VECTOR('',#8428,1.);
#1472=VECTOR('',#8429,1.);
#1473=VECTOR('',#8430,1.);
#1474=VECTOR('',#8433,1.);
#1475=VECTOR('',#8434,1.);
#1476=VECTOR('',#8447,1.);
#1477=VECTOR('',#8448,1.);
#1478=VECTOR('',#8449,1.);
#1479=VECTOR('',#8450,1.);
#1480=VECTOR('',#8477,1.);
#1481=VECTOR('',#8478,1.);
#1482=VECTOR('',#8479,1.);
#1483=VECTOR('',#8480,1.);
#1484=VECTOR('',#8481,1.);
#1485=VECTOR('',#8482,1.);
#1486=VECTOR('',#8483,1.);
#1487=VECTOR('',#8484,1.);
#1488=VECTOR('',#8485,1.);
#1489=VECTOR('',#8490,1.);
#1490=VECTOR('',#8491,1.);
#1491=VECTOR('',#8492,1.);
#1492=VECTOR('',#8495,1.);
#1493=VECTOR('',#8496,1.);
#1494=VECTOR('',#8497,1.);
#1495=VECTOR('',#8500,1.);
#1496=VECTOR('',#8501,1.);
#1497=VECTOR('',#8504,1.);
#1498=VECTOR('',#8505,1.);
#1499=VECTOR('',#8508,1.);
#1500=VECTOR('',#8519,1.);
#1501=VECTOR('',#8520,1.);
#1502=VECTOR('',#8521,1.);
#1503=VECTOR('',#8524,1.);
#1504=VECTOR('',#8525,1.);
#1505=VECTOR('',#8526,1.);
#1506=VECTOR('',#8529,1.);
#1507=VECTOR('',#8530,1.);
#1508=VECTOR('',#8533,1.);
#1509=VECTOR('',#8534,1.);
#1510=VECTOR('',#8537,1.);
#1511=VECTOR('',#8548,1.);
#1512=VECTOR('',#8549,1.);
#1513=VECTOR('',#8550,1.);
#1514=VECTOR('',#8553,1.);
#1515=VECTOR('',#8554,1.);
#1516=VECTOR('',#8555,1.);
#1517=VECTOR('',#8558,1.);
#1518=VECTOR('',#8559,1.);
#1519=VECTOR('',#8562,1.);
#1520=VECTOR('',#8563,1.);
#1521=VECTOR('',#8566,1.);
#1522=PRESENTATION_LAYER_ASSIGNMENT('1','Layer 1',(#1660,#1661,#1662,#1663,
#1664,#1665,#1666,#1667,#1668,#1669,#1670,#1671,#1672,#1673,#1674,#1675,
#1676,#1677,#1678));
#1523=STYLED_ITEM('',(#1542),#1660);
#1524=STYLED_ITEM('',(#1543),#1661);
#1525=STYLED_ITEM('',(#1544),#1662);
#1526=STYLED_ITEM('',(#1545),#1663);
#1527=STYLED_ITEM('',(#1546),#1664);
#1528=STYLED_ITEM('',(#1547),#1665);
#1529=STYLED_ITEM('',(#1548),#1666);
#1530=STYLED_ITEM('',(#1549),#1667);
#1531=STYLED_ITEM('',(#1550),#1668);
#1532=STYLED_ITEM('',(#1551),#1669);
#1533=STYLED_ITEM('',(#1552),#1670);
#1534=STYLED_ITEM('',(#1553),#1671);
#1535=STYLED_ITEM('',(#1554),#1672);
#1536=STYLED_ITEM('',(#1555),#1673);
#1537=STYLED_ITEM('',(#1556),#1674);
#1538=STYLED_ITEM('',(#1557),#1675);
#1539=STYLED_ITEM('',(#1558),#1676);
#1540=STYLED_ITEM('',(#1559),#1677);
#1541=STYLED_ITEM('',(#1560),#1678);
#1542=PRESENTATION_STYLE_ASSIGNMENT((#1561));
#1543=PRESENTATION_STYLE_ASSIGNMENT((#1562));
#1544=PRESENTATION_STYLE_ASSIGNMENT((#1563));
#1545=PRESENTATION_STYLE_ASSIGNMENT((#1564));
#1546=PRESENTATION_STYLE_ASSIGNMENT((#1565));
#1547=PRESENTATION_STYLE_ASSIGNMENT((#1566));
#1548=PRESENTATION_STYLE_ASSIGNMENT((#1567));
#1549=PRESENTATION_STYLE_ASSIGNMENT((#1568));
#1550=PRESENTATION_STYLE_ASSIGNMENT((#1569));
#1551=PRESENTATION_STYLE_ASSIGNMENT((#1570));
#1552=PRESENTATION_STYLE_ASSIGNMENT((#1571));
#1553=PRESENTATION_STYLE_ASSIGNMENT((#1572));
#1554=PRESENTATION_STYLE_ASSIGNMENT((#1573));
#1555=PRESENTATION_STYLE_ASSIGNMENT((#1574));
#1556=PRESENTATION_STYLE_ASSIGNMENT((#1575));
#1557=PRESENTATION_STYLE_ASSIGNMENT((#1576));
#1558=PRESENTATION_STYLE_ASSIGNMENT((#1577));
#1559=PRESENTATION_STYLE_ASSIGNMENT((#1578));
#1560=PRESENTATION_STYLE_ASSIGNMENT((#1579));
#1561=SURFACE_STYLE_USAGE(.BOTH.,#1580);
#1562=SURFACE_STYLE_USAGE(.BOTH.,#1581);
#1563=SURFACE_STYLE_USAGE(.BOTH.,#1582);
#1564=SURFACE_STYLE_USAGE(.BOTH.,#1583);
#1565=SURFACE_STYLE_USAGE(.BOTH.,#1584);
#1566=SURFACE_STYLE_USAGE(.BOTH.,#1585);
#1567=SURFACE_STYLE_USAGE(.BOTH.,#1586);
#1568=SURFACE_STYLE_USAGE(.BOTH.,#1587);
#1569=SURFACE_STYLE_USAGE(.BOTH.,#1588);
#1570=SURFACE_STYLE_USAGE(.BOTH.,#1589);
#1571=SURFACE_STYLE_USAGE(.BOTH.,#1590);
#1572=SURFACE_STYLE_USAGE(.BOTH.,#1591);
#1573=SURFACE_STYLE_USAGE(.BOTH.,#1592);
#1574=SURFACE_STYLE_USAGE(.BOTH.,#1593);
#1575=SURFACE_STYLE_USAGE(.BOTH.,#1594);
#1576=SURFACE_STYLE_USAGE(.BOTH.,#1595);
#1577=SURFACE_STYLE_USAGE(.BOTH.,#1596);
#1578=SURFACE_STYLE_USAGE(.BOTH.,#1597);
#1579=SURFACE_STYLE_USAGE(.BOTH.,#1598);
#1580=SURFACE_SIDE_STYLE('',(#1599));
#1581=SURFACE_SIDE_STYLE('',(#1600));
#1582=SURFACE_SIDE_STYLE('',(#1601));
#1583=SURFACE_SIDE_STYLE('',(#1602));
#1584=SURFACE_SIDE_STYLE('',(#1603));
#1585=SURFACE_SIDE_STYLE('',(#1604));
#1586=SURFACE_SIDE_STYLE('',(#1605));
#1587=SURFACE_SIDE_STYLE('',(#1606));
#1588=SURFACE_SIDE_STYLE('',(#1607));
#1589=SURFACE_SIDE_STYLE('',(#1608));
#1590=SURFACE_SIDE_STYLE('',(#1609));
#1591=SURFACE_SIDE_STYLE('',(#1610));
#1592=SURFACE_SIDE_STYLE('',(#1611));
#1593=SURFACE_SIDE_STYLE('',(#1612));
#1594=SURFACE_SIDE_STYLE('',(#1613));
#1595=SURFACE_SIDE_STYLE('',(#1614));
#1596=SURFACE_SIDE_STYLE('',(#1615));
#1597=SURFACE_SIDE_STYLE('',(#1616));
#1598=SURFACE_SIDE_STYLE('',(#1617));
#1599=SURFACE_STYLE_FILL_AREA(#1618);
#1600=SURFACE_STYLE_FILL_AREA(#1619);
#1601=SURFACE_STYLE_FILL_AREA(#1620);
#1602=SURFACE_STYLE_FILL_AREA(#1621);
#1603=SURFACE_STYLE_FILL_AREA(#1622);
#1604=SURFACE_STYLE_FILL_AREA(#1623);
#1605=SURFACE_STYLE_FILL_AREA(#1624);
#1606=SURFACE_STYLE_FILL_AREA(#1625);
#1607=SURFACE_STYLE_FILL_AREA(#1626);
#1608=SURFACE_STYLE_FILL_AREA(#1627);
#1609=SURFACE_STYLE_FILL_AREA(#1628);
#1610=SURFACE_STYLE_FILL_AREA(#1629);
#1611=SURFACE_STYLE_FILL_AREA(#1630);
#1612=SURFACE_STYLE_FILL_AREA(#1631);
#1613=SURFACE_STYLE_FILL_AREA(#1632);
#1614=SURFACE_STYLE_FILL_AREA(#1633);
#1615=SURFACE_STYLE_FILL_AREA(#1634);
#1616=SURFACE_STYLE_FILL_AREA(#1635);
#1617=SURFACE_STYLE_FILL_AREA(#1636);
#1618=FILL_AREA_STYLE('',(#1637));
#1619=FILL_AREA_STYLE('',(#1638));
#1620=FILL_AREA_STYLE('',(#1639));
#1621=FILL_AREA_STYLE('',(#1640));
#1622=FILL_AREA_STYLE('',(#1641));
#1623=FILL_AREA_STYLE('',(#1642));
#1624=FILL_AREA_STYLE('',(#1643));
#1625=FILL_AREA_STYLE('',(#1644));
#1626=FILL_AREA_STYLE('',(#1645));
#1627=FILL_AREA_STYLE('',(#1646));
#1628=FILL_AREA_STYLE('',(#1647));
#1629=FILL_AREA_STYLE('',(#1648));
#1630=FILL_AREA_STYLE('',(#1649));
#1631=FILL_AREA_STYLE('',(#1650));
#1632=FILL_AREA_STYLE('',(#1651));
#1633=FILL_AREA_STYLE('',(#1652));
#1634=FILL_AREA_STYLE('',(#1653));
#1635=FILL_AREA_STYLE('',(#1654));
#1636=FILL_AREA_STYLE('',(#1655));
#1637=FILL_AREA_STYLE_COLOUR('',#1656);
#1638=FILL_AREA_STYLE_COLOUR('',#1656);
#1639=FILL_AREA_STYLE_COLOUR('',#1657);
#1640=FILL_AREA_STYLE_COLOUR('',#1657);
#1641=FILL_AREA_STYLE_COLOUR('',#1656);
#1642=FILL_AREA_STYLE_COLOUR('',#1658);
#1643=FILL_AREA_STYLE_COLOUR('',#1658);
#1644=FILL_AREA_STYLE_COLOUR('',#1659);
#1645=FILL_AREA_STYLE_COLOUR('',#1658);
#1646=FILL_AREA_STYLE_COLOUR('',#1658);
#1647=FILL_AREA_STYLE_COLOUR('',#1658);
#1648=FILL_AREA_STYLE_COLOUR('',#1658);
#1649=FILL_AREA_STYLE_COLOUR('',#1658);
#1650=FILL_AREA_STYLE_COLOUR('',#1658);
#1651=FILL_AREA_STYLE_COLOUR('',#1656);
#1652=FILL_AREA_STYLE_COLOUR('',#1656);
#1653=FILL_AREA_STYLE_COLOUR('',#1656);
#1654=FILL_AREA_STYLE_COLOUR('',#183);
#1655=FILL_AREA_STYLE_COLOUR('',#1656);
#1656=COLOUR_RGB('medium steel',0.596078431372549,0.666666666666667,0.686274509803922);
#1657=COLOUR_RGB('medium khaki',0.698039215686274,0.694117647058824,0.403921568627451);
#1658=COLOUR_RGB('ash gray',0.874509803921569,0.874509803921569,0.874509803921569);
#1659=COLOUR_RGB('granite gray',0.4,0.4,0.4);
#1660=MANIFOLD_SOLID_BREP('',#1679);
#1661=MANIFOLD_SOLID_BREP('',#1680);
#1662=MANIFOLD_SOLID_BREP('',#1681);
#1663=MANIFOLD_SOLID_BREP('',#1682);
#1664=MANIFOLD_SOLID_BREP('',#1683);
#1665=MANIFOLD_SOLID_BREP('',#1684);
#1666=MANIFOLD_SOLID_BREP('',#1685);
#1667=MANIFOLD_SOLID_BREP('',#1686);
#1668=MANIFOLD_SOLID_BREP('',#1687);
#1669=MANIFOLD_SOLID_BREP('',#1688);
#1670=MANIFOLD_SOLID_BREP('',#1689);
#1671=MANIFOLD_SOLID_BREP('',#1690);
#1672=MANIFOLD_SOLID_BREP('',#1691);
#1673=MANIFOLD_SOLID_BREP('',#1692);
#1674=MANIFOLD_SOLID_BREP('',#1693);
#1675=MANIFOLD_SOLID_BREP('',#1694);
#1676=MANIFOLD_SOLID_BREP('',#1695);
#1677=MANIFOLD_SOLID_BREP('',#1696);
#1678=MANIFOLD_SOLID_BREP('',#1697);
#1679=CLOSED_SHELL('',(#1934,#1935,#1936,#1937,#1938,#1939,#1940,#1941,
#1942,#1943,#1944,#1945,#1946,#1947,#1948,#1949,#1950,#1951,#1952,#1953,
#1954,#1955,#1956,#1957,#1958,#1959,#1960,#1961,#1962,#1963,#1964,#1965,
#1966,#1967,#1968,#1969,#1970,#1971,#1972,#1973,#1974,#1975,#1976,#1977,
#1978,#1979,#1980,#1981,#1982,#1983,#1984,#1985,#1986,#1987,#1988,#1989,
#1990,#1991,#1992,#1993,#1994,#1995,#1996,#1997,#1998,#1999,#2000,#2001,
#2002,#2003,#2004,#2005,#2006,#2007,#2008,#2009,#2010,#2011,#2012,#2013,
#2014,#2015,#2016,#2017,#2018,#2019,#2020,#2021,#2022,#2023,#2024,#2025,
#2026,#2027));
#1680=CLOSED_SHELL('',(#2028,#2029,#2030,#2031,#2032,#2033,#2034,#2035,
#2036,#2037,#2038,#2039,#2040,#2041,#2042,#2043,#2044,#2045,#2046,#2047,
#2048,#2049,#2050,#2051,#2052,#2053,#2054,#2055,#2056,#2057,#2058,#2059,
#2060,#2061,#2062,#2063,#2064,#2065,#2066,#2067,#2068,#2069,#2070,#2071,
#2072,#2073,#2074,#2075,#2076,#2077,#2078,#2079));
#1681=CLOSED_SHELL('',(#2080,#2081,#2082,#2083,#2084,#2085,#2086,#2087));
#1682=CLOSED_SHELL('',(#2088,#2089,#2090,#2091,#2092,#2093,#2094,#2095,
#2096,#2097,#2098));
#1683=CLOSED_SHELL('',(#2099,#2100,#2101,#2102,#2103,#2104,#2105,#2106,
#2107,#2108,#2109,#2110,#2111,#2112,#2113,#2114,#2115,#2116,#2117,#2118,
#2119,#2120,#2121,#2122,#2123,#2124,#2125,#2126,#2127,#2128,#2129,#2130,
#2131,#2132,#2133,#2134,#2135,#2136,#2137,#2138,#2139,#2140,#2141,#2142,
#2143,#2144,#2145,#2146));
#1684=CLOSED_SHELL('',(#2147,#2148,#2149,#2150,#2151,#2152));
#1685=CLOSED_SHELL('',(#2153,#2154,#2155,#2156,#2157,#2158));
#1686=CLOSED_SHELL('',(#2159,#2160,#2161,#2162,#2163,#2164));
#1687=CLOSED_SHELL('',(#2165,#2166,#2167,#2168,#2169,#2170));
#1688=CLOSED_SHELL('',(#2171,#2172,#2173,#2174,#2175,#2176,#2177,#2178,
#2179,#2180,#2181,#2182));
#1689=CLOSED_SHELL('',(#2183,#2184,#2185,#2186,#2187,#2188));
#1690=CLOSED_SHELL('',(#2189,#2190,#2191,#2192,#2193,#2194,#2195,#2196,
#2197,#2198,#2199,#2200));
#1691=CLOSED_SHELL('',(#2201,#2202,#2203,#2204,#2205,#2206));
#1692=CLOSED_SHELL('',(#2207,#2208,#2209,#2210,#2211,#2212));
#1693=CLOSED_SHELL('',(#2213,#2214,#2215,#2216,#2217,#2218,#2219,#2220,
#2221,#2222,#2223,#2224,#2225,#2226,#2227,#2228,#2229,#2230,#2231,#2232,
#2233,#2234,#2235,#2236,#2237,#2238,#2239,#2240,#2241,#2242,#2243,#2244,
#2245,#2246));
#1694=CLOSED_SHELL('',(#2247,#2248,#2249,#2250,#2251,#2252,#2253,#2254,
#2255,#2256,#2257,#2258,#2259,#2260,#2261,#2262));
#1695=CLOSED_SHELL('',(#2263,#2264,#2265,#2266,#2267,#2268,#2269));
#1696=CLOSED_SHELL('',(#2270,#2271,#2272,#2273,#2274,#2275,#2276,#2277));
#1697=CLOSED_SHELL('',(#2278,#2279,#2280,#2281,#2282,#2283,#2284,#2285,
#2286,#2287,#2288,#2289,#2290,#2291,#2292,#2293,#2294,#2295,#2296,#2297,
#2298,#2299,#2300,#2301,#2302,#2303));
#1698=PLANE('',#6507);
#1699=PLANE('',#6508);
#1700=PLANE('',#6509);
#1701=PLANE('',#6510);
#1702=PLANE('',#6511);
#1703=PLANE('',#6512);
#1704=PLANE('',#6513);
#1705=PLANE('',#6514);
#1706=PLANE('',#6515);
#1707=PLANE('',#6516);
#1708=PLANE('',#6517);
#1709=PLANE('',#6518);
#1710=PLANE('',#6519);
#1711=PLANE('',#6520);
#1712=PLANE('',#6521);
#1713=PLANE('',#6522);
#1714=PLANE('',#6523);
#1715=PLANE('',#6524);
#1716=PLANE('',#6525);
#1717=PLANE('',#6526);
#1718=PLANE('',#6527);
#1719=PLANE('',#6528);
#1720=PLANE('',#6529);
#1721=PLANE('',#6530);
#1722=PLANE('',#6531);
#1723=PLANE('',#6532);
#1724=PLANE('',#6533);
#1725=PLANE('',#6534);
#1726=PLANE('',#6535);
#1727=PLANE('',#6536);
#1728=PLANE('',#6537);
#1729=PLANE('',#6538);
#1730=PLANE('',#6539);
#1731=PLANE('',#6540);
#1732=PLANE('',#6541);
#1733=PLANE('',#6542);
#1734=PLANE('',#6543);
#1735=PLANE('',#6544);
#1736=PLANE('',#6545);
#1737=PLANE('',#6548);
#1738=PLANE('',#6549);
#1739=PLANE('',#6550);
#1740=PLANE('',#6551);
#1741=PLANE('',#6554);
#1742=PLANE('',#6557);
#1743=PLANE('',#6558);
#1744=PLANE('',#6559);
#1745=PLANE('',#6560);
#1746=PLANE('',#6561);
#1747=PLANE('',#6562);
#1748=PLANE('',#6563);
#1749=PLANE('',#6564);
#1750=PLANE('',#6575);
#1751=PLANE('',#6576);
#1752=PLANE('',#6577);
#1753=PLANE('',#6578);
#1754=PLANE('',#6579);
#1755=PLANE('',#6580);
#1756=PLANE('',#6587);
#1757=PLANE('',#6591);
#1758=PLANE('',#6595);
#1759=PLANE('',#6601);
#1760=PLANE('',#6604);
#1761=PLANE('',#6614);
#1762=PLANE('',#6618);
#1763=PLANE('',#6624);
#1764=PLANE('',#6625);
#1765=PLANE('',#6627);
#1766=PLANE('',#6628);
#1767=PLANE('',#6629);
#1768=PLANE('',#6633);
#1769=PLANE('',#6637);
#1770=PLANE('',#6647);
#1771=PLANE('',#6648);
#1772=PLANE('',#6649);
#1773=PLANE('',#6651);
#1774=PLANE('',#6652);
#1775=PLANE('',#6653);
#1776=PLANE('',#6654);
#1777=PLANE('',#6655);
#1778=PLANE('',#6658);
#1779=PLANE('',#6659);
#1780=PLANE('',#6660);
#1781=PLANE('',#6663);
#1782=PLANE('',#6664);
#1783=PLANE('',#6665);
#1784=PLANE('',#6666);
#1785=PLANE('',#6669);
#1786=PLANE('',#6670);
#1787=PLANE('',#6671);
#1788=PLANE('',#6672);
#1789=PLANE('',#6675);
#1790=PLANE('',#6677);
#1791=PLANE('',#6678);
#1792=PLANE('',#6684);
#1793=PLANE('',#6685);
#1794=PLANE('',#6686);
#1795=PLANE('',#6687);
#1796=PLANE('',#6688);
#1797=PLANE('',#6689);
#1798=PLANE('',#6690);
#1799=PLANE('',#6691);
#1800=PLANE('',#6692);
#1801=PLANE('',#6693);
#1802=PLANE('',#6694);
#1803=PLANE('',#6695);
#1804=PLANE('',#6696);
#1805=PLANE('',#6697);
#1806=PLANE('',#6698);
#1807=PLANE('',#6699);
#1808=PLANE('',#6700);
#1809=PLANE('',#6701);
#1810=PLANE('',#6702);
#1811=PLANE('',#6703);
#1812=PLANE('',#6704);
#1813=PLANE('',#6705);
#1814=PLANE('',#6706);
#1815=PLANE('',#6707);
#1816=PLANE('',#6708);
#1817=PLANE('',#6709);
#1818=PLANE('',#6710);
#1819=PLANE('',#6711);
#1820=PLANE('',#6712);
#1821=PLANE('',#6713);
#1822=PLANE('',#6714);
#1823=PLANE('',#6715);
#1824=PLANE('',#6716);
#1825=PLANE('',#6717);
#1826=PLANE('',#6718);
#1827=PLANE('',#6719);
#1828=PLANE('',#6720);
#1829=PLANE('',#6721);
#1830=PLANE('',#6722);
#1831=PLANE('',#6723);
#1832=PLANE('',#6724);
#1833=PLANE('',#6725);
#1834=PLANE('',#6726);
#1835=PLANE('',#6727);
#1836=PLANE('',#6728);
#1837=PLANE('',#6729);
#1838=PLANE('',#6730);
#1839=PLANE('',#6731);
#1840=PLANE('',#6732);
#1841=PLANE('',#6733);
#1842=PLANE('',#6734);
#1843=PLANE('',#6735);
#1844=PLANE('',#6736);
#1845=PLANE('',#6737);
#1846=PLANE('',#6738);
#1847=PLANE('',#6739);
#1848=PLANE('',#6740);
#1849=PLANE('',#6741);
#1850=PLANE('',#6742);
#1851=PLANE('',#6743);
#1852=PLANE('',#6744);
#1853=PLANE('',#6745);
#1854=PLANE('',#6746);
#1855=PLANE('',#6747);
#1856=PLANE('',#6748);
#1857=PLANE('',#6749);
#1858=PLANE('',#6750);
#1859=PLANE('',#6766);
#1860=PLANE('',#6767);
#1861=PLANE('',#6768);
#1862=PLANE('',#6769);
#1863=PLANE('',#6770);
#1864=PLANE('',#6771);
#1865=PLANE('',#6772);
#1866=PLANE('',#6773);
#1867=PLANE('',#6774);
#1868=PLANE('',#6775);
#1869=PLANE('',#6776);
#1870=PLANE('',#6777);
#1871=PLANE('',#6778);
#1872=PLANE('',#6779);
#1873=PLANE('',#6780);
#1874=PLANE('',#6781);
#1875=PLANE('',#6782);
#1876=PLANE('',#6783);
#1877=PLANE('',#6784);
#1878=PLANE('',#6785);
#1879=PLANE('',#6786);
#1880=PLANE('',#6787);
#1881=PLANE('',#6788);
#1882=PLANE('',#6789);
#1883=PLANE('',#6790);
#1884=PLANE('',#6791);
#1885=PLANE('',#6792);
#1886=PLANE('',#6793);
#1887=PLANE('',#6794);
#1888=PLANE('',#6795);
#1889=PLANE('',#6796);
#1890=PLANE('',#6797);
#1891=PLANE('',#6807);
#1892=PLANE('',#6809);
#1893=PLANE('',#6810);
#1894=PLANE('',#6814);
#1895=PLANE('',#6815);
#1896=PLANE('',#6816);
#1897=PLANE('',#6817);
#1898=PLANE('',#6820);
#1899=PLANE('',#6823);
#1900=PLANE('',#6828);
#1901=PLANE('',#6829);
#1902=PLANE('',#6830);
#1903=PLANE('',#6831);
#1904=PLANE('',#6833);
#1905=PLANE('',#6835);
#1906=PLANE('',#6838);
#1907=PLANE('',#6839);
#1908=PLANE('',#6840);
#1909=PLANE('',#6841);
#1910=PLANE('',#6842);
#1911=PLANE('',#6843);
#1912=PLANE('',#6846);
#1913=PLANE('',#6847);
#1914=PLANE('',#6858);
#1915=PLANE('',#6860);
#1916=PLANE('',#6862);
#1917=PLANE('',#6863);
#1918=PLANE('',#6864);
#1919=PLANE('',#6865);
#1920=PLANE('',#6866);
#1921=PLANE('',#6869);
#1922=PLANE('',#6871);
#1923=PLANE('',#6872);
#1924=PLANE('',#6873);
#1925=PLANE('',#6874);
#1926=PLANE('',#6875);
#1927=PLANE('',#6878);
#1928=PLANE('',#6880);
#1929=PLANE('',#6881);
#1930=PLANE('',#6882);
#1931=PLANE('',#6883);
#1932=PLANE('',#6884);
#1933=PLANE('',#6887);
#1934=ADVANCED_FACE('',(#2396,#2397),#2304,.T.);
#1935=ADVANCED_FACE('',(#2398,#2399),#2305,.F.);
#1936=ADVANCED_FACE('',(#2400,#2401),#2306,.T.);
#1937=ADVANCED_FACE('',(#2402,#2403),#2307,.F.);
#1938=ADVANCED_FACE('',(#2404,#2405),#2308,.T.);
#1939=ADVANCED_FACE('',(#2406,#2407),#2309,.F.);
#1940=ADVANCED_FACE('',(#2408,#2409),#2310,.T.);
#1941=ADVANCED_FACE('',(#2410,#2411),#2311,.F.);
#1942=ADVANCED_FACE('',(#2412,#2413),#2312,.T.);
#1943=ADVANCED_FACE('',(#2414,#2415),#2313,.F.);
#1944=ADVANCED_FACE('',(#2416,#2417),#2314,.T.);
#1945=ADVANCED_FACE('',(#2418,#2419),#2315,.F.);
#1946=ADVANCED_FACE('',(#2420,#2421),#2316,.T.);
#1947=ADVANCED_FACE('',(#2422,#2423),#2317,.F.);
#1948=ADVANCED_FACE('',(#2424,#2425),#2318,.T.);
#1949=ADVANCED_FACE('',(#2426,#2427),#2319,.F.);
#1950=ADVANCED_FACE('',(#2428,#2429),#2320,.T.);
#1951=ADVANCED_FACE('',(#2430,#2431),#2321,.F.);
#1952=ADVANCED_FACE('',(#2432,#2433),#2322,.T.);
#1953=ADVANCED_FACE('',(#2434,#2435),#2323,.F.);
#1954=ADVANCED_FACE('',(#2436,#2437),#2324,.T.);
#1955=ADVANCED_FACE('',(#2438,#2439),#2325,.F.);
#1956=ADVANCED_FACE('',(#2440,#2441),#2326,.T.);
#1957=ADVANCED_FACE('',(#2442,#2443),#2327,.F.);
#1958=ADVANCED_FACE('',(#2444,#2445),#2328,.T.);
#1959=ADVANCED_FACE('',(#2446,#2447),#2329,.F.);
#1960=ADVANCED_FACE('',(#2448,#2449),#2330,.T.);
#1961=ADVANCED_FACE('',(#2450,#2451),#2331,.F.);
#1962=ADVANCED_FACE('',(#2452,#2453),#2332,.T.);
#1963=ADVANCED_FACE('',(#2454,#2455),#2333,.F.);
#1964=ADVANCED_FACE('',(#2456,#2457),#2334,.T.);
#1965=ADVANCED_FACE('',(#2458,#2459),#2335,.F.);
#1966=ADVANCED_FACE('',(#2460,#2461),#2336,.T.);
#1967=ADVANCED_FACE('',(#2462,#2463),#2337,.F.);
#1968=ADVANCED_FACE('',(#2464,#2465),#2338,.T.);
#1969=ADVANCED_FACE('',(#2466,#2467),#2339,.F.);
#1970=ADVANCED_FACE('',(#2468,#2469),#2340,.T.);
#1971=ADVANCED_FACE('',(#2470,#2471),#2341,.F.);
#1972=ADVANCED_FACE('',(#2472,#2473),#2342,.T.);
#1973=ADVANCED_FACE('',(#2474,#2475),#2343,.F.);
#1974=ADVANCED_FACE('',(#2476,#2477),#2344,.T.);
#1975=ADVANCED_FACE('',(#2478,#2479),#2345,.F.);
#1976=ADVANCED_FACE('',(#2480,#2481),#2346,.T.);
#1977=ADVANCED_FACE('',(#2482,#2483),#2347,.F.);
#1978=ADVANCED_FACE('',(#2484,#2485),#2348,.T.);
#1979=ADVANCED_FACE('',(#2486,#2487),#2349,.F.);
#1980=ADVANCED_FACE('',(#2488,#2489),#2350,.T.);
#1981=ADVANCED_FACE('',(#2490,#2491),#2351,.F.);
#1982=ADVANCED_FACE('',(#2492,#2493),#2352,.T.);
#1983=ADVANCED_FACE('',(#2494,#2495),#2353,.F.);
#1984=ADVANCED_FACE('',(#2496,#2497),#2354,.T.);
#1985=ADVANCED_FACE('',(#2498,#2499),#2355,.F.);
#1986=ADVANCED_FACE('',(#2500,#2501),#2356,.T.);
#1987=ADVANCED_FACE('',(#2502,#2503),#2357,.F.);
#1988=ADVANCED_FACE('',(#2504,#2505),#2358,.T.);
#1989=ADVANCED_FACE('',(#2506,#2507),#2359,.F.);
#1990=ADVANCED_FACE('',(#2508,#2509),#2360,.T.);
#1991=ADVANCED_FACE('',(#2510,#2511),#2361,.F.);
#1992=ADVANCED_FACE('',(#2512,#2513),#2362,.T.);
#1993=ADVANCED_FACE('',(#2514,#2515),#2363,.F.);
#1994=ADVANCED_FACE('',(#2516,#2517),#2364,.T.);
#1995=ADVANCED_FACE('',(#2518,#2519),#2365,.F.);
#1996=ADVANCED_FACE('',(#2520,#2521),#2366,.T.);
#1997=ADVANCED_FACE('',(#2522,#2523),#2367,.F.);
#1998=ADVANCED_FACE('',(#2524,#2525),#2368,.T.);
#1999=ADVANCED_FACE('',(#2526,#2527),#2369,.F.);
#2000=ADVANCED_FACE('',(#2528,#2529),#2370,.T.);
#2001=ADVANCED_FACE('',(#2530,#2531),#2371,.F.);
#2002=ADVANCED_FACE('',(#2532,#2533),#2372,.T.);
#2003=ADVANCED_FACE('',(#2534,#2535),#2373,.F.);
#2004=ADVANCED_FACE('',(#2536,#2537),#2374,.T.);
#2005=ADVANCED_FACE('',(#2538,#2539),#2375,.F.);
#2006=ADVANCED_FACE('',(#2540,#2541),#2376,.T.);
#2007=ADVANCED_FACE('',(#2542,#2543),#2377,.F.);
#2008=ADVANCED_FACE('',(#2544,#2545),#2378,.T.);
#2009=ADVANCED_FACE('',(#2546,#2547),#2379,.F.);
#2010=ADVANCED_FACE('',(#2548,#2549),#2380,.T.);
#2011=ADVANCED_FACE('',(#2550,#2551),#2381,.F.);
#2012=ADVANCED_FACE('',(#2552,#2553),#2382,.T.);
#2013=ADVANCED_FACE('',(#2554,#2555),#2383,.F.);
#2014=ADVANCED_FACE('',(#2556,#2557),#2384,.T.);
#2015=ADVANCED_FACE('',(#2558,#2559),#2385,.F.);
#2016=ADVANCED_FACE('',(#2560,#2561),#2386,.T.);
#2017=ADVANCED_FACE('',(#2562,#2563),#2387,.F.);
#2018=ADVANCED_FACE('',(#2564,#2565),#2388,.T.);
#2019=ADVANCED_FACE('',(#2566,#2567),#2389,.F.);
#2020=ADVANCED_FACE('',(#2568,#2569),#2390,.T.);
#2021=ADVANCED_FACE('',(#2570,#2571),#2391,.F.);
#2022=ADVANCED_FACE('',(#2572,#2573),#2392,.T.);
#2023=ADVANCED_FACE('',(#2574,#2575),#2393,.F.);
#2024=ADVANCED_FACE('',(#2576,#2577),#2394,.F.);
#2025=ADVANCED_FACE('',(#2578,#2579),#2395,.T.);
#2026=ADVANCED_FACE('',(#2580,#2581),#1698,.T.);
#2027=ADVANCED_FACE('',(#2582,#2583),#1699,.F.);
#2028=ADVANCED_FACE('',(#240),#1700,.T.);
#2029=ADVANCED_FACE('',(#241),#1701,.T.);
#2030=ADVANCED_FACE('',(#242),#1702,.T.);
#2031=ADVANCED_FACE('',(#243),#1703,.T.);
#2032=ADVANCED_FACE('',(#2584,#2585,#2586),#1704,.T.);
#2033=ADVANCED_FACE('',(#244),#1705,.T.);
#2034=ADVANCED_FACE('',(#245),#1706,.T.);
#2035=ADVANCED_FACE('',(#246),#1707,.F.);
#2036=ADVANCED_FACE('',(#247),#1708,.F.);
#2037=ADVANCED_FACE('',(#248),#1709,.F.);
#2038=ADVANCED_FACE('',(#249),#1710,.F.);
#2039=ADVANCED_FACE('',(#2587,#2588,#2589),#1711,.F.);
#2040=ADVANCED_FACE('',(#250),#1712,.F.);
#2041=ADVANCED_FACE('',(#251),#1713,.F.);
#2042=ADVANCED_FACE('',(#2590,#2591),#1714,.F.);
#2043=ADVANCED_FACE('',(#2592,#2593),#1715,.F.);
#2044=ADVANCED_FACE('',(#252),#1716,.T.);
#2045=ADVANCED_FACE('',(#253),#1717,.T.);
#2046=ADVANCED_FACE('',(#254),#1718,.T.);
#2047=ADVANCED_FACE('',(#255),#1719,.T.);
#2048=ADVANCED_FACE('',(#256),#1720,.T.);
#2049=ADVANCED_FACE('',(#257),#1721,.T.);
#2050=ADVANCED_FACE('',(#258),#1722,.F.);
#2051=ADVANCED_FACE('',(#259),#1723,.F.);
#2052=ADVANCED_FACE('',(#260),#1724,.F.);
#2053=ADVANCED_FACE('',(#261),#1725,.F.);
#2054=ADVANCED_FACE('',(#262),#1726,.F.);
#2055=ADVANCED_FACE('',(#263),#1727,.F.);
#2056=ADVANCED_FACE('',(#264),#1728,.F.);
#2057=ADVANCED_FACE('',(#265),#1729,.F.);
#2058=ADVANCED_FACE('',(#266),#1730,.F.);
#2059=ADVANCED_FACE('',(#267),#1731,.F.);
#2060=ADVANCED_FACE('',(#268),#1732,.F.);
#2061=ADVANCED_FACE('',(#269),#1733,.T.);
#2062=ADVANCED_FACE('',(#270),#1734,.F.);
#2063=ADVANCED_FACE('',(#271),#1735,.T.);
#2064=ADVANCED_FACE('',(#272),#1736,.F.);
#2065=ADVANCED_FACE('',(#2594,#2595,#2596),#1737,.F.);
#2066=ADVANCED_FACE('',(#273),#1738,.T.);
#2067=ADVANCED_FACE('',(#274),#1739,.F.);
#2068=ADVANCED_FACE('',(#275),#1740,.F.);
#2069=ADVANCED_FACE('',(#2597,#2598,#2599),#1741,.F.);
#2070=ADVANCED_FACE('',(#2600,#2601),#200,.F.);
#2071=ADVANCED_FACE('',(#2602,#2603),#201,.F.);
#2072=ADVANCED_FACE('',(#276),#1742,.F.);
#2073=ADVANCED_FACE('',(#277),#1743,.F.);
#2074=ADVANCED_FACE('',(#278),#1744,.F.);
#2075=ADVANCED_FACE('',(#279),#1745,.F.);
#2076=ADVANCED_FACE('',(#280),#1746,.F.);
#2077=ADVANCED_FACE('',(#281),#1747,.F.);
#2078=ADVANCED_FACE('',(#282),#1748,.F.);
#2079=ADVANCED_FACE('',(#283),#1749,.F.);
#2080=ADVANCED_FACE('',(#2604,#2605,#2606),#202,.F.);
#2081=ADVANCED_FACE('',(#2607,#2608,#2609),#203,.T.);
#2082=ADVANCED_FACE('',(#2610,#2611),#1750,.T.);
#2083=ADVANCED_FACE('',(#2612,#2613),#1751,.F.);
#2084=ADVANCED_FACE('',(#284),#1752,.T.);
#2085=ADVANCED_FACE('',(#285),#1753,.T.);
#2086=ADVANCED_FACE('',(#286),#1754,.F.);
#2087=ADVANCED_FACE('',(#287),#1755,.T.);
#2088=ADVANCED_FACE('',(#2614,#2615),#198,.F.);
#2089=ADVANCED_FACE('',(#2616,#2617),#204,.F.);
#2090=ADVANCED_FACE('',(#2618,#2619),#1756,.F.);
#2091=ADVANCED_FACE('',(#2620,#2621),#205,.T.);
#2092=ADVANCED_FACE('',(#2622,#2623),#1757,.F.);
#2093=ADVANCED_FACE('',(#2624,#2625),#206,.T.);
#2094=ADVANCED_FACE('',(#2626,#2627),#1758,.F.);
#2095=ADVANCED_FACE('',(#2628,#2629),#199,.T.);
#2096=ADVANCED_FACE('',(#2630,#2631),#207,.T.);
#2097=ADVANCED_FACE('',(#2632,#2633),#1759,.F.);
#2098=ADVANCED_FACE('',(#2634,#2635),#208,.F.);
#2099=ADVANCED_FACE('',(#288),#1760,.T.);
#2100=ADVANCED_FACE('',(#2636,#2637,#2638,#2639),#1761,.F.);
#2101=ADVANCED_FACE('',(#2640,#2641),#1762,.T.);
#2102=ADVANCED_FACE('',(#289),#209,.T.);
#2103=ADVANCED_FACE('',(#290),#210,.T.);
#2104=ADVANCED_FACE('',(#2642,#2643),#1763,.F.);
#2105=ADVANCED_FACE('',(#291),#1764,.F.);
#2106=ADVANCED_FACE('',(#2644,#2645),#1765,.F.);
#2107=ADVANCED_FACE('',(#292),#1766,.F.);
#2108=ADVANCED_FACE('',(#293),#1767,.F.);
#2109=ADVANCED_FACE('',(#294),#1768,.F.);
#2110=ADVANCED_FACE('',(#295),#1769,.F.);
#2111=ADVANCED_FACE('',(#2646,#2647,#2648,#2649,#2650,#2651),#211,.F.);
#2112=ADVANCED_FACE('',(#296),#212,.F.);
#2113=ADVANCED_FACE('',(#2652,#2653),#1770,.F.);
#2114=ADVANCED_FACE('',(#297),#1771,.T.);
#2115=ADVANCED_FACE('',(#298),#1772,.T.);
#2116=ADVANCED_FACE('',(#2654,#2655),#1773,.T.);
#2117=ADVANCED_FACE('',(#299),#1774,.T.);
#2118=ADVANCED_FACE('',(#300),#1775,.T.);
#2119=ADVANCED_FACE('',(#301),#1776,.T.);
#2120=ADVANCED_FACE('',(#302),#1777,.T.);
#2121=ADVANCED_FACE('',(#2656,#2657),#213,.F.);
#2122=ADVANCED_FACE('',(#2658,#2659),#214,.F.);
#2123=ADVANCED_FACE('',(#303),#1778,.T.);
#2124=ADVANCED_FACE('',(#304),#1779,.T.);
#2125=ADVANCED_FACE('',(#305),#1780,.T.);
#2126=ADVANCED_FACE('',(#2660,#2661),#215,.F.);
#2127=ADVANCED_FACE('',(#2662,#2663),#1781,.F.);
#2128=ADVANCED_FACE('',(#306),#1782,.T.);
#2129=ADVANCED_FACE('',(#307),#1783,.T.);
#2130=ADVANCED_FACE('',(#308),#1784,.T.);
#2131=ADVANCED_FACE('',(#2664,#2665),#216,.F.);
#2132=ADVANCED_FACE('',(#2666,#2667),#1785,.F.);
#2133=ADVANCED_FACE('',(#309),#1786,.T.);
#2134=ADVANCED_FACE('',(#310),#1787,.T.);
#2135=ADVANCED_FACE('',(#311),#1788,.T.);
#2136=ADVANCED_FACE('',(#2668,#2669),#217,.F.);
#2137=ADVANCED_FACE('',(#2670,#2671),#1789,.F.);
#2138=ADVANCED_FACE('',(#2672,#2673,#2674),#218,.T.);
#2139=ADVANCED_FACE('',(#312),#1790,.T.);
#2140=ADVANCED_FACE('',(#313),#1791,.T.);
#2141=ADVANCED_FACE('',(#2675,#2676,#2677),#219,.T.);
#2142=ADVANCED_FACE('',(#2678,#2679),#220,.F.);
#2143=ADVANCED_FACE('',(#2680,#2681),#221,.F.);
#2144=ADVANCED_FACE('',(#2682,#2683),#222,.F.);
#2145=ADVANCED_FACE('',(#2684,#2685),#223,.F.);
#2146=ADVANCED_FACE('',(#314),#1792,.F.);
#2147=ADVANCED_FACE('',(#315),#1793,.F.);
#2148=ADVANCED_FACE('',(#316),#1794,.F.);
#2149=ADVANCED_FACE('',(#317),#1795,.F.);
#2150=ADVANCED_FACE('',(#318),#1796,.F.);
#2151=ADVANCED_FACE('',(#319),#1797,.T.);
#2152=ADVANCED_FACE('',(#320),#1798,.F.);
#2153=ADVANCED_FACE('',(#321),#1799,.F.);
#2154=ADVANCED_FACE('',(#322),#1800,.F.);
#2155=ADVANCED_FACE('',(#323),#1801,.T.);
#2156=ADVANCED_FACE('',(#324),#1802,.F.);
#2157=ADVANCED_FACE('',(#325),#1803,.T.);
#2158=ADVANCED_FACE('',(#326),#1804,.F.);
#2159=ADVANCED_FACE('',(#327),#1805,.T.);
#2160=ADVANCED_FACE('',(#328),#1806,.T.);
#2161=ADVANCED_FACE('',(#329),#1807,.T.);
#2162=ADVANCED_FACE('',(#330),#1808,.T.);
#2163=ADVANCED_FACE('',(#331),#1809,.F.);
#2164=ADVANCED_FACE('',(#332),#1810,.T.);
#2165=ADVANCED_FACE('',(#333),#1811,.F.);
#2166=ADVANCED_FACE('',(#334),#1812,.T.);
#2167=ADVANCED_FACE('',(#335),#1813,.F.);
#2168=ADVANCED_FACE('',(#336),#1814,.F.);
#2169=ADVANCED_FACE('',(#337),#1815,.T.);
#2170=ADVANCED_FACE('',(#338),#1816,.F.);
#2171=ADVANCED_FACE('',(#339),#1817,.F.);
#2172=ADVANCED_FACE('',(#340),#1818,.F.);
#2173=ADVANCED_FACE('',(#341),#1819,.F.);
#2174=ADVANCED_FACE('',(#342),#1820,.F.);
#2175=ADVANCED_FACE('',(#343),#1821,.F.);
#2176=ADVANCED_FACE('',(#344),#1822,.F.);
#2177=ADVANCED_FACE('',(#345),#1823,.F.);
#2178=ADVANCED_FACE('',(#346),#1824,.F.);
#2179=ADVANCED_FACE('',(#347),#1825,.F.);
#2180=ADVANCED_FACE('',(#348),#1826,.F.);
#2181=ADVANCED_FACE('',(#2686,#2687),#1827,.T.);
#2182=ADVANCED_FACE('',(#2688,#2689),#1828,.F.);
#2183=ADVANCED_FACE('',(#349),#1829,.T.);
#2184=ADVANCED_FACE('',(#350),#1830,.F.);
#2185=ADVANCED_FACE('',(#351),#1831,.F.);
#2186=ADVANCED_FACE('',(#352),#1832,.F.);
#2187=ADVANCED_FACE('',(#353),#1833,.F.);
#2188=ADVANCED_FACE('',(#354),#1834,.T.);
#2189=ADVANCED_FACE('',(#355),#1835,.F.);
#2190=ADVANCED_FACE('',(#356),#1836,.F.);
#2191=ADVANCED_FACE('',(#357),#1837,.F.);
#2192=ADVANCED_FACE('',(#358),#1838,.F.);
#2193=ADVANCED_FACE('',(#359),#1839,.F.);
#2194=ADVANCED_FACE('',(#360),#1840,.F.);
#2195=ADVANCED_FACE('',(#361),#1841,.F.);
#2196=ADVANCED_FACE('',(#362),#1842,.F.);
#2197=ADVANCED_FACE('',(#363),#1843,.F.);
#2198=ADVANCED_FACE('',(#364),#1844,.F.);
#2199=ADVANCED_FACE('',(#2690,#2691),#1845,.T.);
#2200=ADVANCED_FACE('',(#2692,#2693),#1846,.F.);
#2201=ADVANCED_FACE('',(#365),#1847,.T.);
#2202=ADVANCED_FACE('',(#366),#1848,.T.);
#2203=ADVANCED_FACE('',(#367),#1849,.T.);
#2204=ADVANCED_FACE('',(#368),#1850,.T.);
#2205=ADVANCED_FACE('',(#369),#1851,.F.);
#2206=ADVANCED_FACE('',(#370),#1852,.T.);
#2207=ADVANCED_FACE('',(#371),#1853,.F.);
#2208=ADVANCED_FACE('',(#372),#1854,.F.);
#2209=ADVANCED_FACE('',(#373),#1855,.T.);
#2210=ADVANCED_FACE('',(#374),#1856,.F.);
#2211=ADVANCED_FACE('',(#375),#1857,.T.);
#2212=ADVANCED_FACE('',(#376),#1858,.F.);
#2213=ADVANCED_FACE('',(#2694,#2695,#2696,#2697,#2698,#2699,#2700,#2701,
#2702,#2703),#224,.T.);
#2214=ADVANCED_FACE('',(#377),#1859,.T.);
#2215=ADVANCED_FACE('',(#378),#1860,.F.);
#2216=ADVANCED_FACE('',(#379),#1861,.T.);
#2217=ADVANCED_FACE('',(#380),#1862,.T.);
#2218=ADVANCED_FACE('',(#381),#1863,.T.);
#2219=ADVANCED_FACE('',(#382),#1864,.F.);
#2220=ADVANCED_FACE('',(#383),#1865,.T.);
#2221=ADVANCED_FACE('',(#384),#1866,.T.);
#2222=ADVANCED_FACE('',(#385),#1867,.T.);
#2223=ADVANCED_FACE('',(#386),#1868,.T.);
#2224=ADVANCED_FACE('',(#387),#1869,.F.);
#2225=ADVANCED_FACE('',(#388),#1870,.T.);
#2226=ADVANCED_FACE('',(#389),#1871,.T.);
#2227=ADVANCED_FACE('',(#390),#1872,.T.);
#2228=ADVANCED_FACE('',(#391),#1873,.T.);
#2229=ADVANCED_FACE('',(#392),#1874,.F.);
#2230=ADVANCED_FACE('',(#393),#1875,.T.);
#2231=ADVANCED_FACE('',(#394),#1876,.T.);
#2232=ADVANCED_FACE('',(#395),#1877,.T.);
#2233=ADVANCED_FACE('',(#396),#1878,.T.);
#2234=ADVANCED_FACE('',(#397),#1879,.F.);
#2235=ADVANCED_FACE('',(#398),#1880,.T.);
#2236=ADVANCED_FACE('',(#399),#1881,.T.);
#2237=ADVANCED_FACE('',(#400),#1882,.T.);
#2238=ADVANCED_FACE('',(#401),#1883,.T.);
#2239=ADVANCED_FACE('',(#402),#1884,.F.);
#2240=ADVANCED_FACE('',(#403),#1885,.T.);
#2241=ADVANCED_FACE('',(#404),#1886,.T.);
#2242=ADVANCED_FACE('',(#405),#1887,.T.);
#2243=ADVANCED_FACE('',(#406),#1888,.T.);
#2244=ADVANCED_FACE('',(#407),#1889,.F.);
#2245=ADVANCED_FACE('',(#408),#1890,.T.);
#2246=ADVANCED_FACE('',(#2704,#2705),#225,.F.);
#2247=ADVANCED_FACE('',(#2706,#2707,#2708,#2709),#226,.T.);
#2248=ADVANCED_FACE('',(#2710,#2711,#2712,#2713),#227,.F.);
#2249=ADVANCED_FACE('',(#409),#1891,.F.);
#2250=ADVANCED_FACE('',(#410),#1892,.F.);
#2251=ADVANCED_FACE('',(#2714,#2715),#1893,.T.);
#2252=ADVANCED_FACE('',(#2716,#2717),#1894,.F.);
#2253=ADVANCED_FACE('',(#411),#1895,.T.);
#2254=ADVANCED_FACE('',(#412),#1896,.T.);
#2255=ADVANCED_FACE('',(#413),#1897,.T.);
#2256=ADVANCED_FACE('',(#414),#1898,.F.);
#2257=ADVANCED_FACE('',(#2718,#2719),#228,.T.);
#2258=ADVANCED_FACE('',(#415),#1899,.F.);
#2259=ADVANCED_FACE('',(#2720,#2721),#229,.F.);
#2260=ADVANCED_FACE('',(#2722,#2723),#230,.F.);
#2261=ADVANCED_FACE('',(#416),#231,.F.);
#2262=ADVANCED_FACE('',(#417),#232,.F.);
#2263=ADVANCED_FACE('',(#418),#1900,.F.);
#2264=ADVANCED_FACE('',(#419),#1901,.F.);
#2265=ADVANCED_FACE('',(#420),#1902,.F.);
#2266=ADVANCED_FACE('',(#421),#1903,.F.);
#2267=ADVANCED_FACE('',(#2724,#2725),#1904,.T.);
#2268=ADVANCED_FACE('',(#2726,#2727),#1905,.F.);
#2269=ADVANCED_FACE('',(#2728,#2729),#233,.F.);
#2270=ADVANCED_FACE('',(#2730,#2731),#1906,.F.);
#2271=ADVANCED_FACE('',(#422),#1907,.F.);
#2272=ADVANCED_FACE('',(#423),#1908,.F.);
#2273=ADVANCED_FACE('',(#424),#1909,.F.);
#2274=ADVANCED_FACE('',(#425),#1910,.T.);
#2275=ADVANCED_FACE('',(#426),#1911,.F.);
#2276=ADVANCED_FACE('',(#2732,#2733),#234,.T.);
#2277=ADVANCED_FACE('',(#427),#1912,.F.);
#2278=ADVANCED_FACE('',(#428),#1913,.T.);
#2279=ADVANCED_FACE('',(#429),#235,.T.);
#2280=ADVANCED_FACE('',(#2734,#2735),#1914,.F.);
#2281=ADVANCED_FACE('',(#2736,#2737),#1915,.T.);
#2282=ADVANCED_FACE('',(#2738,#2739),#1916,.F.);
#2283=ADVANCED_FACE('',(#430),#1917,.F.);
#2284=ADVANCED_FACE('',(#431),#1918,.F.);
#2285=ADVANCED_FACE('',(#432),#1919,.F.);
#2286=ADVANCED_FACE('',(#433),#1920,.F.);
#2287=ADVANCED_FACE('',(#2740,#2741),#236,.F.);
#2288=ADVANCED_FACE('',(#2742,#2743),#1921,.T.);
#2289=ADVANCED_FACE('',(#2744,#2745),#1922,.F.);
#2290=ADVANCED_FACE('',(#434),#1923,.F.);
#2291=ADVANCED_FACE('',(#435),#1924,.F.);
#2292=ADVANCED_FACE('',(#436),#1925,.F.);
#2293=ADVANCED_FACE('',(#437),#1926,.F.);
#2294=ADVANCED_FACE('',(#2746,#2747),#237,.F.);
#2295=ADVANCED_FACE('',(#2748,#2749),#1927,.T.);
#2296=ADVANCED_FACE('',(#2750,#2751),#1928,.F.);
#2297=ADVANCED_FACE('',(#438),#1929,.F.);
#2298=ADVANCED_FACE('',(#439),#1930,.F.);
#2299=ADVANCED_FACE('',(#440),#1931,.F.);
#2300=ADVANCED_FACE('',(#441),#1932,.F.);
#2301=ADVANCED_FACE('',(#2752,#2753),#238,.F.);
#2302=ADVANCED_FACE('',(#2754,#2755),#1933,.T.);
#2303=ADVANCED_FACE('',(#2756,#2757),#239,.F.);
#2304=TOROIDAL_SURFACE('',#6323,87.9343570628881,40.);
#2305=TOROIDAL_SURFACE('',#6326,87.9343570628881,37.5);
#2306=TOROIDAL_SURFACE('',#6328,79.133986175413,40.);
#2307=TOROIDAL_SURFACE('',#6330,79.133986175413,37.5);
#2308=TOROIDAL_SURFACE('',#6332,75.5115398522687,40.);
#2309=TOROIDAL_SURFACE('',#6334,75.5115398522687,37.5);
#2310=TOROIDAL_SURFACE('',#6336,69.866848785323,40.);
#2311=TOROIDAL_SURFACE('',#6338,69.866848785323,37.5);
#2312=TOROIDAL_SURFACE('',#6340,67.4104088424172,40.);
#2313=TOROIDAL_SURFACE('',#6342,67.4104088424172,37.5);
#2314=TOROIDAL_SURFACE('',#6344,63.9574297329832,40.);
#2315=TOROIDAL_SURFACE('',#6346,63.9574297329832,37.5);
#2316=TOROIDAL_SURFACE('',#6348,63.0533089607994,40.);
#2317=TOROIDAL_SURFACE('',#6350,63.0533089607994,37.5);
#2318=TOROIDAL_SURFACE('',#6352,63.4266937048281,40.);
#2319=TOROIDAL_SURFACE('',#6354,63.4266937048281,37.5);
#2320=TOROIDAL_SURFACE('',#6356,64.6817254582373,40.);
#2321=TOROIDAL_SURFACE('',#6358,64.6817254582373,37.5);
#2322=TOROIDAL_SURFACE('',#6360,68.5428044712892,40.);
#2323=TOROIDAL_SURFACE('',#6362,68.5428044712892,37.5);
#2324=TOROIDAL_SURFACE('',#6364,71.2289976939116,40.);
#2325=TOROIDAL_SURFACE('',#6366,71.2289976939116,37.5);
#2326=TOROIDAL_SURFACE('',#6368,77.5043557192658,40.);
#2327=TOROIDAL_SURFACE('',#6370,77.5043557192658,37.5);
#2328=TOROIDAL_SURFACE('',#6372,81.0881687965512,40.);
#2329=TOROIDAL_SURFACE('',#6374,81.0881687965512,37.5);
#2330=TOROIDAL_SURFACE('',#6376,88.5270854147882,40.);
#2331=TOROIDAL_SURFACE('',#6378,88.5270854147882,37.5);
#2332=TOROIDAL_SURFACE('',#6380,92.3425309720856,40.);
#2333=TOROIDAL_SURFACE('',#6382,92.3425309720856,37.5);
#2334=TOROIDAL_SURFACE('',#6384,99.5392323393156,40.);
#2335=TOROIDAL_SURFACE('',#6386,99.5392323393156,37.5);
#2336=TOROIDAL_SURFACE('',#6388,102.90403659347,40.);
#2337=TOROIDAL_SURFACE('',#6390,102.90403659347,37.5);
#2338=TOROIDAL_SURFACE('',#6392,108.1364978366,40.);
#2339=TOROIDAL_SURFACE('',#6394,108.1364978366,37.5);
#2340=TOROIDAL_SURFACE('',#6396,109.668026987688,40.);
#2341=TOROIDAL_SURFACE('',#6398,109.668026987688,37.5);
#2342=TOROIDAL_SURFACE('',#6400,109.141673740894,40.);
#2343=TOROIDAL_SURFACE('',#6402,109.141673740894,37.5);
#2344=TOROIDAL_SURFACE('',#6404,106.828258564304,40.);
#2345=TOROIDAL_SURFACE('',#6406,106.828258564304,37.5);
#2346=TOROIDAL_SURFACE('',#6408,118.616244012271,40.);
#2347=TOROIDAL_SURFACE('',#6410,118.616244012271,37.5);
#2348=TOROIDAL_SURFACE('',#6412,131.27477435099,40.);
#2349=TOROIDAL_SURFACE('',#6414,131.27477435099,37.5);
#2350=TOROIDAL_SURFACE('',#6416,168.301325436837,40.);
#2351=TOROIDAL_SURFACE('',#6418,168.301325436837,37.5);
#2352=TOROIDAL_SURFACE('',#6420,196.597004679783,40.);
#2353=TOROIDAL_SURFACE('',#6422,196.597004679783,37.5);
#2354=TOROIDAL_SURFACE('',#6424,296.408975138983,40.);
#2355=TOROIDAL_SURFACE('',#6426,296.408975138983,37.5);
#2356=TOROIDAL_SURFACE('',#6428,397.356796025877,40.);
#2357=TOROIDAL_SURFACE('',#6430,397.356796025877,37.5);
#2358=TOROIDAL_SURFACE('',#6432,1265.98816813501,40.);
#2359=TOROIDAL_SURFACE('',#6434,1265.98816813501,37.5);
#2360=TOROIDAL_SURFACE('',#6436,14550.3284384827,40.);
#2361=TOROIDAL_SURFACE('',#6438,14550.3284384827,37.5);
#2362=TOROIDAL_SURFACE('',#6440,554.708369902456,40.);
#2363=TOROIDAL_SURFACE('',#6442,554.708369902456,37.5);
#2364=TOROIDAL_SURFACE('',#6444,372.714524674827,40.);
#2365=TOROIDAL_SURFACE('',#6446,372.714524674827,37.5);
#2366=TOROIDAL_SURFACE('',#6448,222.825745029431,40.);
#2367=TOROIDAL_SURFACE('',#6450,222.825745029431,37.5);
#2368=TOROIDAL_SURFACE('',#6452,184.359472070773,40.);
#2369=TOROIDAL_SURFACE('',#6454,184.359472070773,37.5);
#2370=TOROIDAL_SURFACE('',#6456,135.997566217957,40.);
#2371=TOROIDAL_SURFACE('',#6458,135.997566217957,37.5);
#2372=TOROIDAL_SURFACE('',#6460,119.636785027024,40.);
#2373=TOROIDAL_SURFACE('',#6462,119.636785027024,37.5);
#2374=TOROIDAL_SURFACE('',#6464,96.4464372235428,40.);
#2375=TOROIDAL_SURFACE('',#6466,96.4464372235428,37.5);
#2376=TOROIDAL_SURFACE('',#6468,88.1527077951249,40.);
#2377=TOROIDAL_SURFACE('',#6470,88.1527077951249,37.5);
#2378=TOROIDAL_SURFACE('',#6472,76.6393186247639,40.);
#2379=TOROIDAL_SURFACE('',#6474,76.6393186247639,37.5);
#2380=TOROIDAL_SURFACE('',#6476,72.6484560914896,40.);
#2381=TOROIDAL_SURFACE('',#6478,72.6484560914896,37.5);
#2382=TOROIDAL_SURFACE('',#6480,68.1351726575568,40.);
#2383=TOROIDAL_SURFACE('',#6482,68.1351726575568,37.5);
#2384=TOROIDAL_SURFACE('',#6484,67.3882908494607,40.);
#2385=TOROIDAL_SURFACE('',#6486,67.3882908494607,37.5);
#2386=TOROIDAL_SURFACE('',#6488,69.241315007231,40.);
#2387=TOROIDAL_SURFACE('',#6490,69.241315007231,37.5);
#2388=TOROIDAL_SURFACE('',#6492,71.8155614147818,40.);
#2389=TOROIDAL_SURFACE('',#6494,71.8155614147818,37.5);
#2390=TOROIDAL_SURFACE('',#6496,79.2669878065344,40.);
#2391=TOROIDAL_SURFACE('',#6498,79.2669878065344,37.5);
#2392=TOROIDAL_SURFACE('',#6500,84.4272114912323,40.);
#2393=TOROIDAL_SURFACE('',#6502,84.4272114912323,37.5);
#2394=TOROIDAL_SURFACE('',#6504,97.0797245069053,37.5);
#2395=TOROIDAL_SURFACE('',#6506,97.0797245069053,40.);
#2396=FACE_BOUND('',#2758,.T.);
#2397=FACE_BOUND('',#2759,.T.);
#2398=FACE_BOUND('',#2760,.T.);
#2399=FACE_BOUND('',#2761,.T.);
#2400=FACE_BOUND('',#2762,.T.);
#2401=FACE_BOUND('',#2763,.T.);
#2402=FACE_BOUND('',#2764,.T.);
#2403=FACE_BOUND('',#2765,.T.);
#2404=FACE_BOUND('',#2766,.T.);
#2405=FACE_BOUND('',#2767,.T.);
#2406=FACE_BOUND('',#2768,.T.);
#2407=FACE_BOUND('',#2769,.T.);
#2408=FACE_BOUND('',#2770,.T.);
#2409=FACE_BOUND('',#2771,.T.);
#2410=FACE_BOUND('',#2772,.T.);
#2411=FACE_BOUND('',#2773,.T.);
#2412=FACE_BOUND('',#2774,.T.);
#2413=FACE_BOUND('',#2775,.T.);
#2414=FACE_BOUND('',#2776,.T.);
#2415=FACE_BOUND('',#2777,.T.);
#2416=FACE_BOUND('',#2778,.T.);
#2417=FACE_BOUND('',#2779,.T.);
#2418=FACE_BOUND('',#2780,.T.);
#2419=FACE_BOUND('',#2781,.T.);
#2420=FACE_BOUND('',#2782,.T.);
#2421=FACE_BOUND('',#2783,.T.);
#2422=FACE_BOUND('',#2784,.T.);
#2423=FACE_BOUND('',#2785,.T.);
#2424=FACE_BOUND('',#2786,.T.);
#2425=FACE_BOUND('',#2787,.T.);
#2426=FACE_BOUND('',#2788,.T.);
#2427=FACE_BOUND('',#2789,.T.);
#2428=FACE_BOUND('',#2790,.T.);
#2429=FACE_BOUND('',#2791,.T.);
#2430=FACE_BOUND('',#2792,.T.);
#2431=FACE_BOUND('',#2793,.T.);
#2432=FACE_BOUND('',#2794,.T.);
#2433=FACE_BOUND('',#2795,.T.);
#2434=FACE_BOUND('',#2796,.T.);
#2435=FACE_BOUND('',#2797,.T.);
#2436=FACE_BOUND('',#2798,.T.);
#2437=FACE_BOUND('',#2799,.T.);
#2438=FACE_BOUND('',#2800,.T.);
#2439=FACE_BOUND('',#2801,.T.);
#2440=FACE_BOUND('',#2802,.T.);
#2441=FACE_BOUND('',#2803,.T.);
#2442=FACE_BOUND('',#2804,.T.);
#2443=FACE_BOUND('',#2805,.T.);
#2444=FACE_BOUND('',#2806,.T.);
#2445=FACE_BOUND('',#2807,.T.);
#2446=FACE_BOUND('',#2808,.T.);
#2447=FACE_BOUND('',#2809,.T.);
#2448=FACE_BOUND('',#2810,.T.);
#2449=FACE_BOUND('',#2811,.T.);
#2450=FACE_BOUND('',#2812,.T.);
#2451=FACE_BOUND('',#2813,.T.);
#2452=FACE_BOUND('',#2814,.T.);
#2453=FACE_BOUND('',#2815,.T.);
#2454=FACE_BOUND('',#2816,.T.);
#2455=FACE_BOUND('',#2817,.T.);
#2456=FACE_BOUND('',#2818,.T.);
#2457=FACE_BOUND('',#2819,.T.);
#2458=FACE_BOUND('',#2820,.T.);
#2459=FACE_BOUND('',#2821,.T.);
#2460=FACE_BOUND('',#2822,.T.);
#2461=FACE_BOUND('',#2823,.T.);
#2462=FACE_BOUND('',#2824,.T.);
#2463=FACE_BOUND('',#2825,.T.);
#2464=FACE_BOUND('',#2826,.T.);
#2465=FACE_BOUND('',#2827,.T.);
#2466=FACE_BOUND('',#2828,.T.);
#2467=FACE_BOUND('',#2829,.T.);
#2468=FACE_BOUND('',#2830,.T.);
#2469=FACE_BOUND('',#2831,.T.);
#2470=FACE_BOUND('',#2832,.T.);
#2471=FACE_BOUND('',#2833,.T.);
#2472=FACE_BOUND('',#2834,.T.);
#2473=FACE_BOUND('',#2835,.T.);
#2474=FACE_BOUND('',#2836,.T.);
#2475=FACE_BOUND('',#2837,.T.);
#2476=FACE_BOUND('',#2838,.T.);
#2477=FACE_BOUND('',#2839,.T.);
#2478=FACE_BOUND('',#2840,.T.);
#2479=FACE_BOUND('',#2841,.T.);
#2480=FACE_BOUND('',#2842,.T.);
#2481=FACE_BOUND('',#2843,.T.);
#2482=FACE_BOUND('',#2844,.T.);
#2483=FACE_BOUND('',#2845,.T.);
#2484=FACE_BOUND('',#2846,.T.);
#2485=FACE_BOUND('',#2847,.T.);
#2486=FACE_BOUND('',#2848,.T.);
#2487=FACE_BOUND('',#2849,.T.);
#2488=FACE_BOUND('',#2850,.T.);
#2489=FACE_BOUND('',#2851,.T.);
#2490=FACE_BOUND('',#2852,.T.);
#2491=FACE_BOUND('',#2853,.T.);
#2492=FACE_BOUND('',#2854,.T.);
#2493=FACE_BOUND('',#2855,.T.);
#2494=FACE_BOUND('',#2856,.T.);
#2495=FACE_BOUND('',#2857,.T.);
#2496=FACE_BOUND('',#2858,.T.);
#2497=FACE_BOUND('',#2859,.T.);
#2498=FACE_BOUND('',#2860,.T.);
#2499=FACE_BOUND('',#2861,.T.);
#2500=FACE_BOUND('',#2862,.T.);
#2501=FACE_BOUND('',#2863,.T.);
#2502=FACE_BOUND('',#2864,.T.);
#2503=FACE_BOUND('',#2865,.T.);
#2504=FACE_BOUND('',#2866,.T.);
#2505=FACE_BOUND('',#2867,.T.);
#2506=FACE_BOUND('',#2868,.T.);
#2507=FACE_BOUND('',#2869,.T.);
#2508=FACE_BOUND('',#2870,.T.);
#2509=FACE_BOUND('',#2871,.T.);
#2510=FACE_BOUND('',#2872,.T.);
#2511=FACE_BOUND('',#2873,.T.);
#2512=FACE_BOUND('',#2874,.T.);
#2513=FACE_BOUND('',#2875,.T.);
#2514=FACE_BOUND('',#2876,.T.);
#2515=FACE_BOUND('',#2877,.T.);
#2516=FACE_BOUND('',#2878,.T.);
#2517=FACE_BOUND('',#2879,.T.);
#2518=FACE_BOUND('',#2880,.T.);
#2519=FACE_BOUND('',#2881,.T.);
#2520=FACE_BOUND('',#2882,.T.);
#2521=FACE_BOUND('',#2883,.T.);
#2522=FACE_BOUND('',#2884,.T.);
#2523=FACE_BOUND('',#2885,.T.);
#2524=FACE_BOUND('',#2886,.T.);
#2525=FACE_BOUND('',#2887,.T.);
#2526=FACE_BOUND('',#2888,.T.);
#2527=FACE_BOUND('',#2889,.T.);
#2528=FACE_BOUND('',#2890,.T.);
#2529=FACE_BOUND('',#2891,.T.);
#2530=FACE_BOUND('',#2892,.T.);
#2531=FACE_BOUND('',#2893,.T.);
#2532=FACE_BOUND('',#2894,.T.);
#2533=FACE_BOUND('',#2895,.T.);
#2534=FACE_BOUND('',#2896,.T.);
#2535=FACE_BOUND('',#2897,.T.);
#2536=FACE_BOUND('',#2898,.T.);
#2537=FACE_BOUND('',#2899,.T.);
#2538=FACE_BOUND('',#2900,.T.);
#2539=FACE_BOUND('',#2901,.T.);
#2540=FACE_BOUND('',#2902,.T.);
#2541=FACE_BOUND('',#2903,.T.);
#2542=FACE_BOUND('',#2904,.T.);
#2543=FACE_BOUND('',#2905,.T.);
#2544=FACE_BOUND('',#2906,.T.);
#2545=FACE_BOUND('',#2907,.T.);
#2546=FACE_BOUND('',#2908,.T.);
#2547=FACE_BOUND('',#2909,.T.);
#2548=FACE_BOUND('',#2910,.T.);
#2549=FACE_BOUND('',#2911,.T.);
#2550=FACE_BOUND('',#2912,.T.);
#2551=FACE_BOUND('',#2913,.T.);
#2552=FACE_BOUND('',#2914,.T.);
#2553=FACE_BOUND('',#2915,.T.);
#2554=FACE_BOUND('',#2916,.T.);
#2555=FACE_BOUND('',#2917,.T.);
#2556=FACE_BOUND('',#2918,.T.);
#2557=FACE_BOUND('',#2919,.T.);
#2558=FACE_BOUND('',#2920,.T.);
#2559=FACE_BOUND('',#2921,.T.);
#2560=FACE_BOUND('',#2922,.T.);
#2561=FACE_BOUND('',#2923,.T.);
#2562=FACE_BOUND('',#2924,.T.);
#2563=FACE_BOUND('',#2925,.T.);
#2564=FACE_BOUND('',#2926,.T.);
#2565=FACE_BOUND('',#2927,.T.);
#2566=FACE_BOUND('',#2928,.T.);
#2567=FACE_BOUND('',#2929,.T.);
#2568=FACE_BOUND('',#2930,.T.);
#2569=FACE_BOUND('',#2931,.T.);
#2570=FACE_BOUND('',#2932,.T.);
#2571=FACE_BOUND('',#2933,.T.);
#2572=FACE_BOUND('',#2934,.T.);
#2573=FACE_BOUND('',#2935,.T.);
#2574=FACE_BOUND('',#2936,.T.);
#2575=FACE_BOUND('',#2937,.T.);
#2576=FACE_BOUND('',#2938,.T.);
#2577=FACE_BOUND('',#2939,.T.);
#2578=FACE_BOUND('',#2940,.T.);
#2579=FACE_BOUND('',#2941,.T.);
#2580=FACE_BOUND('',#2942,.T.);
#2581=FACE_BOUND('',#2943,.T.);
#2582=FACE_BOUND('',#2944,.T.);
#2583=FACE_BOUND('',#2945,.T.);
#2584=FACE_BOUND('',#2950,.T.);
#2585=FACE_BOUND('',#2951,.T.);
#2586=FACE_BOUND('',#2952,.T.);
#2587=FACE_BOUND('',#2959,.T.);
#2588=FACE_BOUND('',#2960,.T.);
#2589=FACE_BOUND('',#2961,.T.);
#2590=FACE_BOUND('',#2964,.T.);
#2591=FACE_BOUND('',#2965,.T.);
#2592=FACE_BOUND('',#2966,.T.);
#2593=FACE_BOUND('',#2967,.T.);
#2594=FACE_BOUND('',#2989,.T.);
#2595=FACE_BOUND('',#2990,.T.);
#2596=FACE_BOUND('',#2991,.T.);
#2597=FACE_BOUND('',#2995,.T.);
#2598=FACE_BOUND('',#2996,.T.);
#2599=FACE_BOUND('',#2997,.T.);
#2600=FACE_BOUND('',#2998,.T.);
#2601=FACE_BOUND('',#2999,.T.);
#2602=FACE_BOUND('',#3000,.T.);
#2603=FACE_BOUND('',#3001,.T.);
#2604=FACE_BOUND('',#3010,.T.);
#2605=FACE_BOUND('',#3011,.T.);
#2606=FACE_BOUND('',#3012,.T.);
#2607=FACE_BOUND('',#3013,.T.);
#2608=FACE_BOUND('',#3014,.T.);
#2609=FACE_BOUND('',#3015,.T.);
#2610=FACE_BOUND('',#3016,.T.);
#2611=FACE_BOUND('',#3017,.T.);
#2612=FACE_BOUND('',#3018,.T.);
#2613=FACE_BOUND('',#3019,.T.);
#2614=FACE_BOUND('',#3024,.T.);
#2615=FACE_BOUND('',#3025,.T.);
#2616=FACE_BOUND('',#3026,.T.);
#2617=FACE_BOUND('',#3027,.T.);
#2618=FACE_BOUND('',#3028,.T.);
#2619=FACE_BOUND('',#3029,.T.);
#2620=FACE_BOUND('',#3030,.T.);
#2621=FACE_BOUND('',#3031,.T.);
#2622=FACE_BOUND('',#3032,.T.);
#2623=FACE_BOUND('',#3033,.T.);
#2624=FACE_BOUND('',#3034,.T.);
#2625=FACE_BOUND('',#3035,.T.);
#2626=FACE_BOUND('',#3036,.T.);
#2627=FACE_BOUND('',#3037,.T.);
#2628=FACE_BOUND('',#3038,.T.);
#2629=FACE_BOUND('',#3039,.T.);
#2630=FACE_BOUND('',#3040,.T.);
#2631=FACE_BOUND('',#3041,.T.);
#2632=FACE_BOUND('',#3042,.T.);
#2633=FACE_BOUND('',#3043,.T.);
#2634=FACE_BOUND('',#3044,.T.);
#2635=FACE_BOUND('',#3045,.T.);
#2636=FACE_BOUND('',#3047,.T.);
#2637=FACE_BOUND('',#3048,.T.);
#2638=FACE_BOUND('',#3049,.T.);
#2639=FACE_BOUND('',#3050,.T.);
#2640=FACE_BOUND('',#3051,.T.);
#2641=FACE_BOUND('',#3052,.T.);
#2642=FACE_BOUND('',#3055,.T.);
#2643=FACE_BOUND('',#3056,.T.);
#2644=FACE_BOUND('',#3058,.T.);
#2645=FACE_BOUND('',#3059,.T.);
#2646=FACE_BOUND('',#3064,.T.);
#2647=FACE_BOUND('',#3065,.T.);
#2648=FACE_BOUND('',#3066,.T.);
#2649=FACE_BOUND('',#3067,.T.);
#2650=FACE_BOUND('',#3068,.T.);
#2651=FACE_BOUND('',#3069,.T.);
#2652=FACE_BOUND('',#3071,.T.);
#2653=FACE_BOUND('',#3072,.T.);
#2654=FACE_BOUND('',#3075,.T.);
#2655=FACE_BOUND('',#3076,.T.);
#2656=FACE_BOUND('',#3081,.T.);
#2657=FACE_BOUND('',#3082,.T.);
#2658=FACE_BOUND('',#3083,.T.);
#2659=FACE_BOUND('',#3084,.T.);
#2660=FACE_BOUND('',#3088,.T.);
#2661=FACE_BOUND('',#3089,.T.);
#2662=FACE_BOUND('',#3090,.T.);
#2663=FACE_BOUND('',#3091,.T.);
#2664=FACE_BOUND('',#3095,.T.);
#2665=FACE_BOUND('',#3096,.T.);
#2666=FACE_BOUND('',#3097,.T.);
#2667=FACE_BOUND('',#3098,.T.);
#2668=FACE_BOUND('',#3102,.T.);
#2669=FACE_BOUND('',#3103,.T.);
#2670=FACE_BOUND('',#3104,.T.);
#2671=FACE_BOUND('',#3105,.T.);
#2672=FACE_BOUND('',#3106,.T.);
#2673=FACE_BOUND('',#3107,.T.);
#2674=FACE_BOUND('',#3108,.T.);
#2675=FACE_BOUND('',#3111,.T.);
#2676=FACE_BOUND('',#3112,.T.);
#2677=FACE_BOUND('',#3113,.T.);
#2678=FACE_BOUND('',#3114,.T.);
#2679=FACE_BOUND('',#3115,.T.);
#2680=FACE_BOUND('',#3116,.T.);
#2681=FACE_BOUND('',#3117,.T.);
#2682=FACE_BOUND('',#3118,.T.);
#2683=FACE_BOUND('',#3119,.T.);
#2684=FACE_BOUND('',#3120,.T.);
#2685=FACE_BOUND('',#3121,.T.);
#2686=FACE_BOUND('',#3157,.T.);
#2687=FACE_BOUND('',#3158,.T.);
#2688=FACE_BOUND('',#3159,.T.);
#2689=FACE_BOUND('',#3160,.T.);
#2690=FACE_BOUND('',#3177,.T.);
#2691=FACE_BOUND('',#3178,.T.);
#2692=FACE_BOUND('',#3179,.T.);
#2693=FACE_BOUND('',#3180,.T.);
#2694=FACE_BOUND('',#3193,.T.);
#2695=FACE_BOUND('',#3194,.T.);
#2696=FACE_BOUND('',#3195,.T.);
#2697=FACE_BOUND('',#3196,.T.);
#2698=FACE_BOUND('',#3197,.T.);
#2699=FACE_BOUND('',#3198,.T.);
#2700=FACE_BOUND('',#3199,.T.);
#2701=FACE_BOUND('',#3200,.T.);
#2702=FACE_BOUND('',#3201,.T.);
#2703=FACE_BOUND('',#3202,.T.);
#2704=FACE_BOUND('',#3235,.T.);
#2705=FACE_BOUND('',#3236,.T.);
#2706=FACE_BOUND('',#3237,.T.);
#2707=FACE_BOUND('',#3238,.T.);
#2708=FACE_BOUND('',#3239,.T.);
#2709=FACE_BOUND('',#3240,.T.);
#2710=FACE_BOUND('',#3241,.T.);
#2711=FACE_BOUND('',#3242,.T.);
#2712=FACE_BOUND('',#3243,.T.);
#2713=FACE_BOUND('',#3244,.T.);
#2714=FACE_BOUND('',#3247,.T.);
#2715=FACE_BOUND('',#3248,.T.);
#2716=FACE_BOUND('',#3249,.T.);
#2717=FACE_BOUND('',#3250,.T.);
#2718=FACE_BOUND('',#3255,.T.);
#2719=FACE_BOUND('',#3256,.T.);
#2720=FACE_BOUND('',#3258,.T.);
#2721=FACE_BOUND('',#3259,.T.);
#2722=FACE_BOUND('',#3260,.T.);
#2723=FACE_BOUND('',#3261,.T.);
#2724=FACE_BOUND('',#3268,.T.);
#2725=FACE_BOUND('',#3269,.T.);
#2726=FACE_BOUND('',#3270,.T.);
#2727=FACE_BOUND('',#3271,.T.);
#2728=FACE_BOUND('',#3272,.T.);
#2729=FACE_BOUND('',#3273,.T.);
#2730=FACE_BOUND('',#3274,.T.);
#2731=FACE_BOUND('',#3275,.T.);
#2732=FACE_BOUND('',#3281,.T.);
#2733=FACE_BOUND('',#3282,.T.);
#2734=FACE_BOUND('',#3286,.T.);
#2735=FACE_BOUND('',#3287,.T.);
#2736=FACE_BOUND('',#3288,.T.);
#2737=FACE_BOUND('',#3289,.T.);
#2738=FACE_BOUND('',#3290,.T.);
#2739=FACE_BOUND('',#3291,.T.);
#2740=FACE_BOUND('',#3296,.T.);
#2741=FACE_BOUND('',#3297,.T.);
#2742=FACE_BOUND('',#3298,.T.);
#2743=FACE_BOUND('',#3299,.T.);
#2744=FACE_BOUND('',#3300,.T.);
#2745=FACE_BOUND('',#3301,.T.);
#2746=FACE_BOUND('',#3306,.T.);
#2747=FACE_BOUND('',#3307,.T.);
#2748=FACE_BOUND('',#3308,.T.);
#2749=FACE_BOUND('',#3309,.T.);
#2750=FACE_BOUND('',#3310,.T.);
#2751=FACE_BOUND('',#3311,.T.);
#2752=FACE_BOUND('',#3316,.T.);
#2753=FACE_BOUND('',#3317,.T.);
#2754=FACE_BOUND('',#3318,.T.);
#2755=FACE_BOUND('',#3319,.T.);
#2756=FACE_BOUND('',#3320,.T.);
#2757=FACE_BOUND('',#3321,.T.);
#2758=EDGE_LOOP('',(#3322));
#2759=EDGE_LOOP('',(#3323));
#2760=EDGE_LOOP('',(#3324));
#2761=EDGE_LOOP('',(#3325));
#2762=EDGE_LOOP('',(#3326));
#2763=EDGE_LOOP('',(#3327));
#2764=EDGE_LOOP('',(#3328));
#2765=EDGE_LOOP('',(#3329));
#2766=EDGE_LOOP('',(#3330));
#2767=EDGE_LOOP('',(#3331));
#2768=EDGE_LOOP('',(#3332));
#2769=EDGE_LOOP('',(#3333));
#2770=EDGE_LOOP('',(#3334));
#2771=EDGE_LOOP('',(#3335));
#2772=EDGE_LOOP('',(#3336));
#2773=EDGE_LOOP('',(#3337));
#2774=EDGE_LOOP('',(#3338));
#2775=EDGE_LOOP('',(#3339));
#2776=EDGE_LOOP('',(#3340));
#2777=EDGE_LOOP('',(#3341));
#2778=EDGE_LOOP('',(#3342));
#2779=EDGE_LOOP('',(#3343));
#2780=EDGE_LOOP('',(#3344));
#2781=EDGE_LOOP('',(#3345));
#2782=EDGE_LOOP('',(#3346));
#2783=EDGE_LOOP('',(#3347));
#2784=EDGE_LOOP('',(#3348));
#2785=EDGE_LOOP('',(#3349));
#2786=EDGE_LOOP('',(#3350));
#2787=EDGE_LOOP('',(#3351));
#2788=EDGE_LOOP('',(#3352));
#2789=EDGE_LOOP('',(#3353));
#2790=EDGE_LOOP('',(#3354));
#2791=EDGE_LOOP('',(#3355));
#2792=EDGE_LOOP('',(#3356));
#2793=EDGE_LOOP('',(#3357));
#2794=EDGE_LOOP('',(#3358));
#2795=EDGE_LOOP('',(#3359));
#2796=EDGE_LOOP('',(#3360));
#2797=EDGE_LOOP('',(#3361));
#2798=EDGE_LOOP('',(#3362));
#2799=EDGE_LOOP('',(#3363));
#2800=EDGE_LOOP('',(#3364));
#2801=EDGE_LOOP('',(#3365));
#2802=EDGE_LOOP('',(#3366));
#2803=EDGE_LOOP('',(#3367));
#2804=EDGE_LOOP('',(#3368));
#2805=EDGE_LOOP('',(#3369));
#2806=EDGE_LOOP('',(#3370));
#2807=EDGE_LOOP('',(#3371));
#2808=EDGE_LOOP('',(#3372));
#2809=EDGE_LOOP('',(#3373));
#2810=EDGE_LOOP('',(#3374));
#2811=EDGE_LOOP('',(#3375));
#2812=EDGE_LOOP('',(#3376));
#2813=EDGE_LOOP('',(#3377));
#2814=EDGE_LOOP('',(#3378));
#2815=EDGE_LOOP('',(#3379));
#2816=EDGE_LOOP('',(#3380));
#2817=EDGE_LOOP('',(#3381));
#2818=EDGE_LOOP('',(#3382));
#2819=EDGE_LOOP('',(#3383));
#2820=EDGE_LOOP('',(#3384));
#2821=EDGE_LOOP('',(#3385));
#2822=EDGE_LOOP('',(#3386));
#2823=EDGE_LOOP('',(#3387));
#2824=EDGE_LOOP('',(#3388));
#2825=EDGE_LOOP('',(#3389));
#2826=EDGE_LOOP('',(#3390));
#2827=EDGE_LOOP('',(#3391));
#2828=EDGE_LOOP('',(#3392));
#2829=EDGE_LOOP('',(#3393));
#2830=EDGE_LOOP('',(#3394));
#2831=EDGE_LOOP('',(#3395));
#2832=EDGE_LOOP('',(#3396));
#2833=EDGE_LOOP('',(#3397));
#2834=EDGE_LOOP('',(#3398));
#2835=EDGE_LOOP('',(#3399));
#2836=EDGE_LOOP('',(#3400));
#2837=EDGE_LOOP('',(#3401));
#2838=EDGE_LOOP('',(#3402));
#2839=EDGE_LOOP('',(#3403));
#2840=EDGE_LOOP('',(#3404));
#2841=EDGE_LOOP('',(#3405));
#2842=EDGE_LOOP('',(#3406));
#2843=EDGE_LOOP('',(#3407));
#2844=EDGE_LOOP('',(#3408));
#2845=EDGE_LOOP('',(#3409));
#2846=EDGE_LOOP('',(#3410));
#2847=EDGE_LOOP('',(#3411));
#2848=EDGE_LOOP('',(#3412));
#2849=EDGE_LOOP('',(#3413));
#2850=EDGE_LOOP('',(#3414));
#2851=EDGE_LOOP('',(#3415));
#2852=EDGE_LOOP('',(#3416));
#2853=EDGE_LOOP('',(#3417));
#2854=EDGE_LOOP('',(#3418));
#2855=EDGE_LOOP('',(#3419));
#2856=EDGE_LOOP('',(#3420));
#2857=EDGE_LOOP('',(#3421));
#2858=EDGE_LOOP('',(#3422));
#2859=EDGE_LOOP('',(#3423));
#2860=EDGE_LOOP('',(#3424));
#2861=EDGE_LOOP('',(#3425));
#2862=EDGE_LOOP('',(#3426));
#2863=EDGE_LOOP('',(#3427));
#2864=EDGE_LOOP('',(#3428));
#2865=EDGE_LOOP('',(#3429));
#2866=EDGE_LOOP('',(#3430));
#2867=EDGE_LOOP('',(#3431));
#2868=EDGE_LOOP('',(#3432));
#2869=EDGE_LOOP('',(#3433));
#2870=EDGE_LOOP('',(#3434));
#2871=EDGE_LOOP('',(#3435));
#2872=EDGE_LOOP('',(#3436));
#2873=EDGE_LOOP('',(#3437));
#2874=EDGE_LOOP('',(#3438));
#2875=EDGE_LOOP('',(#3439));
#2876=EDGE_LOOP('',(#3440));
#2877=EDGE_LOOP('',(#3441));
#2878=EDGE_LOOP('',(#3442));
#2879=EDGE_LOOP('',(#3443));
#2880=EDGE_LOOP('',(#3444));
#2881=EDGE_LOOP('',(#3445));
#2882=EDGE_LOOP('',(#3446));
#2883=EDGE_LOOP('',(#3447));
#2884=EDGE_LOOP('',(#3448));
#2885=EDGE_LOOP('',(#3449));
#2886=EDGE_LOOP('',(#3450));
#2887=EDGE_LOOP('',(#3451));
#2888=EDGE_LOOP('',(#3452));
#2889=EDGE_LOOP('',(#3453));
#2890=EDGE_LOOP('',(#3454));
#2891=EDGE_LOOP('',(#3455));
#2892=EDGE_LOOP('',(#3456));
#2893=EDGE_LOOP('',(#3457));
#2894=EDGE_LOOP('',(#3458));
#2895=EDGE_LOOP('',(#3459));
#2896=EDGE_LOOP('',(#3460));
#2897=EDGE_LOOP('',(#3461));
#2898=EDGE_LOOP('',(#3462));
#2899=EDGE_LOOP('',(#3463));
#2900=EDGE_LOOP('',(#3464));
#2901=EDGE_LOOP('',(#3465));
#2902=EDGE_LOOP('',(#3466));
#2903=EDGE_LOOP('',(#3467));
#2904=EDGE_LOOP('',(#3468));
#2905=EDGE_LOOP('',(#3469));
#2906=EDGE_LOOP('',(#3470));
#2907=EDGE_LOOP('',(#3471));
#2908=EDGE_LOOP('',(#3472));
#2909=EDGE_LOOP('',(#3473));
#2910=EDGE_LOOP('',(#3474));
#2911=EDGE_LOOP('',(#3475));
#2912=EDGE_LOOP('',(#3476));
#2913=EDGE_LOOP('',(#3477));
#2914=EDGE_LOOP('',(#3478));
#2915=EDGE_LOOP('',(#3479));
#2916=EDGE_LOOP('',(#3480));
#2917=EDGE_LOOP('',(#3481));
#2918=EDGE_LOOP('',(#3482));
#2919=EDGE_LOOP('',(#3483));
#2920=EDGE_LOOP('',(#3484));
#2921=EDGE_LOOP('',(#3485));
#2922=EDGE_LOOP('',(#3486));
#2923=EDGE_LOOP('',(#3487));
#2924=EDGE_LOOP('',(#3488));
#2925=EDGE_LOOP('',(#3489));
#2926=EDGE_LOOP('',(#3490));
#2927=EDGE_LOOP('',(#3491));
#2928=EDGE_LOOP('',(#3492));
#2929=EDGE_LOOP('',(#3493));
#2930=EDGE_LOOP('',(#3494));
#2931=EDGE_LOOP('',(#3495));
#2932=EDGE_LOOP('',(#3496));
#2933=EDGE_LOOP('',(#3497));
#2934=EDGE_LOOP('',(#3498));
#2935=EDGE_LOOP('',(#3499));
#2936=EDGE_LOOP('',(#3500));
#2937=EDGE_LOOP('',(#3501));
#2938=EDGE_LOOP('',(#3502));
#2939=EDGE_LOOP('',(#3503));
#2940=EDGE_LOOP('',(#3504));
#2941=EDGE_LOOP('',(#3505));
#2942=EDGE_LOOP('',(#3506));
#2943=EDGE_LOOP('',(#3507));
#2944=EDGE_LOOP('',(#3508));
#2945=EDGE_LOOP('',(#3509));
#2946=EDGE_LOOP('',(#3510,#3511,#3512,#3513));
#2947=EDGE_LOOP('',(#3514,#3515,#3516,#3517));
#2948=EDGE_LOOP('',(#3518,#3519,#3520,#3521));
#2949=EDGE_LOOP('',(#3522,#3523,#3524,#3525,#3526,#3527,#3528,#3529,#3530,
#3531));
#2950=EDGE_LOOP('',(#3532,#3533,#3534,#3535,#3536,#3537,#3538,#3539,#3540,
#3541));
#2951=EDGE_LOOP('',(#3542,#3543,#3544,#3545));
#2952=EDGE_LOOP('',(#3546,#3547,#3548,#3549,#3550));
#2953=EDGE_LOOP('',(#3551,#3552,#3553,#3554));
#2954=EDGE_LOOP('',(#3555,#3556,#3557,#3558,#3559));
#2955=EDGE_LOOP('',(#3560,#3561,#3562,#3563));
#2956=EDGE_LOOP('',(#3564,#3565,#3566,#3567));
#2957=EDGE_LOOP('',(#3568,#3569,#3570,#3571));
#2958=EDGE_LOOP('',(#3572,#3573,#3574,#3575,#3576,#3577,#3578,#3579,#3580,
#3581));
#2959=EDGE_LOOP('',(#3582,#3583,#3584,#3585,#3586,#3587,#3588,#3589,#3590,
#3591));
#2960=EDGE_LOOP('',(#3592,#3593,#3594,#3595));
#2961=EDGE_LOOP('',(#3596,#3597,#3598,#3599,#3600));
#2962=EDGE_LOOP('',(#3601,#3602,#3603,#3604));
#2963=EDGE_LOOP('',(#3605,#3606,#3607,#3608,#3609));
#2964=EDGE_LOOP('',(#3610,#3611,#3612,#3613,#3614,#3615,#3616,#3617,#3618,
#3619,#3620,#3621));
#2965=EDGE_LOOP('',(#3622,#3623,#3624,#3625));
#2966=EDGE_LOOP('',(#3626,#3627,#3628,#3629,#3630,#3631,#3632,#3633,#3634,
#3635,#3636,#3637));
#2967=EDGE_LOOP('',(#3638,#3639,#3640,#3641));
#2968=EDGE_LOOP('',(#3642,#3643,#3644,#3645));
#2969=EDGE_LOOP('',(#3646,#3647,#3648,#3649));
#2970=EDGE_LOOP('',(#3650,#3651,#3652,#3653));
#2971=EDGE_LOOP('',(#3654,#3655,#3656,#3657));
#2972=EDGE_LOOP('',(#3658,#3659,#3660,#3661,#3662,#3663,#3664,#3665,#3666,
#3667,#3668,#3669,#3670,#3671,#3672,#3673));
#2973=EDGE_LOOP('',(#3674,#3675,#3676,#3677));
#2974=EDGE_LOOP('',(#3678,#3679,#3680,#3681));
#2975=EDGE_LOOP('',(#3682,#3683,#3684,#3685));
#2976=EDGE_LOOP('',(#3686,#3687,#3688,#3689));
#2977=EDGE_LOOP('',(#3690,#3691,#3692,#3693,#3694,#3695,#3696,#3697,#3698,
#3699,#3700,#3701,#3702,#3703,#3704,#3705));
#2978=EDGE_LOOP('',(#3706,#3707,#3708,#3709));
#2979=EDGE_LOOP('',(#3710,#3711,#3712,#3713));
#2980=EDGE_LOOP('',(#3714,#3715,#3716,#3717));
#2981=EDGE_LOOP('',(#3718,#3719,#3720,#3721));
#2982=EDGE_LOOP('',(#3722,#3723,#3724,#3725));
#2983=EDGE_LOOP('',(#3726,#3727,#3728,#3729));
#2984=EDGE_LOOP('',(#3730,#3731,#3732,#3733));
#2985=EDGE_LOOP('',(#3734,#3735,#3736,#3737));
#2986=EDGE_LOOP('',(#3738,#3739,#3740,#3741));
#2987=EDGE_LOOP('',(#3742,#3743,#3744,#3745,#3746,#3747,#3748,#3749,#3750,
#3751,#3752,#3753));
#2988=EDGE_LOOP('',(#3754,#3755,#3756,#3757));
#2989=EDGE_LOOP('',(#3758));
#2990=EDGE_LOOP('',(#3759));
#2991=EDGE_LOOP('',(#3760,#3761,#3762,#3763,#3764,#3765));
#2992=EDGE_LOOP('',(#3766,#3767,#3768,#3769));
#2993=EDGE_LOOP('',(#3770,#3771,#3772,#3773));
#2994=EDGE_LOOP('',(#3774,#3775,#3776,#3777));
#2995=EDGE_LOOP('',(#3778));
#2996=EDGE_LOOP('',(#3779));
#2997=EDGE_LOOP('',(#3780,#3781,#3782,#3783,#3784,#3785));
#2998=EDGE_LOOP('',(#3786));
#2999=EDGE_LOOP('',(#3787));
#3000=EDGE_LOOP('',(#3788));
#3001=EDGE_LOOP('',(#3789));
#3002=EDGE_LOOP('',(#3790,#3791,#3792,#3793,#3794,#3795,#3796,#3797));
#3003=EDGE_LOOP('',(#3798,#3799,#3800,#3801,#3802,#3803));
#3004=EDGE_LOOP('',(#3804,#3805,#3806,#3807));
#3005=EDGE_LOOP('',(#3808,#3809,#3810,#3811,#3812,#3813));
#3006=EDGE_LOOP('',(#3814,#3815,#3816,#3817));
#3007=EDGE_LOOP('',(#3818,#3819,#3820,#3821));
#3008=EDGE_LOOP('',(#3822,#3823,#3824,#3825));
#3009=EDGE_LOOP('',(#3826,#3827,#3828,#3829));
#3010=EDGE_LOOP('',(#3830,#3831,#3832,#3833));
#3011=EDGE_LOOP('',(#3834));
#3012=EDGE_LOOP('',(#3835));
#3013=EDGE_LOOP('',(#3836,#3837,#3838,#3839));
#3014=EDGE_LOOP('',(#3840));
#3015=EDGE_LOOP('',(#3841));
#3016=EDGE_LOOP('',(#3842));
#3017=EDGE_LOOP('',(#3843));
#3018=EDGE_LOOP('',(#3844));
#3019=EDGE_LOOP('',(#3845));
#3020=EDGE_LOOP('',(#3846,#3847,#3848,#3849));
#3021=EDGE_LOOP('',(#3850,#3851,#3852,#3853));
#3022=EDGE_LOOP('',(#3854,#3855,#3856,#3857));
#3023=EDGE_LOOP('',(#3858,#3859,#3860,#3861));
#3024=EDGE_LOOP('',(#3862));
#3025=EDGE_LOOP('',(#3863));
#3026=EDGE_LOOP('',(#3864));
#3027=EDGE_LOOP('',(#3865));
#3028=EDGE_LOOP('',(#3866));
#3029=EDGE_LOOP('',(#3867));
#3030=EDGE_LOOP('',(#3868));
#3031=EDGE_LOOP('',(#3869));
#3032=EDGE_LOOP('',(#3870));
#3033=EDGE_LOOP('',(#3871));
#3034=EDGE_LOOP('',(#3872));
#3035=EDGE_LOOP('',(#3873));
#3036=EDGE_LOOP('',(#3874));
#3037=EDGE_LOOP('',(#3875));
#3038=EDGE_LOOP('',(#3876));
#3039=EDGE_LOOP('',(#3877));
#3040=EDGE_LOOP('',(#3878));
#3041=EDGE_LOOP('',(#3879));
#3042=EDGE_LOOP('',(#3880));
#3043=EDGE_LOOP('',(#3881));
#3044=EDGE_LOOP('',(#3882));
#3045=EDGE_LOOP('',(#3883));
#3046=EDGE_LOOP('',(#3884,#3885,#3886,#3887));
#3047=EDGE_LOOP('',(#3888));
#3048=EDGE_LOOP('',(#3889));
#3049=EDGE_LOOP('',(#3890));
#3050=EDGE_LOOP('',(#3891,#3892,#3893,#3894,#3895,#3896,#3897,#3898,#3899,
#3900,#3901,#3902,#3903,#3904,#3905,#3906,#3907,#3908,#3909,#3910));
#3051=EDGE_LOOP('',(#3911));
#3052=EDGE_LOOP('',(#3912,#3913,#3914,#3915,#3916,#3917));
#3053=EDGE_LOOP('',(#3918,#3919,#3920,#3921,#3922,#3923,#3924,#3925,#3926,
#3927,#3928,#3929));
#3054=EDGE_LOOP('',(#3930,#3931,#3932,#3933,#3934,#3935,#3936,#3937));
#3055=EDGE_LOOP('',(#3938,#3939,#3940,#3941));
#3056=EDGE_LOOP('',(#3942,#3943,#3944,#3945));
#3057=EDGE_LOOP('',(#3946,#3947,#3948,#3949));
#3058=EDGE_LOOP('',(#3950));
#3059=EDGE_LOOP('',(#3951,#3952,#3953,#3954));
#3060=EDGE_LOOP('',(#3955,#3956,#3957,#3958));
#3061=EDGE_LOOP('',(#3959,#3960,#3961,#3962,#3963,#3964));
#3062=EDGE_LOOP('',(#3965,#3966,#3967,#3968,#3969,#3970,#3971,#3972));
#3063=EDGE_LOOP('',(#3973,#3974,#3975,#3976,#3977,#3978,#3979,#3980));
#3064=EDGE_LOOP('',(#3981));
#3065=EDGE_LOOP('',(#3982));
#3066=EDGE_LOOP('',(#3983));
#3067=EDGE_LOOP('',(#3984));
#3068=EDGE_LOOP('',(#3985,#3986,#3987,#3988));
#3069=EDGE_LOOP('',(#3989,#3990,#3991,#3992));
#3070=EDGE_LOOP('',(#3993,#3994,#3995,#3996,#3997,#3998,#3999,#4000,#4001,
#4002,#4003,#4004));
#3071=EDGE_LOOP('',(#4005));
#3072=EDGE_LOOP('',(#4006,#4007,#4008,#4009,#4010,#4011,#4012,#4013));
#3073=EDGE_LOOP('',(#4014,#4015,#4016,#4017,#4018,#4019));
#3074=EDGE_LOOP('',(#4020,#4021,#4022,#4023,#4024,#4025));
#3075=EDGE_LOOP('',(#4026));
#3076=EDGE_LOOP('',(#4027,#4028,#4029,#4030,#4031,#4032));
#3077=EDGE_LOOP('',(#4033,#4034,#4035,#4036));
#3078=EDGE_LOOP('',(#4037,#4038,#4039,#4040));
#3079=EDGE_LOOP('',(#4041,#4042,#4043,#4044));
#3080=EDGE_LOOP('',(#4045,#4046,#4047,#4048));
#3081=EDGE_LOOP('',(#4049));
#3082=EDGE_LOOP('',(#4050));
#3083=EDGE_LOOP('',(#4051));
#3084=EDGE_LOOP('',(#4052));
#3085=EDGE_LOOP('',(#4053,#4054,#4055,#4056));
#3086=EDGE_LOOP('',(#4057,#4058,#4059,#4060));
#3087=EDGE_LOOP('',(#4061,#4062,#4063,#4064));
#3088=EDGE_LOOP('',(#4065));
#3089=EDGE_LOOP('',(#4066));
#3090=EDGE_LOOP('',(#4067,#4068,#4069,#4070));
#3091=EDGE_LOOP('',(#4071));
#3092=EDGE_LOOP('',(#4072,#4073,#4074,#4075));
#3093=EDGE_LOOP('',(#4076,#4077,#4078,#4079));
#3094=EDGE_LOOP('',(#4080,#4081,#4082,#4083));
#3095=EDGE_LOOP('',(#4084));
#3096=EDGE_LOOP('',(#4085));
#3097=EDGE_LOOP('',(#4086,#4087,#4088,#4089));
#3098=EDGE_LOOP('',(#4090));
#3099=EDGE_LOOP('',(#4091,#4092,#4093,#4094));
#3100=EDGE_LOOP('',(#4095,#4096,#4097,#4098));
#3101=EDGE_LOOP('',(#4099,#4100,#4101,#4102));
#3102=EDGE_LOOP('',(#4103));
#3103=EDGE_LOOP('',(#4104));
#3104=EDGE_LOOP('',(#4105,#4106,#4107,#4108));
#3105=EDGE_LOOP('',(#4109));
#3106=EDGE_LOOP('',(#4110));
#3107=EDGE_LOOP('',(#4111));
#3108=EDGE_LOOP('',(#4112,#4113,#4114,#4115));
#3109=EDGE_LOOP('',(#4116,#4117,#4118,#4119));
#3110=EDGE_LOOP('',(#4120,#4121,#4122,#4123));
#3111=EDGE_LOOP('',(#4124));
#3112=EDGE_LOOP('',(#4125));
#3113=EDGE_LOOP('',(#4126,#4127,#4128,#4129));
#3114=EDGE_LOOP('',(#4130));
#3115=EDGE_LOOP('',(#4131));
#3116=EDGE_LOOP('',(#4132));
#3117=EDGE_LOOP('',(#4133));
#3118=EDGE_LOOP('',(#4134));
#3119=EDGE_LOOP('',(#4135));
#3120=EDGE_LOOP('',(#4136));
#3121=EDGE_LOOP('',(#4137));
#3122=EDGE_LOOP('',(#4138,#4139,#4140,#4141));
#3123=EDGE_LOOP('',(#4142,#4143,#4144,#4145));
#3124=EDGE_LOOP('',(#4146,#4147,#4148,#4149));
#3125=EDGE_LOOP('',(#4150,#4151,#4152,#4153));
#3126=EDGE_LOOP('',(#4154,#4155,#4156,#4157));
#3127=EDGE_LOOP('',(#4158,#4159,#4160,#4161));
#3128=EDGE_LOOP('',(#4162,#4163,#4164,#4165));
#3129=EDGE_LOOP('',(#4166,#4167,#4168,#4169));
#3130=EDGE_LOOP('',(#4170,#4171,#4172,#4173));
#3131=EDGE_LOOP('',(#4174,#4175,#4176,#4177));
#3132=EDGE_LOOP('',(#4178,#4179,#4180,#4181));
#3133=EDGE_LOOP('',(#4182,#4183,#4184,#4185));
#3134=EDGE_LOOP('',(#4186,#4187,#4188,#4189));
#3135=EDGE_LOOP('',(#4190,#4191,#4192,#4193));
#3136=EDGE_LOOP('',(#4194,#4195,#4196,#4197));
#3137=EDGE_LOOP('',(#4198,#4199,#4200,#4201));
#3138=EDGE_LOOP('',(#4202,#4203,#4204,#4205));
#3139=EDGE_LOOP('',(#4206,#4207,#4208,#4209));
#3140=EDGE_LOOP('',(#4210,#4211,#4212,#4213));
#3141=EDGE_LOOP('',(#4214,#4215,#4216,#4217));
#3142=EDGE_LOOP('',(#4218,#4219,#4220,#4221));
#3143=EDGE_LOOP('',(#4222,#4223,#4224,#4225));
#3144=EDGE_LOOP('',(#4226,#4227,#4228,#4229));
#3145=EDGE_LOOP('',(#4230,#4231,#4232,#4233));
#3146=EDGE_LOOP('',(#4234,#4235,#4236,#4237));
#3147=EDGE_LOOP('',(#4238,#4239,#4240,#4241));
#3148=EDGE_LOOP('',(#4242,#4243,#4244,#4245));
#3149=EDGE_LOOP('',(#4246,#4247,#4248,#4249));
#3150=EDGE_LOOP('',(#4250,#4251,#4252,#4253));
#3151=EDGE_LOOP('',(#4254,#4255,#4256,#4257));
#3152=EDGE_LOOP('',(#4258,#4259,#4260,#4261));
#3153=EDGE_LOOP('',(#4262,#4263,#4264,#4265));
#3154=EDGE_LOOP('',(#4266,#4267,#4268,#4269));
#3155=EDGE_LOOP('',(#4270,#4271,#4272,#4273));
#3156=EDGE_LOOP('',(#4274,#4275,#4276,#4277));
#3157=EDGE_LOOP('',(#4278,#4279,#4280,#4281,#4282,#4283));
#3158=EDGE_LOOP('',(#4284,#4285,#4286,#4287));
#3159=EDGE_LOOP('',(#4288,#4289,#4290,#4291,#4292,#4293));
#3160=EDGE_LOOP('',(#4294,#4295,#4296,#4297));
#3161=EDGE_LOOP('',(#4298,#4299,#4300,#4301));
#3162=EDGE_LOOP('',(#4302,#4303,#4304,#4305));
#3163=EDGE_LOOP('',(#4306,#4307,#4308,#4309));
#3164=EDGE_LOOP('',(#4310,#4311,#4312,#4313));
#3165=EDGE_LOOP('',(#4314,#4315,#4316,#4317));
#3166=EDGE_LOOP('',(#4318,#4319,#4320,#4321));
#3167=EDGE_LOOP('',(#4322,#4323,#4324,#4325));
#3168=EDGE_LOOP('',(#4326,#4327,#4328,#4329));
#3169=EDGE_LOOP('',(#4330,#4331,#4332,#4333));
#3170=EDGE_LOOP('',(#4334,#4335,#4336,#4337));
#3171=EDGE_LOOP('',(#4338,#4339,#4340,#4341));
#3172=EDGE_LOOP('',(#4342,#4343,#4344,#4345));
#3173=EDGE_LOOP('',(#4346,#4347,#4348,#4349));
#3174=EDGE_LOOP('',(#4350,#4351,#4352,#4353));
#3175=EDGE_LOOP('',(#4354,#4355,#4356,#4357));
#3176=EDGE_LOOP('',(#4358,#4359,#4360,#4361));
#3177=EDGE_LOOP('',(#4362,#4363,#4364,#4365,#4366,#4367));
#3178=EDGE_LOOP('',(#4368,#4369,#4370,#4371));
#3179=EDGE_LOOP('',(#4372,#4373,#4374,#4375,#4376,#4377));
#3180=EDGE_LOOP('',(#4378,#4379,#4380,#4381));
#3181=EDGE_LOOP('',(#4382,#4383,#4384,#4385));
#3182=EDGE_LOOP('',(#4386,#4387,#4388,#4389));
#3183=EDGE_LOOP('',(#4390,#4391,#4392,#4393));
#3184=EDGE_LOOP('',(#4394,#4395,#4396,#4397));
#3185=EDGE_LOOP('',(#4398,#4399,#4400,#4401));
#3186=EDGE_LOOP('',(#4402,#4403,#4404,#4405));
#3187=EDGE_LOOP('',(#4406,#4407,#4408,#4409));
#3188=EDGE_LOOP('',(#4410,#4411,#4412,#4413));
#3189=EDGE_LOOP('',(#4414,#4415,#4416,#4417));
#3190=EDGE_LOOP('',(#4418,#4419,#4420,#4421));
#3191=EDGE_LOOP('',(#4422,#4423,#4424,#4425));
#3192=EDGE_LOOP('',(#4426,#4427,#4428,#4429));
#3193=EDGE_LOOP('',(#4430,#4431,#4432,#4433));
#3194=EDGE_LOOP('',(#4434,#4435,#4436,#4437));
#3195=EDGE_LOOP('',(#4438,#4439,#4440,#4441));
#3196=EDGE_LOOP('',(#4442));
#3197=EDGE_LOOP('',(#4443));
#3198=EDGE_LOOP('',(#4444,#4445,#4446,#4447));
#3199=EDGE_LOOP('',(#4448,#4449,#4450,#4451));
#3200=EDGE_LOOP('',(#4452,#4453,#4454,#4455));
#3201=EDGE_LOOP('',(#4456));
#3202=EDGE_LOOP('',(#4457));
#3203=EDGE_LOOP('',(#4458));
#3204=EDGE_LOOP('',(#4459));
#3205=EDGE_LOOP('',(#4460,#4461,#4462,#4463));
#3206=EDGE_LOOP('',(#4464,#4465,#4466,#4467));
#3207=EDGE_LOOP('',(#4468,#4469,#4470,#4471));
#3208=EDGE_LOOP('',(#4472,#4473,#4474,#4475));
#3209=EDGE_LOOP('',(#4476,#4477,#4478,#4479));
#3210=EDGE_LOOP('',(#4480,#4481,#4482,#4483));
#3211=EDGE_LOOP('',(#4484,#4485,#4486,#4487));
#3212=EDGE_LOOP('',(#4488,#4489,#4490,#4491));
#3213=EDGE_LOOP('',(#4492,#4493,#4494,#4495));
#3214=EDGE_LOOP('',(#4496,#4497,#4498,#4499));
#3215=EDGE_LOOP('',(#4500,#4501,#4502,#4503));
#3216=EDGE_LOOP('',(#4504,#4505,#4506,#4507));
#3217=EDGE_LOOP('',(#4508,#4509,#4510,#4511));
#3218=EDGE_LOOP('',(#4512,#4513,#4514,#4515));
#3219=EDGE_LOOP('',(#4516,#4517,#4518,#4519));
#3220=EDGE_LOOP('',(#4520,#4521,#4522,#4523));
#3221=EDGE_LOOP('',(#4524,#4525,#4526,#4527));
#3222=EDGE_LOOP('',(#4528,#4529,#4530,#4531));
#3223=EDGE_LOOP('',(#4532,#4533,#4534,#4535));
#3224=EDGE_LOOP('',(#4536,#4537,#4538,#4539));
#3225=EDGE_LOOP('',(#4540,#4541,#4542,#4543));
#3226=EDGE_LOOP('',(#4544,#4545,#4546,#4547));
#3227=EDGE_LOOP('',(#4548,#4549,#4550,#4551));
#3228=EDGE_LOOP('',(#4552,#4553,#4554,#4555));
#3229=EDGE_LOOP('',(#4556,#4557,#4558,#4559));
#3230=EDGE_LOOP('',(#4560,#4561,#4562,#4563));
#3231=EDGE_LOOP('',(#4564,#4565,#4566,#4567));
#3232=EDGE_LOOP('',(#4568,#4569,#4570,#4571));
#3233=EDGE_LOOP('',(#4572,#4573,#4574,#4575));
#3234=EDGE_LOOP('',(#4576,#4577,#4578,#4579));
#3235=EDGE_LOOP('',(#4580));
#3236=EDGE_LOOP('',(#4581));
#3237=EDGE_LOOP('',(#4582));
#3238=EDGE_LOOP('',(#4583,#4584,#4585,#4586));
#3239=EDGE_LOOP('',(#4587));
#3240=EDGE_LOOP('',(#4588));
#3241=EDGE_LOOP('',(#4589));
#3242=EDGE_LOOP('',(#4590));
#3243=EDGE_LOOP('',(#4591));
#3244=EDGE_LOOP('',(#4592));
#3245=EDGE_LOOP('',(#4593,#4594,#4595));
#3246=EDGE_LOOP('',(#4596,#4597,#4598));
#3247=EDGE_LOOP('',(#4599));
#3248=EDGE_LOOP('',(#4600));
#3249=EDGE_LOOP('',(#4601));
#3250=EDGE_LOOP('',(#4602,#4603,#4604,#4605,#4606,#4607));
#3251=EDGE_LOOP('',(#4608,#4609,#4610,#4611,#4612));
#3252=EDGE_LOOP('',(#4613,#4614,#4615,#4616,#4617));
#3253=EDGE_LOOP('',(#4618,#4619,#4620,#4621,#4622));
#3254=EDGE_LOOP('',(#4623,#4624,#4625,#4626,#4627,#4628));
#3255=EDGE_LOOP('',(#4629));
#3256=EDGE_LOOP('',(#4630,#4631,#4632));
#3257=EDGE_LOOP('',(#4633));
#3258=EDGE_LOOP('',(#4634));
#3259=EDGE_LOOP('',(#4635));
#3260=EDGE_LOOP('',(#4636));
#3261=EDGE_LOOP('',(#4637));
#3262=EDGE_LOOP('',(#4638,#4639,#4640,#4641));
#3263=EDGE_LOOP('',(#4642,#4643,#4644,#4645));
#3264=EDGE_LOOP('',(#4646,#4647,#4648,#4649));
#3265=EDGE_LOOP('',(#4650,#4651,#4652,#4653));
#3266=EDGE_LOOP('',(#4654,#4655,#4656,#4657));
#3267=EDGE_LOOP('',(#4658,#4659,#4660,#4661));
#3268=EDGE_LOOP('',(#4662));
#3269=EDGE_LOOP('',(#4663,#4664,#4665,#4666));
#3270=EDGE_LOOP('',(#4667));
#3271=EDGE_LOOP('',(#4668,#4669,#4670,#4671));
#3272=EDGE_LOOP('',(#4672));
#3273=EDGE_LOOP('',(#4673));
#3274=EDGE_LOOP('',(#4674));
#3275=EDGE_LOOP('',(#4675,#4676,#4677,#4678));
#3276=EDGE_LOOP('',(#4679,#4680,#4681,#4682));
#3277=EDGE_LOOP('',(#4683,#4684,#4685,#4686));
#3278=EDGE_LOOP('',(#4687,#4688,#4689,#4690));
#3279=EDGE_LOOP('',(#4691,#4692,#4693,#4694));
#3280=EDGE_LOOP('',(#4695,#4696,#4697,#4698));
#3281=EDGE_LOOP('',(#4699));
#3282=EDGE_LOOP('',(#4700));
#3283=EDGE_LOOP('',(#4701));
#3284=EDGE_LOOP('',(#4702,#4703,#4704,#4705));
#3285=EDGE_LOOP('',(#4706,#4707,#4708,#4709,#4710,#4711,#4712,#4713,#4714,
#4715));
#3286=EDGE_LOOP('',(#4716));
#3287=EDGE_LOOP('',(#4717,#4718));
#3288=EDGE_LOOP('',(#4719));
#3289=EDGE_LOOP('',(#4720,#4721,#4722,#4723,#4724,#4725,#4726,#4727,#4728,
#4729,#4730,#4731,#4732,#4733));
#3290=EDGE_LOOP('',(#4734));
#3291=EDGE_LOOP('',(#4735,#4736,#4737,#4738));
#3292=EDGE_LOOP('',(#4739,#4740,#4741,#4742));
#3293=EDGE_LOOP('',(#4743,#4744,#4745,#4746,#4747));
#3294=EDGE_LOOP('',(#4748,#4749,#4750,#4751));
#3295=EDGE_LOOP('',(#4752,#4753,#4754,#4755,#4756));
#3296=EDGE_LOOP('',(#4757));
#3297=EDGE_LOOP('',(#4758));
#3298=EDGE_LOOP('',(#4759,#4760,#4761,#4762));
#3299=EDGE_LOOP('',(#4763));
#3300=EDGE_LOOP('',(#4764));
#3301=EDGE_LOOP('',(#4765,#4766,#4767,#4768));
#3302=EDGE_LOOP('',(#4769,#4770,#4771,#4772));
#3303=EDGE_LOOP('',(#4773,#4774,#4775,#4776,#4777));
#3304=EDGE_LOOP('',(#4778,#4779,#4780,#4781));
#3305=EDGE_LOOP('',(#4782,#4783,#4784,#4785,#4786));
#3306=EDGE_LOOP('',(#4787));
#3307=EDGE_LOOP('',(#4788));
#3308=EDGE_LOOP('',(#4789,#4790,#4791,#4792));
#3309=EDGE_LOOP('',(#4793));
#3310=EDGE_LOOP('',(#4794));
#3311=EDGE_LOOP('',(#4795,#4796,#4797,#4798));
#3312=EDGE_LOOP('',(#4799,#4800,#4801,#4802));
#3313=EDGE_LOOP('',(#4803,#4804,#4805,#4806,#4807));
#3314=EDGE_LOOP('',(#4808,#4809,#4810,#4811));
#3315=EDGE_LOOP('',(#4812,#4813,#4814,#4815,#4816));
#3316=EDGE_LOOP('',(#4817));
#3317=EDGE_LOOP('',(#4818));
#3318=EDGE_LOOP('',(#4819,#4820,#4821,#4822));
#3319=EDGE_LOOP('',(#4823));
#3320=EDGE_LOOP('',(#4824));
#3321=EDGE_LOOP('',(#4825));
#3322=ORIENTED_EDGE('',*,*,#5370,.T.);
#3323=ORIENTED_EDGE('',*,*,#5371,.F.);
#3324=ORIENTED_EDGE('',*,*,#5372,.F.);
#3325=ORIENTED_EDGE('',*,*,#5373,.T.);
#3326=ORIENTED_EDGE('',*,*,#5374,.T.);
#3327=ORIENTED_EDGE('',*,*,#5370,.F.);
#3328=ORIENTED_EDGE('',*,*,#5375,.F.);
#3329=ORIENTED_EDGE('',*,*,#5372,.T.);
#3330=ORIENTED_EDGE('',*,*,#5376,.T.);
#3331=ORIENTED_EDGE('',*,*,#5374,.F.);
#3332=ORIENTED_EDGE('',*,*,#5377,.F.);
#3333=ORIENTED_EDGE('',*,*,#5375,.T.);
#3334=ORIENTED_EDGE('',*,*,#5378,.T.);
#3335=ORIENTED_EDGE('',*,*,#5376,.F.);
#3336=ORIENTED_EDGE('',*,*,#5379,.F.);
#3337=ORIENTED_EDGE('',*,*,#5377,.T.);
#3338=ORIENTED_EDGE('',*,*,#5380,.T.);
#3339=ORIENTED_EDGE('',*,*,#5378,.F.);
#3340=ORIENTED_EDGE('',*,*,#5381,.F.);
#3341=ORIENTED_EDGE('',*,*,#5379,.T.);
#3342=ORIENTED_EDGE('',*,*,#5382,.T.);
#3343=ORIENTED_EDGE('',*,*,#5380,.F.);
#3344=ORIENTED_EDGE('',*,*,#5383,.F.);
#3345=ORIENTED_EDGE('',*,*,#5381,.T.);
#3346=ORIENTED_EDGE('',*,*,#5384,.T.);
#3347=ORIENTED_EDGE('',*,*,#5382,.F.);
#3348=ORIENTED_EDGE('',*,*,#5385,.F.);
#3349=ORIENTED_EDGE('',*,*,#5383,.T.);
#3350=ORIENTED_EDGE('',*,*,#5386,.T.);
#3351=ORIENTED_EDGE('',*,*,#5384,.F.);
#3352=ORIENTED_EDGE('',*,*,#5387,.F.);
#3353=ORIENTED_EDGE('',*,*,#5385,.T.);
#3354=ORIENTED_EDGE('',*,*,#5388,.T.);
#3355=ORIENTED_EDGE('',*,*,#5386,.F.);
#3356=ORIENTED_EDGE('',*,*,#5389,.F.);
#3357=ORIENTED_EDGE('',*,*,#5387,.T.);
#3358=ORIENTED_EDGE('',*,*,#5390,.T.);
#3359=ORIENTED_EDGE('',*,*,#5388,.F.);
#3360=ORIENTED_EDGE('',*,*,#5391,.F.);
#3361=ORIENTED_EDGE('',*,*,#5389,.T.);
#3362=ORIENTED_EDGE('',*,*,#5392,.T.);
#3363=ORIENTED_EDGE('',*,*,#5390,.F.);
#3364=ORIENTED_EDGE('',*,*,#5393,.F.);
#3365=ORIENTED_EDGE('',*,*,#5391,.T.);
#3366=ORIENTED_EDGE('',*,*,#5394,.T.);
#3367=ORIENTED_EDGE('',*,*,#5392,.F.);
#3368=ORIENTED_EDGE('',*,*,#5395,.F.);
#3369=ORIENTED_EDGE('',*,*,#5393,.T.);
#3370=ORIENTED_EDGE('',*,*,#5396,.T.);
#3371=ORIENTED_EDGE('',*,*,#5394,.F.);
#3372=ORIENTED_EDGE('',*,*,#5397,.F.);
#3373=ORIENTED_EDGE('',*,*,#5395,.T.);
#3374=ORIENTED_EDGE('',*,*,#5398,.T.);
#3375=ORIENTED_EDGE('',*,*,#5396,.F.);
#3376=ORIENTED_EDGE('',*,*,#5399,.F.);
#3377=ORIENTED_EDGE('',*,*,#5397,.T.);
#3378=ORIENTED_EDGE('',*,*,#5400,.T.);
#3379=ORIENTED_EDGE('',*,*,#5398,.F.);
#3380=ORIENTED_EDGE('',*,*,#5401,.F.);
#3381=ORIENTED_EDGE('',*,*,#5399,.T.);
#3382=ORIENTED_EDGE('',*,*,#5402,.T.);
#3383=ORIENTED_EDGE('',*,*,#5400,.F.);
#3384=ORIENTED_EDGE('',*,*,#5403,.F.);
#3385=ORIENTED_EDGE('',*,*,#5401,.T.);
#3386=ORIENTED_EDGE('',*,*,#5404,.T.);
#3387=ORIENTED_EDGE('',*,*,#5402,.F.);
#3388=ORIENTED_EDGE('',*,*,#5405,.F.);
#3389=ORIENTED_EDGE('',*,*,#5403,.T.);
#3390=ORIENTED_EDGE('',*,*,#5406,.T.);
#3391=ORIENTED_EDGE('',*,*,#5404,.F.);
#3392=ORIENTED_EDGE('',*,*,#5407,.F.);
#3393=ORIENTED_EDGE('',*,*,#5405,.T.);
#3394=ORIENTED_EDGE('',*,*,#5408,.T.);
#3395=ORIENTED_EDGE('',*,*,#5406,.F.);
#3396=ORIENTED_EDGE('',*,*,#5409,.F.);
#3397=ORIENTED_EDGE('',*,*,#5407,.T.);
#3398=ORIENTED_EDGE('',*,*,#5410,.T.);
#3399=ORIENTED_EDGE('',*,*,#5408,.F.);
#3400=ORIENTED_EDGE('',*,*,#5411,.F.);
#3401=ORIENTED_EDGE('',*,*,#5409,.T.);
#3402=ORIENTED_EDGE('',*,*,#5412,.T.);
#3403=ORIENTED_EDGE('',*,*,#5410,.F.);
#3404=ORIENTED_EDGE('',*,*,#5413,.F.);
#3405=ORIENTED_EDGE('',*,*,#5411,.T.);
#3406=ORIENTED_EDGE('',*,*,#5414,.T.);
#3407=ORIENTED_EDGE('',*,*,#5412,.F.);
#3408=ORIENTED_EDGE('',*,*,#5415,.F.);
#3409=ORIENTED_EDGE('',*,*,#5413,.T.);
#3410=ORIENTED_EDGE('',*,*,#5416,.T.);
#3411=ORIENTED_EDGE('',*,*,#5414,.F.);
#3412=ORIENTED_EDGE('',*,*,#5417,.F.);
#3413=ORIENTED_EDGE('',*,*,#5415,.T.);
#3414=ORIENTED_EDGE('',*,*,#5418,.T.);
#3415=ORIENTED_EDGE('',*,*,#5416,.F.);
#3416=ORIENTED_EDGE('',*,*,#5419,.F.);
#3417=ORIENTED_EDGE('',*,*,#5417,.T.);
#3418=ORIENTED_EDGE('',*,*,#5420,.T.);
#3419=ORIENTED_EDGE('',*,*,#5418,.F.);
#3420=ORIENTED_EDGE('',*,*,#5421,.F.);
#3421=ORIENTED_EDGE('',*,*,#5419,.T.);
#3422=ORIENTED_EDGE('',*,*,#5422,.T.);
#3423=ORIENTED_EDGE('',*,*,#5420,.F.);
#3424=ORIENTED_EDGE('',*,*,#5423,.F.);
#3425=ORIENTED_EDGE('',*,*,#5421,.T.);
#3426=ORIENTED_EDGE('',*,*,#5424,.T.);
#3427=ORIENTED_EDGE('',*,*,#5422,.F.);
#3428=ORIENTED_EDGE('',*,*,#5425,.F.);
#3429=ORIENTED_EDGE('',*,*,#5423,.T.);
#3430=ORIENTED_EDGE('',*,*,#5426,.T.);
#3431=ORIENTED_EDGE('',*,*,#5424,.F.);
#3432=ORIENTED_EDGE('',*,*,#5427,.F.);
#3433=ORIENTED_EDGE('',*,*,#5425,.T.);
#3434=ORIENTED_EDGE('',*,*,#5428,.T.);
#3435=ORIENTED_EDGE('',*,*,#5426,.F.);
#3436=ORIENTED_EDGE('',*,*,#5429,.F.);
#3437=ORIENTED_EDGE('',*,*,#5427,.T.);
#3438=ORIENTED_EDGE('',*,*,#5430,.T.);
#3439=ORIENTED_EDGE('',*,*,#5428,.F.);
#3440=ORIENTED_EDGE('',*,*,#5431,.F.);
#3441=ORIENTED_EDGE('',*,*,#5429,.T.);
#3442=ORIENTED_EDGE('',*,*,#5432,.T.);
#3443=ORIENTED_EDGE('',*,*,#5430,.F.);
#3444=ORIENTED_EDGE('',*,*,#5433,.F.);
#3445=ORIENTED_EDGE('',*,*,#5431,.T.);
#3446=ORIENTED_EDGE('',*,*,#5434,.T.);
#3447=ORIENTED_EDGE('',*,*,#5432,.F.);
#3448=ORIENTED_EDGE('',*,*,#5435,.F.);
#3449=ORIENTED_EDGE('',*,*,#5433,.T.);
#3450=ORIENTED_EDGE('',*,*,#5436,.T.);
#3451=ORIENTED_EDGE('',*,*,#5434,.F.);
#3452=ORIENTED_EDGE('',*,*,#5437,.F.);
#3453=ORIENTED_EDGE('',*,*,#5435,.T.);
#3454=ORIENTED_EDGE('',*,*,#5438,.T.);
#3455=ORIENTED_EDGE('',*,*,#5436,.F.);
#3456=ORIENTED_EDGE('',*,*,#5439,.F.);
#3457=ORIENTED_EDGE('',*,*,#5437,.T.);
#3458=ORIENTED_EDGE('',*,*,#5440,.T.);
#3459=ORIENTED_EDGE('',*,*,#5438,.F.);
#3460=ORIENTED_EDGE('',*,*,#5441,.F.);
#3461=ORIENTED_EDGE('',*,*,#5439,.T.);
#3462=ORIENTED_EDGE('',*,*,#5442,.T.);
#3463=ORIENTED_EDGE('',*,*,#5440,.F.);
#3464=ORIENTED_EDGE('',*,*,#5443,.F.);
#3465=ORIENTED_EDGE('',*,*,#5441,.T.);
#3466=ORIENTED_EDGE('',*,*,#5444,.T.);
#3467=ORIENTED_EDGE('',*,*,#5442,.F.);
#3468=ORIENTED_EDGE('',*,*,#5445,.F.);
#3469=ORIENTED_EDGE('',*,*,#5443,.T.);
#3470=ORIENTED_EDGE('',*,*,#5446,.T.);
#3471=ORIENTED_EDGE('',*,*,#5444,.F.);
#3472=ORIENTED_EDGE('',*,*,#5447,.F.);
#3473=ORIENTED_EDGE('',*,*,#5445,.T.);
#3474=ORIENTED_EDGE('',*,*,#5448,.T.);
#3475=ORIENTED_EDGE('',*,*,#5446,.F.);
#3476=ORIENTED_EDGE('',*,*,#5449,.F.);
#3477=ORIENTED_EDGE('',*,*,#5447,.T.);
#3478=ORIENTED_EDGE('',*,*,#5450,.T.);
#3479=ORIENTED_EDGE('',*,*,#5448,.F.);
#3480=ORIENTED_EDGE('',*,*,#5451,.F.);
#3481=ORIENTED_EDGE('',*,*,#5449,.T.);
#3482=ORIENTED_EDGE('',*,*,#5452,.T.);
#3483=ORIENTED_EDGE('',*,*,#5450,.F.);
#3484=ORIENTED_EDGE('',*,*,#5453,.F.);
#3485=ORIENTED_EDGE('',*,*,#5451,.T.);
#3486=ORIENTED_EDGE('',*,*,#5454,.T.);
#3487=ORIENTED_EDGE('',*,*,#5452,.F.);
#3488=ORIENTED_EDGE('',*,*,#5455,.F.);
#3489=ORIENTED_EDGE('',*,*,#5453,.T.);
#3490=ORIENTED_EDGE('',*,*,#5456,.T.);
#3491=ORIENTED_EDGE('',*,*,#5454,.F.);
#3492=ORIENTED_EDGE('',*,*,#5457,.F.);
#3493=ORIENTED_EDGE('',*,*,#5455,.T.);
#3494=ORIENTED_EDGE('',*,*,#5458,.T.);
#3495=ORIENTED_EDGE('',*,*,#5456,.F.);
#3496=ORIENTED_EDGE('',*,*,#5459,.F.);
#3497=ORIENTED_EDGE('',*,*,#5457,.T.);
#3498=ORIENTED_EDGE('',*,*,#5460,.T.);
#3499=ORIENTED_EDGE('',*,*,#5458,.F.);
#3500=ORIENTED_EDGE('',*,*,#5461,.F.);
#3501=ORIENTED_EDGE('',*,*,#5459,.T.);
#3502=ORIENTED_EDGE('',*,*,#5461,.T.);
#3503=ORIENTED_EDGE('',*,*,#5462,.F.);
#3504=ORIENTED_EDGE('',*,*,#5460,.F.);
#3505=ORIENTED_EDGE('',*,*,#5463,.T.);
#3506=ORIENTED_EDGE('',*,*,#5373,.F.);
#3507=ORIENTED_EDGE('',*,*,#5371,.T.);
#3508=ORIENTED_EDGE('',*,*,#5462,.T.);
#3509=ORIENTED_EDGE('',*,*,#5463,.F.);
#3510=ORIENTED_EDGE('',*,*,#5464,.F.);
#3511=ORIENTED_EDGE('',*,*,#5465,.T.);
#3512=ORIENTED_EDGE('',*,*,#5466,.T.);
#3513=ORIENTED_EDGE('',*,*,#5467,.F.);
#3514=ORIENTED_EDGE('',*,*,#5468,.T.);
#3515=ORIENTED_EDGE('',*,*,#5469,.T.);
#3516=ORIENTED_EDGE('',*,*,#5470,.F.);
#3517=ORIENTED_EDGE('',*,*,#5471,.T.);
#3518=ORIENTED_EDGE('',*,*,#5472,.F.);
#3519=ORIENTED_EDGE('',*,*,#5473,.F.);
#3520=ORIENTED_EDGE('',*,*,#5474,.T.);
#3521=ORIENTED_EDGE('',*,*,#5475,.T.);
#3522=ORIENTED_EDGE('',*,*,#5470,.T.);
#3523=ORIENTED_EDGE('',*,*,#5476,.F.);
#3524=ORIENTED_EDGE('',*,*,#5477,.F.);
#3525=ORIENTED_EDGE('',*,*,#5478,.T.);
#3526=ORIENTED_EDGE('',*,*,#5464,.T.);
#3527=ORIENTED_EDGE('',*,*,#5479,.F.);
#3528=ORIENTED_EDGE('',*,*,#5475,.F.);
#3529=ORIENTED_EDGE('',*,*,#5480,.F.);
#3530=ORIENTED_EDGE('',*,*,#5481,.F.);
#3531=ORIENTED_EDGE('',*,*,#5482,.T.);
#3532=ORIENTED_EDGE('',*,*,#5483,.T.);
#3533=ORIENTED_EDGE('',*,*,#5473,.T.);
#3534=ORIENTED_EDGE('',*,*,#5484,.F.);
#3535=ORIENTED_EDGE('',*,*,#5466,.F.);
#3536=ORIENTED_EDGE('',*,*,#5485,.F.);
#3537=ORIENTED_EDGE('',*,*,#5486,.T.);
#3538=ORIENTED_EDGE('',*,*,#5487,.F.);
#3539=ORIENTED_EDGE('',*,*,#5488,.F.);
#3540=ORIENTED_EDGE('',*,*,#5489,.T.);
#3541=ORIENTED_EDGE('',*,*,#5490,.T.);
#3542=ORIENTED_EDGE('',*,*,#5468,.F.);
#3543=ORIENTED_EDGE('',*,*,#5491,.F.);
#3544=ORIENTED_EDGE('',*,*,#5492,.T.);
#3545=ORIENTED_EDGE('',*,*,#5493,.T.);
#3546=ORIENTED_EDGE('',*,*,#5494,.F.);
#3547=ORIENTED_EDGE('',*,*,#5495,.T.);
#3548=ORIENTED_EDGE('',*,*,#5496,.T.);
#3549=ORIENTED_EDGE('',*,*,#5497,.T.);
#3550=ORIENTED_EDGE('',*,*,#5498,.T.);
#3551=ORIENTED_EDGE('',*,*,#5472,.T.);
#3552=ORIENTED_EDGE('',*,*,#5479,.T.);
#3553=ORIENTED_EDGE('',*,*,#5467,.T.);
#3554=ORIENTED_EDGE('',*,*,#5484,.T.);
#3555=ORIENTED_EDGE('',*,*,#5471,.F.);
#3556=ORIENTED_EDGE('',*,*,#5482,.F.);
#3557=ORIENTED_EDGE('',*,*,#5499,.F.);
#3558=ORIENTED_EDGE('',*,*,#5500,.F.);
#3559=ORIENTED_EDGE('',*,*,#5491,.T.);
#3560=ORIENTED_EDGE('',*,*,#5501,.F.);
#3561=ORIENTED_EDGE('',*,*,#5502,.T.);
#3562=ORIENTED_EDGE('',*,*,#5503,.T.);
#3563=ORIENTED_EDGE('',*,*,#5504,.F.);
#3564=ORIENTED_EDGE('',*,*,#5505,.F.);
#3565=ORIENTED_EDGE('',*,*,#5506,.F.);
#3566=ORIENTED_EDGE('',*,*,#5507,.F.);
#3567=ORIENTED_EDGE('',*,*,#5508,.T.);
#3568=ORIENTED_EDGE('',*,*,#5509,.T.);
#3569=ORIENTED_EDGE('',*,*,#5510,.F.);
#3570=ORIENTED_EDGE('',*,*,#5511,.F.);
#3571=ORIENTED_EDGE('',*,*,#5512,.T.);
#3572=ORIENTED_EDGE('',*,*,#5510,.T.);
#3573=ORIENTED_EDGE('',*,*,#5513,.T.);
#3574=ORIENTED_EDGE('',*,*,#5502,.F.);
#3575=ORIENTED_EDGE('',*,*,#5514,.F.);
#3576=ORIENTED_EDGE('',*,*,#5515,.T.);
#3577=ORIENTED_EDGE('',*,*,#5516,.T.);
#3578=ORIENTED_EDGE('',*,*,#5508,.F.);
#3579=ORIENTED_EDGE('',*,*,#5517,.F.);
#3580=ORIENTED_EDGE('',*,*,#5518,.T.);
#3581=ORIENTED_EDGE('',*,*,#5519,.T.);
#3582=ORIENTED_EDGE('',*,*,#5512,.F.);
#3583=ORIENTED_EDGE('',*,*,#5520,.F.);
#3584=ORIENTED_EDGE('',*,*,#5521,.T.);
#3585=ORIENTED_EDGE('',*,*,#5522,.F.);
#3586=ORIENTED_EDGE('',*,*,#5523,.T.);
#3587=ORIENTED_EDGE('',*,*,#5524,.T.);
#3588=ORIENTED_EDGE('',*,*,#5525,.F.);
#3589=ORIENTED_EDGE('',*,*,#5526,.T.);
#3590=ORIENTED_EDGE('',*,*,#5504,.T.);
#3591=ORIENTED_EDGE('',*,*,#5527,.T.);
#3592=ORIENTED_EDGE('',*,*,#5506,.T.);
#3593=ORIENTED_EDGE('',*,*,#5528,.F.);
#3594=ORIENTED_EDGE('',*,*,#5529,.F.);
#3595=ORIENTED_EDGE('',*,*,#5530,.T.);
#3596=ORIENTED_EDGE('',*,*,#5531,.F.);
#3597=ORIENTED_EDGE('',*,*,#5532,.T.);
#3598=ORIENTED_EDGE('',*,*,#5533,.F.);
#3599=ORIENTED_EDGE('',*,*,#5534,.F.);
#3600=ORIENTED_EDGE('',*,*,#5535,.F.);
#3601=ORIENTED_EDGE('',*,*,#5509,.F.);
#3602=ORIENTED_EDGE('',*,*,#5527,.F.);
#3603=ORIENTED_EDGE('',*,*,#5503,.F.);
#3604=ORIENTED_EDGE('',*,*,#5513,.F.);
#3605=ORIENTED_EDGE('',*,*,#5517,.T.);
#3606=ORIENTED_EDGE('',*,*,#5507,.T.);
#3607=ORIENTED_EDGE('',*,*,#5530,.F.);
#3608=ORIENTED_EDGE('',*,*,#5536,.T.);
#3609=ORIENTED_EDGE('',*,*,#5537,.T.);
#3610=ORIENTED_EDGE('',*,*,#5465,.F.);
#3611=ORIENTED_EDGE('',*,*,#5478,.F.);
#3612=ORIENTED_EDGE('',*,*,#5538,.T.);
#3613=ORIENTED_EDGE('',*,*,#5514,.T.);
#3614=ORIENTED_EDGE('',*,*,#5501,.T.);
#3615=ORIENTED_EDGE('',*,*,#5526,.F.);
#3616=ORIENTED_EDGE('',*,*,#5539,.T.);
#3617=ORIENTED_EDGE('',*,*,#5540,.T.);
#3618=ORIENTED_EDGE('',*,*,#5541,.F.);
#3619=ORIENTED_EDGE('',*,*,#5542,.F.);
#3620=ORIENTED_EDGE('',*,*,#5543,.F.);
#3621=ORIENTED_EDGE('',*,*,#5485,.T.);
#3622=ORIENTED_EDGE('',*,*,#5544,.F.);
#3623=ORIENTED_EDGE('',*,*,#5545,.T.);
#3624=ORIENTED_EDGE('',*,*,#5546,.T.);
#3625=ORIENTED_EDGE('',*,*,#5547,.F.);
#3626=ORIENTED_EDGE('',*,*,#5469,.F.);
#3627=ORIENTED_EDGE('',*,*,#5493,.F.);
#3628=ORIENTED_EDGE('',*,*,#5548,.F.);
#3629=ORIENTED_EDGE('',*,*,#5549,.T.);
#3630=ORIENTED_EDGE('',*,*,#5550,.T.);
#3631=ORIENTED_EDGE('',*,*,#5551,.F.);
#3632=ORIENTED_EDGE('',*,*,#5552,.T.);
#3633=ORIENTED_EDGE('',*,*,#5528,.T.);
#3634=ORIENTED_EDGE('',*,*,#5505,.T.);
#3635=ORIENTED_EDGE('',*,*,#5516,.F.);
#3636=ORIENTED_EDGE('',*,*,#5553,.F.);
#3637=ORIENTED_EDGE('',*,*,#5476,.T.);
#3638=ORIENTED_EDGE('',*,*,#5554,.F.);
#3639=ORIENTED_EDGE('',*,*,#5555,.T.);
#3640=ORIENTED_EDGE('',*,*,#5556,.T.);
#3641=ORIENTED_EDGE('',*,*,#5557,.F.);
#3642=ORIENTED_EDGE('',*,*,#5486,.F.);
#3643=ORIENTED_EDGE('',*,*,#5543,.T.);
#3644=ORIENTED_EDGE('',*,*,#5558,.T.);
#3645=ORIENTED_EDGE('',*,*,#5559,.F.);
#3646=ORIENTED_EDGE('',*,*,#5560,.T.);
#3647=ORIENTED_EDGE('',*,*,#5548,.T.);
#3648=ORIENTED_EDGE('',*,*,#5492,.F.);
#3649=ORIENTED_EDGE('',*,*,#5500,.T.);
#3650=ORIENTED_EDGE('',*,*,#5561,.F.);
#3651=ORIENTED_EDGE('',*,*,#5562,.T.);
#3652=ORIENTED_EDGE('',*,*,#5494,.T.);
#3653=ORIENTED_EDGE('',*,*,#5563,.F.);
#3654=ORIENTED_EDGE('',*,*,#5564,.F.);
#3655=ORIENTED_EDGE('',*,*,#5565,.F.);
#3656=ORIENTED_EDGE('',*,*,#5566,.T.);
#3657=ORIENTED_EDGE('',*,*,#5488,.T.);
#3658=ORIENTED_EDGE('',*,*,#5565,.T.);
#3659=ORIENTED_EDGE('',*,*,#5567,.F.);
#3660=ORIENTED_EDGE('',*,*,#5558,.F.);
#3661=ORIENTED_EDGE('',*,*,#5542,.T.);
#3662=ORIENTED_EDGE('',*,*,#5568,.F.);
#3663=ORIENTED_EDGE('',*,*,#5549,.F.);
#3664=ORIENTED_EDGE('',*,*,#5560,.F.);
#3665=ORIENTED_EDGE('',*,*,#5499,.T.);
#3666=ORIENTED_EDGE('',*,*,#5569,.F.);
#3667=ORIENTED_EDGE('',*,*,#5570,.F.);
#3668=ORIENTED_EDGE('',*,*,#5571,.F.);
#3669=ORIENTED_EDGE('',*,*,#5572,.T.);
#3670=ORIENTED_EDGE('',*,*,#5561,.T.);
#3671=ORIENTED_EDGE('',*,*,#5573,.T.);
#3672=ORIENTED_EDGE('',*,*,#5574,.T.);
#3673=ORIENTED_EDGE('',*,*,#5575,.T.);
#3674=ORIENTED_EDGE('',*,*,#5559,.T.);
#3675=ORIENTED_EDGE('',*,*,#5567,.T.);
#3676=ORIENTED_EDGE('',*,*,#5564,.T.);
#3677=ORIENTED_EDGE('',*,*,#5487,.T.);
#3678=ORIENTED_EDGE('',*,*,#5576,.F.);
#3679=ORIENTED_EDGE('',*,*,#5577,.T.);
#3680=ORIENTED_EDGE('',*,*,#5578,.T.);
#3681=ORIENTED_EDGE('',*,*,#5523,.F.);
#3682=ORIENTED_EDGE('',*,*,#5539,.F.);
#3683=ORIENTED_EDGE('',*,*,#5525,.T.);
#3684=ORIENTED_EDGE('',*,*,#5579,.T.);
#3685=ORIENTED_EDGE('',*,*,#5580,.F.);
#3686=ORIENTED_EDGE('',*,*,#5552,.F.);
#3687=ORIENTED_EDGE('',*,*,#5581,.F.);
#3688=ORIENTED_EDGE('',*,*,#5536,.F.);
#3689=ORIENTED_EDGE('',*,*,#5529,.T.);
#3690=ORIENTED_EDGE('',*,*,#5581,.T.);
#3691=ORIENTED_EDGE('',*,*,#5551,.T.);
#3692=ORIENTED_EDGE('',*,*,#5582,.T.);
#3693=ORIENTED_EDGE('',*,*,#5540,.F.);
#3694=ORIENTED_EDGE('',*,*,#5580,.T.);
#3695=ORIENTED_EDGE('',*,*,#5583,.T.);
#3696=ORIENTED_EDGE('',*,*,#5577,.F.);
#3697=ORIENTED_EDGE('',*,*,#5584,.F.);
#3698=ORIENTED_EDGE('',*,*,#5585,.F.);
#3699=ORIENTED_EDGE('',*,*,#5586,.F.);
#3700=ORIENTED_EDGE('',*,*,#5587,.F.);
#3701=ORIENTED_EDGE('',*,*,#5588,.F.);
#3702=ORIENTED_EDGE('',*,*,#5589,.T.);
#3703=ORIENTED_EDGE('',*,*,#5590,.T.);
#3704=ORIENTED_EDGE('',*,*,#5591,.T.);
#3705=ORIENTED_EDGE('',*,*,#5537,.F.);
#3706=ORIENTED_EDGE('',*,*,#5532,.F.);
#3707=ORIENTED_EDGE('',*,*,#5592,.T.);
#3708=ORIENTED_EDGE('',*,*,#5587,.T.);
#3709=ORIENTED_EDGE('',*,*,#5593,.T.);
#3710=ORIENTED_EDGE('',*,*,#5579,.F.);
#3711=ORIENTED_EDGE('',*,*,#5524,.F.);
#3712=ORIENTED_EDGE('',*,*,#5578,.F.);
#3713=ORIENTED_EDGE('',*,*,#5583,.F.);
#3714=ORIENTED_EDGE('',*,*,#5594,.F.);
#3715=ORIENTED_EDGE('',*,*,#5555,.F.);
#3716=ORIENTED_EDGE('',*,*,#5595,.F.);
#3717=ORIENTED_EDGE('',*,*,#5544,.T.);
#3718=ORIENTED_EDGE('',*,*,#5556,.F.);
#3719=ORIENTED_EDGE('',*,*,#5594,.T.);
#3720=ORIENTED_EDGE('',*,*,#5547,.T.);
#3721=ORIENTED_EDGE('',*,*,#5596,.F.);
#3722=ORIENTED_EDGE('',*,*,#5538,.F.);
#3723=ORIENTED_EDGE('',*,*,#5477,.T.);
#3724=ORIENTED_EDGE('',*,*,#5553,.T.);
#3725=ORIENTED_EDGE('',*,*,#5515,.F.);
#3726=ORIENTED_EDGE('',*,*,#5550,.F.);
#3727=ORIENTED_EDGE('',*,*,#5568,.T.);
#3728=ORIENTED_EDGE('',*,*,#5541,.T.);
#3729=ORIENTED_EDGE('',*,*,#5582,.F.);
#3730=ORIENTED_EDGE('',*,*,#5545,.F.);
#3731=ORIENTED_EDGE('',*,*,#5595,.T.);
#3732=ORIENTED_EDGE('',*,*,#5554,.T.);
#3733=ORIENTED_EDGE('',*,*,#5597,.F.);
#3734=ORIENTED_EDGE('',*,*,#5546,.F.);
#3735=ORIENTED_EDGE('',*,*,#5597,.T.);
#3736=ORIENTED_EDGE('',*,*,#5557,.T.);
#3737=ORIENTED_EDGE('',*,*,#5596,.T.);
#3738=ORIENTED_EDGE('',*,*,#5572,.F.);
#3739=ORIENTED_EDGE('',*,*,#5598,.F.);
#3740=ORIENTED_EDGE('',*,*,#5588,.T.);
#3741=ORIENTED_EDGE('',*,*,#5599,.T.);
#3742=ORIENTED_EDGE('',*,*,#5483,.F.);
#3743=ORIENTED_EDGE('',*,*,#5600,.F.);
#3744=ORIENTED_EDGE('',*,*,#5520,.T.);
#3745=ORIENTED_EDGE('',*,*,#5511,.T.);
#3746=ORIENTED_EDGE('',*,*,#5519,.F.);
#3747=ORIENTED_EDGE('',*,*,#5601,.F.);
#3748=ORIENTED_EDGE('',*,*,#5589,.F.);
#3749=ORIENTED_EDGE('',*,*,#5598,.T.);
#3750=ORIENTED_EDGE('',*,*,#5571,.T.);
#3751=ORIENTED_EDGE('',*,*,#5602,.T.);
#3752=ORIENTED_EDGE('',*,*,#5480,.T.);
#3753=ORIENTED_EDGE('',*,*,#5474,.F.);
#3754=ORIENTED_EDGE('',*,*,#5602,.F.);
#3755=ORIENTED_EDGE('',*,*,#5603,.F.);
#3756=ORIENTED_EDGE('',*,*,#5604,.F.);
#3757=ORIENTED_EDGE('',*,*,#5605,.F.);
#3758=ORIENTED_EDGE('',*,*,#5606,.T.);
#3759=ORIENTED_EDGE('',*,*,#5607,.T.);
#3760=ORIENTED_EDGE('',*,*,#5608,.F.);
#3761=ORIENTED_EDGE('',*,*,#5481,.T.);
#3762=ORIENTED_EDGE('',*,*,#5605,.T.);
#3763=ORIENTED_EDGE('',*,*,#5609,.T.);
#3764=ORIENTED_EDGE('',*,*,#5610,.F.);
#3765=ORIENTED_EDGE('',*,*,#5518,.F.);
#3766=ORIENTED_EDGE('',*,*,#5611,.T.);
#3767=ORIENTED_EDGE('',*,*,#5601,.T.);
#3768=ORIENTED_EDGE('',*,*,#5610,.T.);
#3769=ORIENTED_EDGE('',*,*,#5612,.T.);
#3770=ORIENTED_EDGE('',*,*,#5613,.F.);
#3771=ORIENTED_EDGE('',*,*,#5569,.T.);
#3772=ORIENTED_EDGE('',*,*,#5608,.T.);
#3773=ORIENTED_EDGE('',*,*,#5591,.F.);
#3774=ORIENTED_EDGE('',*,*,#5609,.F.);
#3775=ORIENTED_EDGE('',*,*,#5604,.T.);
#3776=ORIENTED_EDGE('',*,*,#5614,.T.);
#3777=ORIENTED_EDGE('',*,*,#5612,.F.);
#3778=ORIENTED_EDGE('',*,*,#5615,.T.);
#3779=ORIENTED_EDGE('',*,*,#5616,.T.);
#3780=ORIENTED_EDGE('',*,*,#5614,.F.);
#3781=ORIENTED_EDGE('',*,*,#5603,.T.);
#3782=ORIENTED_EDGE('',*,*,#5570,.T.);
#3783=ORIENTED_EDGE('',*,*,#5613,.T.);
#3784=ORIENTED_EDGE('',*,*,#5590,.F.);
#3785=ORIENTED_EDGE('',*,*,#5611,.F.);
#3786=ORIENTED_EDGE('',*,*,#5607,.F.);
#3787=ORIENTED_EDGE('',*,*,#5616,.F.);
#3788=ORIENTED_EDGE('',*,*,#5606,.F.);
#3789=ORIENTED_EDGE('',*,*,#5615,.F.);
#3790=ORIENTED_EDGE('',*,*,#5617,.F.);
#3791=ORIENTED_EDGE('',*,*,#5585,.T.);
#3792=ORIENTED_EDGE('',*,*,#5618,.T.);
#3793=ORIENTED_EDGE('',*,*,#5574,.F.);
#3794=ORIENTED_EDGE('',*,*,#5619,.T.);
#3795=ORIENTED_EDGE('',*,*,#5497,.F.);
#3796=ORIENTED_EDGE('',*,*,#5620,.F.);
#3797=ORIENTED_EDGE('',*,*,#5534,.T.);
#3798=ORIENTED_EDGE('',*,*,#5621,.F.);
#3799=ORIENTED_EDGE('',*,*,#5521,.F.);
#3800=ORIENTED_EDGE('',*,*,#5600,.T.);
#3801=ORIENTED_EDGE('',*,*,#5490,.F.);
#3802=ORIENTED_EDGE('',*,*,#5622,.F.);
#3803=ORIENTED_EDGE('',*,*,#5618,.F.);
#3804=ORIENTED_EDGE('',*,*,#5623,.F.);
#3805=ORIENTED_EDGE('',*,*,#5535,.T.);
#3806=ORIENTED_EDGE('',*,*,#5620,.T.);
#3807=ORIENTED_EDGE('',*,*,#5496,.F.);
#3808=ORIENTED_EDGE('',*,*,#5592,.F.);
#3809=ORIENTED_EDGE('',*,*,#5531,.T.);
#3810=ORIENTED_EDGE('',*,*,#5623,.T.);
#3811=ORIENTED_EDGE('',*,*,#5495,.F.);
#3812=ORIENTED_EDGE('',*,*,#5562,.F.);
#3813=ORIENTED_EDGE('',*,*,#5599,.F.);
#3814=ORIENTED_EDGE('',*,*,#5575,.F.);
#3815=ORIENTED_EDGE('',*,*,#5622,.T.);
#3816=ORIENTED_EDGE('',*,*,#5489,.F.);
#3817=ORIENTED_EDGE('',*,*,#5566,.F.);
#3818=ORIENTED_EDGE('',*,*,#5573,.F.);
#3819=ORIENTED_EDGE('',*,*,#5563,.T.);
#3820=ORIENTED_EDGE('',*,*,#5498,.F.);
#3821=ORIENTED_EDGE('',*,*,#5619,.F.);
#3822=ORIENTED_EDGE('',*,*,#5621,.T.);
#3823=ORIENTED_EDGE('',*,*,#5584,.T.);
#3824=ORIENTED_EDGE('',*,*,#5576,.T.);
#3825=ORIENTED_EDGE('',*,*,#5522,.T.);
#3826=ORIENTED_EDGE('',*,*,#5593,.F.);
#3827=ORIENTED_EDGE('',*,*,#5586,.T.);
#3828=ORIENTED_EDGE('',*,*,#5617,.T.);
#3829=ORIENTED_EDGE('',*,*,#5533,.T.);
#3830=ORIENTED_EDGE('',*,*,#5624,.F.);
#3831=ORIENTED_EDGE('',*,*,#5625,.T.);
#3832=ORIENTED_EDGE('',*,*,#5626,.T.);
#3833=ORIENTED_EDGE('',*,*,#5627,.T.);
#3834=ORIENTED_EDGE('',*,*,#5628,.T.);
#3835=ORIENTED_EDGE('',*,*,#5629,.F.);
#3836=ORIENTED_EDGE('',*,*,#5630,.F.);
#3837=ORIENTED_EDGE('',*,*,#5631,.T.);
#3838=ORIENTED_EDGE('',*,*,#5632,.F.);
#3839=ORIENTED_EDGE('',*,*,#5633,.F.);
#3840=ORIENTED_EDGE('',*,*,#5634,.F.);
#3841=ORIENTED_EDGE('',*,*,#5635,.T.);
#3842=ORIENTED_EDGE('',*,*,#5628,.F.);
#3843=ORIENTED_EDGE('',*,*,#5634,.T.);
#3844=ORIENTED_EDGE('',*,*,#5629,.T.);
#3845=ORIENTED_EDGE('',*,*,#5635,.F.);
#3846=ORIENTED_EDGE('',*,*,#5636,.T.);
#3847=ORIENTED_EDGE('',*,*,#5632,.T.);
#3848=ORIENTED_EDGE('',*,*,#5637,.F.);
#3849=ORIENTED_EDGE('',*,*,#5627,.F.);
#3850=ORIENTED_EDGE('',*,*,#5638,.F.);
#3851=ORIENTED_EDGE('',*,*,#5630,.T.);
#3852=ORIENTED_EDGE('',*,*,#5639,.T.);
#3853=ORIENTED_EDGE('',*,*,#5625,.F.);
#3854=ORIENTED_EDGE('',*,*,#5624,.T.);
#3855=ORIENTED_EDGE('',*,*,#5637,.T.);
#3856=ORIENTED_EDGE('',*,*,#5631,.F.);
#3857=ORIENTED_EDGE('',*,*,#5638,.T.);
#3858=ORIENTED_EDGE('',*,*,#5639,.F.);
#3859=ORIENTED_EDGE('',*,*,#5633,.T.);
#3860=ORIENTED_EDGE('',*,*,#5636,.F.);
#3861=ORIENTED_EDGE('',*,*,#5626,.F.);
#3862=ORIENTED_EDGE('',*,*,#5640,.F.);
#3863=ORIENTED_EDGE('',*,*,#5641,.T.);
#3864=ORIENTED_EDGE('',*,*,#5642,.F.);
#3865=ORIENTED_EDGE('',*,*,#5640,.T.);
#3866=ORIENTED_EDGE('',*,*,#5643,.F.);
#3867=ORIENTED_EDGE('',*,*,#5642,.T.);
#3868=ORIENTED_EDGE('',*,*,#5644,.F.);
#3869=ORIENTED_EDGE('',*,*,#5643,.T.);
#3870=ORIENTED_EDGE('',*,*,#5645,.F.);
#3871=ORIENTED_EDGE('',*,*,#5644,.T.);
#3872=ORIENTED_EDGE('',*,*,#5646,.F.);
#3873=ORIENTED_EDGE('',*,*,#5645,.T.);
#3874=ORIENTED_EDGE('',*,*,#5647,.F.);
#3875=ORIENTED_EDGE('',*,*,#5646,.T.);
#3876=ORIENTED_EDGE('',*,*,#5648,.F.);
#3877=ORIENTED_EDGE('',*,*,#5647,.T.);
#3878=ORIENTED_EDGE('',*,*,#5649,.F.);
#3879=ORIENTED_EDGE('',*,*,#5648,.T.);
#3880=ORIENTED_EDGE('',*,*,#5650,.F.);
#3881=ORIENTED_EDGE('',*,*,#5649,.T.);
#3882=ORIENTED_EDGE('',*,*,#5641,.F.);
#3883=ORIENTED_EDGE('',*,*,#5650,.T.);
#3884=ORIENTED_EDGE('',*,*,#5651,.T.);
#3885=ORIENTED_EDGE('',*,*,#5652,.T.);
#3886=ORIENTED_EDGE('',*,*,#5653,.F.);
#3887=ORIENTED_EDGE('',*,*,#5654,.T.);
#3888=ORIENTED_EDGE('',*,*,#5655,.F.);
#3889=ORIENTED_EDGE('',*,*,#5656,.F.);
#3890=ORIENTED_EDGE('',*,*,#5657,.F.);
#3891=ORIENTED_EDGE('',*,*,#5658,.T.);
#3892=ORIENTED_EDGE('',*,*,#5659,.T.);
#3893=ORIENTED_EDGE('',*,*,#5660,.T.);
#3894=ORIENTED_EDGE('',*,*,#5661,.F.);
#3895=ORIENTED_EDGE('',*,*,#5662,.T.);
#3896=ORIENTED_EDGE('',*,*,#5663,.T.);
#3897=ORIENTED_EDGE('',*,*,#5664,.T.);
#3898=ORIENTED_EDGE('',*,*,#5665,.F.);
#3899=ORIENTED_EDGE('',*,*,#5666,.F.);
#3900=ORIENTED_EDGE('',*,*,#5667,.F.);
#3901=ORIENTED_EDGE('',*,*,#5668,.F.);
#3902=ORIENTED_EDGE('',*,*,#5669,.F.);
#3903=ORIENTED_EDGE('',*,*,#5670,.T.);
#3904=ORIENTED_EDGE('',*,*,#5671,.T.);
#3905=ORIENTED_EDGE('',*,*,#5672,.T.);
#3906=ORIENTED_EDGE('',*,*,#5673,.F.);
#3907=ORIENTED_EDGE('',*,*,#5674,.T.);
#3908=ORIENTED_EDGE('',*,*,#5675,.T.);
#3909=ORIENTED_EDGE('',*,*,#5676,.T.);
#3910=ORIENTED_EDGE('',*,*,#5677,.F.);
#3911=ORIENTED_EDGE('',*,*,#5678,.T.);
#3912=ORIENTED_EDGE('',*,*,#5679,.T.);
#3913=ORIENTED_EDGE('',*,*,#5680,.T.);
#3914=ORIENTED_EDGE('',*,*,#5681,.T.);
#3915=ORIENTED_EDGE('',*,*,#5682,.T.);
#3916=ORIENTED_EDGE('',*,*,#5683,.F.);
#3917=ORIENTED_EDGE('',*,*,#5684,.T.);
#3918=ORIENTED_EDGE('',*,*,#5685,.F.);
#3919=ORIENTED_EDGE('',*,*,#5686,.T.);
#3920=ORIENTED_EDGE('',*,*,#5673,.T.);
#3921=ORIENTED_EDGE('',*,*,#5687,.F.);
#3922=ORIENTED_EDGE('',*,*,#5688,.F.);
#3923=ORIENTED_EDGE('',*,*,#5689,.T.);
#3924=ORIENTED_EDGE('',*,*,#5669,.T.);
#3925=ORIENTED_EDGE('',*,*,#5690,.F.);
#3926=ORIENTED_EDGE('',*,*,#5684,.F.);
#3927=ORIENTED_EDGE('',*,*,#5691,.T.);
#3928=ORIENTED_EDGE('',*,*,#5677,.T.);
#3929=ORIENTED_EDGE('',*,*,#5692,.F.);
#3930=ORIENTED_EDGE('',*,*,#5693,.F.);
#3931=ORIENTED_EDGE('',*,*,#5694,.T.);
#3932=ORIENTED_EDGE('',*,*,#5661,.T.);
#3933=ORIENTED_EDGE('',*,*,#5695,.F.);
#3934=ORIENTED_EDGE('',*,*,#5682,.F.);
#3935=ORIENTED_EDGE('',*,*,#5696,.T.);
#3936=ORIENTED_EDGE('',*,*,#5665,.T.);
#3937=ORIENTED_EDGE('',*,*,#5697,.F.);
#3938=ORIENTED_EDGE('',*,*,#5698,.T.);
#3939=ORIENTED_EDGE('',*,*,#5699,.T.);
#3940=ORIENTED_EDGE('',*,*,#5700,.F.);
#3941=ORIENTED_EDGE('',*,*,#5701,.F.);
#3942=ORIENTED_EDGE('',*,*,#5702,.F.);
#3943=ORIENTED_EDGE('',*,*,#5703,.F.);
#3944=ORIENTED_EDGE('',*,*,#5704,.T.);
#3945=ORIENTED_EDGE('',*,*,#5705,.T.);
#3946=ORIENTED_EDGE('',*,*,#5703,.T.);
#3947=ORIENTED_EDGE('',*,*,#5706,.T.);
#3948=ORIENTED_EDGE('',*,*,#5691,.F.);
#3949=ORIENTED_EDGE('',*,*,#5707,.T.);
#3950=ORIENTED_EDGE('',*,*,#5708,.T.);
#3951=ORIENTED_EDGE('',*,*,#5695,.T.);
#3952=ORIENTED_EDGE('',*,*,#5709,.T.);
#3953=ORIENTED_EDGE('',*,*,#5705,.F.);
#3954=ORIENTED_EDGE('',*,*,#5710,.T.);
#3955=ORIENTED_EDGE('',*,*,#5707,.F.);
#3956=ORIENTED_EDGE('',*,*,#5683,.T.);
#3957=ORIENTED_EDGE('',*,*,#5710,.F.);
#3958=ORIENTED_EDGE('',*,*,#5704,.F.);
#3959=ORIENTED_EDGE('',*,*,#5706,.F.);
#3960=ORIENTED_EDGE('',*,*,#5702,.T.);
#3961=ORIENTED_EDGE('',*,*,#5709,.F.);
#3962=ORIENTED_EDGE('',*,*,#5660,.F.);
#3963=ORIENTED_EDGE('',*,*,#5711,.T.);
#3964=ORIENTED_EDGE('',*,*,#5658,.F.);
#3965=ORIENTED_EDGE('',*,*,#5668,.T.);
#3966=ORIENTED_EDGE('',*,*,#5712,.T.);
#3967=ORIENTED_EDGE('',*,*,#5713,.T.);
#3968=ORIENTED_EDGE('',*,*,#5714,.T.);
#3969=ORIENTED_EDGE('',*,*,#5715,.T.);
#3970=ORIENTED_EDGE('',*,*,#5716,.T.);
#3971=ORIENTED_EDGE('',*,*,#5679,.F.);
#3972=ORIENTED_EDGE('',*,*,#5690,.T.);
#3973=ORIENTED_EDGE('',*,*,#5717,.F.);
#3974=ORIENTED_EDGE('',*,*,#5718,.T.);
#3975=ORIENTED_EDGE('',*,*,#5719,.T.);
#3976=ORIENTED_EDGE('',*,*,#5666,.T.);
#3977=ORIENTED_EDGE('',*,*,#5696,.F.);
#3978=ORIENTED_EDGE('',*,*,#5681,.F.);
#3979=ORIENTED_EDGE('',*,*,#5720,.T.);
#3980=ORIENTED_EDGE('',*,*,#5721,.T.);
#3981=ORIENTED_EDGE('',*,*,#5722,.T.);
#3982=ORIENTED_EDGE('',*,*,#5723,.T.);
#3983=ORIENTED_EDGE('',*,*,#5724,.F.);
#3984=ORIENTED_EDGE('',*,*,#5725,.F.);
#3985=ORIENTED_EDGE('',*,*,#5726,.F.);
#3986=ORIENTED_EDGE('',*,*,#5727,.T.);
#3987=ORIENTED_EDGE('',*,*,#5653,.T.);
#3988=ORIENTED_EDGE('',*,*,#5728,.T.);
#3989=ORIENTED_EDGE('',*,*,#5714,.F.);
#3990=ORIENTED_EDGE('',*,*,#5729,.T.);
#3991=ORIENTED_EDGE('',*,*,#5717,.T.);
#3992=ORIENTED_EDGE('',*,*,#5730,.F.);
#3993=ORIENTED_EDGE('',*,*,#5731,.T.);
#3994=ORIENTED_EDGE('',*,*,#5651,.F.);
#3995=ORIENTED_EDGE('',*,*,#5732,.F.);
#3996=ORIENTED_EDGE('',*,*,#5733,.T.);
#3997=ORIENTED_EDGE('',*,*,#5734,.T.);
#3998=ORIENTED_EDGE('',*,*,#5735,.F.);
#3999=ORIENTED_EDGE('',*,*,#5736,.T.);
#4000=ORIENTED_EDGE('',*,*,#5659,.F.);
#4001=ORIENTED_EDGE('',*,*,#5737,.T.);
#4002=ORIENTED_EDGE('',*,*,#5738,.F.);
#4003=ORIENTED_EDGE('',*,*,#5739,.F.);
#4004=ORIENTED_EDGE('',*,*,#5740,.T.);
#4005=ORIENTED_EDGE('',*,*,#5741,.T.);
#4006=ORIENTED_EDGE('',*,*,#5733,.F.);
#4007=ORIENTED_EDGE('',*,*,#5742,.F.);
#4008=ORIENTED_EDGE('',*,*,#5726,.T.);
#4009=ORIENTED_EDGE('',*,*,#5743,.F.);
#4010=ORIENTED_EDGE('',*,*,#5740,.F.);
#4011=ORIENTED_EDGE('',*,*,#5744,.F.);
#4012=ORIENTED_EDGE('',*,*,#5745,.T.);
#4013=ORIENTED_EDGE('',*,*,#5746,.F.);
#4014=ORIENTED_EDGE('',*,*,#5735,.T.);
#4015=ORIENTED_EDGE('',*,*,#5747,.F.);
#4016=ORIENTED_EDGE('',*,*,#5748,.F.);
#4017=ORIENTED_EDGE('',*,*,#5749,.F.);
#4018=ORIENTED_EDGE('',*,*,#5738,.T.);
#4019=ORIENTED_EDGE('',*,*,#5750,.F.);
#4020=ORIENTED_EDGE('',*,*,#5698,.F.);
#4021=ORIENTED_EDGE('',*,*,#5751,.F.);
#4022=ORIENTED_EDGE('',*,*,#5744,.T.);
#4023=ORIENTED_EDGE('',*,*,#5739,.T.);
#4024=ORIENTED_EDGE('',*,*,#5749,.T.);
#4025=ORIENTED_EDGE('',*,*,#5752,.F.);
#4026=ORIENTED_EDGE('',*,*,#5753,.F.);
#4027=ORIENTED_EDGE('',*,*,#5734,.F.);
#4028=ORIENTED_EDGE('',*,*,#5746,.T.);
#4029=ORIENTED_EDGE('',*,*,#5754,.F.);
#4030=ORIENTED_EDGE('',*,*,#5700,.T.);
#4031=ORIENTED_EDGE('',*,*,#5755,.F.);
#4032=ORIENTED_EDGE('',*,*,#5747,.T.);
#4033=ORIENTED_EDGE('',*,*,#5751,.T.);
#4034=ORIENTED_EDGE('',*,*,#5701,.T.);
#4035=ORIENTED_EDGE('',*,*,#5754,.T.);
#4036=ORIENTED_EDGE('',*,*,#5745,.F.);
#4037=ORIENTED_EDGE('',*,*,#5752,.T.);
#4038=ORIENTED_EDGE('',*,*,#5748,.T.);
#4039=ORIENTED_EDGE('',*,*,#5755,.T.);
#4040=ORIENTED_EDGE('',*,*,#5699,.F.);
#4041=ORIENTED_EDGE('',*,*,#5728,.F.);
#4042=ORIENTED_EDGE('',*,*,#5652,.F.);
#4043=ORIENTED_EDGE('',*,*,#5731,.F.);
#4044=ORIENTED_EDGE('',*,*,#5743,.T.);
#4045=ORIENTED_EDGE('',*,*,#5732,.T.);
#4046=ORIENTED_EDGE('',*,*,#5654,.F.);
#4047=ORIENTED_EDGE('',*,*,#5727,.F.);
#4048=ORIENTED_EDGE('',*,*,#5742,.T.);
#4049=ORIENTED_EDGE('',*,*,#5678,.F.);
#4050=ORIENTED_EDGE('',*,*,#5741,.F.);
#4051=ORIENTED_EDGE('',*,*,#5753,.T.);
#4052=ORIENTED_EDGE('',*,*,#5708,.F.);
#4053=ORIENTED_EDGE('',*,*,#5662,.F.);
#4054=ORIENTED_EDGE('',*,*,#5694,.F.);
#4055=ORIENTED_EDGE('',*,*,#5756,.T.);
#4056=ORIENTED_EDGE('',*,*,#5757,.T.);
#4057=ORIENTED_EDGE('',*,*,#5663,.F.);
#4058=ORIENTED_EDGE('',*,*,#5757,.F.);
#4059=ORIENTED_EDGE('',*,*,#5758,.T.);
#4060=ORIENTED_EDGE('',*,*,#5759,.T.);
#4061=ORIENTED_EDGE('',*,*,#5664,.F.);
#4062=ORIENTED_EDGE('',*,*,#5759,.F.);
#4063=ORIENTED_EDGE('',*,*,#5760,.T.);
#4064=ORIENTED_EDGE('',*,*,#5697,.T.);
#4065=ORIENTED_EDGE('',*,*,#5761,.F.);
#4066=ORIENTED_EDGE('',*,*,#5656,.T.);
#4067=ORIENTED_EDGE('',*,*,#5756,.F.);
#4068=ORIENTED_EDGE('',*,*,#5693,.T.);
#4069=ORIENTED_EDGE('',*,*,#5760,.F.);
#4070=ORIENTED_EDGE('',*,*,#5758,.F.);
#4071=ORIENTED_EDGE('',*,*,#5761,.T.);
#4072=ORIENTED_EDGE('',*,*,#5670,.F.);
#4073=ORIENTED_EDGE('',*,*,#5689,.F.);
#4074=ORIENTED_EDGE('',*,*,#5762,.T.);
#4075=ORIENTED_EDGE('',*,*,#5763,.T.);
#4076=ORIENTED_EDGE('',*,*,#5671,.F.);
#4077=ORIENTED_EDGE('',*,*,#5763,.F.);
#4078=ORIENTED_EDGE('',*,*,#5764,.T.);
#4079=ORIENTED_EDGE('',*,*,#5765,.T.);
#4080=ORIENTED_EDGE('',*,*,#5672,.F.);
#4081=ORIENTED_EDGE('',*,*,#5765,.F.);
#4082=ORIENTED_EDGE('',*,*,#5766,.T.);
#4083=ORIENTED_EDGE('',*,*,#5687,.T.);
#4084=ORIENTED_EDGE('',*,*,#5767,.F.);
#4085=ORIENTED_EDGE('',*,*,#5657,.T.);
#4086=ORIENTED_EDGE('',*,*,#5762,.F.);
#4087=ORIENTED_EDGE('',*,*,#5688,.T.);
#4088=ORIENTED_EDGE('',*,*,#5766,.F.);
#4089=ORIENTED_EDGE('',*,*,#5764,.F.);
#4090=ORIENTED_EDGE('',*,*,#5767,.T.);
#4091=ORIENTED_EDGE('',*,*,#5674,.F.);
#4092=ORIENTED_EDGE('',*,*,#5686,.F.);
#4093=ORIENTED_EDGE('',*,*,#5768,.T.);
#4094=ORIENTED_EDGE('',*,*,#5769,.T.);
#4095=ORIENTED_EDGE('',*,*,#5675,.F.);
#4096=ORIENTED_EDGE('',*,*,#5769,.F.);
#4097=ORIENTED_EDGE('',*,*,#5770,.T.);
#4098=ORIENTED_EDGE('',*,*,#5771,.T.);
#4099=ORIENTED_EDGE('',*,*,#5676,.F.);
#4100=ORIENTED_EDGE('',*,*,#5771,.F.);
#4101=ORIENTED_EDGE('',*,*,#5772,.T.);
#4102=ORIENTED_EDGE('',*,*,#5692,.T.);
#4103=ORIENTED_EDGE('',*,*,#5773,.F.);
#4104=ORIENTED_EDGE('',*,*,#5655,.T.);
#4105=ORIENTED_EDGE('',*,*,#5768,.F.);
#4106=ORIENTED_EDGE('',*,*,#5685,.T.);
#4107=ORIENTED_EDGE('',*,*,#5772,.F.);
#4108=ORIENTED_EDGE('',*,*,#5770,.F.);
#4109=ORIENTED_EDGE('',*,*,#5773,.T.);
#4110=ORIENTED_EDGE('',*,*,#5774,.F.);
#4111=ORIENTED_EDGE('',*,*,#5775,.F.);
#4112=ORIENTED_EDGE('',*,*,#5716,.F.);
#4113=ORIENTED_EDGE('',*,*,#5776,.T.);
#4114=ORIENTED_EDGE('',*,*,#5720,.F.);
#4115=ORIENTED_EDGE('',*,*,#5680,.F.);
#4116=ORIENTED_EDGE('',*,*,#5715,.F.);
#4117=ORIENTED_EDGE('',*,*,#5730,.T.);
#4118=ORIENTED_EDGE('',*,*,#5721,.F.);
#4119=ORIENTED_EDGE('',*,*,#5776,.F.);
#4120=ORIENTED_EDGE('',*,*,#5713,.F.);
#4121=ORIENTED_EDGE('',*,*,#5777,.T.);
#4122=ORIENTED_EDGE('',*,*,#5718,.F.);
#4123=ORIENTED_EDGE('',*,*,#5729,.F.);
#4124=ORIENTED_EDGE('',*,*,#5778,.F.);
#4125=ORIENTED_EDGE('',*,*,#5779,.F.);
#4126=ORIENTED_EDGE('',*,*,#5712,.F.);
#4127=ORIENTED_EDGE('',*,*,#5667,.T.);
#4128=ORIENTED_EDGE('',*,*,#5719,.F.);
#4129=ORIENTED_EDGE('',*,*,#5777,.F.);
#4130=ORIENTED_EDGE('',*,*,#5779,.T.);
#4131=ORIENTED_EDGE('',*,*,#5725,.T.);
#4132=ORIENTED_EDGE('',*,*,#5778,.T.);
#4133=ORIENTED_EDGE('',*,*,#5724,.T.);
#4134=ORIENTED_EDGE('',*,*,#5775,.T.);
#4135=ORIENTED_EDGE('',*,*,#5723,.F.);
#4136=ORIENTED_EDGE('',*,*,#5774,.T.);
#4137=ORIENTED_EDGE('',*,*,#5722,.F.);
#4138=ORIENTED_EDGE('',*,*,#5736,.F.);
#4139=ORIENTED_EDGE('',*,*,#5750,.T.);
#4140=ORIENTED_EDGE('',*,*,#5737,.F.);
#4141=ORIENTED_EDGE('',*,*,#5711,.F.);
#4142=ORIENTED_EDGE('',*,*,#5780,.T.);
#4143=ORIENTED_EDGE('',*,*,#5781,.F.);
#4144=ORIENTED_EDGE('',*,*,#5782,.F.);
#4145=ORIENTED_EDGE('',*,*,#5783,.T.);
#4146=ORIENTED_EDGE('',*,*,#5784,.T.);
#4147=ORIENTED_EDGE('',*,*,#5785,.F.);
#4148=ORIENTED_EDGE('',*,*,#5786,.F.);
#4149=ORIENTED_EDGE('',*,*,#5781,.T.);
#4150=ORIENTED_EDGE('',*,*,#5787,.T.);
#4151=ORIENTED_EDGE('',*,*,#5788,.F.);
#4152=ORIENTED_EDGE('',*,*,#5789,.F.);
#4153=ORIENTED_EDGE('',*,*,#5785,.T.);
#4154=ORIENTED_EDGE('',*,*,#5790,.T.);
#4155=ORIENTED_EDGE('',*,*,#5783,.F.);
#4156=ORIENTED_EDGE('',*,*,#5791,.F.);
#4157=ORIENTED_EDGE('',*,*,#5788,.T.);
#4158=ORIENTED_EDGE('',*,*,#5782,.T.);
#4159=ORIENTED_EDGE('',*,*,#5786,.T.);
#4160=ORIENTED_EDGE('',*,*,#5789,.T.);
#4161=ORIENTED_EDGE('',*,*,#5791,.T.);
#4162=ORIENTED_EDGE('',*,*,#5780,.F.);
#4163=ORIENTED_EDGE('',*,*,#5790,.F.);
#4164=ORIENTED_EDGE('',*,*,#5787,.F.);
#4165=ORIENTED_EDGE('',*,*,#5784,.F.);
#4166=ORIENTED_EDGE('',*,*,#5792,.F.);
#4167=ORIENTED_EDGE('',*,*,#5793,.F.);
#4168=ORIENTED_EDGE('',*,*,#5794,.F.);
#4169=ORIENTED_EDGE('',*,*,#5795,.T.);
#4170=ORIENTED_EDGE('',*,*,#5796,.T.);
#4171=ORIENTED_EDGE('',*,*,#5797,.T.);
#4172=ORIENTED_EDGE('',*,*,#5798,.F.);
#4173=ORIENTED_EDGE('',*,*,#5794,.T.);
#4174=ORIENTED_EDGE('',*,*,#5799,.F.);
#4175=ORIENTED_EDGE('',*,*,#5792,.T.);
#4176=ORIENTED_EDGE('',*,*,#5800,.T.);
#4177=ORIENTED_EDGE('',*,*,#5801,.T.);
#4178=ORIENTED_EDGE('',*,*,#5799,.T.);
#4179=ORIENTED_EDGE('',*,*,#5802,.T.);
#4180=ORIENTED_EDGE('',*,*,#5796,.F.);
#4181=ORIENTED_EDGE('',*,*,#5793,.T.);
#4182=ORIENTED_EDGE('',*,*,#5803,.F.);
#4183=ORIENTED_EDGE('',*,*,#5800,.F.);
#4184=ORIENTED_EDGE('',*,*,#5795,.F.);
#4185=ORIENTED_EDGE('',*,*,#5798,.T.);
#4186=ORIENTED_EDGE('',*,*,#5802,.F.);
#4187=ORIENTED_EDGE('',*,*,#5801,.F.);
#4188=ORIENTED_EDGE('',*,*,#5803,.T.);
#4189=ORIENTED_EDGE('',*,*,#5797,.F.);
#4190=ORIENTED_EDGE('',*,*,#5804,.F.);
#4191=ORIENTED_EDGE('',*,*,#5805,.F.);
#4192=ORIENTED_EDGE('',*,*,#5806,.T.);
#4193=ORIENTED_EDGE('',*,*,#5807,.T.);
#4194=ORIENTED_EDGE('',*,*,#5808,.F.);
#4195=ORIENTED_EDGE('',*,*,#5807,.F.);
#4196=ORIENTED_EDGE('',*,*,#5809,.T.);
#4197=ORIENTED_EDGE('',*,*,#5810,.T.);
#4198=ORIENTED_EDGE('',*,*,#5811,.F.);
#4199=ORIENTED_EDGE('',*,*,#5810,.F.);
#4200=ORIENTED_EDGE('',*,*,#5812,.T.);
#4201=ORIENTED_EDGE('',*,*,#5813,.T.);
#4202=ORIENTED_EDGE('',*,*,#5814,.F.);
#4203=ORIENTED_EDGE('',*,*,#5813,.F.);
#4204=ORIENTED_EDGE('',*,*,#5815,.T.);
#4205=ORIENTED_EDGE('',*,*,#5805,.T.);
#4206=ORIENTED_EDGE('',*,*,#5806,.F.);
#4207=ORIENTED_EDGE('',*,*,#5815,.F.);
#4208=ORIENTED_EDGE('',*,*,#5812,.F.);
#4209=ORIENTED_EDGE('',*,*,#5809,.F.);
#4210=ORIENTED_EDGE('',*,*,#5804,.T.);
#4211=ORIENTED_EDGE('',*,*,#5808,.T.);
#4212=ORIENTED_EDGE('',*,*,#5811,.T.);
#4213=ORIENTED_EDGE('',*,*,#5814,.T.);
#4214=ORIENTED_EDGE('',*,*,#5816,.T.);
#4215=ORIENTED_EDGE('',*,*,#5817,.F.);
#4216=ORIENTED_EDGE('',*,*,#5818,.F.);
#4217=ORIENTED_EDGE('',*,*,#5819,.T.);
#4218=ORIENTED_EDGE('',*,*,#5820,.F.);
#4219=ORIENTED_EDGE('',*,*,#5821,.F.);
#4220=ORIENTED_EDGE('',*,*,#5822,.T.);
#4221=ORIENTED_EDGE('',*,*,#5819,.F.);
#4222=ORIENTED_EDGE('',*,*,#5823,.F.);
#4223=ORIENTED_EDGE('',*,*,#5824,.T.);
#4224=ORIENTED_EDGE('',*,*,#5825,.T.);
#4225=ORIENTED_EDGE('',*,*,#5817,.T.);
#4226=ORIENTED_EDGE('',*,*,#5825,.F.);
#4227=ORIENTED_EDGE('',*,*,#5826,.T.);
#4228=ORIENTED_EDGE('',*,*,#5820,.T.);
#4229=ORIENTED_EDGE('',*,*,#5818,.T.);
#4230=ORIENTED_EDGE('',*,*,#5827,.F.);
#4231=ORIENTED_EDGE('',*,*,#5823,.T.);
#4232=ORIENTED_EDGE('',*,*,#5816,.F.);
#4233=ORIENTED_EDGE('',*,*,#5822,.F.);
#4234=ORIENTED_EDGE('',*,*,#5824,.F.);
#4235=ORIENTED_EDGE('',*,*,#5827,.T.);
#4236=ORIENTED_EDGE('',*,*,#5821,.T.);
#4237=ORIENTED_EDGE('',*,*,#5826,.F.);
#4238=ORIENTED_EDGE('',*,*,#5828,.T.);
#4239=ORIENTED_EDGE('',*,*,#5829,.F.);
#4240=ORIENTED_EDGE('',*,*,#5830,.F.);
#4241=ORIENTED_EDGE('',*,*,#5831,.T.);
#4242=ORIENTED_EDGE('',*,*,#5832,.T.);
#4243=ORIENTED_EDGE('',*,*,#5833,.F.);
#4244=ORIENTED_EDGE('',*,*,#5834,.F.);
#4245=ORIENTED_EDGE('',*,*,#5829,.T.);
#4246=ORIENTED_EDGE('',*,*,#5835,.T.);
#4247=ORIENTED_EDGE('',*,*,#5836,.F.);
#4248=ORIENTED_EDGE('',*,*,#5837,.F.);
#4249=ORIENTED_EDGE('',*,*,#5833,.T.);
#4250=ORIENTED_EDGE('',*,*,#5838,.T.);
#4251=ORIENTED_EDGE('',*,*,#5839,.F.);
#4252=ORIENTED_EDGE('',*,*,#5840,.F.);
#4253=ORIENTED_EDGE('',*,*,#5841,.T.);
#4254=ORIENTED_EDGE('',*,*,#5842,.T.);
#4255=ORIENTED_EDGE('',*,*,#5843,.F.);
#4256=ORIENTED_EDGE('',*,*,#5844,.F.);
#4257=ORIENTED_EDGE('',*,*,#5839,.T.);
#4258=ORIENTED_EDGE('',*,*,#5845,.T.);
#4259=ORIENTED_EDGE('',*,*,#5846,.F.);
#4260=ORIENTED_EDGE('',*,*,#5847,.F.);
#4261=ORIENTED_EDGE('',*,*,#5843,.T.);
#4262=ORIENTED_EDGE('',*,*,#5848,.T.);
#4263=ORIENTED_EDGE('',*,*,#5849,.F.);
#4264=ORIENTED_EDGE('',*,*,#5850,.F.);
#4265=ORIENTED_EDGE('',*,*,#5846,.T.);
#4266=ORIENTED_EDGE('',*,*,#5851,.T.);
#4267=ORIENTED_EDGE('',*,*,#5852,.F.);
#4268=ORIENTED_EDGE('',*,*,#5853,.F.);
#4269=ORIENTED_EDGE('',*,*,#5849,.T.);
#4270=ORIENTED_EDGE('',*,*,#5854,.T.);
#4271=ORIENTED_EDGE('',*,*,#5841,.F.);
#4272=ORIENTED_EDGE('',*,*,#5855,.F.);
#4273=ORIENTED_EDGE('',*,*,#5852,.T.);
#4274=ORIENTED_EDGE('',*,*,#5856,.T.);
#4275=ORIENTED_EDGE('',*,*,#5831,.F.);
#4276=ORIENTED_EDGE('',*,*,#5857,.F.);
#4277=ORIENTED_EDGE('',*,*,#5836,.T.);
#4278=ORIENTED_EDGE('',*,*,#5840,.T.);
#4279=ORIENTED_EDGE('',*,*,#5844,.T.);
#4280=ORIENTED_EDGE('',*,*,#5847,.T.);
#4281=ORIENTED_EDGE('',*,*,#5850,.T.);
#4282=ORIENTED_EDGE('',*,*,#5853,.T.);
#4283=ORIENTED_EDGE('',*,*,#5855,.T.);
#4284=ORIENTED_EDGE('',*,*,#5830,.T.);
#4285=ORIENTED_EDGE('',*,*,#5834,.T.);
#4286=ORIENTED_EDGE('',*,*,#5837,.T.);
#4287=ORIENTED_EDGE('',*,*,#5857,.T.);
#4288=ORIENTED_EDGE('',*,*,#5838,.F.);
#4289=ORIENTED_EDGE('',*,*,#5854,.F.);
#4290=ORIENTED_EDGE('',*,*,#5851,.F.);
#4291=ORIENTED_EDGE('',*,*,#5848,.F.);
#4292=ORIENTED_EDGE('',*,*,#5845,.F.);
#4293=ORIENTED_EDGE('',*,*,#5842,.F.);
#4294=ORIENTED_EDGE('',*,*,#5828,.F.);
#4295=ORIENTED_EDGE('',*,*,#5856,.F.);
#4296=ORIENTED_EDGE('',*,*,#5835,.F.);
#4297=ORIENTED_EDGE('',*,*,#5832,.F.);
#4298=ORIENTED_EDGE('',*,*,#5858,.T.);
#4299=ORIENTED_EDGE('',*,*,#5859,.F.);
#4300=ORIENTED_EDGE('',*,*,#5860,.T.);
#4301=ORIENTED_EDGE('',*,*,#5861,.T.);
#4302=ORIENTED_EDGE('',*,*,#5862,.T.);
#4303=ORIENTED_EDGE('',*,*,#5863,.F.);
#4304=ORIENTED_EDGE('',*,*,#5864,.F.);
#4305=ORIENTED_EDGE('',*,*,#5865,.F.);
#4306=ORIENTED_EDGE('',*,*,#5866,.F.);
#4307=ORIENTED_EDGE('',*,*,#5858,.F.);
#4308=ORIENTED_EDGE('',*,*,#5867,.T.);
#4309=ORIENTED_EDGE('',*,*,#5863,.T.);
#4310=ORIENTED_EDGE('',*,*,#5868,.F.);
#4311=ORIENTED_EDGE('',*,*,#5865,.T.);
#4312=ORIENTED_EDGE('',*,*,#5869,.F.);
#4313=ORIENTED_EDGE('',*,*,#5860,.F.);
#4314=ORIENTED_EDGE('',*,*,#5864,.T.);
#4315=ORIENTED_EDGE('',*,*,#5867,.F.);
#4316=ORIENTED_EDGE('',*,*,#5861,.F.);
#4317=ORIENTED_EDGE('',*,*,#5869,.T.);
#4318=ORIENTED_EDGE('',*,*,#5862,.F.);
#4319=ORIENTED_EDGE('',*,*,#5868,.T.);
#4320=ORIENTED_EDGE('',*,*,#5859,.T.);
#4321=ORIENTED_EDGE('',*,*,#5866,.T.);
#4322=ORIENTED_EDGE('',*,*,#5870,.F.);
#4323=ORIENTED_EDGE('',*,*,#5871,.F.);
#4324=ORIENTED_EDGE('',*,*,#5872,.T.);
#4325=ORIENTED_EDGE('',*,*,#5873,.T.);
#4326=ORIENTED_EDGE('',*,*,#5874,.F.);
#4327=ORIENTED_EDGE('',*,*,#5875,.F.);
#4328=ORIENTED_EDGE('',*,*,#5876,.T.);
#4329=ORIENTED_EDGE('',*,*,#5871,.T.);
#4330=ORIENTED_EDGE('',*,*,#5877,.F.);
#4331=ORIENTED_EDGE('',*,*,#5878,.F.);
#4332=ORIENTED_EDGE('',*,*,#5879,.T.);
#4333=ORIENTED_EDGE('',*,*,#5875,.T.);
#4334=ORIENTED_EDGE('',*,*,#5880,.F.);
#4335=ORIENTED_EDGE('',*,*,#5881,.F.);
#4336=ORIENTED_EDGE('',*,*,#5882,.T.);
#4337=ORIENTED_EDGE('',*,*,#5883,.T.);
#4338=ORIENTED_EDGE('',*,*,#5884,.F.);
#4339=ORIENTED_EDGE('',*,*,#5885,.F.);
#4340=ORIENTED_EDGE('',*,*,#5886,.T.);
#4341=ORIENTED_EDGE('',*,*,#5881,.T.);
#4342=ORIENTED_EDGE('',*,*,#5887,.F.);
#4343=ORIENTED_EDGE('',*,*,#5888,.F.);
#4344=ORIENTED_EDGE('',*,*,#5889,.T.);
#4345=ORIENTED_EDGE('',*,*,#5885,.T.);
#4346=ORIENTED_EDGE('',*,*,#5890,.F.);
#4347=ORIENTED_EDGE('',*,*,#5891,.F.);
#4348=ORIENTED_EDGE('',*,*,#5892,.T.);
#4349=ORIENTED_EDGE('',*,*,#5888,.T.);
#4350=ORIENTED_EDGE('',*,*,#5893,.F.);
#4351=ORIENTED_EDGE('',*,*,#5894,.F.);
#4352=ORIENTED_EDGE('',*,*,#5895,.T.);
#4353=ORIENTED_EDGE('',*,*,#5891,.T.);
#4354=ORIENTED_EDGE('',*,*,#5896,.F.);
#4355=ORIENTED_EDGE('',*,*,#5883,.F.);
#4356=ORIENTED_EDGE('',*,*,#5897,.T.);
#4357=ORIENTED_EDGE('',*,*,#5894,.T.);
#4358=ORIENTED_EDGE('',*,*,#5898,.F.);
#4359=ORIENTED_EDGE('',*,*,#5873,.F.);
#4360=ORIENTED_EDGE('',*,*,#5899,.T.);
#4361=ORIENTED_EDGE('',*,*,#5878,.T.);
#4362=ORIENTED_EDGE('',*,*,#5882,.F.);
#4363=ORIENTED_EDGE('',*,*,#5886,.F.);
#4364=ORIENTED_EDGE('',*,*,#5889,.F.);
#4365=ORIENTED_EDGE('',*,*,#5892,.F.);
#4366=ORIENTED_EDGE('',*,*,#5895,.F.);
#4367=ORIENTED_EDGE('',*,*,#5897,.F.);
#4368=ORIENTED_EDGE('',*,*,#5872,.F.);
#4369=ORIENTED_EDGE('',*,*,#5876,.F.);
#4370=ORIENTED_EDGE('',*,*,#5879,.F.);
#4371=ORIENTED_EDGE('',*,*,#5899,.F.);
#4372=ORIENTED_EDGE('',*,*,#5880,.T.);
#4373=ORIENTED_EDGE('',*,*,#5896,.T.);
#4374=ORIENTED_EDGE('',*,*,#5893,.T.);
#4375=ORIENTED_EDGE('',*,*,#5890,.T.);
#4376=ORIENTED_EDGE('',*,*,#5887,.T.);
#4377=ORIENTED_EDGE('',*,*,#5884,.T.);
#4378=ORIENTED_EDGE('',*,*,#5870,.T.);
#4379=ORIENTED_EDGE('',*,*,#5898,.T.);
#4380=ORIENTED_EDGE('',*,*,#5877,.T.);
#4381=ORIENTED_EDGE('',*,*,#5874,.T.);
#4382=ORIENTED_EDGE('',*,*,#5900,.F.);
#4383=ORIENTED_EDGE('',*,*,#5901,.F.);
#4384=ORIENTED_EDGE('',*,*,#5902,.T.);
#4385=ORIENTED_EDGE('',*,*,#5903,.T.);
#4386=ORIENTED_EDGE('',*,*,#5904,.F.);
#4387=ORIENTED_EDGE('',*,*,#5903,.F.);
#4388=ORIENTED_EDGE('',*,*,#5905,.T.);
#4389=ORIENTED_EDGE('',*,*,#5906,.T.);
#4390=ORIENTED_EDGE('',*,*,#5907,.F.);
#4391=ORIENTED_EDGE('',*,*,#5906,.F.);
#4392=ORIENTED_EDGE('',*,*,#5908,.T.);
#4393=ORIENTED_EDGE('',*,*,#5909,.T.);
#4394=ORIENTED_EDGE('',*,*,#5910,.F.);
#4395=ORIENTED_EDGE('',*,*,#5909,.F.);
#4396=ORIENTED_EDGE('',*,*,#5911,.T.);
#4397=ORIENTED_EDGE('',*,*,#5901,.T.);
#4398=ORIENTED_EDGE('',*,*,#5902,.F.);
#4399=ORIENTED_EDGE('',*,*,#5911,.F.);
#4400=ORIENTED_EDGE('',*,*,#5908,.F.);
#4401=ORIENTED_EDGE('',*,*,#5905,.F.);
#4402=ORIENTED_EDGE('',*,*,#5900,.T.);
#4403=ORIENTED_EDGE('',*,*,#5904,.T.);
#4404=ORIENTED_EDGE('',*,*,#5907,.T.);
#4405=ORIENTED_EDGE('',*,*,#5910,.T.);
#4406=ORIENTED_EDGE('',*,*,#5912,.F.);
#4407=ORIENTED_EDGE('',*,*,#5913,.F.);
#4408=ORIENTED_EDGE('',*,*,#5914,.T.);
#4409=ORIENTED_EDGE('',*,*,#5915,.T.);
#4410=ORIENTED_EDGE('',*,*,#5916,.F.);
#4411=ORIENTED_EDGE('',*,*,#5917,.T.);
#4412=ORIENTED_EDGE('',*,*,#5918,.F.);
#4413=ORIENTED_EDGE('',*,*,#5919,.F.);
#4414=ORIENTED_EDGE('',*,*,#5913,.T.);
#4415=ORIENTED_EDGE('',*,*,#5920,.F.);
#4416=ORIENTED_EDGE('',*,*,#5919,.T.);
#4417=ORIENTED_EDGE('',*,*,#5921,.T.);
#4418=ORIENTED_EDGE('',*,*,#5922,.T.);
#4419=ORIENTED_EDGE('',*,*,#5915,.F.);
#4420=ORIENTED_EDGE('',*,*,#5923,.F.);
#4421=ORIENTED_EDGE('',*,*,#5917,.F.);
#4422=ORIENTED_EDGE('',*,*,#5922,.F.);
#4423=ORIENTED_EDGE('',*,*,#5916,.T.);
#4424=ORIENTED_EDGE('',*,*,#5920,.T.);
#4425=ORIENTED_EDGE('',*,*,#5912,.T.);
#4426=ORIENTED_EDGE('',*,*,#5923,.T.);
#4427=ORIENTED_EDGE('',*,*,#5914,.F.);
#4428=ORIENTED_EDGE('',*,*,#5921,.F.);
#4429=ORIENTED_EDGE('',*,*,#5918,.T.);
#4430=ORIENTED_EDGE('',*,*,#5924,.F.);
#4431=ORIENTED_EDGE('',*,*,#5925,.T.);
#4432=ORIENTED_EDGE('',*,*,#5926,.T.);
#4433=ORIENTED_EDGE('',*,*,#5927,.F.);
#4434=ORIENTED_EDGE('',*,*,#5928,.F.);
#4435=ORIENTED_EDGE('',*,*,#5929,.T.);
#4436=ORIENTED_EDGE('',*,*,#5930,.T.);
#4437=ORIENTED_EDGE('',*,*,#5931,.F.);
#4438=ORIENTED_EDGE('',*,*,#5932,.F.);
#4439=ORIENTED_EDGE('',*,*,#5933,.T.);
#4440=ORIENTED_EDGE('',*,*,#5934,.T.);
#4441=ORIENTED_EDGE('',*,*,#5935,.F.);
#4442=ORIENTED_EDGE('',*,*,#5936,.F.);
#4443=ORIENTED_EDGE('',*,*,#5937,.T.);
#4444=ORIENTED_EDGE('',*,*,#5938,.F.);
#4445=ORIENTED_EDGE('',*,*,#5939,.T.);
#4446=ORIENTED_EDGE('',*,*,#5940,.T.);
#4447=ORIENTED_EDGE('',*,*,#5941,.F.);
#4448=ORIENTED_EDGE('',*,*,#5942,.F.);
#4449=ORIENTED_EDGE('',*,*,#5943,.T.);
#4450=ORIENTED_EDGE('',*,*,#5944,.T.);
#4451=ORIENTED_EDGE('',*,*,#5945,.F.);
#4452=ORIENTED_EDGE('',*,*,#5946,.F.);
#4453=ORIENTED_EDGE('',*,*,#5947,.T.);
#4454=ORIENTED_EDGE('',*,*,#5948,.T.);
#4455=ORIENTED_EDGE('',*,*,#5949,.F.);
#4456=ORIENTED_EDGE('',*,*,#5950,.F.);
#4457=ORIENTED_EDGE('',*,*,#5951,.F.);
#4458=ORIENTED_EDGE('',*,*,#5936,.T.);
#4459=ORIENTED_EDGE('',*,*,#5937,.F.);
#4460=ORIENTED_EDGE('',*,*,#5952,.F.);
#4461=ORIENTED_EDGE('',*,*,#5933,.F.);
#4462=ORIENTED_EDGE('',*,*,#5953,.T.);
#4463=ORIENTED_EDGE('',*,*,#5954,.T.);
#4464=ORIENTED_EDGE('',*,*,#5955,.F.);
#4465=ORIENTED_EDGE('',*,*,#5954,.F.);
#4466=ORIENTED_EDGE('',*,*,#5956,.T.);
#4467=ORIENTED_EDGE('',*,*,#5957,.T.);
#4468=ORIENTED_EDGE('',*,*,#5958,.F.);
#4469=ORIENTED_EDGE('',*,*,#5957,.F.);
#4470=ORIENTED_EDGE('',*,*,#5959,.T.);
#4471=ORIENTED_EDGE('',*,*,#5935,.T.);
#4472=ORIENTED_EDGE('',*,*,#5953,.F.);
#4473=ORIENTED_EDGE('',*,*,#5932,.T.);
#4474=ORIENTED_EDGE('',*,*,#5959,.F.);
#4475=ORIENTED_EDGE('',*,*,#5956,.F.);
#4476=ORIENTED_EDGE('',*,*,#5934,.F.);
#4477=ORIENTED_EDGE('',*,*,#5952,.T.);
#4478=ORIENTED_EDGE('',*,*,#5955,.T.);
#4479=ORIENTED_EDGE('',*,*,#5958,.T.);
#4480=ORIENTED_EDGE('',*,*,#5960,.F.);
#4481=ORIENTED_EDGE('',*,*,#5939,.F.);
#4482=ORIENTED_EDGE('',*,*,#5961,.T.);
#4483=ORIENTED_EDGE('',*,*,#5962,.T.);
#4484=ORIENTED_EDGE('',*,*,#5963,.F.);
#4485=ORIENTED_EDGE('',*,*,#5962,.F.);
#4486=ORIENTED_EDGE('',*,*,#5964,.T.);
#4487=ORIENTED_EDGE('',*,*,#5965,.T.);
#4488=ORIENTED_EDGE('',*,*,#5966,.F.);
#4489=ORIENTED_EDGE('',*,*,#5965,.F.);
#4490=ORIENTED_EDGE('',*,*,#5967,.T.);
#4491=ORIENTED_EDGE('',*,*,#5941,.T.);
#4492=ORIENTED_EDGE('',*,*,#5961,.F.);
#4493=ORIENTED_EDGE('',*,*,#5938,.T.);
#4494=ORIENTED_EDGE('',*,*,#5967,.F.);
#4495=ORIENTED_EDGE('',*,*,#5964,.F.);
#4496=ORIENTED_EDGE('',*,*,#5940,.F.);
#4497=ORIENTED_EDGE('',*,*,#5960,.T.);
#4498=ORIENTED_EDGE('',*,*,#5963,.T.);
#4499=ORIENTED_EDGE('',*,*,#5966,.T.);
#4500=ORIENTED_EDGE('',*,*,#5968,.F.);
#4501=ORIENTED_EDGE('',*,*,#5929,.F.);
#4502=ORIENTED_EDGE('',*,*,#5969,.T.);
#4503=ORIENTED_EDGE('',*,*,#5970,.T.);
#4504=ORIENTED_EDGE('',*,*,#5971,.F.);
#4505=ORIENTED_EDGE('',*,*,#5970,.F.);
#4506=ORIENTED_EDGE('',*,*,#5972,.T.);
#4507=ORIENTED_EDGE('',*,*,#5973,.T.);
#4508=ORIENTED_EDGE('',*,*,#5974,.F.);
#4509=ORIENTED_EDGE('',*,*,#5973,.F.);
#4510=ORIENTED_EDGE('',*,*,#5975,.T.);
#4511=ORIENTED_EDGE('',*,*,#5931,.T.);
#4512=ORIENTED_EDGE('',*,*,#5969,.F.);
#4513=ORIENTED_EDGE('',*,*,#5928,.T.);
#4514=ORIENTED_EDGE('',*,*,#5975,.F.);
#4515=ORIENTED_EDGE('',*,*,#5972,.F.);
#4516=ORIENTED_EDGE('',*,*,#5930,.F.);
#4517=ORIENTED_EDGE('',*,*,#5968,.T.);
#4518=ORIENTED_EDGE('',*,*,#5971,.T.);
#4519=ORIENTED_EDGE('',*,*,#5974,.T.);
#4520=ORIENTED_EDGE('',*,*,#5976,.F.);
#4521=ORIENTED_EDGE('',*,*,#5943,.F.);
#4522=ORIENTED_EDGE('',*,*,#5977,.T.);
#4523=ORIENTED_EDGE('',*,*,#5978,.T.);
#4524=ORIENTED_EDGE('',*,*,#5979,.F.);
#4525=ORIENTED_EDGE('',*,*,#5978,.F.);
#4526=ORIENTED_EDGE('',*,*,#5980,.T.);
#4527=ORIENTED_EDGE('',*,*,#5981,.T.);
#4528=ORIENTED_EDGE('',*,*,#5982,.F.);
#4529=ORIENTED_EDGE('',*,*,#5981,.F.);
#4530=ORIENTED_EDGE('',*,*,#5983,.T.);
#4531=ORIENTED_EDGE('',*,*,#5945,.T.);
#4532=ORIENTED_EDGE('',*,*,#5977,.F.);
#4533=ORIENTED_EDGE('',*,*,#5942,.T.);
#4534=ORIENTED_EDGE('',*,*,#5983,.F.);
#4535=ORIENTED_EDGE('',*,*,#5980,.F.);
#4536=ORIENTED_EDGE('',*,*,#5944,.F.);
#4537=ORIENTED_EDGE('',*,*,#5976,.T.);
#4538=ORIENTED_EDGE('',*,*,#5979,.T.);
#4539=ORIENTED_EDGE('',*,*,#5982,.T.);
#4540=ORIENTED_EDGE('',*,*,#5984,.F.);
#4541=ORIENTED_EDGE('',*,*,#5925,.F.);
#4542=ORIENTED_EDGE('',*,*,#5985,.T.);
#4543=ORIENTED_EDGE('',*,*,#5986,.T.);
#4544=ORIENTED_EDGE('',*,*,#5987,.F.);
#4545=ORIENTED_EDGE('',*,*,#5986,.F.);
#4546=ORIENTED_EDGE('',*,*,#5988,.T.);
#4547=ORIENTED_EDGE('',*,*,#5989,.T.);
#4548=ORIENTED_EDGE('',*,*,#5990,.F.);
#4549=ORIENTED_EDGE('',*,*,#5989,.F.);
#4550=ORIENTED_EDGE('',*,*,#5991,.T.);
#4551=ORIENTED_EDGE('',*,*,#5927,.T.);
#4552=ORIENTED_EDGE('',*,*,#5985,.F.);
#4553=ORIENTED_EDGE('',*,*,#5924,.T.);
#4554=ORIENTED_EDGE('',*,*,#5991,.F.);
#4555=ORIENTED_EDGE('',*,*,#5988,.F.);
#4556=ORIENTED_EDGE('',*,*,#5926,.F.);
#4557=ORIENTED_EDGE('',*,*,#5984,.T.);
#4558=ORIENTED_EDGE('',*,*,#5987,.T.);
#4559=ORIENTED_EDGE('',*,*,#5990,.T.);
#4560=ORIENTED_EDGE('',*,*,#5992,.F.);
#4561=ORIENTED_EDGE('',*,*,#5947,.F.);
#4562=ORIENTED_EDGE('',*,*,#5993,.T.);
#4563=ORIENTED_EDGE('',*,*,#5994,.T.);
#4564=ORIENTED_EDGE('',*,*,#5995,.F.);
#4565=ORIENTED_EDGE('',*,*,#5994,.F.);
#4566=ORIENTED_EDGE('',*,*,#5996,.T.);
#4567=ORIENTED_EDGE('',*,*,#5997,.T.);
#4568=ORIENTED_EDGE('',*,*,#5998,.F.);
#4569=ORIENTED_EDGE('',*,*,#5997,.F.);
#4570=ORIENTED_EDGE('',*,*,#5999,.T.);
#4571=ORIENTED_EDGE('',*,*,#5949,.T.);
#4572=ORIENTED_EDGE('',*,*,#5993,.F.);
#4573=ORIENTED_EDGE('',*,*,#5946,.T.);
#4574=ORIENTED_EDGE('',*,*,#5999,.F.);
#4575=ORIENTED_EDGE('',*,*,#5996,.F.);
#4576=ORIENTED_EDGE('',*,*,#5948,.F.);
#4577=ORIENTED_EDGE('',*,*,#5992,.T.);
#4578=ORIENTED_EDGE('',*,*,#5995,.T.);
#4579=ORIENTED_EDGE('',*,*,#5998,.T.);
#4580=ORIENTED_EDGE('',*,*,#5950,.T.);
#4581=ORIENTED_EDGE('',*,*,#5951,.T.);
#4582=ORIENTED_EDGE('',*,*,#6000,.F.);
#4583=ORIENTED_EDGE('',*,*,#6001,.F.);
#4584=ORIENTED_EDGE('',*,*,#6002,.T.);
#4585=ORIENTED_EDGE('',*,*,#6003,.T.);
#4586=ORIENTED_EDGE('',*,*,#6004,.T.);
#4587=ORIENTED_EDGE('',*,*,#6005,.F.);
#4588=ORIENTED_EDGE('',*,*,#6006,.F.);
#4589=ORIENTED_EDGE('',*,*,#6007,.T.);
#4590=ORIENTED_EDGE('',*,*,#6008,.F.);
#4591=ORIENTED_EDGE('',*,*,#6009,.T.);
#4592=ORIENTED_EDGE('',*,*,#6010,.T.);
#4593=ORIENTED_EDGE('',*,*,#6011,.F.);
#4594=ORIENTED_EDGE('',*,*,#6012,.T.);
#4595=ORIENTED_EDGE('',*,*,#6013,.F.);
#4596=ORIENTED_EDGE('',*,*,#6014,.F.);
#4597=ORIENTED_EDGE('',*,*,#6015,.T.);
#4598=ORIENTED_EDGE('',*,*,#6016,.F.);
#4599=ORIENTED_EDGE('',*,*,#6000,.T.);
#4600=ORIENTED_EDGE('',*,*,#6009,.F.);
#4601=ORIENTED_EDGE('',*,*,#6008,.T.);
#4602=ORIENTED_EDGE('',*,*,#6017,.F.);
#4603=ORIENTED_EDGE('',*,*,#6018,.T.);
#4604=ORIENTED_EDGE('',*,*,#6019,.F.);
#4605=ORIENTED_EDGE('',*,*,#6020,.T.);
#4606=ORIENTED_EDGE('',*,*,#6003,.F.);
#4607=ORIENTED_EDGE('',*,*,#6021,.T.);
#4608=ORIENTED_EDGE('',*,*,#6016,.T.);
#4609=ORIENTED_EDGE('',*,*,#6017,.T.);
#4610=ORIENTED_EDGE('',*,*,#6022,.F.);
#4611=ORIENTED_EDGE('',*,*,#6023,.F.);
#4612=ORIENTED_EDGE('',*,*,#6024,.T.);
#4613=ORIENTED_EDGE('',*,*,#6013,.T.);
#4614=ORIENTED_EDGE('',*,*,#6014,.T.);
#4615=ORIENTED_EDGE('',*,*,#6024,.F.);
#4616=ORIENTED_EDGE('',*,*,#6025,.F.);
#4617=ORIENTED_EDGE('',*,*,#6026,.T.);
#4618=ORIENTED_EDGE('',*,*,#6019,.T.);
#4619=ORIENTED_EDGE('',*,*,#6011,.T.);
#4620=ORIENTED_EDGE('',*,*,#6026,.F.);
#4621=ORIENTED_EDGE('',*,*,#6027,.F.);
#4622=ORIENTED_EDGE('',*,*,#6028,.T.);
#4623=ORIENTED_EDGE('',*,*,#6023,.T.);
#4624=ORIENTED_EDGE('',*,*,#6029,.T.);
#4625=ORIENTED_EDGE('',*,*,#6001,.T.);
#4626=ORIENTED_EDGE('',*,*,#6030,.T.);
#4627=ORIENTED_EDGE('',*,*,#6027,.T.);
#4628=ORIENTED_EDGE('',*,*,#6025,.T.);
#4629=ORIENTED_EDGE('',*,*,#6031,.T.);
#4630=ORIENTED_EDGE('',*,*,#6012,.F.);
#4631=ORIENTED_EDGE('',*,*,#6018,.F.);
#4632=ORIENTED_EDGE('',*,*,#6015,.F.);
#4633=ORIENTED_EDGE('',*,*,#6031,.F.);
#4634=ORIENTED_EDGE('',*,*,#6007,.F.);
#4635=ORIENTED_EDGE('',*,*,#6005,.T.);
#4636=ORIENTED_EDGE('',*,*,#6010,.F.);
#4637=ORIENTED_EDGE('',*,*,#6006,.T.);
#4638=ORIENTED_EDGE('',*,*,#6029,.F.);
#4639=ORIENTED_EDGE('',*,*,#6022,.T.);
#4640=ORIENTED_EDGE('',*,*,#6021,.F.);
#4641=ORIENTED_EDGE('',*,*,#6002,.F.);
#4642=ORIENTED_EDGE('',*,*,#6020,.F.);
#4643=ORIENTED_EDGE('',*,*,#6028,.F.);
#4644=ORIENTED_EDGE('',*,*,#6030,.F.);
#4645=ORIENTED_EDGE('',*,*,#6004,.F.);
#4646=ORIENTED_EDGE('',*,*,#6032,.T.);
#4647=ORIENTED_EDGE('',*,*,#6033,.F.);
#4648=ORIENTED_EDGE('',*,*,#6034,.F.);
#4649=ORIENTED_EDGE('',*,*,#6035,.T.);
#4650=ORIENTED_EDGE('',*,*,#6036,.T.);
#4651=ORIENTED_EDGE('',*,*,#6037,.F.);
#4652=ORIENTED_EDGE('',*,*,#6038,.F.);
#4653=ORIENTED_EDGE('',*,*,#6033,.T.);
#4654=ORIENTED_EDGE('',*,*,#6039,.T.);
#4655=ORIENTED_EDGE('',*,*,#6040,.F.);
#4656=ORIENTED_EDGE('',*,*,#6041,.F.);
#4657=ORIENTED_EDGE('',*,*,#6037,.T.);
#4658=ORIENTED_EDGE('',*,*,#6042,.T.);
#4659=ORIENTED_EDGE('',*,*,#6035,.F.);
#4660=ORIENTED_EDGE('',*,*,#6043,.F.);
#4661=ORIENTED_EDGE('',*,*,#6040,.T.);
#4662=ORIENTED_EDGE('',*,*,#6044,.F.);
#4663=ORIENTED_EDGE('',*,*,#6034,.T.);
#4664=ORIENTED_EDGE('',*,*,#6038,.T.);
#4665=ORIENTED_EDGE('',*,*,#6041,.T.);
#4666=ORIENTED_EDGE('',*,*,#6043,.T.);
#4667=ORIENTED_EDGE('',*,*,#6045,.T.);
#4668=ORIENTED_EDGE('',*,*,#6032,.F.);
#4669=ORIENTED_EDGE('',*,*,#6042,.F.);
#4670=ORIENTED_EDGE('',*,*,#6039,.F.);
#4671=ORIENTED_EDGE('',*,*,#6036,.F.);
#4672=ORIENTED_EDGE('',*,*,#6044,.T.);
#4673=ORIENTED_EDGE('',*,*,#6045,.F.);
#4674=ORIENTED_EDGE('',*,*,#6046,.T.);
#4675=ORIENTED_EDGE('',*,*,#6047,.T.);
#4676=ORIENTED_EDGE('',*,*,#6048,.F.);
#4677=ORIENTED_EDGE('',*,*,#6049,.F.);
#4678=ORIENTED_EDGE('',*,*,#6050,.T.);
#4679=ORIENTED_EDGE('',*,*,#6051,.T.);
#4680=ORIENTED_EDGE('',*,*,#6052,.F.);
#4681=ORIENTED_EDGE('',*,*,#6053,.F.);
#4682=ORIENTED_EDGE('',*,*,#6048,.T.);
#4683=ORIENTED_EDGE('',*,*,#6054,.T.);
#4684=ORIENTED_EDGE('',*,*,#6055,.F.);
#4685=ORIENTED_EDGE('',*,*,#6056,.F.);
#4686=ORIENTED_EDGE('',*,*,#6052,.T.);
#4687=ORIENTED_EDGE('',*,*,#6057,.T.);
#4688=ORIENTED_EDGE('',*,*,#6050,.F.);
#4689=ORIENTED_EDGE('',*,*,#6058,.F.);
#4690=ORIENTED_EDGE('',*,*,#6055,.T.);
#4691=ORIENTED_EDGE('',*,*,#6049,.T.);
#4692=ORIENTED_EDGE('',*,*,#6053,.T.);
#4693=ORIENTED_EDGE('',*,*,#6056,.T.);
#4694=ORIENTED_EDGE('',*,*,#6058,.T.);
#4695=ORIENTED_EDGE('',*,*,#6047,.F.);
#4696=ORIENTED_EDGE('',*,*,#6057,.F.);
#4697=ORIENTED_EDGE('',*,*,#6054,.F.);
#4698=ORIENTED_EDGE('',*,*,#6051,.F.);
#4699=ORIENTED_EDGE('',*,*,#6059,.T.);
#4700=ORIENTED_EDGE('',*,*,#6046,.F.);
#4701=ORIENTED_EDGE('',*,*,#6059,.F.);
#4702=ORIENTED_EDGE('',*,*,#6060,.F.);
#4703=ORIENTED_EDGE('',*,*,#6061,.T.);
#4704=ORIENTED_EDGE('',*,*,#6062,.T.);
#4705=ORIENTED_EDGE('',*,*,#6063,.T.);
#4706=ORIENTED_EDGE('',*,*,#6064,.F.);
#4707=ORIENTED_EDGE('',*,*,#6063,.F.);
#4708=ORIENTED_EDGE('',*,*,#6065,.T.);
#4709=ORIENTED_EDGE('',*,*,#6061,.F.);
#4710=ORIENTED_EDGE('',*,*,#6066,.F.);
#4711=ORIENTED_EDGE('',*,*,#6067,.F.);
#4712=ORIENTED_EDGE('',*,*,#6068,.F.);
#4713=ORIENTED_EDGE('',*,*,#6069,.F.);
#4714=ORIENTED_EDGE('',*,*,#6070,.F.);
#4715=ORIENTED_EDGE('',*,*,#6071,.F.);
#4716=ORIENTED_EDGE('',*,*,#6072,.T.);
#4717=ORIENTED_EDGE('',*,*,#6062,.F.);
#4718=ORIENTED_EDGE('',*,*,#6065,.F.);
#4719=ORIENTED_EDGE('',*,*,#6073,.T.);
#4720=ORIENTED_EDGE('',*,*,#6074,.F.);
#4721=ORIENTED_EDGE('',*,*,#6068,.T.);
#4722=ORIENTED_EDGE('',*,*,#6075,.F.);
#4723=ORIENTED_EDGE('',*,*,#6076,.F.);
#4724=ORIENTED_EDGE('',*,*,#6077,.F.);
#4725=ORIENTED_EDGE('',*,*,#6066,.T.);
#4726=ORIENTED_EDGE('',*,*,#6060,.T.);
#4727=ORIENTED_EDGE('',*,*,#6064,.T.);
#4728=ORIENTED_EDGE('',*,*,#6078,.F.);
#4729=ORIENTED_EDGE('',*,*,#6079,.F.);
#4730=ORIENTED_EDGE('',*,*,#6080,.F.);
#4731=ORIENTED_EDGE('',*,*,#6070,.T.);
#4732=ORIENTED_EDGE('',*,*,#6081,.F.);
#4733=ORIENTED_EDGE('',*,*,#6082,.F.);
#4734=ORIENTED_EDGE('',*,*,#6083,.T.);
#4735=ORIENTED_EDGE('',*,*,#6084,.F.);
#4736=ORIENTED_EDGE('',*,*,#6071,.T.);
#4737=ORIENTED_EDGE('',*,*,#6085,.F.);
#4738=ORIENTED_EDGE('',*,*,#6086,.F.);
#4739=ORIENTED_EDGE('',*,*,#6079,.T.);
#4740=ORIENTED_EDGE('',*,*,#6087,.F.);
#4741=ORIENTED_EDGE('',*,*,#6088,.F.);
#4742=ORIENTED_EDGE('',*,*,#6089,.T.);
#4743=ORIENTED_EDGE('',*,*,#6078,.T.);
#4744=ORIENTED_EDGE('',*,*,#6084,.T.);
#4745=ORIENTED_EDGE('',*,*,#6090,.F.);
#4746=ORIENTED_EDGE('',*,*,#6091,.F.);
#4747=ORIENTED_EDGE('',*,*,#6087,.T.);
#4748=ORIENTED_EDGE('',*,*,#6086,.T.);
#4749=ORIENTED_EDGE('',*,*,#6092,.F.);
#4750=ORIENTED_EDGE('',*,*,#6093,.F.);
#4751=ORIENTED_EDGE('',*,*,#6090,.T.);
#4752=ORIENTED_EDGE('',*,*,#6085,.T.);
#4753=ORIENTED_EDGE('',*,*,#6080,.T.);
#4754=ORIENTED_EDGE('',*,*,#6089,.F.);
#4755=ORIENTED_EDGE('',*,*,#6094,.F.);
#4756=ORIENTED_EDGE('',*,*,#6092,.T.);
#4757=ORIENTED_EDGE('',*,*,#6095,.T.);
#4758=ORIENTED_EDGE('',*,*,#6083,.F.);
#4759=ORIENTED_EDGE('',*,*,#6088,.T.);
#4760=ORIENTED_EDGE('',*,*,#6091,.T.);
#4761=ORIENTED_EDGE('',*,*,#6093,.T.);
#4762=ORIENTED_EDGE('',*,*,#6094,.T.);
#4763=ORIENTED_EDGE('',*,*,#6095,.F.);
#4764=ORIENTED_EDGE('',*,*,#6096,.T.);
#4765=ORIENTED_EDGE('',*,*,#6097,.F.);
#4766=ORIENTED_EDGE('',*,*,#6067,.T.);
#4767=ORIENTED_EDGE('',*,*,#6098,.F.);
#4768=ORIENTED_EDGE('',*,*,#6099,.F.);
#4769=ORIENTED_EDGE('',*,*,#6076,.T.);
#4770=ORIENTED_EDGE('',*,*,#6100,.F.);
#4771=ORIENTED_EDGE('',*,*,#6101,.F.);
#4772=ORIENTED_EDGE('',*,*,#6102,.T.);
#4773=ORIENTED_EDGE('',*,*,#6075,.T.);
#4774=ORIENTED_EDGE('',*,*,#6097,.T.);
#4775=ORIENTED_EDGE('',*,*,#6103,.F.);
#4776=ORIENTED_EDGE('',*,*,#6104,.F.);
#4777=ORIENTED_EDGE('',*,*,#6100,.T.);
#4778=ORIENTED_EDGE('',*,*,#6099,.T.);
#4779=ORIENTED_EDGE('',*,*,#6105,.F.);
#4780=ORIENTED_EDGE('',*,*,#6106,.F.);
#4781=ORIENTED_EDGE('',*,*,#6103,.T.);
#4782=ORIENTED_EDGE('',*,*,#6098,.T.);
#4783=ORIENTED_EDGE('',*,*,#6077,.T.);
#4784=ORIENTED_EDGE('',*,*,#6102,.F.);
#4785=ORIENTED_EDGE('',*,*,#6107,.F.);
#4786=ORIENTED_EDGE('',*,*,#6105,.T.);
#4787=ORIENTED_EDGE('',*,*,#6108,.T.);
#4788=ORIENTED_EDGE('',*,*,#6096,.F.);
#4789=ORIENTED_EDGE('',*,*,#6101,.T.);
#4790=ORIENTED_EDGE('',*,*,#6104,.T.);
#4791=ORIENTED_EDGE('',*,*,#6106,.T.);
#4792=ORIENTED_EDGE('',*,*,#6107,.T.);
#4793=ORIENTED_EDGE('',*,*,#6108,.F.);
#4794=ORIENTED_EDGE('',*,*,#6109,.T.);
#4795=ORIENTED_EDGE('',*,*,#6110,.F.);
#4796=ORIENTED_EDGE('',*,*,#6069,.T.);
#4797=ORIENTED_EDGE('',*,*,#6111,.F.);
#4798=ORIENTED_EDGE('',*,*,#6112,.F.);
#4799=ORIENTED_EDGE('',*,*,#6082,.T.);
#4800=ORIENTED_EDGE('',*,*,#6113,.F.);
#4801=ORIENTED_EDGE('',*,*,#6114,.F.);
#4802=ORIENTED_EDGE('',*,*,#6115,.T.);
#4803=ORIENTED_EDGE('',*,*,#6081,.T.);
#4804=ORIENTED_EDGE('',*,*,#6110,.T.);
#4805=ORIENTED_EDGE('',*,*,#6116,.F.);
#4806=ORIENTED_EDGE('',*,*,#6117,.F.);
#4807=ORIENTED_EDGE('',*,*,#6113,.T.);
#4808=ORIENTED_EDGE('',*,*,#6112,.T.);
#4809=ORIENTED_EDGE('',*,*,#6118,.F.);
#4810=ORIENTED_EDGE('',*,*,#6119,.F.);
#4811=ORIENTED_EDGE('',*,*,#6116,.T.);
#4812=ORIENTED_EDGE('',*,*,#6111,.T.);
#4813=ORIENTED_EDGE('',*,*,#6074,.T.);
#4814=ORIENTED_EDGE('',*,*,#6115,.F.);
#4815=ORIENTED_EDGE('',*,*,#6120,.F.);
#4816=ORIENTED_EDGE('',*,*,#6118,.T.);
#4817=ORIENTED_EDGE('',*,*,#6121,.T.);
#4818=ORIENTED_EDGE('',*,*,#6109,.F.);
#4819=ORIENTED_EDGE('',*,*,#6114,.T.);
#4820=ORIENTED_EDGE('',*,*,#6117,.T.);
#4821=ORIENTED_EDGE('',*,*,#6119,.T.);
#4822=ORIENTED_EDGE('',*,*,#6120,.T.);
#4823=ORIENTED_EDGE('',*,*,#6121,.F.);
#4824=ORIENTED_EDGE('',*,*,#6073,.F.);
#4825=ORIENTED_EDGE('',*,*,#6072,.F.);
#4826=VERTEX_POINT('',#8599);
#4827=VERTEX_POINT('',#8601);
#4828=VERTEX_POINT('',#8604);
#4829=VERTEX_POINT('',#8606);
#4830=VERTEX_POINT('',#8609);
#4831=VERTEX_POINT('',#8612);
#4832=VERTEX_POINT('',#8615);
#4833=VERTEX_POINT('',#8618);
#4834=VERTEX_POINT('',#8621);
#4835=VERTEX_POINT('',#8624);
#4836=VERTEX_POINT('',#8627);
#4837=VERTEX_POINT('',#8630);
#4838=VERTEX_POINT('',#8633);
#4839=VERTEX_POINT('',#8636);
#4840=VERTEX_POINT('',#8639);
#4841=VERTEX_POINT('',#8642);
#4842=VERTEX_POINT('',#8645);
#4843=VERTEX_POINT('',#8648);
#4844=VERTEX_POINT('',#8651);
#4845=VERTEX_POINT('',#8654);
#4846=VERTEX_POINT('',#8657);
#4847=VERTEX_POINT('',#8660);
#4848=VERTEX_POINT('',#8663);
#4849=VERTEX_POINT('',#8666);
#4850=VERTEX_POINT('',#8669);
#4851=VERTEX_POINT('',#8672);
#4852=VERTEX_POINT('',#8675);
#4853=VERTEX_POINT('',#8678);
#4854=VERTEX_POINT('',#8681);
#4855=VERTEX_POINT('',#8684);
#4856=VERTEX_POINT('',#8687);
#4857=VERTEX_POINT('',#8690);
#4858=VERTEX_POINT('',#8693);
#4859=VERTEX_POINT('',#8696);
#4860=VERTEX_POINT('',#8699);
#4861=VERTEX_POINT('',#8702);
#4862=VERTEX_POINT('',#8705);
#4863=VERTEX_POINT('',#8708);
#4864=VERTEX_POINT('',#8711);
#4865=VERTEX_POINT('',#8714);
#4866=VERTEX_POINT('',#8717);
#4867=VERTEX_POINT('',#8720);
#4868=VERTEX_POINT('',#8723);
#4869=VERTEX_POINT('',#8726);
#4870=VERTEX_POINT('',#8729);
#4871=VERTEX_POINT('',#8732);
#4872=VERTEX_POINT('',#8735);
#4873=VERTEX_POINT('',#8738);
#4874=VERTEX_POINT('',#8741);
#4875=VERTEX_POINT('',#8744);
#4876=VERTEX_POINT('',#8747);
#4877=VERTEX_POINT('',#8750);
#4878=VERTEX_POINT('',#8753);
#4879=VERTEX_POINT('',#8756);
#4880=VERTEX_POINT('',#8759);
#4881=VERTEX_POINT('',#8762);
#4882=VERTEX_POINT('',#8765);
#4883=VERTEX_POINT('',#8768);
#4884=VERTEX_POINT('',#8771);
#4885=VERTEX_POINT('',#8774);
#4886=VERTEX_POINT('',#8777);
#4887=VERTEX_POINT('',#8780);
#4888=VERTEX_POINT('',#8783);
#4889=VERTEX_POINT('',#8786);
#4890=VERTEX_POINT('',#8789);
#4891=VERTEX_POINT('',#8792);
#4892=VERTEX_POINT('',#8795);
#4893=VERTEX_POINT('',#8798);
#4894=VERTEX_POINT('',#8801);
#4895=VERTEX_POINT('',#8804);
#4896=VERTEX_POINT('',#8807);
#4897=VERTEX_POINT('',#8810);
#4898=VERTEX_POINT('',#8813);
#4899=VERTEX_POINT('',#8816);
#4900=VERTEX_POINT('',#8819);
#4901=VERTEX_POINT('',#8822);
#4902=VERTEX_POINT('',#8825);
#4903=VERTEX_POINT('',#8828);
#4904=VERTEX_POINT('',#8831);
#4905=VERTEX_POINT('',#8834);
#4906=VERTEX_POINT('',#8837);
#4907=VERTEX_POINT('',#8840);
#4908=VERTEX_POINT('',#8843);
#4909=VERTEX_POINT('',#8846);
#4910=VERTEX_POINT('',#8849);
#4911=VERTEX_POINT('',#8852);
#4912=VERTEX_POINT('',#8855);
#4913=VERTEX_POINT('',#8858);
#4914=VERTEX_POINT('',#8861);
#4915=VERTEX_POINT('',#8864);
#4916=VERTEX_POINT('',#8867);
#4917=VERTEX_POINT('',#8870);
#4918=VERTEX_POINT('',#8873);
#4919=VERTEX_POINT('',#8876);
#4920=VERTEX_POINT('',#8881);
#4921=VERTEX_POINT('',#8882);
#4922=VERTEX_POINT('',#8884);
#4923=VERTEX_POINT('',#8886);
#4924=VERTEX_POINT('',#8890);
#4925=VERTEX_POINT('',#8891);
#4926=VERTEX_POINT('',#8893);
#4927=VERTEX_POINT('',#8895);
#4928=VERTEX_POINT('',#8899);
#4929=VERTEX_POINT('',#8900);
#4930=VERTEX_POINT('',#8902);
#4931=VERTEX_POINT('',#8904);
#4932=VERTEX_POINT('',#8908);
#4933=VERTEX_POINT('',#8910);
#4934=VERTEX_POINT('',#8914);
#4935=VERTEX_POINT('',#8916);
#4936=VERTEX_POINT('',#8920);
#4937=VERTEX_POINT('',#8923);
#4938=VERTEX_POINT('',#8925);
#4939=VERTEX_POINT('',#8927);
#4940=VERTEX_POINT('',#8929);
#4941=VERTEX_POINT('',#8931);
#4942=VERTEX_POINT('',#8934);
#4943=VERTEX_POINT('',#8936);
#4944=VERTEX_POINT('',#8939);
#4945=VERTEX_POINT('',#8940);
#4946=VERTEX_POINT('',#8942);
#4947=VERTEX_POINT('',#8944);
#4948=VERTEX_POINT('',#8946);
#4949=VERTEX_POINT('',#8951);
#4950=VERTEX_POINT('',#8955);
#4951=VERTEX_POINT('',#8956);
#4952=VERTEX_POINT('',#8958);
#4953=VERTEX_POINT('',#8960);
#4954=VERTEX_POINT('',#8964);
#4955=VERTEX_POINT('',#8965);
#4956=VERTEX_POINT('',#8967);
#4957=VERTEX_POINT('',#8969);
#4958=VERTEX_POINT('',#8973);
#4959=VERTEX_POINT('',#8974);
#4960=VERTEX_POINT('',#8976);
#4961=VERTEX_POINT('',#8978);
#4962=VERTEX_POINT('',#8983);
#4963=VERTEX_POINT('',#8985);
#4964=VERTEX_POINT('',#8988);
#4965=VERTEX_POINT('',#8990);
#4966=VERTEX_POINT('',#8994);
#4967=VERTEX_POINT('',#8996);
#4968=VERTEX_POINT('',#8998);
#4969=VERTEX_POINT('',#9000);
#4970=VERTEX_POINT('',#9002);
#4971=VERTEX_POINT('',#9004);
#4972=VERTEX_POINT('',#9008);
#4973=VERTEX_POINT('',#9010);
#4974=VERTEX_POINT('',#9013);
#4975=VERTEX_POINT('',#9014);
#4976=VERTEX_POINT('',#9016);
#4977=VERTEX_POINT('',#9018);
#4978=VERTEX_POINT('',#9020);
#4979=VERTEX_POINT('',#9025);
#4980=VERTEX_POINT('',#9030);
#4981=VERTEX_POINT('',#9032);
#4982=VERTEX_POINT('',#9034);
#4983=VERTEX_POINT('',#9036);
#4984=VERTEX_POINT('',#9039);
#4985=VERTEX_POINT('',#9040);
#4986=VERTEX_POINT('',#9042);
#4987=VERTEX_POINT('',#9044);
#4988=VERTEX_POINT('',#9048);
#4989=VERTEX_POINT('',#9050);
#4990=VERTEX_POINT('',#9052);
#4991=VERTEX_POINT('',#9054);
#4992=VERTEX_POINT('',#9058);
#4993=VERTEX_POINT('',#9059);
#4994=VERTEX_POINT('',#9061);
#4995=VERTEX_POINT('',#9063);
#4996=VERTEX_POINT('',#9067);
#4997=VERTEX_POINT('',#9073);
#4998=VERTEX_POINT('',#9074);
#4999=VERTEX_POINT('',#9079);
#5000=VERTEX_POINT('',#9081);
#5001=VERTEX_POINT('',#9087);
#5002=VERTEX_POINT('',#9089);
#5003=VERTEX_POINT('',#9091);
#5004=VERTEX_POINT('',#9094);
#5005=VERTEX_POINT('',#9096);
#5006=VERTEX_POINT('',#9101);
#5007=VERTEX_POINT('',#9103);
#5008=VERTEX_POINT('',#9107);
#5009=VERTEX_POINT('',#9115);
#5010=VERTEX_POINT('',#9117);
#5011=VERTEX_POINT('',#9119);
#5012=VERTEX_POINT('',#9121);
#5013=VERTEX_POINT('',#9123);
#5014=VERTEX_POINT('',#9125);
#5015=VERTEX_POINT('',#9127);
#5016=VERTEX_POINT('',#9152);
#5017=VERTEX_POINT('',#9154);
#5018=VERTEX_POINT('',#9158);
#5019=VERTEX_POINT('',#9160);
#5020=VERTEX_POINT('',#9163);
#5021=VERTEX_POINT('',#9167);
#5022=VERTEX_POINT('',#9175);
#5023=VERTEX_POINT('',#9177);
#5024=VERTEX_POINT('',#9197);
#5025=VERTEX_POINT('',#9198);
#5026=VERTEX_POINT('',#9200);
#5027=VERTEX_POINT('',#9202);
#5028=VERTEX_POINT('',#9205);
#5029=VERTEX_POINT('',#9207);
#5030=VERTEX_POINT('',#9210);
#5031=VERTEX_POINT('',#9211);
#5032=VERTEX_POINT('',#9213);
#5033=VERTEX_POINT('',#9215);
#5034=VERTEX_POINT('',#9218);
#5035=VERTEX_POINT('',#9220);
#5036=VERTEX_POINT('',#9233);
#5037=VERTEX_POINT('',#9235);
#5038=VERTEX_POINT('',#9238);
#5039=VERTEX_POINT('',#9241);
#5040=VERTEX_POINT('',#9244);
#5041=VERTEX_POINT('',#9247);
#5042=VERTEX_POINT('',#9250);
#5043=VERTEX_POINT('',#9253);
#5044=VERTEX_POINT('',#9256);
#5045=VERTEX_POINT('',#9259);
#5046=VERTEX_POINT('',#9262);
#5047=VERTEX_POINT('',#9266);
#5048=VERTEX_POINT('',#9267);
#5049=VERTEX_POINT('',#9269);
#5050=VERTEX_POINT('',#9271);
#5051=VERTEX_POINT('',#9275);
#5052=VERTEX_POINT('',#9277);
#5053=VERTEX_POINT('',#9279);
#5054=VERTEX_POINT('',#9281);
#5055=VERTEX_POINT('',#9282);
#5056=VERTEX_POINT('',#9284);
#5057=VERTEX_POINT('',#9286);
#5058=VERTEX_POINT('',#9288);
#5059=VERTEX_POINT('',#9290);
#5060=VERTEX_POINT('',#9292);
#5061=VERTEX_POINT('',#9294);
#5062=VERTEX_POINT('',#9296);
#5063=VERTEX_POINT('',#9298);
#5064=VERTEX_POINT('',#9300);
#5065=VERTEX_POINT('',#9302);
#5066=VERTEX_POINT('',#9304);
#5067=VERTEX_POINT('',#9306);
#5068=VERTEX_POINT('',#9308);
#5069=VERTEX_POINT('',#9310);
#5070=VERTEX_POINT('',#9312);
#5071=VERTEX_POINT('',#9314);
#5072=VERTEX_POINT('',#9316);
#5073=VERTEX_POINT('',#9318);
#5074=VERTEX_POINT('',#9322);
#5075=VERTEX_POINT('',#9324);
#5076=VERTEX_POINT('',#9325);
#5077=VERTEX_POINT('',#9327);
#5078=VERTEX_POINT('',#9329);
#5079=VERTEX_POINT('',#9331);
#5080=VERTEX_POINT('',#9333);
#5081=VERTEX_POINT('',#9337);
#5082=VERTEX_POINT('',#9338);
#5083=VERTEX_POINT('',#9341);
#5084=VERTEX_POINT('',#9343);
#5085=VERTEX_POINT('',#9350);
#5086=VERTEX_POINT('',#9351);
#5087=VERTEX_POINT('',#9358);
#5088=VERTEX_POINT('',#9359);
#5089=VERTEX_POINT('',#9361);
#5090=VERTEX_POINT('',#9363);
#5091=VERTEX_POINT('',#9366);
#5092=VERTEX_POINT('',#9367);
#5093=VERTEX_POINT('',#9369);
#5094=VERTEX_POINT('',#9371);
#5095=VERTEX_POINT('',#9378);
#5096=VERTEX_POINT('',#9386);
#5097=VERTEX_POINT('',#9388);
#5098=VERTEX_POINT('',#9390);
#5099=VERTEX_POINT('',#9392);
#5100=VERTEX_POINT('',#9396);
#5101=VERTEX_POINT('',#9397);
#5102=VERTEX_POINT('',#9399);
#5103=VERTEX_POINT('',#9402);
#5104=VERTEX_POINT('',#9463);
#5105=VERTEX_POINT('',#9522);
#5106=VERTEX_POINT('',#9581);
#5107=VERTEX_POINT('',#9640);
#5108=VERTEX_POINT('',#9642);
#5109=VERTEX_POINT('',#9643);
#5110=VERTEX_POINT('',#9650);
#5111=VERTEX_POINT('',#9652);
#5112=VERTEX_POINT('',#9654);
#5113=VERTEX_POINT('',#9656);
#5114=VERTEX_POINT('',#9658);
#5115=VERTEX_POINT('',#9661);
#5116=VERTEX_POINT('',#9663);
#5117=VERTEX_POINT('',#9665);
#5118=VERTEX_POINT('',#9669);
#5119=VERTEX_POINT('',#9673);
#5120=VERTEX_POINT('',#9675);
#5121=VERTEX_POINT('',#9679);
#5122=VERTEX_POINT('',#9681);
#5123=VERTEX_POINT('',#9689);
#5124=VERTEX_POINT('',#9700);
#5125=VERTEX_POINT('',#9704);
#5126=VERTEX_POINT('',#9710);
#5127=VERTEX_POINT('',#9714);
#5128=VERTEX_POINT('',#9718);
#5129=VERTEX_POINT('',#9724);
#5130=VERTEX_POINT('',#9728);
#5131=VERTEX_POINT('',#9732);
#5132=VERTEX_POINT('',#9738);
#5133=VERTEX_POINT('',#9799);
#5134=VERTEX_POINT('',#9858);
#5135=VERTEX_POINT('',#9922);
#5136=VERTEX_POINT('',#9981);
#5137=VERTEX_POINT('',#9989);
#5138=VERTEX_POINT('',#9990);
#5139=VERTEX_POINT('',#9992);
#5140=VERTEX_POINT('',#9994);
#5141=VERTEX_POINT('',#9998);
#5142=VERTEX_POINT('',#10000);
#5143=VERTEX_POINT('',#10004);
#5144=VERTEX_POINT('',#10006);
#5145=VERTEX_POINT('',#10015);
#5146=VERTEX_POINT('',#10016);
#5147=VERTEX_POINT('',#10018);
#5148=VERTEX_POINT('',#10020);
#5149=VERTEX_POINT('',#10024);
#5150=VERTEX_POINT('',#10026);
#5151=VERTEX_POINT('',#10030);
#5152=VERTEX_POINT('',#10032);
#5153=VERTEX_POINT('',#10041);
#5154=VERTEX_POINT('',#10042);
#5155=VERTEX_POINT('',#10044);
#5156=VERTEX_POINT('',#10046);
#5157=VERTEX_POINT('',#10050);
#5158=VERTEX_POINT('',#10052);
#5159=VERTEX_POINT('',#10056);
#5160=VERTEX_POINT('',#10058);
#5161=VERTEX_POINT('',#10067);
#5162=VERTEX_POINT('',#10068);
#5163=VERTEX_POINT('',#10070);
#5164=VERTEX_POINT('',#10072);
#5165=VERTEX_POINT('',#10076);
#5166=VERTEX_POINT('',#10078);
#5167=VERTEX_POINT('',#10082);
#5168=VERTEX_POINT('',#10084);
#5169=VERTEX_POINT('',#10093);
#5170=VERTEX_POINT('',#10094);
#5171=VERTEX_POINT('',#10096);
#5172=VERTEX_POINT('',#10098);
#5173=VERTEX_POINT('',#10102);
#5174=VERTEX_POINT('',#10104);
#5175=VERTEX_POINT('',#10108);
#5176=VERTEX_POINT('',#10110);
#5177=VERTEX_POINT('',#10114);
#5178=VERTEX_POINT('',#10115);
#5179=VERTEX_POINT('',#10117);
#5180=VERTEX_POINT('',#10119);
#5181=VERTEX_POINT('',#10123);
#5182=VERTEX_POINT('',#10125);
#5183=VERTEX_POINT('',#10129);
#5184=VERTEX_POINT('',#10131);
#5185=VERTEX_POINT('',#10135);
#5186=VERTEX_POINT('',#10137);
#5187=VERTEX_POINT('',#10141);
#5188=VERTEX_POINT('',#10143);
#5189=VERTEX_POINT('',#10155);
#5190=VERTEX_POINT('',#10156);
#5191=VERTEX_POINT('',#10158);
#5192=VERTEX_POINT('',#10160);
#5193=VERTEX_POINT('',#10164);
#5194=VERTEX_POINT('',#10165);
#5195=VERTEX_POINT('',#10167);
#5196=VERTEX_POINT('',#10169);
#5197=VERTEX_POINT('',#10181);
#5198=VERTEX_POINT('',#10182);
#5199=VERTEX_POINT('',#10184);
#5200=VERTEX_POINT('',#10186);
#5201=VERTEX_POINT('',#10190);
#5202=VERTEX_POINT('',#10192);
#5203=VERTEX_POINT('',#10196);
#5204=VERTEX_POINT('',#10198);
#5205=VERTEX_POINT('',#10202);
#5206=VERTEX_POINT('',#10203);
#5207=VERTEX_POINT('',#10205);
#5208=VERTEX_POINT('',#10207);
#5209=VERTEX_POINT('',#10211);
#5210=VERTEX_POINT('',#10213);
#5211=VERTEX_POINT('',#10217);
#5212=VERTEX_POINT('',#10219);
#5213=VERTEX_POINT('',#10223);
#5214=VERTEX_POINT('',#10225);
#5215=VERTEX_POINT('',#10229);
#5216=VERTEX_POINT('',#10231);
#5217=VERTEX_POINT('',#10243);
#5218=VERTEX_POINT('',#10244);
#5219=VERTEX_POINT('',#10246);
#5220=VERTEX_POINT('',#10248);
#5221=VERTEX_POINT('',#10252);
#5222=VERTEX_POINT('',#10254);
#5223=VERTEX_POINT('',#10258);
#5224=VERTEX_POINT('',#10260);
#5225=VERTEX_POINT('',#10269);
#5226=VERTEX_POINT('',#10270);
#5227=VERTEX_POINT('',#10272);
#5228=VERTEX_POINT('',#10274);
#5229=VERTEX_POINT('',#10278);
#5230=VERTEX_POINT('',#10279);
#5231=VERTEX_POINT('',#10281);
#5232=VERTEX_POINT('',#10283);
#5233=VERTEX_POINT('',#10295);
#5234=VERTEX_POINT('',#10296);
#5235=VERTEX_POINT('',#10298);
#5236=VERTEX_POINT('',#10300);
#5237=VERTEX_POINT('',#10303);
#5238=VERTEX_POINT('',#10304);
#5239=VERTEX_POINT('',#10306);
#5240=VERTEX_POINT('',#10308);
#5241=VERTEX_POINT('',#10311);
#5242=VERTEX_POINT('',#10312);
#5243=VERTEX_POINT('',#10314);
#5244=VERTEX_POINT('',#10316);
#5245=VERTEX_POINT('',#10319);
#5246=VERTEX_POINT('',#10321);
#5247=VERTEX_POINT('',#10323);
#5248=VERTEX_POINT('',#10324);
#5249=VERTEX_POINT('',#10326);
#5250=VERTEX_POINT('',#10328);
#5251=VERTEX_POINT('',#10331);
#5252=VERTEX_POINT('',#10332);
#5253=VERTEX_POINT('',#10334);
#5254=VERTEX_POINT('',#10336);
#5255=VERTEX_POINT('',#10339);
#5256=VERTEX_POINT('',#10340);
#5257=VERTEX_POINT('',#10342);
#5258=VERTEX_POINT('',#10344);
#5259=VERTEX_POINT('',#10404);
#5260=VERTEX_POINT('',#10463);
#5261=VERTEX_POINT('',#10468);
#5262=VERTEX_POINT('',#10470);
#5263=VERTEX_POINT('',#10474);
#5264=VERTEX_POINT('',#10476);
#5265=VERTEX_POINT('',#10485);
#5266=VERTEX_POINT('',#10487);
#5267=VERTEX_POINT('',#10491);
#5268=VERTEX_POINT('',#10493);
#5269=VERTEX_POINT('',#10502);
#5270=VERTEX_POINT('',#10504);
#5271=VERTEX_POINT('',#10508);
#5272=VERTEX_POINT('',#10510);
#5273=VERTEX_POINT('',#10519);
#5274=VERTEX_POINT('',#10521);
#5275=VERTEX_POINT('',#10525);
#5276=VERTEX_POINT('',#10527);
#5277=VERTEX_POINT('',#10536);
#5278=VERTEX_POINT('',#10538);
#5279=VERTEX_POINT('',#10542);
#5280=VERTEX_POINT('',#10544);
#5281=VERTEX_POINT('',#10553);
#5282=VERTEX_POINT('',#10555);
#5283=VERTEX_POINT('',#10559);
#5284=VERTEX_POINT('',#10561);
#5285=VERTEX_POINT('',#10571);
#5286=VERTEX_POINT('',#10573);
#5287=VERTEX_POINT('',#10574);
#5288=VERTEX_POINT('',#10576);
#5289=VERTEX_POINT('',#10578);
#5290=VERTEX_POINT('',#10638);
#5291=VERTEX_POINT('',#10697);
#5292=VERTEX_POINT('',#10757);
#5293=VERTEX_POINT('',#10759);
#5294=VERTEX_POINT('',#10761);
#5295=VERTEX_POINT('',#10820);
#5296=VERTEX_POINT('',#10823);
#5297=VERTEX_POINT('',#10824);
#5298=VERTEX_POINT('',#10826);
#5299=VERTEX_POINT('',#10830);
#5300=VERTEX_POINT('',#10832);
#5301=VERTEX_POINT('',#10837);
#5302=VERTEX_POINT('',#10840);
#5303=VERTEX_POINT('',#10845);
#5304=VERTEX_POINT('',#10847);
#5305=VERTEX_POINT('',#10851);
#5306=VERTEX_POINT('',#10855);
#5307=VERTEX_POINT('',#10862);
#5308=VERTEX_POINT('',#10870);
#5309=VERTEX_POINT('',#10871);
#5310=VERTEX_POINT('',#10873);
#5311=VERTEX_POINT('',#10875);
#5312=VERTEX_POINT('',#10879);
#5313=VERTEX_POINT('',#10881);
#5314=VERTEX_POINT('',#10885);
#5315=VERTEX_POINT('',#10887);
#5316=VERTEX_POINT('',#10894);
#5317=VERTEX_POINT('',#10897);
#5318=VERTEX_POINT('',#10901);
#5319=VERTEX_POINT('',#10903);
#5320=VERTEX_POINT('',#10904);
#5321=VERTEX_POINT('',#10906);
#5322=VERTEX_POINT('',#10908);
#5323=VERTEX_POINT('',#10912);
#5324=VERTEX_POINT('',#10914);
#5325=VERTEX_POINT('',#10918);
#5326=VERTEX_POINT('',#10920);
#5327=VERTEX_POINT('',#10929);
#5328=VERTEX_POINT('',#10933);
#5329=VERTEX_POINT('',#10934);
#5330=VERTEX_POINT('',#10936);
#5331=VERTEX_POINT('',#10938);
#5332=VERTEX_POINT('',#10942);
#5333=VERTEX_POINT('',#10945);
#5334=VERTEX_POINT('',#10947);
#5335=VERTEX_POINT('',#10949);
#5336=VERTEX_POINT('',#10951);
#5337=VERTEX_POINT('',#10953);
#5338=VERTEX_POINT('',#10957);
#5339=VERTEX_POINT('',#10960);
#5340=VERTEX_POINT('',#10962);
#5341=VERTEX_POINT('',#10964);
#5342=VERTEX_POINT('',#10966);
#5343=VERTEX_POINT('',#10969);
#5344=VERTEX_POINT('',#10971);
#5345=VERTEX_POINT('',#10974);
#5346=VERTEX_POINT('',#10978);
#5347=VERTEX_POINT('',#10980);
#5348=VERTEX_POINT('',#10982);
#5349=VERTEX_POINT('',#10986);
#5350=VERTEX_POINT('',#10988);
#5351=VERTEX_POINT('',#10992);
#5352=VERTEX_POINT('',#10996);
#5353=VERTEX_POINT('',#11002);
#5354=VERTEX_POINT('',#11006);
#5355=VERTEX_POINT('',#11008);
#5356=VERTEX_POINT('',#11010);
#5357=VERTEX_POINT('',#11014);
#5358=VERTEX_POINT('',#11016);
#5359=VERTEX_POINT('',#11020);
#5360=VERTEX_POINT('',#11024);
#5361=VERTEX_POINT('',#11030);
#5362=VERTEX_POINT('',#11034);
#5363=VERTEX_POINT('',#11036);
#5364=VERTEX_POINT('',#11038);
#5365=VERTEX_POINT('',#11042);
#5366=VERTEX_POINT('',#11044);
#5367=VERTEX_POINT('',#11048);
#5368=VERTEX_POINT('',#11052);
#5369=VERTEX_POINT('',#11058);
#5370=EDGE_CURVE('',#4826,#4826,#6122,.T.);
#5371=EDGE_CURVE('',#4827,#4827,#6123,.T.);
#5372=EDGE_CURVE('',#4828,#4828,#6124,.T.);
#5373=EDGE_CURVE('',#4829,#4829,#6125,.T.);
#5374=EDGE_CURVE('',#4830,#4830,#6126,.T.);
#5375=EDGE_CURVE('',#4831,#4831,#6127,.T.);
#5376=EDGE_CURVE('',#4832,#4832,#6128,.T.);
#5377=EDGE_CURVE('',#4833,#4833,#6129,.T.);
#5378=EDGE_CURVE('',#4834,#4834,#6130,.T.);
#5379=EDGE_CURVE('',#4835,#4835,#6131,.T.);
#5380=EDGE_CURVE('',#4836,#4836,#6132,.T.);
#5381=EDGE_CURVE('',#4837,#4837,#6133,.T.);
#5382=EDGE_CURVE('',#4838,#4838,#6134,.T.);
#5383=EDGE_CURVE('',#4839,#4839,#6135,.T.);
#5384=EDGE_CURVE('',#4840,#4840,#6136,.T.);
#5385=EDGE_CURVE('',#4841,#4841,#6137,.T.);
#5386=EDGE_CURVE('',#4842,#4842,#6138,.T.);
#5387=EDGE_CURVE('',#4843,#4843,#6139,.T.);
#5388=EDGE_CURVE('',#4844,#4844,#6140,.T.);
#5389=EDGE_CURVE('',#4845,#4845,#6141,.T.);
#5390=EDGE_CURVE('',#4846,#4846,#6142,.T.);
#5391=EDGE_CURVE('',#4847,#4847,#6143,.T.);
#5392=EDGE_CURVE('',#4848,#4848,#6144,.T.);
#5393=EDGE_CURVE('',#4849,#4849,#6145,.T.);
#5394=EDGE_CURVE('',#4850,#4850,#6146,.T.);
#5395=EDGE_CURVE('',#4851,#4851,#6147,.T.);
#5396=EDGE_CURVE('',#4852,#4852,#6148,.T.);
#5397=EDGE_CURVE('',#4853,#4853,#6149,.T.);
#5398=EDGE_CURVE('',#4854,#4854,#6150,.T.);
#5399=EDGE_CURVE('',#4855,#4855,#6151,.T.);
#5400=EDGE_CURVE('',#4856,#4856,#6152,.T.);
#5401=EDGE_CURVE('',#4857,#4857,#6153,.T.);
#5402=EDGE_CURVE('',#4858,#4858,#6154,.T.);
#5403=EDGE_CURVE('',#4859,#4859,#6155,.T.);
#5404=EDGE_CURVE('',#4860,#4860,#6156,.T.);
#5405=EDGE_CURVE('',#4861,#4861,#6157,.T.);
#5406=EDGE_CURVE('',#4862,#4862,#6158,.T.);
#5407=EDGE_CURVE('',#4863,#4863,#6159,.T.);
#5408=EDGE_CURVE('',#4864,#4864,#6160,.T.);
#5409=EDGE_CURVE('',#4865,#4865,#6161,.T.);
#5410=EDGE_CURVE('',#4866,#4866,#6162,.T.);
#5411=EDGE_CURVE('',#4867,#4867,#6163,.T.);
#5412=EDGE_CURVE('',#4868,#4868,#6164,.T.);
#5413=EDGE_CURVE('',#4869,#4869,#6165,.T.);
#5414=EDGE_CURVE('',#4870,#4870,#6166,.T.);
#5415=EDGE_CURVE('',#4871,#4871,#6167,.T.);
#5416=EDGE_CURVE('',#4872,#4872,#6168,.T.);
#5417=EDGE_CURVE('',#4873,#4873,#6169,.T.);
#5418=EDGE_CURVE('',#4874,#4874,#6170,.T.);
#5419=EDGE_CURVE('',#4875,#4875,#6171,.T.);
#5420=EDGE_CURVE('',#4876,#4876,#6172,.T.);
#5421=EDGE_CURVE('',#4877,#4877,#6173,.T.);
#5422=EDGE_CURVE('',#4878,#4878,#6174,.T.);
#5423=EDGE_CURVE('',#4879,#4879,#6175,.T.);
#5424=EDGE_CURVE('',#4880,#4880,#6176,.T.);
#5425=EDGE_CURVE('',#4881,#4881,#6177,.T.);
#5426=EDGE_CURVE('',#4882,#4882,#6178,.T.);
#5427=EDGE_CURVE('',#4883,#4883,#6179,.T.);
#5428=EDGE_CURVE('',#4884,#4884,#6180,.T.);
#5429=EDGE_CURVE('',#4885,#4885,#6181,.T.);
#5430=EDGE_CURVE('',#4886,#4886,#6182,.T.);
#5431=EDGE_CURVE('',#4887,#4887,#6183,.T.);
#5432=EDGE_CURVE('',#4888,#4888,#6184,.T.);
#5433=EDGE_CURVE('',#4889,#4889,#6185,.T.);
#5434=EDGE_CURVE('',#4890,#4890,#6186,.T.);
#5435=EDGE_CURVE('',#4891,#4891,#6187,.T.);
#5436=EDGE_CURVE('',#4892,#4892,#6188,.T.);
#5437=EDGE_CURVE('',#4893,#4893,#6189,.T.);
#5438=EDGE_CURVE('',#4894,#4894,#6190,.T.);
#5439=EDGE_CURVE('',#4895,#4895,#6191,.T.);
#5440=EDGE_CURVE('',#4896,#4896,#6192,.T.);
#5441=EDGE_CURVE('',#4897,#4897,#6193,.T.);
#5442=EDGE_CURVE('',#4898,#4898,#6194,.T.);
#5443=EDGE_CURVE('',#4899,#4899,#6195,.T.);
#5444=EDGE_CURVE('',#4900,#4900,#6196,.T.);
#5445=EDGE_CURVE('',#4901,#4901,#6197,.T.);
#5446=EDGE_CURVE('',#4902,#4902,#6198,.T.);
#5447=EDGE_CURVE('',#4903,#4903,#6199,.T.);
#5448=EDGE_CURVE('',#4904,#4904,#6200,.T.);
#5449=EDGE_CURVE('',#4905,#4905,#6201,.T.);
#5450=EDGE_CURVE('',#4906,#4906,#6202,.T.);
#5451=EDGE_CURVE('',#4907,#4907,#6203,.T.);
#5452=EDGE_CURVE('',#4908,#4908,#6204,.T.);
#5453=EDGE_CURVE('',#4909,#4909,#6205,.T.);
#5454=EDGE_CURVE('',#4910,#4910,#6206,.T.);
#5455=EDGE_CURVE('',#4911,#4911,#6207,.T.);
#5456=EDGE_CURVE('',#4912,#4912,#6208,.T.);
#5457=EDGE_CURVE('',#4913,#4913,#6209,.T.);
#5458=EDGE_CURVE('',#4914,#4914,#6210,.T.);
#5459=EDGE_CURVE('',#4915,#4915,#6211,.T.);
#5460=EDGE_CURVE('',#4916,#4916,#6212,.T.);
#5461=EDGE_CURVE('',#4917,#4917,#6213,.T.);
#5462=EDGE_CURVE('',#4918,#4918,#6214,.T.);
#5463=EDGE_CURVE('',#4919,#4919,#6215,.T.);
#5464=EDGE_CURVE('',#4920,#4921,#442,.T.);
#5465=EDGE_CURVE('',#4920,#4922,#443,.T.);
#5466=EDGE_CURVE('',#4922,#4923,#444,.T.);
#5467=EDGE_CURVE('',#4921,#4923,#445,.T.);
#5468=EDGE_CURVE('',#4924,#4925,#446,.T.);
#5469=EDGE_CURVE('',#4925,#4926,#447,.T.);
#5470=EDGE_CURVE('',#4927,#4926,#448,.T.);
#5471=EDGE_CURVE('',#4927,#4924,#449,.T.);
#5472=EDGE_CURVE('',#4928,#4929,#450,.T.);
#5473=EDGE_CURVE('',#4930,#4928,#451,.T.);
#5474=EDGE_CURVE('',#4930,#4931,#452,.T.);
#5475=EDGE_CURVE('',#4931,#4929,#453,.T.);
#5476=EDGE_CURVE('',#4932,#4926,#454,.T.);
#5477=EDGE_CURVE('',#4933,#4932,#455,.T.);
#5478=EDGE_CURVE('',#4933,#4920,#456,.T.);
#5479=EDGE_CURVE('',#4929,#4921,#457,.T.);
#5480=EDGE_CURVE('',#4934,#4931,#458,.T.);
#5481=EDGE_CURVE('',#4935,#4934,#459,.T.);
#5482=EDGE_CURVE('',#4935,#4927,#460,.T.);
#5483=EDGE_CURVE('',#4936,#4930,#461,.T.);
#5484=EDGE_CURVE('',#4923,#4928,#462,.T.);
#5485=EDGE_CURVE('',#4937,#4922,#463,.T.);
#5486=EDGE_CURVE('',#4937,#4938,#464,.T.);
#5487=EDGE_CURVE('',#4939,#4938,#465,.T.);
#5488=EDGE_CURVE('',#4940,#4939,#466,.T.);
#5489=EDGE_CURVE('',#4940,#4941,#467,.T.);
#5490=EDGE_CURVE('',#4941,#4936,#468,.T.);
#5491=EDGE_CURVE('',#4942,#4924,#469,.T.);
#5492=EDGE_CURVE('',#4942,#4943,#470,.T.);
#5493=EDGE_CURVE('',#4943,#4925,#471,.T.);
#5494=EDGE_CURVE('',#4944,#4945,#472,.T.);
#5495=EDGE_CURVE('',#4944,#4946,#473,.T.);
#5496=EDGE_CURVE('',#4946,#4947,#474,.T.);
#5497=EDGE_CURVE('',#4947,#4948,#475,.T.);
#5498=EDGE_CURVE('',#4948,#4945,#476,.T.);
#5499=EDGE_CURVE('',#4949,#4935,#477,.T.);
#5500=EDGE_CURVE('',#4942,#4949,#478,.T.);
#5501=EDGE_CURVE('',#4950,#4951,#479,.T.);
#5502=EDGE_CURVE('',#4950,#4952,#480,.T.);
#5503=EDGE_CURVE('',#4952,#4953,#481,.T.);
#5504=EDGE_CURVE('',#4951,#4953,#482,.T.);
#5505=EDGE_CURVE('',#4954,#4955,#483,.T.);
#5506=EDGE_CURVE('',#4956,#4954,#484,.T.);
#5507=EDGE_CURVE('',#4957,#4956,#485,.T.);
#5508=EDGE_CURVE('',#4957,#4955,#486,.T.);
#5509=EDGE_CURVE('',#4958,#4959,#487,.T.);
#5510=EDGE_CURVE('',#4960,#4959,#488,.T.);
#5511=EDGE_CURVE('',#4961,#4960,#489,.T.);
#5512=EDGE_CURVE('',#4961,#4958,#490,.T.);
#5513=EDGE_CURVE('',#4959,#4952,#491,.T.);
#5514=EDGE_CURVE('',#4962,#4950,#492,.T.);
#5515=EDGE_CURVE('',#4962,#4963,#493,.T.);
#5516=EDGE_CURVE('',#4963,#4955,#494,.T.);
#5517=EDGE_CURVE('',#4964,#4957,#495,.T.);
#5518=EDGE_CURVE('',#4964,#4965,#496,.T.);
#5519=EDGE_CURVE('',#4965,#4960,#497,.T.);
#5520=EDGE_CURVE('',#4966,#4961,#498,.T.);
#5521=EDGE_CURVE('',#4966,#4967,#499,.T.);
#5522=EDGE_CURVE('',#4968,#4967,#500,.T.);
#5523=EDGE_CURVE('',#4968,#4969,#501,.T.);
#5524=EDGE_CURVE('',#4969,#4970,#502,.T.);
#5525=EDGE_CURVE('',#4971,#4970,#503,.T.);
#5526=EDGE_CURVE('',#4971,#4951,#504,.T.);
#5527=EDGE_CURVE('',#4953,#4958,#505,.T.);
#5528=EDGE_CURVE('',#4972,#4954,#506,.T.);
#5529=EDGE_CURVE('',#4973,#4972,#507,.T.);
#5530=EDGE_CURVE('',#4973,#4956,#508,.T.);
#5531=EDGE_CURVE('',#4974,#4975,#509,.T.);
#5532=EDGE_CURVE('',#4974,#4976,#510,.T.);
#5533=EDGE_CURVE('',#4977,#4976,#511,.T.);
#5534=EDGE_CURVE('',#4978,#4977,#512,.T.);
#5535=EDGE_CURVE('',#4975,#4978,#513,.T.);
#5536=EDGE_CURVE('',#4973,#4979,#514,.T.);
#5537=EDGE_CURVE('',#4979,#4964,#515,.T.);
#5538=EDGE_CURVE('',#4933,#4962,#516,.T.);
#5539=EDGE_CURVE('',#4971,#4980,#517,.T.);
#5540=EDGE_CURVE('',#4980,#4981,#518,.T.);
#5541=EDGE_CURVE('',#4982,#4981,#519,.T.);
#5542=EDGE_CURVE('',#4983,#4982,#520,.T.);
#5543=EDGE_CURVE('',#4937,#4983,#521,.T.);
#5544=EDGE_CURVE('',#4984,#4985,#522,.T.);
#5545=EDGE_CURVE('',#4984,#4986,#523,.T.);
#5546=EDGE_CURVE('',#4986,#4987,#524,.T.);
#5547=EDGE_CURVE('',#4985,#4987,#525,.T.);
#5548=EDGE_CURVE('',#4988,#4943,#526,.T.);
#5549=EDGE_CURVE('',#4988,#4989,#527,.T.);
#5550=EDGE_CURVE('',#4989,#4990,#528,.T.);
#5551=EDGE_CURVE('',#4991,#4990,#529,.T.);
#5552=EDGE_CURVE('',#4991,#4972,#530,.T.);
#5553=EDGE_CURVE('',#4932,#4963,#531,.T.);
#5554=EDGE_CURVE('',#4992,#4993,#532,.T.);
#5555=EDGE_CURVE('',#4992,#4994,#533,.T.);
#5556=EDGE_CURVE('',#4994,#4995,#534,.T.);
#5557=EDGE_CURVE('',#4993,#4995,#535,.T.);
#5558=EDGE_CURVE('',#4983,#4996,#536,.T.);
#5559=EDGE_CURVE('',#4938,#4996,#537,.T.);
#5560=EDGE_CURVE('',#4949,#4988,#538,.T.);
#5561=EDGE_CURVE('',#4997,#4998,#539,.T.);
#5562=EDGE_CURVE('',#4997,#4944,#540,.T.);
#5563=EDGE_CURVE('',#4998,#4945,#541,.T.);
#5564=EDGE_CURVE('',#4999,#4939,#542,.T.);
#5565=EDGE_CURVE('',#5000,#4999,#543,.T.);
#5566=EDGE_CURVE('',#5000,#4940,#544,.T.);
#5567=EDGE_CURVE('',#4996,#4999,#545,.T.);
#5568=EDGE_CURVE('',#4989,#4982,#546,.T.);
#5569=EDGE_CURVE('',#5001,#4935,#547,.T.);
#5570=EDGE_CURVE('',#5002,#5001,#548,.T.);
#5571=EDGE_CURVE('',#5003,#5002,#549,.T.);
#5572=EDGE_CURVE('',#5003,#4997,#550,.T.);
#5573=EDGE_CURVE('',#4998,#5004,#551,.T.);
#5574=EDGE_CURVE('',#5004,#5005,#552,.T.);
#5575=EDGE_CURVE('',#5005,#5000,#553,.T.);
#5576=EDGE_CURVE('',#5006,#4968,#554,.T.);
#5577=EDGE_CURVE('',#5006,#5007,#555,.T.);
#5578=EDGE_CURVE('',#5007,#4969,#556,.T.);
#5579=EDGE_CURVE('',#4970,#5008,#557,.T.);
#5580=EDGE_CURVE('',#4980,#5008,#558,.T.);
#5581=EDGE_CURVE('',#4979,#4991,#559,.T.);
#5582=EDGE_CURVE('',#4990,#4981,#560,.T.);
#5583=EDGE_CURVE('',#5008,#5007,#561,.T.);
#5584=EDGE_CURVE('',#5009,#5006,#562,.T.);
#5585=EDGE_CURVE('',#5010,#5009,#563,.T.);
#5586=EDGE_CURVE('',#5011,#5010,#564,.T.);
#5587=EDGE_CURVE('',#5012,#5011,#565,.T.);
#5588=EDGE_CURVE('',#5013,#5012,#566,.T.);
#5589=EDGE_CURVE('',#5013,#5014,#567,.T.);
#5590=EDGE_CURVE('',#5014,#5015,#568,.T.);
#5591=EDGE_CURVE('',#5015,#4964,#569,.T.);
#5592=EDGE_CURVE('',#4974,#5012,#570,.T.);
#5593=EDGE_CURVE('',#5011,#4976,#571,.T.);
#5594=EDGE_CURVE('',#4994,#4985,#572,.T.);
#5595=EDGE_CURVE('',#4984,#4992,#573,.T.);
#5596=EDGE_CURVE('',#4995,#4987,#574,.T.);
#5597=EDGE_CURVE('',#4986,#4993,#575,.T.);
#5598=EDGE_CURVE('',#5013,#5003,#576,.T.);
#5599=EDGE_CURVE('',#5012,#4997,#577,.T.);
#5600=EDGE_CURVE('',#4966,#4936,#578,.T.);
#5601=EDGE_CURVE('',#5014,#4965,#579,.T.);
#5602=EDGE_CURVE('',#5002,#4934,#580,.T.);
#5603=EDGE_CURVE('',#5016,#5002,#581,.T.);
#5604=EDGE_CURVE('',#5017,#5016,#582,.T.);
#5605=EDGE_CURVE('',#4934,#5017,#583,.T.);
#5606=EDGE_CURVE('',#5018,#5018,#6216,.T.);
#5607=EDGE_CURVE('',#5019,#5019,#6217,.T.);
#5608=EDGE_CURVE('',#4935,#4964,#584,.T.);
#5609=EDGE_CURVE('',#5017,#5020,#585,.T.);
#5610=EDGE_CURVE('',#4965,#5020,#586,.T.);
#5611=EDGE_CURVE('',#5021,#5014,#587,.T.);
#5612=EDGE_CURVE('',#5020,#5021,#588,.T.);
#5613=EDGE_CURVE('',#5001,#5015,#589,.T.);
#5614=EDGE_CURVE('',#5016,#5021,#590,.T.);
#5615=EDGE_CURVE('',#5022,#5022,#6218,.T.);
#5616=EDGE_CURVE('',#5023,#5023,#6219,.T.);
#5617=EDGE_CURVE('',#5010,#4977,#591,.T.);
#5618=EDGE_CURVE('',#5009,#5005,#592,.T.);
#5619=EDGE_CURVE('',#5004,#4948,#593,.T.);
#5620=EDGE_CURVE('',#4978,#4947,#594,.T.);
#5621=EDGE_CURVE('',#4967,#5009,#595,.T.);
#5622=EDGE_CURVE('',#5005,#4941,#596,.T.);
#5623=EDGE_CURVE('',#4975,#4946,#597,.T.);
#5624=EDGE_CURVE('',#5024,#5025,#598,.T.);
#5625=EDGE_CURVE('',#5024,#5026,#6220,.T.);
#5626=EDGE_CURVE('',#5026,#5027,#599,.T.);
#5627=EDGE_CURVE('',#5027,#5025,#6221,.T.);
#5628=EDGE_CURVE('',#5028,#5028,#6222,.T.);
#5629=EDGE_CURVE('',#5029,#5029,#6223,.T.);
#5630=EDGE_CURVE('',#5030,#5031,#6224,.T.);
#5631=EDGE_CURVE('',#5030,#5032,#600,.T.);
#5632=EDGE_CURVE('',#5033,#5032,#6225,.T.);
#5633=EDGE_CURVE('',#5031,#5033,#601,.T.);
#5634=EDGE_CURVE('',#5034,#5034,#6226,.T.);
#5635=EDGE_CURVE('',#5035,#5035,#6227,.T.);
#5636=EDGE_CURVE('',#5027,#5033,#602,.T.);
#5637=EDGE_CURVE('',#5025,#5032,#603,.T.);
#5638=EDGE_CURVE('',#5030,#5024,#604,.T.);
#5639=EDGE_CURVE('',#5031,#5026,#605,.T.);
#5640=EDGE_CURVE('',#5036,#5036,#6228,.T.);
#5641=EDGE_CURVE('',#5037,#5037,#6229,.T.);
#5642=EDGE_CURVE('',#5038,#5038,#6230,.T.);
#5643=EDGE_CURVE('',#5039,#5039,#6231,.T.);
#5644=EDGE_CURVE('',#5040,#5040,#6232,.T.);
#5645=EDGE_CURVE('',#5041,#5041,#6233,.T.);
#5646=EDGE_CURVE('',#5042,#5042,#6234,.T.);
#5647=EDGE_CURVE('',#5043,#5043,#6235,.T.);
#5648=EDGE_CURVE('',#5044,#5044,#6236,.T.);
#5649=EDGE_CURVE('',#5045,#5045,#6237,.T.);
#5650=EDGE_CURVE('',#5046,#5046,#6238,.T.);
#5651=EDGE_CURVE('',#5047,#5048,#6239,.T.);
#5652=EDGE_CURVE('',#5048,#5049,#606,.T.);
#5653=EDGE_CURVE('',#5050,#5049,#607,.T.);
#5654=EDGE_CURVE('',#5050,#5047,#608,.T.);
#5655=EDGE_CURVE('',#5051,#5051,#6240,.T.);
#5656=EDGE_CURVE('',#5052,#5052,#6241,.T.);
#5657=EDGE_CURVE('',#5053,#5053,#6242,.T.);
#5658=EDGE_CURVE('',#5054,#5055,#609,.T.);
#5659=EDGE_CURVE('',#5055,#5056,#6243,.T.);
#5660=EDGE_CURVE('',#5056,#5057,#610,.T.);
#5661=EDGE_CURVE('',#5058,#5057,#6244,.T.);
#5662=EDGE_CURVE('',#5058,#5059,#611,.T.);
#5663=EDGE_CURVE('',#5059,#5060,#612,.T.);
#5664=EDGE_CURVE('',#5060,#5061,#613,.T.);
#5665=EDGE_CURVE('',#5062,#5061,#6245,.T.);
#5666=EDGE_CURVE('',#5063,#5062,#614,.T.);
#5667=EDGE_CURVE('',#5064,#5063,#615,.T.);
#5668=EDGE_CURVE('',#5065,#5064,#616,.T.);
#5669=EDGE_CURVE('',#5066,#5065,#6246,.T.);
#5670=EDGE_CURVE('',#5066,#5067,#617,.T.);
#5671=EDGE_CURVE('',#5067,#5068,#618,.T.);
#5672=EDGE_CURVE('',#5068,#5069,#619,.T.);
#5673=EDGE_CURVE('',#5070,#5069,#6247,.T.);
#5674=EDGE_CURVE('',#5070,#5071,#620,.T.);
#5675=EDGE_CURVE('',#5071,#5072,#621,.T.);
#5676=EDGE_CURVE('',#5072,#5073,#622,.T.);
#5677=EDGE_CURVE('',#5054,#5073,#6248,.T.);
#5678=EDGE_CURVE('',#5074,#5074,#6249,.T.);
#5679=EDGE_CURVE('',#5075,#5076,#623,.T.);
#5680=EDGE_CURVE('',#5076,#5077,#624,.T.);
#5681=EDGE_CURVE('',#5077,#5078,#625,.T.);
#5682=EDGE_CURVE('',#5078,#5079,#6250,.T.);
#5683=EDGE_CURVE('',#5080,#5079,#626,.T.);
#5684=EDGE_CURVE('',#5080,#5075,#6251,.T.);
#5685=EDGE_CURVE('',#5081,#5082,#6252,.T.);
#5686=EDGE_CURVE('',#5081,#5070,#627,.T.);
#5687=EDGE_CURVE('',#5083,#5069,#628,.T.);
#5688=EDGE_CURVE('',#5084,#5083,#6253,.T.);
#5689=EDGE_CURVE('',#5084,#5066,#629,.T.);
#5690=EDGE_CURVE('',#5075,#5065,#630,.T.);
#5691=EDGE_CURVE('',#5080,#5054,#631,.T.);
#5692=EDGE_CURVE('',#5082,#5073,#632,.T.);
#5693=EDGE_CURVE('',#5085,#5086,#6254,.T.);
#5694=EDGE_CURVE('',#5085,#5058,#633,.T.);
#5695=EDGE_CURVE('',#5079,#5057,#634,.T.);
#5696=EDGE_CURVE('',#5078,#5062,#635,.T.);
#5697=EDGE_CURVE('',#5086,#5061,#636,.T.);
#5698=EDGE_CURVE('',#5087,#5088,#637,.T.);
#5699=EDGE_CURVE('',#5088,#5089,#638,.T.);
#5700=EDGE_CURVE('',#5090,#5089,#639,.T.);
#5701=EDGE_CURVE('',#5087,#5090,#640,.T.);
#5702=EDGE_CURVE('',#5091,#5092,#641,.T.);
#5703=EDGE_CURVE('',#5093,#5091,#642,.T.);
#5704=EDGE_CURVE('',#5093,#5094,#643,.T.);
#5705=EDGE_CURVE('',#5094,#5092,#644,.T.);
#5706=EDGE_CURVE('',#5091,#5054,#645,.T.);
#5707=EDGE_CURVE('',#5080,#5093,#646,.T.);
#5708=EDGE_CURVE('',#5095,#5095,#6255,.T.);
#5709=EDGE_CURVE('',#5057,#5092,#647,.T.);
#5710=EDGE_CURVE('',#5094,#5079,#648,.T.);
#5711=EDGE_CURVE('',#5056,#5055,#649,.T.);
#5712=EDGE_CURVE('',#5064,#5096,#6256,.T.);
#5713=EDGE_CURVE('',#5096,#5097,#650,.T.);
#5714=EDGE_CURVE('',#5097,#5098,#6257,.T.);
#5715=EDGE_CURVE('',#5098,#5099,#651,.T.);
#5716=EDGE_CURVE('',#5099,#5076,#6258,.T.);
#5717=EDGE_CURVE('',#5100,#5101,#6259,.T.);
#5718=EDGE_CURVE('',#5100,#5102,#652,.T.);
#5719=EDGE_CURVE('',#5102,#5063,#6260,.T.);
#5720=EDGE_CURVE('',#5077,#5103,#6261,.T.);
#5721=EDGE_CURVE('',#5103,#5101,#653,.T.);
#5722=EDGE_CURVE('',#5104,#5104,#184,.T.);
#5723=EDGE_CURVE('',#5105,#5105,#185,.T.);
#5724=EDGE_CURVE('',#5106,#5106,#186,.T.);
#5725=EDGE_CURVE('',#5107,#5107,#187,.T.);
#5726=EDGE_CURVE('',#5108,#5109,#654,.T.);
#5727=EDGE_CURVE('',#5108,#5050,#6262,.T.);
#5728=EDGE_CURVE('',#5049,#5109,#6263,.T.);
#5729=EDGE_CURVE('',#5097,#5100,#655,.T.);
#5730=EDGE_CURVE('',#5098,#5101,#656,.T.);
#5731=EDGE_CURVE('',#5110,#5048,#657,.T.);
#5732=EDGE_CURVE('',#5111,#5047,#658,.T.);
#5733=EDGE_CURVE('',#5111,#5112,#6264,.T.);
#5734=EDGE_CURVE('',#5112,#5113,#659,.T.);
#5735=EDGE_CURVE('',#5114,#5113,#6265,.T.);
#5736=EDGE_CURVE('',#5114,#5056,#660,.T.);
#5737=EDGE_CURVE('',#5055,#5115,#661,.T.);
#5738=EDGE_CURVE('',#5116,#5115,#6266,.T.);
#5739=EDGE_CURVE('',#5117,#5116,#662,.T.);
#5740=EDGE_CURVE('',#5117,#5110,#6267,.T.);
#5741=EDGE_CURVE('',#5118,#5118,#6268,.T.);
#5742=EDGE_CURVE('',#5108,#5111,#663,.T.);
#5743=EDGE_CURVE('',#5110,#5109,#664,.T.);
#5744=EDGE_CURVE('',#5119,#5117,#665,.T.);
#5745=EDGE_CURVE('',#5119,#5120,#666,.T.);
#5746=EDGE_CURVE('',#5112,#5120,#667,.T.);
#5747=EDGE_CURVE('',#5121,#5113,#668,.T.);
#5748=EDGE_CURVE('',#5122,#5121,#669,.T.);
#5749=EDGE_CURVE('',#5116,#5122,#670,.T.);
#5750=EDGE_CURVE('',#5114,#5115,#671,.T.);
#5751=EDGE_CURVE('',#5119,#5087,#672,.T.);
#5752=EDGE_CURVE('',#5088,#5122,#673,.T.);
#5753=EDGE_CURVE('',#5123,#5123,#6269,.T.);
#5754=EDGE_CURVE('',#5090,#5120,#674,.T.);
#5755=EDGE_CURVE('',#5121,#5089,#675,.T.);
#5756=EDGE_CURVE('',#5085,#5124,#676,.T.);
#5757=EDGE_CURVE('',#5124,#5059,#677,.T.);
#5758=EDGE_CURVE('',#5124,#5125,#678,.T.);
#5759=EDGE_CURVE('',#5125,#5060,#679,.T.);
#5760=EDGE_CURVE('',#5125,#5086,#680,.T.);
#5761=EDGE_CURVE('',#5126,#5126,#6270,.T.);
#5762=EDGE_CURVE('',#5084,#5127,#681,.T.);
#5763=EDGE_CURVE('',#5127,#5067,#682,.T.);
#5764=EDGE_CURVE('',#5127,#5128,#683,.T.);
#5765=EDGE_CURVE('',#5128,#5068,#684,.T.);
#5766=EDGE_CURVE('',#5128,#5083,#685,.T.);
#5767=EDGE_CURVE('',#5129,#5129,#6271,.T.);
#5768=EDGE_CURVE('',#5081,#5130,#686,.T.);
#5769=EDGE_CURVE('',#5130,#5071,#687,.T.);
#5770=EDGE_CURVE('',#5130,#5131,#688,.T.);
#5771=EDGE_CURVE('',#5131,#5072,#689,.T.);
#5772=EDGE_CURVE('',#5131,#5082,#690,.T.);
#5773=EDGE_CURVE('',#5132,#5132,#6272,.T.);
#5774=EDGE_CURVE('',#5133,#5133,#188,.T.);
#5775=EDGE_CURVE('',#5134,#5134,#189,.T.);
#5776=EDGE_CURVE('',#5099,#5103,#691,.T.);
#5777=EDGE_CURVE('',#5096,#5102,#692,.T.);
#5778=EDGE_CURVE('',#5135,#5135,#190,.T.);
#5779=EDGE_CURVE('',#5136,#5136,#191,.T.);
#5780=EDGE_CURVE('',#5137,#5138,#693,.T.);
#5781=EDGE_CURVE('',#5139,#5138,#694,.T.);
#5782=EDGE_CURVE('',#5140,#5139,#695,.T.);
#5783=EDGE_CURVE('',#5140,#5137,#696,.T.);
#5784=EDGE_CURVE('',#5138,#5141,#697,.T.);
#5785=EDGE_CURVE('',#5142,#5141,#698,.T.);
#5786=EDGE_CURVE('',#5139,#5142,#699,.T.);
#5787=EDGE_CURVE('',#5141,#5143,#700,.T.);
#5788=EDGE_CURVE('',#5144,#5143,#701,.T.);
#5789=EDGE_CURVE('',#5142,#5144,#702,.T.);
#5790=EDGE_CURVE('',#5143,#5137,#703,.T.);
#5791=EDGE_CURVE('',#5144,#5140,#704,.T.);
#5792=EDGE_CURVE('',#5145,#5146,#705,.T.);
#5793=EDGE_CURVE('',#5147,#5145,#706,.T.);
#5794=EDGE_CURVE('',#5148,#5147,#707,.T.);
#5795=EDGE_CURVE('',#5148,#5146,#708,.T.);
#5796=EDGE_CURVE('',#5147,#5149,#709,.T.);
#5797=EDGE_CURVE('',#5149,#5150,#710,.T.);
#5798=EDGE_CURVE('',#5148,#5150,#711,.T.);
#5799=EDGE_CURVE('',#5145,#5151,#712,.T.);
#5800=EDGE_CURVE('',#5146,#5152,#713,.T.);
#5801=EDGE_CURVE('',#5152,#5151,#714,.T.);
#5802=EDGE_CURVE('',#5151,#5149,#715,.T.);
#5803=EDGE_CURVE('',#5152,#5150,#716,.T.);
#5804=EDGE_CURVE('',#5153,#5154,#717,.T.);
#5805=EDGE_CURVE('',#5155,#5153,#718,.T.);
#5806=EDGE_CURVE('',#5155,#5156,#719,.T.);
#5807=EDGE_CURVE('',#5156,#5154,#720,.T.);
#5808=EDGE_CURVE('',#5154,#5157,#721,.T.);
#5809=EDGE_CURVE('',#5156,#5158,#722,.T.);
#5810=EDGE_CURVE('',#5158,#5157,#723,.T.);
#5811=EDGE_CURVE('',#5157,#5159,#724,.T.);
#5812=EDGE_CURVE('',#5158,#5160,#725,.T.);
#5813=EDGE_CURVE('',#5160,#5159,#726,.T.);
#5814=EDGE_CURVE('',#5159,#5153,#727,.T.);
#5815=EDGE_CURVE('',#5160,#5155,#728,.T.);
#5816=EDGE_CURVE('',#5161,#5162,#729,.T.);
#5817=EDGE_CURVE('',#5163,#5162,#730,.T.);
#5818=EDGE_CURVE('',#5164,#5163,#731,.T.);
#5819=EDGE_CURVE('',#5164,#5161,#732,.T.);
#5820=EDGE_CURVE('',#5165,#5164,#733,.T.);
#5821=EDGE_CURVE('',#5166,#5165,#734,.T.);
#5822=EDGE_CURVE('',#5166,#5161,#735,.T.);
#5823=EDGE_CURVE('',#5167,#5162,#736,.T.);
#5824=EDGE_CURVE('',#5167,#5168,#737,.T.);
#5825=EDGE_CURVE('',#5168,#5163,#738,.T.);
#5826=EDGE_CURVE('',#5168,#5165,#739,.T.);
#5827=EDGE_CURVE('',#5167,#5166,#740,.T.);
#5828=EDGE_CURVE('',#5169,#5170,#741,.T.);
#5829=EDGE_CURVE('',#5171,#5170,#742,.T.);
#5830=EDGE_CURVE('',#5172,#5171,#743,.T.);
#5831=EDGE_CURVE('',#5172,#5169,#744,.T.);
#5832=EDGE_CURVE('',#5170,#5173,#745,.T.);
#5833=EDGE_CURVE('',#5174,#5173,#746,.T.);
#5834=EDGE_CURVE('',#5171,#5174,#747,.T.);
#5835=EDGE_CURVE('',#5173,#5175,#748,.T.);
#5836=EDGE_CURVE('',#5176,#5175,#749,.T.);
#5837=EDGE_CURVE('',#5174,#5176,#750,.T.);
#5838=EDGE_CURVE('',#5177,#5178,#751,.T.);
#5839=EDGE_CURVE('',#5179,#5178,#752,.T.);
#5840=EDGE_CURVE('',#5180,#5179,#753,.T.);
#5841=EDGE_CURVE('',#5180,#5177,#754,.T.);
#5842=EDGE_CURVE('',#5178,#5181,#755,.T.);
#5843=EDGE_CURVE('',#5182,#5181,#756,.T.);
#5844=EDGE_CURVE('',#5179,#5182,#757,.T.);
#5845=EDGE_CURVE('',#5181,#5183,#758,.T.);
#5846=EDGE_CURVE('',#5184,#5183,#759,.T.);
#5847=EDGE_CURVE('',#5182,#5184,#760,.T.);
#5848=EDGE_CURVE('',#5183,#5185,#761,.T.);
#5849=EDGE_CURVE('',#5186,#5185,#762,.T.);
#5850=EDGE_CURVE('',#5184,#5186,#763,.T.);
#5851=EDGE_CURVE('',#5185,#5187,#764,.T.);
#5852=EDGE_CURVE('',#5188,#5187,#765,.T.);
#5853=EDGE_CURVE('',#5186,#5188,#766,.T.);
#5854=EDGE_CURVE('',#5187,#5177,#767,.T.);
#5855=EDGE_CURVE('',#5188,#5180,#768,.T.);
#5856=EDGE_CURVE('',#5175,#5169,#769,.T.);
#5857=EDGE_CURVE('',#5176,#5172,#770,.T.);
#5858=EDGE_CURVE('',#5189,#5190,#771,.T.);
#5859=EDGE_CURVE('',#5191,#5190,#772,.T.);
#5860=EDGE_CURVE('',#5191,#5192,#773,.T.);
#5861=EDGE_CURVE('',#5192,#5189,#774,.T.);
#5862=EDGE_CURVE('',#5193,#5194,#775,.T.);
#5863=EDGE_CURVE('',#5195,#5194,#776,.T.);
#5864=EDGE_CURVE('',#5196,#5195,#777,.T.);
#5865=EDGE_CURVE('',#5193,#5196,#778,.T.);
#5866=EDGE_CURVE('',#5190,#5194,#779,.T.);
#5867=EDGE_CURVE('',#5189,#5195,#780,.T.);
#5868=EDGE_CURVE('',#5193,#5191,#781,.T.);
#5869=EDGE_CURVE('',#5192,#5196,#782,.T.);
#5870=EDGE_CURVE('',#5197,#5198,#783,.T.);
#5871=EDGE_CURVE('',#5199,#5197,#784,.T.);
#5872=EDGE_CURVE('',#5199,#5200,#785,.T.);
#5873=EDGE_CURVE('',#5200,#5198,#786,.T.);
#5874=EDGE_CURVE('',#5201,#5197,#787,.T.);
#5875=EDGE_CURVE('',#5202,#5201,#788,.T.);
#5876=EDGE_CURVE('',#5202,#5199,#789,.T.);
#5877=EDGE_CURVE('',#5203,#5201,#790,.T.);
#5878=EDGE_CURVE('',#5204,#5203,#791,.T.);
#5879=EDGE_CURVE('',#5204,#5202,#792,.T.);
#5880=EDGE_CURVE('',#5205,#5206,#793,.T.);
#5881=EDGE_CURVE('',#5207,#5205,#794,.T.);
#5882=EDGE_CURVE('',#5207,#5208,#795,.T.);
#5883=EDGE_CURVE('',#5208,#5206,#796,.T.);
#5884=EDGE_CURVE('',#5209,#5205,#797,.T.);
#5885=EDGE_CURVE('',#5210,#5209,#798,.T.);
#5886=EDGE_CURVE('',#5210,#5207,#799,.T.);
#5887=EDGE_CURVE('',#5211,#5209,#800,.T.);
#5888=EDGE_CURVE('',#5212,#5211,#801,.T.);
#5889=EDGE_CURVE('',#5212,#5210,#802,.T.);
#5890=EDGE_CURVE('',#5213,#5211,#803,.T.);
#5891=EDGE_CURVE('',#5214,#5213,#804,.T.);
#5892=EDGE_CURVE('',#5214,#5212,#805,.T.);
#5893=EDGE_CURVE('',#5215,#5213,#806,.T.);
#5894=EDGE_CURVE('',#5216,#5215,#807,.T.);
#5895=EDGE_CURVE('',#5216,#5214,#808,.T.);
#5896=EDGE_CURVE('',#5206,#5215,#809,.T.);
#5897=EDGE_CURVE('',#5208,#5216,#810,.T.);
#5898=EDGE_CURVE('',#5198,#5203,#811,.T.);
#5899=EDGE_CURVE('',#5200,#5204,#812,.T.);
#5900=EDGE_CURVE('',#5217,#5218,#813,.T.);
#5901=EDGE_CURVE('',#5219,#5217,#814,.T.);
#5902=EDGE_CURVE('',#5219,#5220,#815,.T.);
#5903=EDGE_CURVE('',#5220,#5218,#816,.T.);
#5904=EDGE_CURVE('',#5218,#5221,#817,.T.);
#5905=EDGE_CURVE('',#5220,#5222,#818,.T.);
#5906=EDGE_CURVE('',#5222,#5221,#819,.T.);
#5907=EDGE_CURVE('',#5221,#5223,#820,.T.);
#5908=EDGE_CURVE('',#5222,#5224,#821,.T.);
#5909=EDGE_CURVE('',#5224,#5223,#822,.T.);
#5910=EDGE_CURVE('',#5223,#5217,#823,.T.);
#5911=EDGE_CURVE('',#5224,#5219,#824,.T.);
#5912=EDGE_CURVE('',#5225,#5226,#825,.T.);
#5913=EDGE_CURVE('',#5227,#5225,#826,.T.);
#5914=EDGE_CURVE('',#5227,#5228,#827,.T.);
#5915=EDGE_CURVE('',#5228,#5226,#828,.T.);
#5916=EDGE_CURVE('',#5229,#5230,#829,.T.);
#5917=EDGE_CURVE('',#5229,#5231,#830,.T.);
#5918=EDGE_CURVE('',#5232,#5231,#831,.T.);
#5919=EDGE_CURVE('',#5230,#5232,#832,.T.);
#5920=EDGE_CURVE('',#5230,#5225,#833,.T.);
#5921=EDGE_CURVE('',#5232,#5227,#834,.T.);
#5922=EDGE_CURVE('',#5229,#5226,#835,.T.);
#5923=EDGE_CURVE('',#5231,#5228,#836,.T.);
#5924=EDGE_CURVE('',#5233,#5234,#6273,.T.);
#5925=EDGE_CURVE('',#5233,#5235,#837,.T.);
#5926=EDGE_CURVE('',#5235,#5236,#6274,.T.);
#5927=EDGE_CURVE('',#5234,#5236,#838,.T.);
#5928=EDGE_CURVE('',#5237,#5238,#6275,.T.);
#5929=EDGE_CURVE('',#5237,#5239,#839,.T.);
#5930=EDGE_CURVE('',#5239,#5240,#6276,.T.);
#5931=EDGE_CURVE('',#5238,#5240,#840,.T.);
#5932=EDGE_CURVE('',#5241,#5242,#6277,.T.);
#5933=EDGE_CURVE('',#5241,#5243,#841,.T.);
#5934=EDGE_CURVE('',#5243,#5244,#6278,.T.);
#5935=EDGE_CURVE('',#5242,#5244,#842,.T.);
#5936=EDGE_CURVE('',#5245,#5245,#6279,.T.);
#5937=EDGE_CURVE('',#5246,#5246,#6280,.T.);
#5938=EDGE_CURVE('',#5247,#5248,#6281,.T.);
#5939=EDGE_CURVE('',#5247,#5249,#843,.T.);
#5940=EDGE_CURVE('',#5249,#5250,#6282,.T.);
#5941=EDGE_CURVE('',#5248,#5250,#844,.T.);
#5942=EDGE_CURVE('',#5251,#5252,#6283,.T.);
#5943=EDGE_CURVE('',#5251,#5253,#845,.T.);
#5944=EDGE_CURVE('',#5253,#5254,#6284,.T.);
#5945=EDGE_CURVE('',#5252,#5254,#846,.T.);
#5946=EDGE_CURVE('',#5255,#5256,#6285,.T.);
#5947=EDGE_CURVE('',#5255,#5257,#847,.T.);
#5948=EDGE_CURVE('',#5257,#5258,#6286,.T.);
#5949=EDGE_CURVE('',#5256,#5258,#848,.T.);
#5950=EDGE_CURVE('',#5259,#5259,#192,.T.);
#5951=EDGE_CURVE('',#5260,#5260,#193,.T.);
#5952=EDGE_CURVE('',#5243,#5261,#849,.T.);
#5953=EDGE_CURVE('',#5241,#5262,#850,.T.);
#5954=EDGE_CURVE('',#5262,#5261,#851,.T.);
#5955=EDGE_CURVE('',#5261,#5263,#852,.T.);
#5956=EDGE_CURVE('',#5262,#5264,#853,.T.);
#5957=EDGE_CURVE('',#5264,#5263,#854,.T.);
#5958=EDGE_CURVE('',#5263,#5244,#855,.T.);
#5959=EDGE_CURVE('',#5264,#5242,#856,.T.);
#5960=EDGE_CURVE('',#5249,#5265,#857,.T.);
#5961=EDGE_CURVE('',#5247,#5266,#858,.T.);
#5962=EDGE_CURVE('',#5266,#5265,#859,.T.);
#5963=EDGE_CURVE('',#5265,#5267,#860,.T.);
#5964=EDGE_CURVE('',#5266,#5268,#861,.T.);
#5965=EDGE_CURVE('',#5268,#5267,#862,.T.);
#5966=EDGE_CURVE('',#5267,#5250,#863,.T.);
#5967=EDGE_CURVE('',#5268,#5248,#864,.T.);
#5968=EDGE_CURVE('',#5239,#5269,#865,.T.);
#5969=EDGE_CURVE('',#5237,#5270,#866,.T.);
#5970=EDGE_CURVE('',#5270,#5269,#867,.T.);
#5971=EDGE_CURVE('',#5269,#5271,#868,.T.);
#5972=EDGE_CURVE('',#5270,#5272,#869,.T.);
#5973=EDGE_CURVE('',#5272,#5271,#870,.T.);
#5974=EDGE_CURVE('',#5271,#5240,#871,.T.);
#5975=EDGE_CURVE('',#5272,#5238,#872,.T.);
#5976=EDGE_CURVE('',#5253,#5273,#873,.T.);
#5977=EDGE_CURVE('',#5251,#5274,#874,.T.);
#5978=EDGE_CURVE('',#5274,#5273,#875,.T.);
#5979=EDGE_CURVE('',#5273,#5275,#876,.T.);
#5980=EDGE_CURVE('',#5274,#5276,#877,.T.);
#5981=EDGE_CURVE('',#5276,#5275,#878,.T.);
#5982=EDGE_CURVE('',#5275,#5254,#879,.T.);
#5983=EDGE_CURVE('',#5276,#5252,#880,.T.);
#5984=EDGE_CURVE('',#5235,#5277,#881,.T.);
#5985=EDGE_CURVE('',#5233,#5278,#882,.T.);
#5986=EDGE_CURVE('',#5278,#5277,#883,.T.);
#5987=EDGE_CURVE('',#5277,#5279,#884,.T.);
#5988=EDGE_CURVE('',#5278,#5280,#885,.T.);
#5989=EDGE_CURVE('',#5280,#5279,#886,.T.);
#5990=EDGE_CURVE('',#5279,#5236,#887,.T.);
#5991=EDGE_CURVE('',#5280,#5234,#888,.T.);
#5992=EDGE_CURVE('',#5257,#5281,#889,.T.);
#5993=EDGE_CURVE('',#5255,#5282,#890,.T.);
#5994=EDGE_CURVE('',#5282,#5281,#891,.T.);
#5995=EDGE_CURVE('',#5281,#5283,#892,.T.);
#5996=EDGE_CURVE('',#5282,#5284,#893,.T.);
#5997=EDGE_CURVE('',#5284,#5283,#894,.T.);
#5998=EDGE_CURVE('',#5283,#5258,#895,.T.);
#5999=EDGE_CURVE('',#5284,#5256,#896,.T.);
#6000=EDGE_CURVE('',#5285,#5285,#6287,.T.);
#6001=EDGE_CURVE('',#5286,#5287,#6288,.T.);
#6002=EDGE_CURVE('',#5286,#5288,#897,.T.);
#6003=EDGE_CURVE('',#5288,#5289,#6289,.T.);
#6004=EDGE_CURVE('',#5289,#5287,#898,.T.);
#6005=EDGE_CURVE('',#5290,#5290,#194,.T.);
#6006=EDGE_CURVE('',#5291,#5291,#195,.T.);
#6007=EDGE_CURVE('',#5292,#5292,#196,.T.);
#6008=EDGE_CURVE('',#5293,#5293,#6290,.T.);
#6009=EDGE_CURVE('',#5294,#5294,#6291,.T.);
#6010=EDGE_CURVE('',#5295,#5295,#197,.T.);
#6011=EDGE_CURVE('',#5296,#5297,#899,.T.);
#6012=EDGE_CURVE('',#5296,#5298,#6292,.T.);
#6013=EDGE_CURVE('',#5297,#5298,#900,.T.);
#6014=EDGE_CURVE('',#5298,#5299,#901,.T.);
#6015=EDGE_CURVE('',#5298,#5300,#6293,.T.);
#6016=EDGE_CURVE('',#5299,#5300,#902,.T.);
#6017=EDGE_CURVE('',#5300,#5301,#903,.T.);
#6018=EDGE_CURVE('',#5300,#5296,#6294,.T.);
#6019=EDGE_CURVE('',#5302,#5296,#904,.T.);
#6020=EDGE_CURVE('',#5302,#5289,#6295,.T.);
#6021=EDGE_CURVE('',#5288,#5301,#6296,.T.);
#6022=EDGE_CURVE('',#5303,#5301,#905,.T.);
#6023=EDGE_CURVE('',#5304,#5303,#906,.T.);
#6024=EDGE_CURVE('',#5304,#5299,#907,.T.);
#6025=EDGE_CURVE('',#5305,#5304,#908,.T.);
#6026=EDGE_CURVE('',#5305,#5297,#909,.T.);
#6027=EDGE_CURVE('',#5306,#5305,#910,.T.);
#6028=EDGE_CURVE('',#5306,#5302,#911,.T.);
#6029=EDGE_CURVE('',#5303,#5286,#6297,.T.);
#6030=EDGE_CURVE('',#5287,#5306,#6298,.T.);
#6031=EDGE_CURVE('',#5307,#5307,#6299,.T.);
#6032=EDGE_CURVE('',#5308,#5309,#912,.T.);
#6033=EDGE_CURVE('',#5310,#5309,#913,.T.);
#6034=EDGE_CURVE('',#5311,#5310,#914,.T.);
#6035=EDGE_CURVE('',#5311,#5308,#915,.T.);
#6036=EDGE_CURVE('',#5309,#5312,#916,.T.);
#6037=EDGE_CURVE('',#5313,#5312,#917,.T.);
#6038=EDGE_CURVE('',#5310,#5313,#918,.T.);
#6039=EDGE_CURVE('',#5312,#5314,#919,.T.);
#6040=EDGE_CURVE('',#5315,#5314,#920,.T.);
#6041=EDGE_CURVE('',#5313,#5315,#921,.T.);
#6042=EDGE_CURVE('',#5314,#5308,#922,.T.);
#6043=EDGE_CURVE('',#5315,#5311,#923,.T.);
#6044=EDGE_CURVE('',#5316,#5316,#6300,.T.);
#6045=EDGE_CURVE('',#5317,#5317,#6301,.T.);
#6046=EDGE_CURVE('',#5318,#5318,#6302,.T.);
#6047=EDGE_CURVE('',#5319,#5320,#924,.T.);
#6048=EDGE_CURVE('',#5321,#5320,#925,.T.);
#6049=EDGE_CURVE('',#5322,#5321,#926,.T.);
#6050=EDGE_CURVE('',#5322,#5319,#927,.T.);
#6051=EDGE_CURVE('',#5320,#5323,#928,.T.);
#6052=EDGE_CURVE('',#5324,#5323,#929,.T.);
#6053=EDGE_CURVE('',#5321,#5324,#930,.T.);
#6054=EDGE_CURVE('',#5323,#5325,#931,.T.);
#6055=EDGE_CURVE('',#5326,#5325,#932,.T.);
#6056=EDGE_CURVE('',#5324,#5326,#933,.T.);
#6057=EDGE_CURVE('',#5325,#5319,#934,.T.);
#6058=EDGE_CURVE('',#5326,#5322,#935,.T.);
#6059=EDGE_CURVE('',#5327,#5327,#6303,.T.);
#6060=EDGE_CURVE('',#5328,#5329,#936,.T.);
#6061=EDGE_CURVE('',#5328,#5330,#937,.T.);
#6062=EDGE_CURVE('',#5330,#5331,#938,.T.);
#6063=EDGE_CURVE('',#5331,#5329,#939,.T.);
#6064=EDGE_CURVE('',#5329,#5332,#6304,.T.);
#6065=EDGE_CURVE('',#5331,#5330,#6305,.T.);
#6066=EDGE_CURVE('',#5333,#5328,#6306,.T.);
#6067=EDGE_CURVE('',#5334,#5333,#6307,.T.);
#6068=EDGE_CURVE('',#5335,#5334,#6308,.T.);
#6069=EDGE_CURVE('',#5336,#5335,#6309,.T.);
#6070=EDGE_CURVE('',#5337,#5336,#6310,.T.);
#6071=EDGE_CURVE('',#5332,#5337,#6311,.T.);
#6072=EDGE_CURVE('',#5338,#5338,#6312,.T.);
#6073=EDGE_CURVE('',#5339,#5339,#6313,.T.);
#6074=EDGE_CURVE('',#5335,#5340,#940,.T.);
#6075=EDGE_CURVE('',#5341,#5334,#941,.T.);
#6076=EDGE_CURVE('',#5342,#5341,#942,.T.);
#6077=EDGE_CURVE('',#5333,#5342,#943,.T.);
#6078=EDGE_CURVE('',#5343,#5332,#944,.T.);
#6079=EDGE_CURVE('',#5344,#5343,#945,.T.);
#6080=EDGE_CURVE('',#5337,#5344,#946,.T.);
#6081=EDGE_CURVE('',#5345,#5336,#947,.T.);
#6082=EDGE_CURVE('',#5340,#5345,#948,.T.);
#6083=EDGE_CURVE('',#5346,#5346,#6314,.T.);
#6084=EDGE_CURVE('',#5332,#5347,#949,.T.);
#6085=EDGE_CURVE('',#5348,#5337,#950,.T.);
#6086=EDGE_CURVE('',#5347,#5348,#951,.T.);
#6087=EDGE_CURVE('',#5349,#5343,#952,.T.);
#6088=EDGE_CURVE('',#5350,#5349,#953,.T.);
#6089=EDGE_CURVE('',#5350,#5344,#954,.T.);
#6090=EDGE_CURVE('',#5351,#5347,#955,.T.);
#6091=EDGE_CURVE('',#5349,#5351,#956,.T.);
#6092=EDGE_CURVE('',#5352,#5348,#957,.T.);
#6093=EDGE_CURVE('',#5351,#5352,#958,.T.);
#6094=EDGE_CURVE('',#5352,#5350,#959,.T.);
#6095=EDGE_CURVE('',#5353,#5353,#6315,.T.);
#6096=EDGE_CURVE('',#5354,#5354,#6316,.T.);
#6097=EDGE_CURVE('',#5334,#5355,#960,.T.);
#6098=EDGE_CURVE('',#5356,#5333,#961,.T.);
#6099=EDGE_CURVE('',#5355,#5356,#962,.T.);
#6100=EDGE_CURVE('',#5357,#5341,#963,.T.);
#6101=EDGE_CURVE('',#5358,#5357,#964,.T.);
#6102=EDGE_CURVE('',#5358,#5342,#965,.T.);
#6103=EDGE_CURVE('',#5359,#5355,#966,.T.);
#6104=EDGE_CURVE('',#5357,#5359,#967,.T.);
#6105=EDGE_CURVE('',#5360,#5356,#968,.T.);
#6106=EDGE_CURVE('',#5359,#5360,#969,.T.);
#6107=EDGE_CURVE('',#5360,#5358,#970,.T.);
#6108=EDGE_CURVE('',#5361,#5361,#6317,.T.);
#6109=EDGE_CURVE('',#5362,#5362,#6318,.T.);
#6110=EDGE_CURVE('',#5336,#5363,#971,.T.);
#6111=EDGE_CURVE('',#5364,#5335,#972,.T.);
#6112=EDGE_CURVE('',#5363,#5364,#973,.T.);
#6113=EDGE_CURVE('',#5365,#5345,#974,.T.);
#6114=EDGE_CURVE('',#5366,#5365,#975,.T.);
#6115=EDGE_CURVE('',#5366,#5340,#976,.T.);
#6116=EDGE_CURVE('',#5367,#5363,#977,.T.);
#6117=EDGE_CURVE('',#5365,#5367,#978,.T.);
#6118=EDGE_CURVE('',#5368,#5364,#979,.T.);
#6119=EDGE_CURVE('',#5367,#5368,#980,.T.);
#6120=EDGE_CURVE('',#5368,#5366,#981,.T.);
#6121=EDGE_CURVE('',#5369,#5369,#6319,.T.);
#6122=CIRCLE('',#6321,40.);
#6123=CIRCLE('',#6322,40.);
#6124=CIRCLE('',#6324,37.5);
#6125=CIRCLE('',#6325,37.5);
#6126=CIRCLE('',#6327,40.);
#6127=CIRCLE('',#6329,37.5);
#6128=CIRCLE('',#6331,40.);
#6129=CIRCLE('',#6333,37.5);
#6130=CIRCLE('',#6335,40.);
#6131=CIRCLE('',#6337,37.5);
#6132=CIRCLE('',#6339,40.);
#6133=CIRCLE('',#6341,37.5);
#6134=CIRCLE('',#6343,40.);
#6135=CIRCLE('',#6345,37.5);
#6136=CIRCLE('',#6347,40.);
#6137=CIRCLE('',#6349,37.5);
#6138=CIRCLE('',#6351,40.);
#6139=CIRCLE('',#6353,37.5);
#6140=CIRCLE('',#6355,40.);
#6141=CIRCLE('',#6357,37.5);
#6142=CIRCLE('',#6359,40.);
#6143=CIRCLE('',#6361,37.5);
#6144=CIRCLE('',#6363,40.);
#6145=CIRCLE('',#6365,37.5);
#6146=CIRCLE('',#6367,40.);
#6147=CIRCLE('',#6369,37.5);
#6148=CIRCLE('',#6371,40.);
#6149=CIRCLE('',#6373,37.5);
#6150=CIRCLE('',#6375,40.);
#6151=CIRCLE('',#6377,37.5);
#6152=CIRCLE('',#6379,40.);
#6153=CIRCLE('',#6381,37.5);
#6154=CIRCLE('',#6383,40.);
#6155=CIRCLE('',#6385,37.5);
#6156=CIRCLE('',#6387,40.);
#6157=CIRCLE('',#6389,37.5);
#6158=CIRCLE('',#6391,40.);
#6159=CIRCLE('',#6393,37.5);
#6160=CIRCLE('',#6395,40.);
#6161=CIRCLE('',#6397,37.5);
#6162=CIRCLE('',#6399,40.);
#6163=CIRCLE('',#6401,37.5);
#6164=CIRCLE('',#6403,40.);
#6165=CIRCLE('',#6405,37.5);
#6166=CIRCLE('',#6407,40.);
#6167=CIRCLE('',#6409,37.5);
#6168=CIRCLE('',#6411,40.);
#6169=CIRCLE('',#6413,37.5);
#6170=CIRCLE('',#6415,40.);
#6171=CIRCLE('',#6417,37.5);
#6172=CIRCLE('',#6419,40.);
#6173=CIRCLE('',#6421,37.5);
#6174=CIRCLE('',#6423,40.);
#6175=CIRCLE('',#6425,37.5);
#6176=CIRCLE('',#6427,40.);
#6177=CIRCLE('',#6429,37.5);
#6178=CIRCLE('',#6431,40.);
#6179=CIRCLE('',#6433,37.5);
#6180=CIRCLE('',#6435,40.);
#6181=CIRCLE('',#6437,37.5);
#6182=CIRCLE('',#6439,40.);
#6183=CIRCLE('',#6441,37.5);
#6184=CIRCLE('',#6443,40.);
#6185=CIRCLE('',#6445,37.5);
#6186=CIRCLE('',#6447,40.);
#6187=CIRCLE('',#6449,37.5);
#6188=CIRCLE('',#6451,40.);
#6189=CIRCLE('',#6453,37.5);
#6190=CIRCLE('',#6455,40.);
#6191=CIRCLE('',#6457,37.5);
#6192=CIRCLE('',#6459,40.);
#6193=CIRCLE('',#6461,37.5);
#6194=CIRCLE('',#6463,40.);
#6195=CIRCLE('',#6465,37.5);
#6196=CIRCLE('',#6467,40.);
#6197=CIRCLE('',#6469,37.5);
#6198=CIRCLE('',#6471,40.);
#6199=CIRCLE('',#6473,37.5);
#6200=CIRCLE('',#6475,40.);
#6201=CIRCLE('',#6477,37.5);
#6202=CIRCLE('',#6479,40.);
#6203=CIRCLE('',#6481,37.5);
#6204=CIRCLE('',#6483,40.);
#6205=CIRCLE('',#6485,37.5);
#6206=CIRCLE('',#6487,40.);
#6207=CIRCLE('',#6489,37.5);
#6208=CIRCLE('',#6491,40.);
#6209=CIRCLE('',#6493,37.5);
#6210=CIRCLE('',#6495,40.);
#6211=CIRCLE('',#6497,37.5);
#6212=CIRCLE('',#6499,40.);
#6213=CIRCLE('',#6501,37.5);
#6214=CIRCLE('',#6503,37.5);
#6215=CIRCLE('',#6505,40.);
#6216=CIRCLE('',#6546,2.);
#6217=CIRCLE('',#6547,2.);
#6218=CIRCLE('',#6552,2.);
#6219=CIRCLE('',#6553,2.);
#6220=CIRCLE('',#6565,75.);
#6221=CIRCLE('',#6566,75.);
#6222=CIRCLE('',#6567,75.);
#6223=CIRCLE('',#6568,75.);
#6224=CIRCLE('',#6570,77.);
#6225=CIRCLE('',#6571,77.);
#6226=CIRCLE('',#6572,77.);
#6227=CIRCLE('',#6573,77.);
#6228=CIRCLE('',#6581,71.);
#6229=CIRCLE('',#6582,40.);
#6230=CIRCLE('',#6584,71.);
#6231=CIRCLE('',#6586,75.);
#6232=CIRCLE('',#6588,75.);
#6233=CIRCLE('',#6590,79.);
#6234=CIRCLE('',#6592,79.);
#6235=CIRCLE('',#6594,75.);
#6236=CIRCLE('',#6596,44.);
#6237=CIRCLE('',#6598,44.);
#6238=CIRCLE('',#6600,40.);
#6239=CIRCLE('',#6603,60.);
#6240=CIRCLE('',#6605,2.);
#6241=CIRCLE('',#6606,2.);
#6242=CIRCLE('',#6607,2.);
#6243=CIRCLE('',#6608,60.);
#6244=CIRCLE('',#6609,65.);
#6245=CIRCLE('',#6610,65.);
#6246=CIRCLE('',#6611,65.);
#6247=CIRCLE('',#6612,65.);
#6248=CIRCLE('',#6613,65.);
#6249=CIRCLE('',#6615,10.);
#6250=CIRCLE('',#6616,65.);
#6251=CIRCLE('',#6617,65.);
#6252=CIRCLE('',#6619,65.);
#6253=CIRCLE('',#6620,65.);
#6254=CIRCLE('',#6622,65.);
#6255=CIRCLE('',#6626,2.);
#6256=CIRCLE('',#6630,82.);
#6257=CIRCLE('',#6631,77.);
#6258=CIRCLE('',#6632,82.);
#6259=CIRCLE('',#6634,77.);
#6260=CIRCLE('',#6635,82.);
#6261=CIRCLE('',#6636,82.);
#6262=CIRCLE('',#6638,77.);
#6263=CIRCLE('',#6639,77.);
#6264=CIRCLE('',#6641,60.);
#6265=CIRCLE('',#6642,60.);
#6266=CIRCLE('',#6643,60.);
#6267=CIRCLE('',#6644,60.);
#6268=CIRCLE('',#6646,10.);
#6269=CIRCLE('',#6650,2.);
#6270=CIRCLE('',#6661,2.);
#6271=CIRCLE('',#6667,2.);
#6272=CIRCLE('',#6673,2.);
#6273=CIRCLE('',#6751,10.);
#6274=CIRCLE('',#6752,10.);
#6275=CIRCLE('',#6753,10.);
#6276=CIRCLE('',#6754,10.);
#6277=CIRCLE('',#6755,10.);
#6278=CIRCLE('',#6756,10.);
#6279=CIRCLE('',#6757,10.);
#6280=CIRCLE('',#6758,10.);
#6281=CIRCLE('',#6759,10.);
#6282=CIRCLE('',#6760,10.);
#6283=CIRCLE('',#6761,10.);
#6284=CIRCLE('',#6762,10.);
#6285=CIRCLE('',#6763,10.);
#6286=CIRCLE('',#6764,10.);
#6287=CIRCLE('',#6799,12.5);
#6288=CIRCLE('',#6800,12.5);
#6289=CIRCLE('',#6801,12.5);
#6290=CIRCLE('',#6803,10.5);
#6291=CIRCLE('',#6804,10.5);
#6292=CIRCLE('',#6806,10.);
#6293=CIRCLE('',#6808,10.);
#6294=CIRCLE('',#6811,10.);
#6295=CIRCLE('',#6812,5.);
#6296=CIRCLE('',#6813,5.);
#6297=CIRCLE('',#6818,5.);
#6298=CIRCLE('',#6819,5.);
#6299=CIRCLE('',#6821,10.);
#6300=CIRCLE('',#6832,2.);
#6301=CIRCLE('',#6834,2.);
#6302=CIRCLE('',#6837,40.);
#6303=CIRCLE('',#6844,40.);
#6304=CIRCLE('',#6848,60.);
#6305=CIRCLE('',#6849,60.);
#6306=CIRCLE('',#6850,60.);
#6307=CIRCLE('',#6851,60.);
#6308=CIRCLE('',#6852,60.);
#6309=CIRCLE('',#6853,60.);
#6310=CIRCLE('',#6854,60.);
#6311=CIRCLE('',#6855,60.);
#6312=CIRCLE('',#6857,10.);
#6313=CIRCLE('',#6859,10.);
#6314=CIRCLE('',#6861,2.);
#6315=CIRCLE('',#6867,2.);
#6316=CIRCLE('',#6870,2.);
#6317=CIRCLE('',#6876,2.);
#6318=CIRCLE('',#6879,2.);
#6319=CIRCLE('',#6885,2.);
#6320=AXIS2_PLACEMENT_3D('',#8597,#6899,#6900);
#6321=AXIS2_PLACEMENT_3D('',#8598,#6901,#6902);
#6322=AXIS2_PLACEMENT_3D('',#8600,#6903,#6904);
#6323=AXIS2_PLACEMENT_3D('',#8602,#6905,#6906);
#6324=AXIS2_PLACEMENT_3D('',#8603,#6907,#6908);
#6325=AXIS2_PLACEMENT_3D('',#8605,#6909,#6910);
#6326=AXIS2_PLACEMENT_3D('',#8607,#6911,#6912);
#6327=AXIS2_PLACEMENT_3D('',#8608,#6913,#6914);
#6328=AXIS2_PLACEMENT_3D('',#8610,#6915,#6916);
#6329=AXIS2_PLACEMENT_3D('',#8611,#6917,#6918);
#6330=AXIS2_PLACEMENT_3D('',#8613,#6919,#6920);
#6331=AXIS2_PLACEMENT_3D('',#8614,#6921,#6922);
#6332=AXIS2_PLACEMENT_3D('',#8616,#6923,#6924);
#6333=AXIS2_PLACEMENT_3D('',#8617,#6925,#6926);
#6334=AXIS2_PLACEMENT_3D('',#8619,#6927,#6928);
#6335=AXIS2_PLACEMENT_3D('',#8620,#6929,#6930);
#6336=AXIS2_PLACEMENT_3D('',#8622,#6931,#6932);
#6337=AXIS2_PLACEMENT_3D('',#8623,#6933,#6934);
#6338=AXIS2_PLACEMENT_3D('',#8625,#6935,#6936);
#6339=AXIS2_PLACEMENT_3D('',#8626,#6937,#6938);
#6340=AXIS2_PLACEMENT_3D('',#8628,#6939,#6940);
#6341=AXIS2_PLACEMENT_3D('',#8629,#6941,#6942);
#6342=AXIS2_PLACEMENT_3D('',#8631,#6943,#6944);
#6343=AXIS2_PLACEMENT_3D('',#8632,#6945,#6946);
#6344=AXIS2_PLACEMENT_3D('',#8634,#6947,#6948);
#6345=AXIS2_PLACEMENT_3D('',#8635,#6949,#6950);
#6346=AXIS2_PLACEMENT_3D('',#8637,#6951,#6952);
#6347=AXIS2_PLACEMENT_3D('',#8638,#6953,#6954);
#6348=AXIS2_PLACEMENT_3D('',#8640,#6955,#6956);
#6349=AXIS2_PLACEMENT_3D('',#8641,#6957,#6958);
#6350=AXIS2_PLACEMENT_3D('',#8643,#6959,#6960);
#6351=AXIS2_PLACEMENT_3D('',#8644,#6961,#6962);
#6352=AXIS2_PLACEMENT_3D('',#8646,#6963,#6964);
#6353=AXIS2_PLACEMENT_3D('',#8647,#6965,#6966);
#6354=AXIS2_PLACEMENT_3D('',#8649,#6967,#6968);
#6355=AXIS2_PLACEMENT_3D('',#8650,#6969,#6970);
#6356=AXIS2_PLACEMENT_3D('',#8652,#6971,#6972);
#6357=AXIS2_PLACEMENT_3D('',#8653,#6973,#6974);
#6358=AXIS2_PLACEMENT_3D('',#8655,#6975,#6976);
#6359=AXIS2_PLACEMENT_3D('',#8656,#6977,#6978);
#6360=AXIS2_PLACEMENT_3D('',#8658,#6979,#6980);
#6361=AXIS2_PLACEMENT_3D('',#8659,#6981,#6982);
#6362=AXIS2_PLACEMENT_3D('',#8661,#6983,#6984);
#6363=AXIS2_PLACEMENT_3D('',#8662,#6985,#6986);
#6364=AXIS2_PLACEMENT_3D('',#8664,#6987,#6988);
#6365=AXIS2_PLACEMENT_3D('',#8665,#6989,#6990);
#6366=AXIS2_PLACEMENT_3D('',#8667,#6991,#6992);
#6367=AXIS2_PLACEMENT_3D('',#8668,#6993,#6994);
#6368=AXIS2_PLACEMENT_3D('',#8670,#6995,#6996);
#6369=AXIS2_PLACEMENT_3D('',#8671,#6997,#6998);
#6370=AXIS2_PLACEMENT_3D('',#8673,#6999,#7000);
#6371=AXIS2_PLACEMENT_3D('',#8674,#7001,#7002);
#6372=AXIS2_PLACEMENT_3D('',#8676,#7003,#7004);
#6373=AXIS2_PLACEMENT_3D('',#8677,#7005,#7006);
#6374=AXIS2_PLACEMENT_3D('',#8679,#7007,#7008);
#6375=AXIS2_PLACEMENT_3D('',#8680,#7009,#7010);
#6376=AXIS2_PLACEMENT_3D('',#8682,#7011,#7012);
#6377=AXIS2_PLACEMENT_3D('',#8683,#7013,#7014);
#6378=AXIS2_PLACEMENT_3D('',#8685,#7015,#7016);
#6379=AXIS2_PLACEMENT_3D('',#8686,#7017,#7018);
#6380=AXIS2_PLACEMENT_3D('',#8688,#7019,#7020);
#6381=AXIS2_PLACEMENT_3D('',#8689,#7021,#7022);
#6382=AXIS2_PLACEMENT_3D('',#8691,#7023,#7024);
#6383=AXIS2_PLACEMENT_3D('',#8692,#7025,#7026);
#6384=AXIS2_PLACEMENT_3D('',#8694,#7027,#7028);
#6385=AXIS2_PLACEMENT_3D('',#8695,#7029,#7030);
#6386=AXIS2_PLACEMENT_3D('',#8697,#7031,#7032);
#6387=AXIS2_PLACEMENT_3D('',#8698,#7033,#7034);
#6388=AXIS2_PLACEMENT_3D('',#8700,#7035,#7036);
#6389=AXIS2_PLACEMENT_3D('',#8701,#7037,#7038);
#6390=AXIS2_PLACEMENT_3D('',#8703,#7039,#7040);
#6391=AXIS2_PLACEMENT_3D('',#8704,#7041,#7042);
#6392=AXIS2_PLACEMENT_3D('',#8706,#7043,#7044);
#6393=AXIS2_PLACEMENT_3D('',#8707,#7045,#7046);
#6394=AXIS2_PLACEMENT_3D('',#8709,#7047,#7048);
#6395=AXIS2_PLACEMENT_3D('',#8710,#7049,#7050);
#6396=AXIS2_PLACEMENT_3D('',#8712,#7051,#7052);
#6397=AXIS2_PLACEMENT_3D('',#8713,#7053,#7054);
#6398=AXIS2_PLACEMENT_3D('',#8715,#7055,#7056);
#6399=AXIS2_PLACEMENT_3D('',#8716,#7057,#7058);
#6400=AXIS2_PLACEMENT_3D('',#8718,#7059,#7060);
#6401=AXIS2_PLACEMENT_3D('',#8719,#7061,#7062);
#6402=AXIS2_PLACEMENT_3D('',#8721,#7063,#7064);
#6403=AXIS2_PLACEMENT_3D('',#8722,#7065,#7066);
#6404=AXIS2_PLACEMENT_3D('',#8724,#7067,#7068);
#6405=AXIS2_PLACEMENT_3D('',#8725,#7069,#7070);
#6406=AXIS2_PLACEMENT_3D('',#8727,#7071,#7072);
#6407=AXIS2_PLACEMENT_3D('',#8728,#7073,#7074);
#6408=AXIS2_PLACEMENT_3D('',#8730,#7075,#7076);
#6409=AXIS2_PLACEMENT_3D('',#8731,#7077,#7078);
#6410=AXIS2_PLACEMENT_3D('',#8733,#7079,#7080);
#6411=AXIS2_PLACEMENT_3D('',#8734,#7081,#7082);
#6412=AXIS2_PLACEMENT_3D('',#8736,#7083,#7084);
#6413=AXIS2_PLACEMENT_3D('',#8737,#7085,#7086);
#6414=AXIS2_PLACEMENT_3D('',#8739,#7087,#7088);
#6415=AXIS2_PLACEMENT_3D('',#8740,#7089,#7090);
#6416=AXIS2_PLACEMENT_3D('',#8742,#7091,#7092);
#6417=AXIS2_PLACEMENT_3D('',#8743,#7093,#7094);
#6418=AXIS2_PLACEMENT_3D('',#8745,#7095,#7096);
#6419=AXIS2_PLACEMENT_3D('',#8746,#7097,#7098);
#6420=AXIS2_PLACEMENT_3D('',#8748,#7099,#7100);
#6421=AXIS2_PLACEMENT_3D('',#8749,#7101,#7102);
#6422=AXIS2_PLACEMENT_3D('',#8751,#7103,#7104);
#6423=AXIS2_PLACEMENT_3D('',#8752,#7105,#7106);
#6424=AXIS2_PLACEMENT_3D('',#8754,#7107,#7108);
#6425=AXIS2_PLACEMENT_3D('',#8755,#7109,#7110);
#6426=AXIS2_PLACEMENT_3D('',#8757,#7111,#7112);
#6427=AXIS2_PLACEMENT_3D('',#8758,#7113,#7114);
#6428=AXIS2_PLACEMENT_3D('',#8760,#7115,#7116);
#6429=AXIS2_PLACEMENT_3D('',#8761,#7117,#7118);
#6430=AXIS2_PLACEMENT_3D('',#8763,#7119,#7120);
#6431=AXIS2_PLACEMENT_3D('',#8764,#7121,#7122);
#6432=AXIS2_PLACEMENT_3D('',#8766,#7123,#7124);
#6433=AXIS2_PLACEMENT_3D('',#8767,#7125,#7126);
#6434=AXIS2_PLACEMENT_3D('',#8769,#7127,#7128);
#6435=AXIS2_PLACEMENT_3D('',#8770,#7129,#7130);
#6436=AXIS2_PLACEMENT_3D('',#8772,#7131,#7132);
#6437=AXIS2_PLACEMENT_3D('',#8773,#7133,#7134);
#6438=AXIS2_PLACEMENT_3D('',#8775,#7135,#7136);
#6439=AXIS2_PLACEMENT_3D('',#8776,#7137,#7138);
#6440=AXIS2_PLACEMENT_3D('',#8778,#7139,#7140);
#6441=AXIS2_PLACEMENT_3D('',#8779,#7141,#7142);
#6442=AXIS2_PLACEMENT_3D('',#8781,#7143,#7144);
#6443=AXIS2_PLACEMENT_3D('',#8782,#7145,#7146);
#6444=AXIS2_PLACEMENT_3D('',#8784,#7147,#7148);
#6445=AXIS2_PLACEMENT_3D('',#8785,#7149,#7150);
#6446=AXIS2_PLACEMENT_3D('',#8787,#7151,#7152);
#6447=AXIS2_PLACEMENT_3D('',#8788,#7153,#7154);
#6448=AXIS2_PLACEMENT_3D('',#8790,#7155,#7156);
#6449=AXIS2_PLACEMENT_3D('',#8791,#7157,#7158);
#6450=AXIS2_PLACEMENT_3D('',#8793,#7159,#7160);
#6451=AXIS2_PLACEMENT_3D('',#8794,#7161,#7162);
#6452=AXIS2_PLACEMENT_3D('',#8796,#7163,#7164);
#6453=AXIS2_PLACEMENT_3D('',#8797,#7165,#7166);
#6454=AXIS2_PLACEMENT_3D('',#8799,#7167,#7168);
#6455=AXIS2_PLACEMENT_3D('',#8800,#7169,#7170);
#6456=AXIS2_PLACEMENT_3D('',#8802,#7171,#7172);
#6457=AXIS2_PLACEMENT_3D('',#8803,#7173,#7174);
#6458=AXIS2_PLACEMENT_3D('',#8805,#7175,#7176);
#6459=AXIS2_PLACEMENT_3D('',#8806,#7177,#7178);
#6460=AXIS2_PLACEMENT_3D('',#8808,#7179,#7180);
#6461=AXIS2_PLACEMENT_3D('',#8809,#7181,#7182);
#6462=AXIS2_PLACEMENT_3D('',#8811,#7183,#7184);
#6463=AXIS2_PLACEMENT_3D('',#8812,#7185,#7186);
#6464=AXIS2_PLACEMENT_3D('',#8814,#7187,#7188);
#6465=AXIS2_PLACEMENT_3D('',#8815,#7189,#7190);
#6466=AXIS2_PLACEMENT_3D('',#8817,#7191,#7192);
#6467=AXIS2_PLACEMENT_3D('',#8818,#7193,#7194);
#6468=AXIS2_PLACEMENT_3D('',#8820,#7195,#7196);
#6469=AXIS2_PLACEMENT_3D('',#8821,#7197,#7198);
#6470=AXIS2_PLACEMENT_3D('',#8823,#7199,#7200);
#6471=AXIS2_PLACEMENT_3D('',#8824,#7201,#7202);
#6472=AXIS2_PLACEMENT_3D('',#8826,#7203,#7204);
#6473=AXIS2_PLACEMENT_3D('',#8827,#7205,#7206);
#6474=AXIS2_PLACEMENT_3D('',#8829,#7207,#7208);
#6475=AXIS2_PLACEMENT_3D('',#8830,#7209,#7210);
#6476=AXIS2_PLACEMENT_3D('',#8832,#7211,#7212);
#6477=AXIS2_PLACEMENT_3D('',#8833,#7213,#7214);
#6478=AXIS2_PLACEMENT_3D('',#8835,#7215,#7216);
#6479=AXIS2_PLACEMENT_3D('',#8836,#7217,#7218);
#6480=AXIS2_PLACEMENT_3D('',#8838,#7219,#7220);
#6481=AXIS2_PLACEMENT_3D('',#8839,#7221,#7222);
#6482=AXIS2_PLACEMENT_3D('',#8841,#7223,#7224);
#6483=AXIS2_PLACEMENT_3D('',#8842,#7225,#7226);
#6484=AXIS2_PLACEMENT_3D('',#8844,#7227,#7228);
#6485=AXIS2_PLACEMENT_3D('',#8845,#7229,#7230);
#6486=AXIS2_PLACEMENT_3D('',#8847,#7231,#7232);
#6487=AXIS2_PLACEMENT_3D('',#8848,#7233,#7234);
#6488=AXIS2_PLACEMENT_3D('',#8850,#7235,#7236);
#6489=AXIS2_PLACEMENT_3D('',#8851,#7237,#7238);
#6490=AXIS2_PLACEMENT_3D('',#8853,#7239,#7240);
#6491=AXIS2_PLACEMENT_3D('',#8854,#7241,#7242);
#6492=AXIS2_PLACEMENT_3D('',#8856,#7243,#7244);
#6493=AXIS2_PLACEMENT_3D('',#8857,#7245,#7246);
#6494=AXIS2_PLACEMENT_3D('',#8859,#7247,#7248);
#6495=AXIS2_PLACEMENT_3D('',#8860,#7249,#7250);
#6496=AXIS2_PLACEMENT_3D('',#8862,#7251,#7252);
#6497=AXIS2_PLACEMENT_3D('',#8863,#7253,#7254);
#6498=AXIS2_PLACEMENT_3D('',#8865,#7255,#7256);
#6499=AXIS2_PLACEMENT_3D('',#8866,#7257,#7258);
#6500=AXIS2_PLACEMENT_3D('',#8868,#7259,#7260);
#6501=AXIS2_PLACEMENT_3D('',#8869,#7261,#7262);
#6502=AXIS2_PLACEMENT_3D('',#8871,#7263,#7264);
#6503=AXIS2_PLACEMENT_3D('',#8872,#7265,#7266);
#6504=AXIS2_PLACEMENT_3D('',#8874,#7267,#7268);
#6505=AXIS2_PLACEMENT_3D('',#8875,#7269,#7270);
#6506=AXIS2_PLACEMENT_3D('',#8877,#7271,#7272);
#6507=AXIS2_PLACEMENT_3D('',#8878,#7273,#7274);
#6508=AXIS2_PLACEMENT_3D('',#8879,#7275,#7276);
#6509=AXIS2_PLACEMENT_3D('',#8888,#7281,#7282);
#6510=AXIS2_PLACEMENT_3D('',#8897,#7287,#7288);
#6511=AXIS2_PLACEMENT_3D('',#8906,#7293,#7294);
#6512=AXIS2_PLACEMENT_3D('',#8918,#7302,#7303);
#6513=AXIS2_PLACEMENT_3D('',#8948,#7320,#7321);
#6514=AXIS2_PLACEMENT_3D('',#8949,#7322,#7323);
#6515=AXIS2_PLACEMENT_3D('',#8953,#7326,#7327);
#6516=AXIS2_PLACEMENT_3D('',#8962,#7332,#7333);
#6517=AXIS2_PLACEMENT_3D('',#8971,#7338,#7339);
#6518=AXIS2_PLACEMENT_3D('',#8980,#7344,#7345);
#6519=AXIS2_PLACEMENT_3D('',#8992,#7353,#7354);
#6520=AXIS2_PLACEMENT_3D('',#9022,#7371,#7372);
#6521=AXIS2_PLACEMENT_3D('',#9023,#7373,#7374);
#6522=AXIS2_PLACEMENT_3D('',#9027,#7377,#7378);
#6523=AXIS2_PLACEMENT_3D('',#9046,#7389,#7390);
#6524=AXIS2_PLACEMENT_3D('',#9065,#7401,#7402);
#6525=AXIS2_PLACEMENT_3D('',#9069,#7405,#7406);
#6526=AXIS2_PLACEMENT_3D('',#9071,#7408,#7409);
#6527=AXIS2_PLACEMENT_3D('',#9077,#7413,#7414);
#6528=AXIS2_PLACEMENT_3D('',#9083,#7418,#7419);
#6529=AXIS2_PLACEMENT_3D('',#9098,#7429,#7430);
#6530=AXIS2_PLACEMENT_3D('',#9099,#7431,#7432);
#6531=AXIS2_PLACEMENT_3D('',#9105,#7436,#7437);
#6532=AXIS2_PLACEMENT_3D('',#9109,#7440,#7441);
#6533=AXIS2_PLACEMENT_3D('',#9111,#7443,#7444);
#6534=AXIS2_PLACEMENT_3D('',#9129,#7455,#7456);
#6535=AXIS2_PLACEMENT_3D('',#9132,#7459,#7460);
#6536=AXIS2_PLACEMENT_3D('',#9133,#7461,#7462);
#6537=AXIS2_PLACEMENT_3D('',#9136,#7465,#7466);
#6538=AXIS2_PLACEMENT_3D('',#9138,#7468,#7469);
#6539=AXIS2_PLACEMENT_3D('',#9139,#7470,#7471);
#6540=AXIS2_PLACEMENT_3D('',#9140,#7472,#7473);
#6541=AXIS2_PLACEMENT_3D('',#9142,#7475,#7476);
#6542=AXIS2_PLACEMENT_3D('',#9143,#7477,#7478);
#6543=AXIS2_PLACEMENT_3D('',#9146,#7481,#7482);
#6544=AXIS2_PLACEMENT_3D('',#9150,#7486,#7487);
#6545=AXIS2_PLACEMENT_3D('',#9156,#7491,#7492);
#6546=AXIS2_PLACEMENT_3D('',#9157,#7493,#7494);
#6547=AXIS2_PLACEMENT_3D('',#9159,#7495,#7496);
#6548=AXIS2_PLACEMENT_3D('',#9165,#7500,#7501);
#6549=AXIS2_PLACEMENT_3D('',#9169,#7504,#7505);
#6550=AXIS2_PLACEMENT_3D('',#9171,#7507,#7508);
#6551=AXIS2_PLACEMENT_3D('',#9173,#7510,#7511);
#6552=AXIS2_PLACEMENT_3D('',#9174,#7512,#7513);
#6553=AXIS2_PLACEMENT_3D('',#9176,#7514,#7515);
#6554=AXIS2_PLACEMENT_3D('',#9178,#7516,#7517);
#6555=AXIS2_PLACEMENT_3D('',#9179,#7518,#7519);
#6556=AXIS2_PLACEMENT_3D('',#9180,#7520,#7521);
#6557=AXIS2_PLACEMENT_3D('',#9185,#7526,#7527);
#6558=AXIS2_PLACEMENT_3D('',#9188,#7530,#7531);
#6559=AXIS2_PLACEMENT_3D('',#9190,#7533,#7534);
#6560=AXIS2_PLACEMENT_3D('',#9191,#7535,#7536);
#6561=AXIS2_PLACEMENT_3D('',#9192,#7537,#7538);
#6562=AXIS2_PLACEMENT_3D('',#9193,#7539,#7540);
#6563=AXIS2_PLACEMENT_3D('',#9194,#7541,#7542);
#6564=AXIS2_PLACEMENT_3D('',#9195,#7543,#7544);
#6565=AXIS2_PLACEMENT_3D('',#9199,#7546,#7547);
#6566=AXIS2_PLACEMENT_3D('',#9203,#7549,#7550);
#6567=AXIS2_PLACEMENT_3D('',#9204,#7551,#7552);
#6568=AXIS2_PLACEMENT_3D('',#9206,#7553,#7554);
#6569=AXIS2_PLACEMENT_3D('',#9208,#7555,#7556);
#6570=AXIS2_PLACEMENT_3D('',#9209,#7557,#7558);
#6571=AXIS2_PLACEMENT_3D('',#9214,#7560,#7561);
#6572=AXIS2_PLACEMENT_3D('',#9217,#7563,#7564);
#6573=AXIS2_PLACEMENT_3D('',#9219,#7565,#7566);
#6574=AXIS2_PLACEMENT_3D('',#9221,#7567,#7568);
#6575=AXIS2_PLACEMENT_3D('',#9222,#7569,#7570);
#6576=AXIS2_PLACEMENT_3D('',#9223,#7571,#7572);
#6577=AXIS2_PLACEMENT_3D('',#9226,#7575,#7576);
#6578=AXIS2_PLACEMENT_3D('',#9229,#7579,#7580);
#6579=AXIS2_PLACEMENT_3D('',#9230,#7581,#7582);
#6580=AXIS2_PLACEMENT_3D('',#9231,#7583,#7584);
#6581=AXIS2_PLACEMENT_3D('',#9232,#7585,#7586);
#6582=AXIS2_PLACEMENT_3D('',#9234,#7587,#7588);
#6583=AXIS2_PLACEMENT_3D('',#9236,#7589,#7590);
#6584=AXIS2_PLACEMENT_3D('',#9237,#7591,#7592);
#6585=AXIS2_PLACEMENT_3D('',#9239,#7593,#7594);
#6586=AXIS2_PLACEMENT_3D('',#9240,#7595,#7596);
#6587=AXIS2_PLACEMENT_3D('',#9242,#7597,#7598);
#6588=AXIS2_PLACEMENT_3D('',#9243,#7599,#7600);
#6589=AXIS2_PLACEMENT_3D('',#9245,#7601,#7602);
#6590=AXIS2_PLACEMENT_3D('',#9246,#7603,#7604);
#6591=AXIS2_PLACEMENT_3D('',#9248,#7605,#7606);
#6592=AXIS2_PLACEMENT_3D('',#9249,#7607,#7608);
#6593=AXIS2_PLACEMENT_3D('',#9251,#7609,#7610);
#6594=AXIS2_PLACEMENT_3D('',#9252,#7611,#7612);
#6595=AXIS2_PLACEMENT_3D('',#9254,#7613,#7614);
#6596=AXIS2_PLACEMENT_3D('',#9255,#7615,#7616);
#6597=AXIS2_PLACEMENT_3D('',#9257,#7617,#7618);
#6598=AXIS2_PLACEMENT_3D('',#9258,#7619,#7620);
#6599=AXIS2_PLACEMENT_3D('',#9260,#7621,#7622);
#6600=AXIS2_PLACEMENT_3D('',#9261,#7623,#7624);
#6601=AXIS2_PLACEMENT_3D('',#9263,#7625,#7626);
#6602=AXIS2_PLACEMENT_3D('',#9264,#7627,#7628);
#6603=AXIS2_PLACEMENT_3D('',#9265,#7629,#7630);
#6604=AXIS2_PLACEMENT_3D('',#9273,#7634,#7635);
#6605=AXIS2_PLACEMENT_3D('',#9274,#7636,#7637);
#6606=AXIS2_PLACEMENT_3D('',#9276,#7638,#7639);
#6607=AXIS2_PLACEMENT_3D('',#9278,#7640,#7641);
#6608=AXIS2_PLACEMENT_3D('',#9283,#7643,#7644);
#6609=AXIS2_PLACEMENT_3D('',#9287,#7646,#7647);
#6610=AXIS2_PLACEMENT_3D('',#9295,#7651,#7652);
#6611=AXIS2_PLACEMENT_3D('',#9303,#7656,#7657);
#6612=AXIS2_PLACEMENT_3D('',#9311,#7661,#7662);
#6613=AXIS2_PLACEMENT_3D('',#9319,#7666,#7667);
#6614=AXIS2_PLACEMENT_3D('',#9320,#7668,#7669);
#6615=AXIS2_PLACEMENT_3D('',#9321,#7670,#7671);
#6616=AXIS2_PLACEMENT_3D('',#9330,#7675,#7676);
#6617=AXIS2_PLACEMENT_3D('',#9334,#7678,#7679);
#6618=AXIS2_PLACEMENT_3D('',#9335,#7680,#7681);
#6619=AXIS2_PLACEMENT_3D('',#9336,#7682,#7683);
#6620=AXIS2_PLACEMENT_3D('',#9342,#7686,#7687);
#6621=AXIS2_PLACEMENT_3D('',#9348,#7692,#7693);
#6622=AXIS2_PLACEMENT_3D('',#9349,#7694,#7695);
#6623=AXIS2_PLACEMENT_3D('',#9356,#7700,#7701);
#6624=AXIS2_PLACEMENT_3D('',#9373,#7710,#7711);
#6625=AXIS2_PLACEMENT_3D('',#9376,#7714,#7715);
#6626=AXIS2_PLACEMENT_3D('',#9377,#7716,#7717);
#6627=AXIS2_PLACEMENT_3D('',#9381,#7720,#7721);
#6628=AXIS2_PLACEMENT_3D('',#9382,#7722,#7723);
#6629=AXIS2_PLACEMENT_3D('',#9384,#7725,#7726);
#6630=AXIS2_PLACEMENT_3D('',#9385,#7727,#7728);
#6631=AXIS2_PLACEMENT_3D('',#9389,#7730,#7731);
#6632=AXIS2_PLACEMENT_3D('',#9393,#7733,#7734);
#6633=AXIS2_PLACEMENT_3D('',#9394,#7735,#7736);
#6634=AXIS2_PLACEMENT_3D('',#9395,#7737,#7738);
#6635=AXIS2_PLACEMENT_3D('',#9400,#7740,#7741);
#6636=AXIS2_PLACEMENT_3D('',#9401,#7742,#7743);
#6637=AXIS2_PLACEMENT_3D('',#9404,#7745,#7746);
#6638=AXIS2_PLACEMENT_3D('',#9644,#7748,#7749);
#6639=AXIS2_PLACEMENT_3D('',#9645,#7750,#7751);
#6640=AXIS2_PLACEMENT_3D('',#9648,#7754,#7755);
#6641=AXIS2_PLACEMENT_3D('',#9653,#7758,#7759);
#6642=AXIS2_PLACEMENT_3D('',#9657,#7761,#7762);
#6643=AXIS2_PLACEMENT_3D('',#9662,#7765,#7766);
#6644=AXIS2_PLACEMENT_3D('',#9666,#7768,#7769);
#6645=AXIS2_PLACEMENT_3D('',#9667,#7770,#7771);
#6646=AXIS2_PLACEMENT_3D('',#9668,#7772,#7773);
#6647=AXIS2_PLACEMENT_3D('',#9677,#7779,#7780);
#6648=AXIS2_PLACEMENT_3D('',#9684,#7785,#7786);
#6649=AXIS2_PLACEMENT_3D('',#9687,#7789,#7790);
#6650=AXIS2_PLACEMENT_3D('',#9688,#7791,#7792);
#6651=AXIS2_PLACEMENT_3D('',#9692,#7795,#7796);
#6652=AXIS2_PLACEMENT_3D('',#9693,#7797,#7798);
#6653=AXIS2_PLACEMENT_3D('',#9694,#7799,#7800);
#6654=AXIS2_PLACEMENT_3D('',#9695,#7801,#7802);
#6655=AXIS2_PLACEMENT_3D('',#9696,#7803,#7804);
#6656=AXIS2_PLACEMENT_3D('',#9697,#7805,#7806);
#6657=AXIS2_PLACEMENT_3D('',#9698,#7807,#7808);
#6658=AXIS2_PLACEMENT_3D('',#9702,#7811,#7812);
#6659=AXIS2_PLACEMENT_3D('',#9706,#7815,#7816);
#6660=AXIS2_PLACEMENT_3D('',#9708,#7818,#7819);
#6661=AXIS2_PLACEMENT_3D('',#9709,#7820,#7821);
#6662=AXIS2_PLACEMENT_3D('',#9711,#7822,#7823);
#6663=AXIS2_PLACEMENT_3D('',#9712,#7824,#7825);
#6664=AXIS2_PLACEMENT_3D('',#9716,#7828,#7829);
#6665=AXIS2_PLACEMENT_3D('',#9720,#7832,#7833);
#6666=AXIS2_PLACEMENT_3D('',#9722,#7835,#7836);
#6667=AXIS2_PLACEMENT_3D('',#9723,#7837,#7838);
#6668=AXIS2_PLACEMENT_3D('',#9725,#7839,#7840);
#6669=AXIS2_PLACEMENT_3D('',#9726,#7841,#7842);
#6670=AXIS2_PLACEMENT_3D('',#9730,#7845,#7846);
#6671=AXIS2_PLACEMENT_3D('',#9734,#7849,#7850);
#6672=AXIS2_PLACEMENT_3D('',#9736,#7852,#7853);
#6673=AXIS2_PLACEMENT_3D('',#9737,#7854,#7855);
#6674=AXIS2_PLACEMENT_3D('',#9739,#7856,#7857);
#6675=AXIS2_PLACEMENT_3D('',#9740,#7858,#7859);
#6676=AXIS2_PLACEMENT_3D('',#9860,#7861,#7862);
#6677=AXIS2_PLACEMENT_3D('',#9861,#7863,#7864);
#6678=AXIS2_PLACEMENT_3D('',#9863,#7866,#7867);
#6679=AXIS2_PLACEMENT_3D('',#9982,#7868,#7869);
#6680=AXIS2_PLACEMENT_3D('',#9983,#7870,#7871);
#6681=AXIS2_PLACEMENT_3D('',#9984,#7872,#7873);
#6682=AXIS2_PLACEMENT_3D('',#9985,#7874,#7875);
#6683=AXIS2_PLACEMENT_3D('',#9986,#7876,#7877);
#6684=AXIS2_PLACEMENT_3D('',#9987,#7878,#7879);
#6685=AXIS2_PLACEMENT_3D('',#9996,#7884,#7885);
#6686=AXIS2_PLACEMENT_3D('',#10002,#7889,#7890);
#6687=AXIS2_PLACEMENT_3D('',#10008,#7894,#7895);
#6688=AXIS2_PLACEMENT_3D('',#10011,#7898,#7899);
#6689=AXIS2_PLACEMENT_3D('',#10012,#7900,#7901);
#6690=AXIS2_PLACEMENT_3D('',#10013,#7902,#7903);
#6691=AXIS2_PLACEMENT_3D('',#10022,#7908,#7909);
#6692=AXIS2_PLACEMENT_3D('',#10028,#7913,#7914);
#6693=AXIS2_PLACEMENT_3D('',#10034,#7918,#7919);
#6694=AXIS2_PLACEMENT_3D('',#10036,#7921,#7922);
#6695=AXIS2_PLACEMENT_3D('',#10038,#7924,#7925);
#6696=AXIS2_PLACEMENT_3D('',#10039,#7926,#7927);
#6697=AXIS2_PLACEMENT_3D('',#10048,#7932,#7933);
#6698=AXIS2_PLACEMENT_3D('',#10054,#7937,#7938);
#6699=AXIS2_PLACEMENT_3D('',#10060,#7942,#7943);
#6700=AXIS2_PLACEMENT_3D('',#10063,#7946,#7947);
#6701=AXIS2_PLACEMENT_3D('',#10064,#7948,#7949);
#6702=AXIS2_PLACEMENT_3D('',#10065,#7950,#7951);
#6703=AXIS2_PLACEMENT_3D('',#10074,#7956,#7957);
#6704=AXIS2_PLACEMENT_3D('',#10080,#7961,#7962);
#6705=AXIS2_PLACEMENT_3D('',#10086,#7966,#7967);
#6706=AXIS2_PLACEMENT_3D('',#10088,#7969,#7970);
#6707=AXIS2_PLACEMENT_3D('',#10090,#7972,#7973);
#6708=AXIS2_PLACEMENT_3D('',#10091,#7974,#7975);
#6709=AXIS2_PLACEMENT_3D('',#10100,#7980,#7981);
#6710=AXIS2_PLACEMENT_3D('',#10106,#7985,#7986);
#6711=AXIS2_PLACEMENT_3D('',#10112,#7990,#7991);
#6712=AXIS2_PLACEMENT_3D('',#10121,#7996,#7997);
#6713=AXIS2_PLACEMENT_3D('',#10127,#8001,#8002);
#6714=AXIS2_PLACEMENT_3D('',#10133,#8006,#8007);
#6715=AXIS2_PLACEMENT_3D('',#10139,#8011,#8012);
#6716=AXIS2_PLACEMENT_3D('',#10145,#8016,#8017);
#6717=AXIS2_PLACEMENT_3D('',#10148,#8020,#8021);
#6718=AXIS2_PLACEMENT_3D('',#10151,#8024,#8025);
#6719=AXIS2_PLACEMENT_3D('',#10152,#8026,#8027);
#6720=AXIS2_PLACEMENT_3D('',#10153,#8028,#8029);
#6721=AXIS2_PLACEMENT_3D('',#10162,#8034,#8035);
#6722=AXIS2_PLACEMENT_3D('',#10171,#8040,#8041);
#6723=AXIS2_PLACEMENT_3D('',#10174,#8044,#8045);
#6724=AXIS2_PLACEMENT_3D('',#10177,#8048,#8049);
#6725=AXIS2_PLACEMENT_3D('',#10178,#8050,#8051);
#6726=AXIS2_PLACEMENT_3D('',#10179,#8052,#8053);
#6727=AXIS2_PLACEMENT_3D('',#10188,#8058,#8059);
#6728=AXIS2_PLACEMENT_3D('',#10194,#8063,#8064);
#6729=AXIS2_PLACEMENT_3D('',#10200,#8068,#8069);
#6730=AXIS2_PLACEMENT_3D('',#10209,#8074,#8075);
#6731=AXIS2_PLACEMENT_3D('',#10215,#8079,#8080);
#6732=AXIS2_PLACEMENT_3D('',#10221,#8084,#8085);
#6733=AXIS2_PLACEMENT_3D('',#10227,#8089,#8090);
#6734=AXIS2_PLACEMENT_3D('',#10233,#8094,#8095);
#6735=AXIS2_PLACEMENT_3D('',#10236,#8098,#8099);
#6736=AXIS2_PLACEMENT_3D('',#10239,#8102,#8103);
#6737=AXIS2_PLACEMENT_3D('',#10240,#8104,#8105);
#6738=AXIS2_PLACEMENT_3D('',#10241,#8106,#8107);
#6739=AXIS2_PLACEMENT_3D('',#10250,#8112,#8113);
#6740=AXIS2_PLACEMENT_3D('',#10256,#8117,#8118);
#6741=AXIS2_PLACEMENT_3D('',#10262,#8122,#8123);
#6742=AXIS2_PLACEMENT_3D('',#10265,#8126,#8127);
#6743=AXIS2_PLACEMENT_3D('',#10266,#8128,#8129);
#6744=AXIS2_PLACEMENT_3D('',#10267,#8130,#8131);
#6745=AXIS2_PLACEMENT_3D('',#10276,#8136,#8137);
#6746=AXIS2_PLACEMENT_3D('',#10285,#8142,#8143);
#6747=AXIS2_PLACEMENT_3D('',#10288,#8146,#8147);
#6748=AXIS2_PLACEMENT_3D('',#10291,#8150,#8151);
#6749=AXIS2_PLACEMENT_3D('',#10292,#8152,#8153);
#6750=AXIS2_PLACEMENT_3D('',#10293,#8154,#8155);
#6751=AXIS2_PLACEMENT_3D('',#10294,#8156,#8157);
#6752=AXIS2_PLACEMENT_3D('',#10299,#8159,#8160);
#6753=AXIS2_PLACEMENT_3D('',#10302,#8162,#8163);
#6754=AXIS2_PLACEMENT_3D('',#10307,#8165,#8166);
#6755=AXIS2_PLACEMENT_3D('',#10310,#8168,#8169);
#6756=AXIS2_PLACEMENT_3D('',#10315,#8171,#8172);
#6757=AXIS2_PLACEMENT_3D('',#10318,#8174,#8175);
#6758=AXIS2_PLACEMENT_3D('',#10320,#8176,#8177);
#6759=AXIS2_PLACEMENT_3D('',#10322,#8178,#8179);
#6760=AXIS2_PLACEMENT_3D('',#10327,#8181,#8182);
#6761=AXIS2_PLACEMENT_3D('',#10330,#8184,#8185);
#6762=AXIS2_PLACEMENT_3D('',#10335,#8187,#8188);
#6763=AXIS2_PLACEMENT_3D('',#10338,#8190,#8191);
#6764=AXIS2_PLACEMENT_3D('',#10343,#8193,#8194);
#6765=AXIS2_PLACEMENT_3D('',#10464,#8196,#8197);
#6766=AXIS2_PLACEMENT_3D('',#10465,#8198,#8199);
#6767=AXIS2_PLACEMENT_3D('',#10466,#8200,#8201);
#6768=AXIS2_PLACEMENT_3D('',#10472,#8205,#8206);
#6769=AXIS2_PLACEMENT_3D('',#10478,#8210,#8211);
#6770=AXIS2_PLACEMENT_3D('',#10481,#8214,#8215);
#6771=AXIS2_PLACEMENT_3D('',#10482,#8216,#8217);
#6772=AXIS2_PLACEMENT_3D('',#10483,#8218,#8219);
#6773=AXIS2_PLACEMENT_3D('',#10489,#8223,#8224);
#6774=AXIS2_PLACEMENT_3D('',#10495,#8228,#8229);
#6775=AXIS2_PLACEMENT_3D('',#10498,#8232,#8233);
#6776=AXIS2_PLACEMENT_3D('',#10499,#8234,#8235);
#6777=AXIS2_PLACEMENT_3D('',#10500,#8236,#8237);
#6778=AXIS2_PLACEMENT_3D('',#10506,#8241,#8242);
#6779=AXIS2_PLACEMENT_3D('',#10512,#8246,#8247);
#6780=AXIS2_PLACEMENT_3D('',#10515,#8250,#8251);
#6781=AXIS2_PLACEMENT_3D('',#10516,#8252,#8253);
#6782=AXIS2_PLACEMENT_3D('',#10517,#8254,#8255);
#6783=AXIS2_PLACEMENT_3D('',#10523,#8259,#8260);
#6784=AXIS2_PLACEMENT_3D('',#10529,#8264,#8265);
#6785=AXIS2_PLACEMENT_3D('',#10532,#8268,#8269);
#6786=AXIS2_PLACEMENT_3D('',#10533,#8270,#8271);
#6787=AXIS2_PLACEMENT_3D('',#10534,#8272,#8273);
#6788=AXIS2_PLACEMENT_3D('',#10540,#8277,#8278);
#6789=AXIS2_PLACEMENT_3D('',#10546,#8282,#8283);
#6790=AXIS2_PLACEMENT_3D('',#10549,#8286,#8287);
#6791=AXIS2_PLACEMENT_3D('',#10550,#8288,#8289);
#6792=AXIS2_PLACEMENT_3D('',#10551,#8290,#8291);
#6793=AXIS2_PLACEMENT_3D('',#10557,#8295,#8296);
#6794=AXIS2_PLACEMENT_3D('',#10563,#8300,#8301);
#6795=AXIS2_PLACEMENT_3D('',#10566,#8304,#8305);
#6796=AXIS2_PLACEMENT_3D('',#10567,#8306,#8307);
#6797=AXIS2_PLACEMENT_3D('',#10568,#8308,#8309);
#6798=AXIS2_PLACEMENT_3D('',#10569,#8310,#8311);
#6799=AXIS2_PLACEMENT_3D('',#10570,#8312,#8313);
#6800=AXIS2_PLACEMENT_3D('',#10572,#8314,#8315);
#6801=AXIS2_PLACEMENT_3D('',#10577,#8317,#8318);
#6802=AXIS2_PLACEMENT_3D('',#10698,#8320,#8321);
#6803=AXIS2_PLACEMENT_3D('',#10758,#8322,#8323);
#6804=AXIS2_PLACEMENT_3D('',#10760,#8324,#8325);
#6805=AXIS2_PLACEMENT_3D('',#10821,#8326,#8327);
#6806=AXIS2_PLACEMENT_3D('',#10825,#8329,#8330);
#6807=AXIS2_PLACEMENT_3D('',#10828,#8332,#8333);
#6808=AXIS2_PLACEMENT_3D('',#10831,#8335,#8336);
#6809=AXIS2_PLACEMENT_3D('',#10834,#8338,#8339);
#6810=AXIS2_PLACEMENT_3D('',#10835,#8340,#8341);
#6811=AXIS2_PLACEMENT_3D('',#10838,#8343,#8344);
#6812=AXIS2_PLACEMENT_3D('',#10841,#8346,#8347);
#6813=AXIS2_PLACEMENT_3D('',#10842,#8348,#8349);
#6814=AXIS2_PLACEMENT_3D('',#10843,#8350,#8351);
#6815=AXIS2_PLACEMENT_3D('',#10849,#8355,#8356);
#6816=AXIS2_PLACEMENT_3D('',#10853,#8359,#8360);
#6817=AXIS2_PLACEMENT_3D('',#10857,#8363,#8364);
#6818=AXIS2_PLACEMENT_3D('',#10858,#8365,#8366);
#6819=AXIS2_PLACEMENT_3D('',#10859,#8367,#8368);
#6820=AXIS2_PLACEMENT_3D('',#10860,#8369,#8370);
#6821=AXIS2_PLACEMENT_3D('',#10861,#8371,#8372);
#6822=AXIS2_PLACEMENT_3D('',#10863,#8373,#8374);
#6823=AXIS2_PLACEMENT_3D('',#10864,#8375,#8376);
#6824=AXIS2_PLACEMENT_3D('',#10865,#8377,#8378);
#6825=AXIS2_PLACEMENT_3D('',#10866,#8379,#8380);
#6826=AXIS2_PLACEMENT_3D('',#10867,#8381,#8382);
#6827=AXIS2_PLACEMENT_3D('',#10868,#8383,#8384);
#6828=AXIS2_PLACEMENT_3D('',#10877,#8389,#8390);
#6829=AXIS2_PLACEMENT_3D('',#10883,#8394,#8395);
#6830=AXIS2_PLACEMENT_3D('',#10889,#8399,#8400);
#6831=AXIS2_PLACEMENT_3D('',#10892,#8403,#8404);
#6832=AXIS2_PLACEMENT_3D('',#10893,#8405,#8406);
#6833=AXIS2_PLACEMENT_3D('',#10895,#8407,#8408);
#6834=AXIS2_PLACEMENT_3D('',#10896,#8409,#8410);
#6835=AXIS2_PLACEMENT_3D('',#10898,#8411,#8412);
#6836=AXIS2_PLACEMENT_3D('',#10899,#8413,#8414);
#6837=AXIS2_PLACEMENT_3D('',#10900,#8415,#8416);
#6838=AXIS2_PLACEMENT_3D('',#10910,#8421,#8422);
#6839=AXIS2_PLACEMENT_3D('',#10916,#8426,#8427);
#6840=AXIS2_PLACEMENT_3D('',#10922,#8431,#8432);
#6841=AXIS2_PLACEMENT_3D('',#10925,#8435,#8436);
#6842=AXIS2_PLACEMENT_3D('',#10926,#8437,#8438);
#6843=AXIS2_PLACEMENT_3D('',#10927,#8439,#8440);
#6844=AXIS2_PLACEMENT_3D('',#10928,#8441,#8442);
#6845=AXIS2_PLACEMENT_3D('',#10930,#8443,#8444);
#6846=AXIS2_PLACEMENT_3D('',#10931,#8445,#8446);
#6847=AXIS2_PLACEMENT_3D('',#10940,#8451,#8452);
#6848=AXIS2_PLACEMENT_3D('',#10941,#8453,#8454);
#6849=AXIS2_PLACEMENT_3D('',#10943,#8455,#8456);
#6850=AXIS2_PLACEMENT_3D('',#10944,#8457,#8458);
#6851=AXIS2_PLACEMENT_3D('',#10946,#8459,#8460);
#6852=AXIS2_PLACEMENT_3D('',#10948,#8461,#8462);
#6853=AXIS2_PLACEMENT_3D('',#10950,#8463,#8464);
#6854=AXIS2_PLACEMENT_3D('',#10952,#8465,#8466);
#6855=AXIS2_PLACEMENT_3D('',#10954,#8467,#8468);
#6856=AXIS2_PLACEMENT_3D('',#10955,#8469,#8470);
#6857=AXIS2_PLACEMENT_3D('',#10956,#8471,#8472);
#6858=AXIS2_PLACEMENT_3D('',#10958,#8473,#8474);
#6859=AXIS2_PLACEMENT_3D('',#10959,#8475,#8476);
#6860=AXIS2_PLACEMENT_3D('',#10976,#8486,#8487);
#6861=AXIS2_PLACEMENT_3D('',#10977,#8488,#8489);
#6862=AXIS2_PLACEMENT_3D('',#10984,#8493,#8494);
#6863=AXIS2_PLACEMENT_3D('',#10990,#8498,#8499);
#6864=AXIS2_PLACEMENT_3D('',#10994,#8502,#8503);
#6865=AXIS2_PLACEMENT_3D('',#10998,#8506,#8507);
#6866=AXIS2_PLACEMENT_3D('',#11000,#8509,#8510);
#6867=AXIS2_PLACEMENT_3D('',#11001,#8511,#8512);
#6868=AXIS2_PLACEMENT_3D('',#11003,#8513,#8514);
#6869=AXIS2_PLACEMENT_3D('',#11004,#8515,#8516);
#6870=AXIS2_PLACEMENT_3D('',#11005,#8517,#8518);
#6871=AXIS2_PLACEMENT_3D('',#11012,#8522,#8523);
#6872=AXIS2_PLACEMENT_3D('',#11018,#8527,#8528);
#6873=AXIS2_PLACEMENT_3D('',#11022,#8531,#8532);
#6874=AXIS2_PLACEMENT_3D('',#11026,#8535,#8536);
#6875=AXIS2_PLACEMENT_3D('',#11028,#8538,#8539);
#6876=AXIS2_PLACEMENT_3D('',#11029,#8540,#8541);
#6877=AXIS2_PLACEMENT_3D('',#11031,#8542,#8543);
#6878=AXIS2_PLACEMENT_3D('',#11032,#8544,#8545);
#6879=AXIS2_PLACEMENT_3D('',#11033,#8546,#8547);
#6880=AXIS2_PLACEMENT_3D('',#11040,#8551,#8552);
#6881=AXIS2_PLACEMENT_3D('',#11046,#8556,#8557);
#6882=AXIS2_PLACEMENT_3D('',#11050,#8560,#8561);
#6883=AXIS2_PLACEMENT_3D('',#11054,#8564,#8565);
#6884=AXIS2_PLACEMENT_3D('',#11056,#8567,#8568);
#6885=AXIS2_PLACEMENT_3D('',#11057,#8569,#8570);
#6886=AXIS2_PLACEMENT_3D('',#11059,#8571,#8572);
#6887=AXIS2_PLACEMENT_3D('',#11060,#8573,#8574);
#6888=AXIS2_PLACEMENT_3D('',#11061,#8575,#8576);
#6889=AXIS2_PLACEMENT_3D('',#11062,#8577,#8578);
#6890=AXIS2_PLACEMENT_3D('',#11063,#8579,#8580);
#6891=AXIS2_PLACEMENT_3D('',#11064,#8581,#8582);
#6892=AXIS2_PLACEMENT_3D('',#11065,#8583,#8584);
#6893=AXIS2_PLACEMENT_3D('',#11066,#8585,#8586);
#6894=AXIS2_PLACEMENT_3D('',#11067,#8587,#8588);
#6895=AXIS2_PLACEMENT_3D('',#11068,#8589,#8590);
#6896=AXIS2_PLACEMENT_3D('',#11069,#8591,#8592);
#6897=AXIS2_PLACEMENT_3D('',#11070,#8593,#8594);
#6898=AXIS2_PLACEMENT_3D('',#11071,#8595,#8596);
#6899=DIRECTION('',(0.,0.,1.));
#6900=DIRECTION('',(1.,0.,0.));
#6901=DIRECTION('',(0.,-0.452066242167137,-0.891984367964418));
#6902=DIRECTION('',(0.,0.891984367964418,-0.452066242167137));
#6903=DIRECTION('',(0.,-0.39438812687868,-0.918943962044001));
#6904=DIRECTION('',(0.,0.918943962044001,-0.394388126878681));
#6905=DIRECTION('',(1.,0.,0.));
#6906=DIRECTION('',(0.,0.,-1.));
#6907=DIRECTION('',(0.,-0.452066242167137,-0.891984367964418));
#6908=DIRECTION('',(0.,0.891984367964419,-0.452066242167136));
#6909=DIRECTION('',(0.,-0.39438812687868,-0.918943962044001));
#6910=DIRECTION('',(0.,0.918943962044001,-0.394388126878678));
#6911=DIRECTION('',(1.,0.,0.));
#6912=DIRECTION('',(0.,0.,-0.999999999999999));
#6913=DIRECTION('',(0.,-0.513994416103591,-0.857793530060893));
#6914=DIRECTION('',(0.,0.857793530060893,-0.513994416103591));
#6915=DIRECTION('',(1.,0.,0.));
#6916=DIRECTION('',(0.,0.,-1.));
#6917=DIRECTION('',(0.,-0.513994416103591,-0.857793530060893));
#6918=DIRECTION('',(0.,0.857793530060893,-0.513994416103589));
#6919=DIRECTION('',(1.,0.,0.));
#6920=DIRECTION('',(0.,0.,-1.));
#6921=DIRECTION('',(0.,-0.571890829371639,-0.820329738142302));
#6922=DIRECTION('',(0.,0.820329738142302,-0.571890829371641));
#6923=DIRECTION('',(1.,0.,0.));
#6924=DIRECTION('',(0.,0.,-0.999999999999999));
#6925=DIRECTION('',(0.,-0.571890829371639,-0.820329738142302));
#6926=DIRECTION('',(0.,0.820329738142302,-0.57189082937164));
#6927=DIRECTION('',(1.,0.,0.));
#6928=DIRECTION('',(0.,0.,-1.));
#6929=DIRECTION('',(0.,-0.631394815027201,-0.775461531964523));
#6930=DIRECTION('',(0.,0.775461531964523,-0.631394815027203));
#6931=DIRECTION('',(1.,0.,0.));
#6932=DIRECTION('',(0.,0.,-0.999999999999999));
#6933=DIRECTION('',(0.,-0.631394815027201,-0.775461531964523));
#6934=DIRECTION('',(0.,0.775461531964523,-0.6313948150272));
#6935=DIRECTION('',(1.,0.,0.));
#6936=DIRECTION('',(0.,0.,-1.));
#6937=DIRECTION('',(0.,-0.700606629228715,-0.713547721656216));
#6938=DIRECTION('',(0.,0.713547721656216,-0.700606629228717));
#6939=DIRECTION('',(1.,0.,0.));
#6940=DIRECTION('',(0.,0.,-1.));
#6941=DIRECTION('',(0.,-0.700606629228715,-0.713547721656216));
#6942=DIRECTION('',(0.,0.713547721656217,-0.700606629228714));
#6943=DIRECTION('',(1.,0.,0.));
#6944=DIRECTION('',(0.,0.,-1.));
#6945=DIRECTION('',(0.,-0.766999394937904,-0.641647822535764));
#6946=DIRECTION('',(0.,0.641647822535765,-0.766999394937906));
#6947=DIRECTION('',(1.,0.,0.));
#6948=DIRECTION('',(0.,0.,-1.));
#6949=DIRECTION('',(0.,-0.766999394937904,-0.641647822535764));
#6950=DIRECTION('',(0.,0.641647822535765,-0.766999394937902));
#6951=DIRECTION('',(1.,0.,0.));
#6952=DIRECTION('',(0.,0.,-0.999999999999999));
#6953=DIRECTION('',(0.,-0.835101239107551,-0.550096282882398));
#6954=DIRECTION('',(0.,0.550096282882399,-0.83510123910755));
#6955=DIRECTION('',(1.,0.,0.));
#6956=DIRECTION('',(0.,0.,-1.));
#6957=DIRECTION('',(0.,-0.835101239107551,-0.550096282882398));
#6958=DIRECTION('',(0.,0.550096282882399,-0.835101239107553));
#6959=DIRECTION('',(1.,0.,0.));
#6960=DIRECTION('',(0.,0.,-0.999999999999999));
#6961=DIRECTION('',(0.,-0.892027533319077,-0.451981061329656));
#6962=DIRECTION('',(0.,0.451981061329656,-0.892027533319079));
#6963=DIRECTION('',(1.,0.,0.));
#6964=DIRECTION('',(0.,0.,-1.));
#6965=DIRECTION('',(0.,-0.892027533319077,-0.451981061329656));
#6966=DIRECTION('',(0.,0.451981061329656,-0.892027533319079));
#6967=DIRECTION('',(1.,0.,0.));
#6968=DIRECTION('',(0.,0.,-1.));
#6969=DIRECTION('',(0.,-0.93326201271873,-0.359196346885912));
#6970=DIRECTION('',(0.,0.359196346885912,-0.933262012718727));
#6971=DIRECTION('',(1.,0.,0.));
#6972=DIRECTION('',(0.,0.,-1.));
#6973=DIRECTION('',(0.,-0.93326201271873,-0.359196346885912));
#6974=DIRECTION('',(0.,0.359196346885912,-0.933262012718732));
#6975=DIRECTION('',(1.,0.,0.));
#6976=DIRECTION('',(0.,0.,-1.));
#6977=DIRECTION('',(0.,-0.963358641438722,-0.268216569147655));
#6978=DIRECTION('',(0.,0.268216569147655,-0.963358641438722));
#6979=DIRECTION('',(1.,0.,0.));
#6980=DIRECTION('',(0.,0.,-1.));
#6981=DIRECTION('',(0.,-0.963358641438722,-0.268216569147655));
#6982=DIRECTION('',(0.,0.268216569147655,-0.963358641438722));
#6983=DIRECTION('',(1.,0.,0.));
#6984=DIRECTION('',(0.,0.,-0.999999999999999));
#6985=DIRECTION('',(0.,-0.984011659305874,-0.178104054839016));
#6986=DIRECTION('',(0.,0.178104054839016,-0.984011659305872));
#6987=DIRECTION('',(1.,0.,0.));
#6988=DIRECTION('',(0.,0.,-1.));
#6989=DIRECTION('',(0.,-0.984011659305874,-0.178104054839016));
#6990=DIRECTION('',(0.,0.178104054839016,-0.984011659305875));
#6991=DIRECTION('',(1.,0.,0.));
#6992=DIRECTION('',(0.,0.,-1.));
#6993=DIRECTION('',(0.,-0.995579986303404,-0.0939174684077087));
#6994=DIRECTION('',(0.,0.0939174684077088,-0.995579986303402));
#6995=DIRECTION('',(1.,0.,0.));
#6996=DIRECTION('',(0.,0.,-1.));
#6997=DIRECTION('',(0.,-0.995579986303404,-0.0939174684077087));
#6998=DIRECTION('',(0.,0.0939174684077086,-0.995579986303407));
#6999=DIRECTION('',(1.,0.,0.));
#7000=DIRECTION('',(0.,0.,-0.999999999999999));
#7001=DIRECTION('',(0.,-0.999931301977825,-0.0117214045630208));
#7002=DIRECTION('',(0.,0.0117214045630212,-0.999931301977824));
#7003=DIRECTION('',(1.,0.,0.));
#7004=DIRECTION('',(0.,0.,-1.));
#7005=DIRECTION('',(0.,-0.999931301977825,-0.0117214045630208));
#7006=DIRECTION('',(0.,0.011721404563021,-0.999931301977828));
#7007=DIRECTION('',(1.,0.,0.));
#7008=DIRECTION('',(0.,0.,-0.999999999999999));
#7009=DIRECTION('',(0.,-0.997971774085179,0.0636579777347614));
#7010=DIRECTION('',(0.,-0.0636579777347615,-0.997971774085177));
#7011=DIRECTION('',(1.,0.,0.));
#7012=DIRECTION('',(0.,0.,-1.));
#7013=DIRECTION('',(0.,-0.997971774085179,0.0636579777347614));
#7014=DIRECTION('',(0.,-0.0636579777347612,-0.997971774085181));
#7015=DIRECTION('',(1.,0.,0.));
#7016=DIRECTION('',(0.,0.,-1.));
#7017=DIRECTION('',(0.,-0.990286416929819,0.139042484314323));
#7018=DIRECTION('',(0.,-0.139042484314323,-0.99028641692982));
#7019=DIRECTION('',(1.,0.,0.));
#7020=DIRECTION('',(0.,0.,-1.));
#7021=DIRECTION('',(0.,-0.990286416929819,0.139042484314323));
#7022=DIRECTION('',(0.,-0.139042484314323,-0.99028641692982));
#7023=DIRECTION('',(1.,0.,0.));
#7024=DIRECTION('',(0.,0.,-1.));
#7025=DIRECTION('',(0.,-0.978069952727204,0.208276661131782));
#7026=DIRECTION('',(0.,-0.208276661131782,-0.978069952727206));
#7027=DIRECTION('',(1.,0.,0.));
#7028=DIRECTION('',(0.,0.,-1.));
#7029=DIRECTION('',(0.,-0.978069952727204,0.208276661131782));
#7030=DIRECTION('',(0.,-0.208276661131782,-0.978069952727202));
#7031=DIRECTION('',(1.,0.,0.));
#7032=DIRECTION('',(0.,0.,-1.));
#7033=DIRECTION('',(0.,-0.958690919935417,0.284449855041945));
#7034=DIRECTION('',(0.,-0.284449855041945,-0.958690919935418));
#7035=DIRECTION('',(1.,0.,0.));
#7036=DIRECTION('',(0.,0.,-1.));
#7037=DIRECTION('',(0.,-0.958690919935417,0.284449855041945));
#7038=DIRECTION('',(0.,-0.284449855041945,-0.958690919935415));
#7039=DIRECTION('',(1.,0.,0.));
#7040=DIRECTION('',(0.,0.,-1.));
#7041=DIRECTION('',(0.,-0.934746343847346,0.355315736583702));
#7042=DIRECTION('',(0.,-0.355315736583703,-0.934746343847348));
#7043=DIRECTION('',(1.,0.,0.));
#7044=DIRECTION('',(0.,0.,-1.));
#7045=DIRECTION('',(0.,-0.934746343847346,0.355315736583702));
#7046=DIRECTION('',(0.,-0.355315736583702,-0.934746343847349));
#7047=DIRECTION('',(1.,0.,0.));
#7048=DIRECTION('',(0.,0.,-1.));
#7049=DIRECTION('',(0.,-0.900830674870617,0.434170583080138));
#7050=DIRECTION('',(0.,-0.434170583080137,-0.900830674870617));
#7051=DIRECTION('',(1.,0.,0.));
#7052=DIRECTION('',(0.,0.,-1.));
#7053=DIRECTION('',(0.,-0.900830674870617,0.434170583080138));
#7054=DIRECTION('',(0.,-0.434170583080138,-0.900830674870618));
#7055=DIRECTION('',(1.,0.,0.));
#7056=DIRECTION('',(0.,0.,-1.));
#7057=DIRECTION('',(0.,-0.860066430127448,0.510182061393604));
#7058=DIRECTION('',(0.,-0.510182061393603,-0.860066430127449));
#7059=DIRECTION('',(1.,0.,0.));
#7060=DIRECTION('',(0.,0.,-1.));
#7061=DIRECTION('',(0.,-0.860066430127448,0.510182061393604));
#7062=DIRECTION('',(0.,-0.510182061393604,-0.860066430127446));
#7063=DIRECTION('',(1.,0.,0.));
#7064=DIRECTION('',(0.,0.,-1.));
#7065=DIRECTION('',(0.,-0.837001343174716,0.547200832897502));
#7066=DIRECTION('',(0.,-0.547200832897501,-0.837001343174715));
#7067=DIRECTION('',(1.,0.,0.));
#7068=DIRECTION('',(0.,0.,-1.));
#7069=DIRECTION('',(0.,-0.837001343174716,0.547200832897502));
#7070=DIRECTION('',(0.,-0.547200832897502,-0.837001343174719));
#7071=DIRECTION('',(1.,0.,0.));
#7072=DIRECTION('',(0.,0.,-1.));
#7073=DIRECTION('',(0.,-0.814863655420049,0.579652674517658));
#7074=DIRECTION('',(0.,-0.579652674517658,-0.814863655420051));
#7075=DIRECTION('',(1.,0.,0.));
#7076=DIRECTION('',(0.,0.,-1.));
#7077=DIRECTION('',(0.,-0.814863655420049,0.579652674517658));
#7078=DIRECTION('',(0.,-0.579652674517659,-0.814863655420049));
#7079=DIRECTION('',(1.,0.,0.));
#7080=DIRECTION('',(0.,0.,-1.));
#7081=DIRECTION('',(0.,-0.789930072612852,0.613196934419811));
#7082=DIRECTION('',(0.,-0.613196934419811,-0.789930072612854));
#7083=DIRECTION('',(1.,0.,0.));
#7084=DIRECTION('',(0.,0.,-1.));
#7085=DIRECTION('',(0.,-0.789930072612852,0.613196934419811));
#7086=DIRECTION('',(0.,-0.613196934419811,-0.789930072612854));
#7087=DIRECTION('',(1.,0.,0.));
#7088=DIRECTION('',(0.,0.,-0.999999999999999));
#7089=DIRECTION('',(0.,-0.769520481577104,0.638622132746228));
#7090=DIRECTION('',(0.,-0.638622132746229,-0.769520481577102));
#7091=DIRECTION('',(1.,0.,0.));
#7092=DIRECTION('',(0.,0.,-1.));
#7093=DIRECTION('',(0.,-0.769520481577104,0.638622132746228));
#7094=DIRECTION('',(0.,-0.638622132746229,-0.769520481577105));
#7095=DIRECTION('',(1.,0.,0.));
#7096=DIRECTION('',(0.,0.,-1.));
#7097=DIRECTION('',(0.,-0.751458346063963,0.659780534822612));
#7098=DIRECTION('',(0.,-0.659780534822613,-0.751458346063966));
#7099=DIRECTION('',(1.,0.,0.));
#7100=DIRECTION('',(0.,0.,-1.));
#7101=DIRECTION('',(0.,-0.751458346063963,0.659780534822612));
#7102=DIRECTION('',(0.,-0.659780534822612,-0.751458346063962));
#7103=DIRECTION('',(1.,0.,0.));
#7104=DIRECTION('',(0.,0.,-1.));
#7105=DIRECTION('',(0.,-0.739156286028305,0.673533952243569));
#7106=DIRECTION('',(0.,-0.673533952243568,-0.739156286028303));
#7107=DIRECTION('',(1.,0.,0.));
#7108=DIRECTION('',(0.,0.,-1.));
#7109=DIRECTION('',(0.,-0.739156286028305,0.673533952243569));
#7110=DIRECTION('',(0.,-0.673533952243569,-0.739156286028303));
#7111=DIRECTION('',(1.,0.,0.));
#7112=DIRECTION('',(0.,0.,-1.));
#7113=DIRECTION('',(0.,-0.729853561320554,0.683603524733236));
#7114=DIRECTION('',(0.,-0.683603524733235,-0.729853561320554));
#7115=DIRECTION('',(1.,0.,0.));
#7116=DIRECTION('',(0.,0.,-1.));
#7117=DIRECTION('',(0.,-0.729853561320554,0.683603524733236));
#7118=DIRECTION('',(0.,-0.683603524733236,-0.729853561320552));
#7119=DIRECTION('',(1.,0.,0.));
#7120=DIRECTION('',(0.,0.,-1.));
#7121=DIRECTION('',(0.,-0.726905299482724,0.686737712364721));
#7122=DIRECTION('',(0.,-0.686737712364721,-0.726905299482722));
#7123=DIRECTION('',(1.,0.,0.));
#7124=DIRECTION('',(0.,0.,-1.));
#7125=DIRECTION('',(0.,-0.726905299482724,0.686737712364721));
#7126=DIRECTION('',(0.,-0.686737712364722,-0.726905299482722));
#7127=DIRECTION('',(1.,0.,0.));
#7128=DIRECTION('',(0.,0.,-1.));
#7129=DIRECTION('',(0.,-0.727152721020355,0.686475724488997));
#7130=DIRECTION('',(0.,-0.686475724488997,-0.727152721020358));
#7131=DIRECTION('',(-1.,0.,0.));
#7132=DIRECTION('',(0.,0.,1.));
#7133=DIRECTION('',(0.,-0.727152721020355,0.686475724488997));
#7134=DIRECTION('',(0.,-0.686475724488997,-0.727152721020357));
#7135=DIRECTION('',(-1.,0.,0.));
#7136=DIRECTION('',(0.,0.,1.));
#7137=DIRECTION('',(0.,-0.733608867715439,0.679571945572557));
#7138=DIRECTION('',(0.,-0.679571945572557,-0.733608867715441));
#7139=DIRECTION('',(-1.,0.,0.));
#7140=DIRECTION('',(0.,0.,1.));
#7141=DIRECTION('',(0.,-0.733608867715439,0.679571945572557));
#7142=DIRECTION('',(0.,-0.679571945572558,-0.733608867715437));
#7143=DIRECTION('',(-1.,0.,0.));
#7144=DIRECTION('',(0.,0.,1.));
#7145=DIRECTION('',(0.,-0.742766411941713,0.669550638332331));
#7146=DIRECTION('',(0.,-0.669550638332331,-0.742766411941714));
#7147=DIRECTION('',(-1.,0.,0.));
#7148=DIRECTION('',(0.,0.,1.));
#7149=DIRECTION('',(0.,-0.742766411941713,0.669550638332331));
#7150=DIRECTION('',(0.,-0.669550638332332,-0.742766411941715));
#7151=DIRECTION('',(-1.,0.,0.));
#7152=DIRECTION('',(0.,0.,1.));
#7153=DIRECTION('',(0.,-0.757776775499489,0.652513876108085));
#7154=DIRECTION('',(0.,-0.652513876108085,-0.757776775499491));
#7155=DIRECTION('',(-1.,0.,0.));
#7156=DIRECTION('',(0.,0.,1.));
#7157=DIRECTION('',(0.,-0.757776775499489,0.652513876108085));
#7158=DIRECTION('',(0.,-0.652513876108084,-0.75777677549949));
#7159=DIRECTION('',(-1.,0.,0.));
#7160=DIRECTION('',(0.,0.,1.));
#7161=DIRECTION('',(0.,-0.775179209675867,0.631741397160497));
#7162=DIRECTION('',(0.,-0.631741397160497,-0.775179209675869));
#7163=DIRECTION('',(-1.,0.,0.));
#7164=DIRECTION('',(0.,0.,1.));
#7165=DIRECTION('',(0.,-0.775179209675867,0.631741397160497));
#7166=DIRECTION('',(0.,-0.631741397160498,-0.775179209675869));
#7167=DIRECTION('',(-1.,0.,0.));
#7168=DIRECTION('',(0.,0.,1.));
#7169=DIRECTION('',(0.,-0.797857730536648,0.602845786103634));
#7170=DIRECTION('',(0.,-0.602845786103634,-0.79785773053665));
#7171=DIRECTION('',(-1.,0.,0.));
#7172=DIRECTION('',(0.,0.,1.));
#7173=DIRECTION('',(0.,-0.797857730536648,0.602845786103634));
#7174=DIRECTION('',(0.,-0.602845786103634,-0.797857730536649));
#7175=DIRECTION('',(-1.,0.,0.));
#7176=DIRECTION('',(0.,0.,0.999999999999999));
#7177=DIRECTION('',(0.,-0.822839113791284,0.568274399225562));
#7178=DIRECTION('',(0.,-0.568274399225561,-0.822839113791285));
#7179=DIRECTION('',(-1.,0.,0.));
#7180=DIRECTION('',(0.,0.,1.));
#7181=DIRECTION('',(0.,-0.822839113791284,0.568274399225562));
#7182=DIRECTION('',(0.,-0.568274399225562,-0.822839113791283));
#7183=DIRECTION('',(-1.,0.,0.));
#7184=DIRECTION('',(0.,0.,0.999999999999999));
#7185=DIRECTION('',(0.,-0.851740006777105,0.523964656112734));
#7186=DIRECTION('',(0.,-0.523964656112734,-0.851740006777107));
#7187=DIRECTION('',(-1.,0.,0.));
#7188=DIRECTION('',(0.,0.,1.));
#7189=DIRECTION('',(0.,-0.851740006777105,0.523964656112734));
#7190=DIRECTION('',(0.,-0.523964656112734,-0.851740006777106));
#7191=DIRECTION('',(-1.,0.,0.));
#7192=DIRECTION('',(0.,0.,1.));
#7193=DIRECTION('',(0.,-0.880594653866512,0.473870294048612));
#7194=DIRECTION('',(0.,-0.473870294048612,-0.880594653866512));
#7195=DIRECTION('',(-1.,0.,0.));
#7196=DIRECTION('',(0.,0.,1.));
#7197=DIRECTION('',(0.,-0.880594653866512,0.473870294048612));
#7198=DIRECTION('',(0.,-0.473870294048613,-0.880594653866513));
#7199=DIRECTION('',(-1.,0.,0.));
#7200=DIRECTION('',(0.,0.,1.));
#7201=DIRECTION('',(0.,-0.910136744465693,0.414307984925935));
#7202=DIRECTION('',(0.,-0.414307984925935,-0.910136744465695));
#7203=DIRECTION('',(-1.,0.,0.));
#7204=DIRECTION('',(0.,0.,1.));
#7205=DIRECTION('',(0.,-0.910136744465693,0.414307984925935));
#7206=DIRECTION('',(0.,-0.414307984925935,-0.910136744465693));
#7207=DIRECTION('',(-1.,0.,0.));
#7208=DIRECTION('',(0.,0.,1.));
#7209=DIRECTION('',(0.,-0.938186883461195,0.346129125762872));
#7210=DIRECTION('',(0.,-0.346129125762872,-0.938186883461195));
#7211=DIRECTION('',(-1.,0.,0.));
#7212=DIRECTION('',(0.,0.,1.));
#7213=DIRECTION('',(0.,-0.938186883461195,0.346129125762872));
#7214=DIRECTION('',(0.,-0.346129125762872,-0.938186883461197));
#7215=DIRECTION('',(-1.,0.,0.));
#7216=DIRECTION('',(0.,0.,1.));
#7217=DIRECTION('',(0.,-0.962473503523461,0.271375671376921));
#7218=DIRECTION('',(0.,-0.271375671376921,-0.962473503523459));
#7219=DIRECTION('',(-1.,0.,0.));
#7220=DIRECTION('',(0.,0.,1.));
#7221=DIRECTION('',(0.,-0.962473503523461,0.271375671376921));
#7222=DIRECTION('',(0.,-0.271375671376921,-0.962473503523462));
#7223=DIRECTION('',(-1.,0.,0.));
#7224=DIRECTION('',(0.,0.,1.));
#7225=DIRECTION('',(0.,-0.982808416303674,0.184628320803346));
#7226=DIRECTION('',(0.,-0.184628320803347,-0.982808416303677));
#7227=DIRECTION('',(-1.,0.,0.));
#7228=DIRECTION('',(0.,0.,1.));
#7229=DIRECTION('',(0.,-0.982808416303674,0.184628320803346));
#7230=DIRECTION('',(0.,-0.184628320803347,-0.982808416303674));
#7231=DIRECTION('',(-1.,0.,0.));
#7232=DIRECTION('',(0.,0.,1.));
#7233=DIRECTION('',(0.,-0.995108689698901,0.09878611079365));
#7234=DIRECTION('',(0.,-0.09878611079365,-0.995108689698904));
#7235=DIRECTION('',(-1.,0.,0.));
#7236=DIRECTION('',(0.,0.,1.));
#7237=DIRECTION('',(0.,-0.995108689698901,0.09878611079365));
#7238=DIRECTION('',(0.,-0.0987861107936494,-0.995108689698903));
#7239=DIRECTION('',(-1.,0.,0.));
#7240=DIRECTION('',(0.,0.,0.999999999999999));
#7241=DIRECTION('',(0.,-0.999790296275842,0.0204783659666684));
#7242=DIRECTION('',(0.,-0.0204783659666682,-0.999790296275843));
#7243=DIRECTION('',(-1.,0.,0.));
#7244=DIRECTION('',(0.,0.,1.));
#7245=DIRECTION('',(0.,-0.999790296275842,0.0204783659666684));
#7246=DIRECTION('',(0.,-0.0204783659666689,-0.999790296275839));
#7247=DIRECTION('',(-1.,0.,0.));
#7248=DIRECTION('',(0.,0.,1.));
#7249=DIRECTION('',(0.,-0.998719175399298,-0.0505965284357194));
#7250=DIRECTION('',(0.,0.0505965284357188,-0.998719175399299));
#7251=DIRECTION('',(-1.,0.,0.));
#7252=DIRECTION('',(0.,0.,1.));
#7253=DIRECTION('',(0.,-0.998719175399298,-0.0505965284357194));
#7254=DIRECTION('',(0.,0.0505965284357194,-0.998719175399299));
#7255=DIRECTION('',(-1.,0.,0.));
#7256=DIRECTION('',(0.,0.,1.));
#7257=DIRECTION('',(0.,-0.993054247921172,-0.117657386872714));
#7258=DIRECTION('',(0.,0.117657386872715,-0.993054247921171));
#7259=DIRECTION('',(-1.,0.,0.));
#7260=DIRECTION('',(0.,0.,1.));
#7261=DIRECTION('',(0.,-0.993054247921172,-0.117657386872714));
#7262=DIRECTION('',(0.,0.117657386872714,-0.993054247921172));
#7263=DIRECTION('',(-1.,0.,0.));
#7264=DIRECTION('',(0.,0.,1.));
#7265=DIRECTION('',(0.,-0.984468580256557,-0.175560856934681));
#7266=DIRECTION('',(0.,0.175560856934681,-0.984468580256556));
#7267=DIRECTION('',(1.,0.,0.));
#7268=DIRECTION('',(0.,0.,-0.999999999999999));
#7269=DIRECTION('',(0.,-0.984468580256557,-0.175560856934681));
#7270=DIRECTION('',(0.,0.175560856934681,-0.984468580256559));
#7271=DIRECTION('',(1.,0.,0.));
#7272=DIRECTION('',(0.,0.,-1.));
#7273=DIRECTION('',(0.,-0.39438812687868,-0.918943962044001));
#7274=DIRECTION('',(0.,0.918943962044001,-0.39438812687868));
#7275=DIRECTION('',(0.,-0.984468580256557,-0.175560856934681));
#7276=DIRECTION('',(0.,0.175560856934681,-0.984468580256557));
#7277=DIRECTION('',(0.,0.,-1.));
#7278=DIRECTION('',(5.20417042793048E-16,-1.,-5.20417042792997E-16));
#7279=DIRECTION('',(0.,0.,-1.));
#7280=DIRECTION('',(5.20417042793048E-16,-1.,0.));
#7281=DIRECTION('',(1.,5.20417042793048E-16,0.));
#7282=DIRECTION('',(-5.20417042793042E-16,1.,0.));
#7283=DIRECTION('',(0.,0.,-1.));
#7284=DIRECTION('',(-5.20417042793048E-16,1.,1.04083408558608E-15));
#7285=DIRECTION('',(0.,0.,-1.));
#7286=DIRECTION('',(5.20417042793048E-16,-1.,0.));
#7287=DIRECTION('',(1.,5.20417042793048E-16,0.));
#7288=DIRECTION('',(-5.20417042793042E-16,1.,0.));
#7289=DIRECTION('',(-4.28626379701573E-16,1.,0.));
#7290=DIRECTION('',(0.,0.,-1.));
#7291=DIRECTION('',(0.,1.,0.));
#7292=DIRECTION('',(0.,0.,-1.));
#7293=DIRECTION('',(-1.,-4.28626379701573E-16,0.));
#7294=DIRECTION('',(4.28626379701573E-16,-1.,0.));
#7295=DIRECTION('',(-1.,0.,0.));
#7296=DIRECTION('',(0.,-4.30211422042241E-14,1.));
#7297=DIRECTION('',(-1.,0.,0.));
#7298=DIRECTION('',(1.,0.,0.));
#7299=DIRECTION('',(-1.,0.,0.));
#7300=DIRECTION('',(-0.422618261740695,0.,0.906307787036652));
#7301=DIRECTION('',(-1.,0.,0.));
#7302=DIRECTION('',(0.,1.,0.));
#7303=DIRECTION('',(0.,0.,1.));
#7304=DIRECTION('',(-1.,0.,0.));
#7305=DIRECTION('',(-1.,0.,0.));
#7306=DIRECTION('',(-1.,0.,0.));
#7307=DIRECTION('',(0.,0.,-1.));
#7308=DIRECTION('',(-1.,-4.16333634234436E-15,0.));
#7309=DIRECTION('',(0.,0.,-1.));
#7310=DIRECTION('',(0.65,2.70616862252383E-15,0.759934207678533));
#7311=DIRECTION('',(0.,0.,1.));
#7312=DIRECTION('',(-1.,0.,0.));
#7313=DIRECTION('',(0.,0.,-1.));
#7314=DIRECTION('',(-1.,0.,0.));
#7315=DIRECTION('',(0.,0.,-1.));
#7316=DIRECTION('',(1.,4.16333634234436E-15,-1.11022302462516E-14));
#7317=DIRECTION('',(-1.11022302462514E-14,-4.62223186652933E-29,1.));
#7318=DIRECTION('',(1.,4.16333634234436E-15,0.));
#7319=DIRECTION('',(-0.65,-2.70616862252383E-15,-0.759934207678533));
#7320=DIRECTION('',(0.,-1.,0.));
#7321=DIRECTION('',(0.,0.,-1.));
#7322=DIRECTION('',(0.,0.,-1.));
#7323=DIRECTION('',(-1.,0.,0.));
#7324=DIRECTION('',(-1.,0.,0.));
#7325=DIRECTION('',(0.,1.,0.));
#7326=DIRECTION('',(0.,0.,-1.));
#7327=DIRECTION('',(-1.,0.,0.));
#7328=DIRECTION('',(5.20417042793048E-16,1.,5.20417042792997E-16));
#7329=DIRECTION('',(0.,0.,-1.));
#7330=DIRECTION('',(5.20417042793048E-16,1.,0.));
#7331=DIRECTION('',(0.,0.,-1.));
#7332=DIRECTION('',(-1.,5.20417042793048E-16,0.));
#7333=DIRECTION('',(-5.20417042793042E-16,-1.,0.));
#7334=DIRECTION('',(-5.20417042793048E-16,-1.,-1.04083408558608E-15));
#7335=DIRECTION('',(0.,0.,-1.));
#7336=DIRECTION('',(5.20417042793048E-16,1.,0.));
#7337=DIRECTION('',(0.,0.,-1.));
#7338=DIRECTION('',(-1.,5.20417042793048E-16,0.));
#7339=DIRECTION('',(-5.20417042793042E-16,-1.,0.));
#7340=DIRECTION('',(-4.28626379701573E-16,-1.,0.));
#7341=DIRECTION('',(0.,0.,-1.));
#7342=DIRECTION('',(0.,-1.,0.));
#7343=DIRECTION('',(0.,0.,-1.));
#7344=DIRECTION('',(1.,-4.28626379701573E-16,0.));
#7345=DIRECTION('',(4.28626379701573E-16,1.,0.));
#7346=DIRECTION('',(1.,0.,0.));
#7347=DIRECTION('',(-1.,0.,0.));
#7348=DIRECTION('',(0.,4.30211422042241E-14,1.));
#7349=DIRECTION('',(-1.,0.,0.));
#7350=DIRECTION('',(-1.,0.,0.));
#7351=DIRECTION('',(-0.422618261740695,0.,0.906307787036652));
#7352=DIRECTION('',(-1.,0.,0.));
#7353=DIRECTION('',(0.,1.,0.));
#7354=DIRECTION('',(0.,0.,1.));
#7355=DIRECTION('',(-1.,0.,0.));
#7356=DIRECTION('',(0.,0.,-1.));
#7357=DIRECTION('',(0.65,-2.70616862252382E-15,0.759934207678533));
#7358=DIRECTION('',(0.,0.,-1.));
#7359=DIRECTION('',(-1.,4.16333634234433E-15,0.));
#7360=DIRECTION('',(0.,0.,-1.));
#7361=DIRECTION('',(-1.,0.,0.));
#7362=DIRECTION('',(-1.,0.,0.));
#7363=DIRECTION('',(-1.,0.,0.));
#7364=DIRECTION('',(0.,0.,-1.));
#7365=DIRECTION('',(-1.,0.,0.));
#7366=DIRECTION('',(1.,-4.16333634234433E-15,-1.11022302462516E-14));
#7367=DIRECTION('',(0.,0.,-1.));
#7368=DIRECTION('',(-0.65,2.70616862252382E-15,-0.759934207678534));
#7369=DIRECTION('',(1.,-4.16333634234433E-15,0.));
#7370=DIRECTION('',(-1.11022302462514E-14,4.62223186652931E-29,1.));
#7371=DIRECTION('',(0.,-1.,0.));
#7372=DIRECTION('',(0.,0.,-1.));
#7373=DIRECTION('',(0.,0.,1.));
#7374=DIRECTION('',(1.,0.,0.));
#7375=DIRECTION('',(0.,-1.,0.));
#7376=DIRECTION('',(-1.,0.,0.));
#7377=DIRECTION('',(0.,0.,1.));
#7378=DIRECTION('',(1.,0.,0.));
#7379=DIRECTION('',(0.,1.,0.));
#7380=DIRECTION('',(0.,-1.,-5.20417042792997E-16));
#7381=DIRECTION('',(-1.,0.,0.));
#7382=DIRECTION('',(0.,1.,0.));
#7383=DIRECTION('',(-1.,0.,0.));
#7384=DIRECTION('',(0.,1.,5.20417042792997E-16));
#7385=DIRECTION('',(-1.,0.,0.));
#7386=DIRECTION('',(0.,1.,0.));
#7387=DIRECTION('',(-1.,0.,0.));
#7388=DIRECTION('',(0.,1.,0.));
#7389=DIRECTION('',(0.,-5.20417042792997E-16,1.));
#7390=DIRECTION('',(0.,-1.,-5.20417042793042E-16));
#7391=DIRECTION('',(0.,-1.,-1.04083408558608E-15));
#7392=DIRECTION('',(-1.,0.,0.));
#7393=DIRECTION('',(0.,1.,0.));
#7394=DIRECTION('',(-1.,0.,0.));
#7395=DIRECTION('',(0.,1.,1.04083408558608E-15));
#7396=DIRECTION('',(0.,1.,0.));
#7397=DIRECTION('',(0.,1.,0.));
#7398=DIRECTION('',(-1.,0.,0.));
#7399=DIRECTION('',(0.,1.,0.));
#7400=DIRECTION('',(-1.,0.,0.));
#7401=DIRECTION('',(0.,1.04083408558608E-15,-1.));
#7402=DIRECTION('',(0.,1.,1.04083408558608E-15));
#7403=DIRECTION('',(0.,0.,-1.));
#7404=DIRECTION('',(0.,1.,0.));
#7405=DIRECTION('',(-1.,0.,0.));
#7406=DIRECTION('',(0.,0.,1.));
#7407=DIRECTION('',(0.,0.,-1.));
#7408=DIRECTION('',(-1.,0.,0.));
#7409=DIRECTION('',(0.,0.,1.));
#7410=DIRECTION('',(0.,0.,-1.));
#7411=DIRECTION('',(0.,-1.,0.));
#7412=DIRECTION('',(0.,-1.,0.));
#7413=DIRECTION('',(1.,0.,0.));
#7414=DIRECTION('',(0.,0.,-1.));
#7415=DIRECTION('',(0.,-1.,0.));
#7416=DIRECTION('',(0.,0.,-1.));
#7417=DIRECTION('',(0.,-1.,0.));
#7418=DIRECTION('',(1.,0.,0.));
#7419=DIRECTION('',(0.,0.,-1.));
#7420=DIRECTION('',(1.,-4.16333634234433E-15,0.));
#7421=DIRECTION('',(0.,4.30211422042241E-14,-1.));
#7422=DIRECTION('',(-0.906307787036642,0.,-0.422618261740716));
#7423=DIRECTION('',(0.422618261740697,0.,-0.906307787036651));
#7424=DIRECTION('',(-1.,0.,0.));
#7425=DIRECTION('',(0.,0.,-1.));
#7426=DIRECTION('',(0.65,-2.70616862252382E-15,0.759934207678533));
#7427=DIRECTION('',(1.,-4.16333634234433E-15,-8.43696454564969E-15));
#7428=DIRECTION('',(-0.65,2.70616862252382E-15,-0.759934207678533));
#7429=DIRECTION('',(4.16333634234433E-15,1.,0.));
#7430=DIRECTION('',(-1.,4.16333634234434E-15,0.));
#7431=DIRECTION('',(0.,0.,-1.));
#7432=DIRECTION('',(-1.,0.,0.));
#7433=DIRECTION('',(0.,1.,0.));
#7434=DIRECTION('',(0.,0.,-1.));
#7435=DIRECTION('',(0.,1.,0.));
#7436=DIRECTION('',(-1.,0.,0.));
#7437=DIRECTION('',(0.,0.,1.));
#7438=DIRECTION('',(0.,-1.,0.));
#7439=DIRECTION('',(0.,0.,-1.));
#7440=DIRECTION('',(1.,0.,0.));
#7441=DIRECTION('',(0.,0.,-1.));
#7442=DIRECTION('',(0.,0.,-1.));
#7443=DIRECTION('',(1.,0.,0.));
#7444=DIRECTION('',(0.,0.,-1.));
#7445=DIRECTION('',(0.,-4.30211422042241E-14,-1.));
#7446=DIRECTION('',(1.,4.16333634234433E-15,0.));
#7447=DIRECTION('',(-0.65,-2.70616862252382E-15,-0.759934207678533));
#7448=DIRECTION('',(1.,4.16333634234433E-15,-8.43696454564969E-15));
#7449=DIRECTION('',(0.65,2.70616862252382E-15,0.759934207678534));
#7450=DIRECTION('',(0.,0.,-1.));
#7451=DIRECTION('',(0.,0.,-1.));
#7452=DIRECTION('',(-1.,0.,0.));
#7453=DIRECTION('',(0.422618261740697,0.,-0.906307787036651));
#7454=DIRECTION('',(-0.906307787036642,0.,-0.422618261740716));
#7455=DIRECTION('',(-4.16333634234433E-15,1.,0.));
#7456=DIRECTION('',(-1.,-4.16333634234434E-15,0.));
#7457=DIRECTION('',(0.,-1.,0.));
#7458=DIRECTION('',(0.,1.,0.));
#7459=DIRECTION('',(-1.,0.,0.));
#7460=DIRECTION('',(0.,0.,1.));
#7461=DIRECTION('',(0.,0.,1.));
#7462=DIRECTION('',(1.,0.,0.));
#7463=DIRECTION('',(0.,4.30211422042241E-14,-1.));
#7464=DIRECTION('',(0.,-4.30211422042241E-14,1.));
#7465=DIRECTION('',(0.,-1.,-4.30211422042241E-14));
#7466=DIRECTION('',(0.,4.30211422042248E-14,-1.));
#7467=DIRECTION('',(0.,-4.30211422042241E-14,-1.));
#7468=DIRECTION('',(-1.,0.,0.));
#7469=DIRECTION('',(0.,0.,1.));
#7470=DIRECTION('',(1.,0.,0.));
#7471=DIRECTION('',(0.,0.,-1.));
#7472=DIRECTION('',(-1.,0.,0.));
#7473=DIRECTION('',(0.,0.,1.));
#7474=DIRECTION('',(0.,4.30211422042241E-14,1.));
#7475=DIRECTION('',(1.,0.,0.));
#7476=DIRECTION('',(0.,0.,-1.));
#7477=DIRECTION('',(0.,-1.,4.30211422042241E-14));
#7478=DIRECTION('',(0.,-4.30211422042248E-14,-1.));
#7479=DIRECTION('',(0.,-1.,0.));
#7480=DIRECTION('',(0.,-1.,0.));
#7481=DIRECTION('',(1.,0.,0.));
#7482=DIRECTION('',(0.,0.,-1.));
#7483=DIRECTION('',(0.,-1.,0.));
#7484=DIRECTION('',(-1.,0.,0.));
#7485=DIRECTION('',(-1.,0.,0.));
#7486=DIRECTION('',(0.,0.,1.));
#7487=DIRECTION('',(1.,0.,0.));
#7488=DIRECTION('',(0.422618261740697,0.,-0.906307787036651));
#7489=DIRECTION('',(0.90630778703664,0.,0.42261826174072));
#7490=DIRECTION('',(-0.422618261740695,0.,0.906307787036652));
#7491=DIRECTION('',(0.,1.,0.));
#7492=DIRECTION('',(0.,0.,1.));
#7493=DIRECTION('',(0.90630778703665,0.,0.422618261740699));
#7494=DIRECTION('',(0.4226182617407,0.,-0.906307787036598));
#7495=DIRECTION('',(0.90630778703665,0.,0.422618261740699));
#7496=DIRECTION('',(0.4226182617407,0.,-0.906307787036598));
#7497=DIRECTION('',(0.,1.,0.));
#7498=DIRECTION('',(0.,1.,0.));
#7499=DIRECTION('',(-0.422618261740695,0.,0.906307787036652));
#7500=DIRECTION('',(0.906307787036652,0.,0.422618261740695));
#7501=DIRECTION('',(0.422618261740695,0.,-0.906307787036652));
#7502=DIRECTION('',(0.422618261740697,0.,-0.906307787036651));
#7503=DIRECTION('',(0.90630778703664,0.,0.42261826174072));
#7504=DIRECTION('',(0.,1.,0.));
#7505=DIRECTION('',(0.,0.,1.));
#7506=DIRECTION('',(0.,1.,0.));
#7507=DIRECTION('',(-0.422618261740716,0.,0.906307787036642));
#7508=DIRECTION('',(0.906307787036642,0.,0.422618261740716));
#7509=DIRECTION('',(0.,1.,0.));
#7510=DIRECTION('',(0.42261826174072,0.,-0.90630778703664));
#7511=DIRECTION('',(-0.90630778703664,0.,-0.42261826174072));
#7512=DIRECTION('',(-0.906307787036651,0.,-0.422618261740696));
#7513=DIRECTION('',(-0.422618261740696,0.,0.906307787036598));
#7514=DIRECTION('',(-0.906307787036651,0.,-0.422618261740696));
#7515=DIRECTION('',(-0.422618261740696,0.,0.906307787036598));
#7516=DIRECTION('',(-0.906307787036651,0.,-0.422618261740696));
#7517=DIRECTION('',(-0.422618261740697,0.,0.906307787036652));
#7518=DIRECTION('',(0.90630778703665,0.,0.422618261740699));
#7519=DIRECTION('',(0.4226182617407,0.,-0.906307787036598));
#7520=DIRECTION('',(0.90630778703665,0.,0.422618261740699));
#7521=DIRECTION('',(0.4226182617407,0.,-0.906307787036598));
#7522=DIRECTION('',(0.,1.,0.));
#7523=DIRECTION('',(0.,-1.,0.));
#7524=DIRECTION('',(0.,-1.,0.));
#7525=DIRECTION('',(0.,-1.,0.));
#7526=DIRECTION('',(0.,0.,1.));
#7527=DIRECTION('',(1.,0.,0.));
#7528=DIRECTION('',(0.,-1.,0.));
#7529=DIRECTION('',(0.,-1.,0.));
#7530=DIRECTION('',(-1.,0.,0.));
#7531=DIRECTION('',(0.,0.,1.));
#7532=DIRECTION('',(0.,-1.,0.));
#7533=DIRECTION('',(-1.,0.,-1.11022302462514E-14));
#7534=DIRECTION('',(-1.11022302462516E-14,0.,1.));
#7535=DIRECTION('',(1.11022302462516E-14,0.,1.));
#7536=DIRECTION('',(1.,0.,-1.11022302462516E-14));
#7537=DIRECTION('',(-0.759934207678533,0.,0.65));
#7538=DIRECTION('',(0.65,0.,0.759934207678533));
#7539=DIRECTION('',(0.759934207678533,0.,-0.65));
#7540=DIRECTION('',(-0.65,0.,-0.759934207678533));
#7541=DIRECTION('',(-0.759934207678533,0.,0.65));
#7542=DIRECTION('',(0.65,0.,0.759934207678533));
#7543=DIRECTION('',(0.759934207678534,0.,-0.65));
#7544=DIRECTION('',(-0.65,0.,-0.759934207678534));
#7545=DIRECTION('',(-0.258819045102521,0.,-0.965925826289068));
#7546=DIRECTION('',(-0.258819045102522,0.,-0.965925826289068));
#7547=DIRECTION('',(-0.965925826289068,0.,0.258819045102522));
#7548=DIRECTION('',(-0.258819045102521,0.,-0.965925826289068));
#7549=DIRECTION('',(0.258819045102522,0.,0.965925826289068));
#7550=DIRECTION('',(0.965925826289068,0.,-0.258819045102522));
#7551=DIRECTION('',(0.258819045102521,0.,0.965925826289068));
#7552=DIRECTION('',(0.965925826289068,0.,-0.258819045102521));
#7553=DIRECTION('',(0.258819045102521,0.,0.965925826289068));
#7554=DIRECTION('',(0.965925826289068,0.,-0.258819045102521));
#7555=DIRECTION('',(-0.258819045102521,0.,-0.965925826289068));
#7556=DIRECTION('',(-0.965925826289068,0.,0.258819045102521));
#7557=DIRECTION('',(-0.258819045102522,0.,-0.965925826289068));
#7558=DIRECTION('',(-0.965925826289068,0.,0.258819045102522));
#7559=DIRECTION('',(-0.258819045102521,0.,-0.965925826289068));
#7560=DIRECTION('',(0.258819045102522,0.,0.965925826289068));
#7561=DIRECTION('',(0.965925826289068,0.,-0.258819045102522));
#7562=DIRECTION('',(-0.258819045102521,0.,-0.965925826289068));
#7563=DIRECTION('',(0.258819045102521,0.,0.965925826289068));
#7564=DIRECTION('',(0.965925826289068,0.,-0.25881904510252));
#7565=DIRECTION('',(0.258819045102521,0.,0.965925826289068));
#7566=DIRECTION('',(0.965925826289068,0.,-0.258819045102521));
#7567=DIRECTION('',(-0.258819045102521,0.,-0.965925826289068));
#7568=DIRECTION('',(-0.965925826289068,0.,0.25881904510252));
#7569=DIRECTION('',(0.258819045102521,0.,0.965925826289068));
#7570=DIRECTION('',(0.965925826289068,0.,-0.258819045102521));
#7571=DIRECTION('',(0.258819045102521,0.,0.965925826289068));
#7572=DIRECTION('',(0.965925826289068,0.,-0.258819045102521));
#7573=DIRECTION('',(-0.965925826289068,0.,0.258819045102522));
#7574=DIRECTION('',(-0.965925826289068,0.,0.258819045102522));
#7575=DIRECTION('',(0.258819045102522,0.,0.965925826289068));
#7576=DIRECTION('',(0.965925826289068,0.,-0.258819045102522));
#7577=DIRECTION('',(0.965925826289068,0.,-0.258819045102522));
#7578=DIRECTION('',(0.965925826289068,0.,-0.258819045102522));
#7579=DIRECTION('',(-0.258819045102522,0.,-0.965925826289068));
#7580=DIRECTION('',(-0.965925826289068,0.,0.258819045102522));
#7581=DIRECTION('',(0.,-1.,0.));
#7582=DIRECTION('',(0.,0.,-1.));
#7583=DIRECTION('',(0.,-1.,0.));
#7584=DIRECTION('',(0.,0.,-1.));
#7585=DIRECTION('',(0.,0.,1.));
#7586=DIRECTION('',(1.,0.,0.));
#7587=DIRECTION('',(0.,0.,1.));
#7588=DIRECTION('',(1.,0.,0.));
#7589=DIRECTION('',(0.,0.,-1.));
#7590=DIRECTION('',(-1.,0.,6.87069820033793E-17));
#7591=DIRECTION('',(0.,0.,1.));
#7592=DIRECTION('',(1.,0.,0.));
#7593=DIRECTION('',(0.,0.,1.));
#7594=DIRECTION('',(1.,0.,0.));
#7595=DIRECTION('',(0.,0.,1.));
#7596=DIRECTION('',(1.,0.,0.));
#7597=DIRECTION('',(0.,0.,1.));
#7598=DIRECTION('',(1.,0.,0.));
#7599=DIRECTION('',(0.,0.,1.));
#7600=DIRECTION('',(1.,0.,0.));
#7601=DIRECTION('',(0.,0.,1.));
#7602=DIRECTION('',(1.,0.,0.));
#7603=DIRECTION('',(0.,0.,1.));
#7604=DIRECTION('',(1.,0.,0.));
#7605=DIRECTION('',(0.,0.,1.));
#7606=DIRECTION('',(1.,0.,0.));
#7607=DIRECTION('',(0.,0.,1.));
#7608=DIRECTION('',(1.,0.,0.));
#7609=DIRECTION('',(0.,0.,1.));
#7610=DIRECTION('',(1.,0.,0.));
#7611=DIRECTION('',(0.,0.,1.));
#7612=DIRECTION('',(1.,0.,0.));
#7613=DIRECTION('',(0.,0.,-1.));
#7614=DIRECTION('',(-1.,0.,0.));
#7615=DIRECTION('',(0.,0.,1.));
#7616=DIRECTION('',(1.,0.,0.));
#7617=DIRECTION('',(0.,0.,-1.));
#7618=DIRECTION('',(-1.,0.,6.32288329572644E-17));
#7619=DIRECTION('',(0.,0.,1.));
#7620=DIRECTION('',(1.,0.,0.));
#7621=DIRECTION('',(0.,0.,1.));
#7622=DIRECTION('',(1.,0.,0.));
#7623=DIRECTION('',(0.,0.,1.));
#7624=DIRECTION('',(1.,0.,0.));
#7625=DIRECTION('',(0.,0.,-1.));
#7626=DIRECTION('',(-1.,0.,0.));
#7627=DIRECTION('',(0.,0.,1.));
#7628=DIRECTION('',(1.,0.,0.));
#7629=DIRECTION('',(-1.,0.,0.));
#7630=DIRECTION('',(0.,1.,-6.12323399573677E-17));
#7631=DIRECTION('',(0.,0.965925826289069,-0.25881904510252));
#7632=DIRECTION('',(0.,-0.258819045102521,-0.965925826289068));
#7633=DIRECTION('',(0.,-0.965925826289068,0.258819045102521));
#7634=DIRECTION('',(1.,0.,0.));
#7635=DIRECTION('',(0.,0.,-1.));
#7636=DIRECTION('',(-1.,0.,0.));
#7637=DIRECTION('',(0.,0.5,-0.866025403784438));
#7638=DIRECTION('',(-1.,0.,0.));
#7639=DIRECTION('',(0.,-1.,0.));
#7640=DIRECTION('',(-1.,0.,0.));
#7641=DIRECTION('',(0.,0.499999999999999,0.866025403784443));
#7642=DIRECTION('',(0.,1.,0.));
#7643=DIRECTION('',(1.,0.,0.));
#7644=DIRECTION('',(0.,0.,-1.));
#7645=DIRECTION('',(0.,1.,0.));
#7646=DIRECTION('',(1.,0.,0.));
#7647=DIRECTION('',(0.,1.,-6.12323399573677E-17));
#7648=DIRECTION('',(0.,0.707106781186547,0.707106781186547));
#7649=DIRECTION('',(0.,0.707106781186547,-0.707106781186547));
#7650=DIRECTION('',(0.,-0.707106781186546,-0.707106781186549));
#7651=DIRECTION('',(1.,0.,0.));
#7652=DIRECTION('',(0.,1.,-6.12323399573677E-17));
#7653=DIRECTION('',(0.,-0.965925826289068,0.258819045102521));
#7654=DIRECTION('',(0.,0.258819045102521,0.965925826289068));
#7655=DIRECTION('',(0.,0.965925826289069,-0.25881904510252));
#7656=DIRECTION('',(1.,0.,0.));
#7657=DIRECTION('',(0.,1.,-6.12323399573677E-17));
#7658=DIRECTION('',(0.,0.258819045102522,-0.965925826289068));
#7659=DIRECTION('',(0.,-0.965925826289068,-0.258819045102522));
#7660=DIRECTION('',(0.,-0.258819045102524,0.965925826289067));
#7661=DIRECTION('',(1.,0.,0.));
#7662=DIRECTION('',(0.,1.,-6.12323399573677E-17));
#7663=DIRECTION('',(0.,-0.965925826289069,0.258819045102518));
#7664=DIRECTION('',(0.,0.258819045102518,0.965925826289069));
#7665=DIRECTION('',(0.,0.96592582628907,-0.258819045102516));
#7666=DIRECTION('',(1.,0.,0.));
#7667=DIRECTION('',(0.,1.,-6.12323399573677E-17));
#7668=DIRECTION('',(1.,0.,0.));
#7669=DIRECTION('',(0.,0.,-1.));
#7670=DIRECTION('',(-1.,0.,0.));
#7671=DIRECTION('',(0.,0.,1.));
#7672=DIRECTION('',(0.,0.965925826289069,-0.25881904510252));
#7673=DIRECTION('',(0.,0.258819045102521,0.965925826289068));
#7674=DIRECTION('',(0.,-0.965925826289068,0.258819045102521));
#7675=DIRECTION('',(1.,0.,0.));
#7676=DIRECTION('',(0.,1.,-6.12323399573677E-17));
#7677=DIRECTION('',(0.,1.,0.));
#7678=DIRECTION('',(1.,0.,0.));
#7679=DIRECTION('',(0.,1.,-6.12323399573677E-17));
#7680=DIRECTION('',(1.,0.,0.));
#7681=DIRECTION('',(0.,0.,-1.));
#7682=DIRECTION('',(-1.,0.,0.));
#7683=DIRECTION('',(0.,0.,1.));
#7684=DIRECTION('',(-1.,0.,0.));
#7685=DIRECTION('',(-1.,0.,0.));
#7686=DIRECTION('',(-1.,0.,0.));
#7687=DIRECTION('',(0.,0.,1.));
#7688=DIRECTION('',(-1.,0.,0.));
#7689=DIRECTION('',(-1.,0.,0.));
#7690=DIRECTION('',(-1.,0.,0.));
#7691=DIRECTION('',(-1.,0.,0.));
#7692=DIRECTION('',(-1.,0.,0.));
#7693=DIRECTION('',(0.,0.,1.));
#7694=DIRECTION('',(-1.,0.,0.));
#7695=DIRECTION('',(0.,0.,1.));
#7696=DIRECTION('',(-1.,0.,0.));
#7697=DIRECTION('',(-1.,0.,0.));
#7698=DIRECTION('',(-1.,0.,0.));
#7699=DIRECTION('',(-1.,0.,0.));
#7700=DIRECTION('',(-1.,0.,0.));
#7701=DIRECTION('',(0.,0.,1.));
#7702=DIRECTION('',(-1.,0.,0.));
#7703=DIRECTION('',(0.,1.,0.));
#7704=DIRECTION('',(-1.,0.,0.));
#7705=DIRECTION('',(0.,1.,0.));
#7706=DIRECTION('',(0.,1.,0.));
#7707=DIRECTION('',(-1.,0.,0.));
#7708=DIRECTION('',(0.,1.,0.));
#7709=DIRECTION('',(-1.,0.,0.));
#7710=DIRECTION('',(0.,0.,-1.));
#7711=DIRECTION('',(-1.,0.,0.));
#7712=DIRECTION('',(0.389281620635025,0.389281620635025,-0.834817129478988));
#7713=DIRECTION('',(0.389281620635025,-0.389281620635025,0.834817129478988));
#7714=DIRECTION('',(0.,0.90630778703665,0.4226182617407));
#7715=DIRECTION('',(0.,-0.4226182617407,0.90630778703665));
#7716=DIRECTION('',(0.,-0.965925826289068,0.258819045102521));
#7717=DIRECTION('',(0.,-0.258819045102519,-0.965925826289071));
#7718=DIRECTION('',(-0.410682057589797,0.235985671160821,0.880710514630425));
#7719=DIRECTION('',(-0.410682057589797,-0.235985671160821,-0.880710514630425));
#7720=DIRECTION('',(0.,-0.965925826289068,0.258819045102521));
#7721=DIRECTION('',(0.,-0.258819045102521,-0.965925826289068));
#7722=DIRECTION('',(-0.90630778703665,0.,0.4226182617407));
#7723=DIRECTION('',(0.4226182617407,0.,0.90630778703665));
#7724=DIRECTION('',(0.,-1.,0.));
#7725=DIRECTION('',(0.90630778703665,0.,0.4226182617407));
#7726=DIRECTION('',(0.4226182617407,0.,-0.90630778703665));
#7727=DIRECTION('',(0.,-0.25881904510252,-0.965925826289068));
#7728=DIRECTION('',(0.,-0.965925826289069,0.25881904510252));
#7729=DIRECTION('',(1.,3.46944695195361E-16,-9.29635508958587E-17));
#7730=DIRECTION('',(0.,0.258819045102521,0.965925826289068));
#7731=DIRECTION('',(1.,0.,0.));
#7732=DIRECTION('',(1.,0.,0.));
#7733=DIRECTION('',(0.,-0.25881904510252,-0.965925826289068));
#7734=DIRECTION('',(0.,-0.965925826289069,0.25881904510252));
#7735=DIRECTION('',(0.,0.25881904510252,0.965925826289068));
#7736=DIRECTION('',(0.,-0.965925826289069,0.25881904510252));
#7737=DIRECTION('',(0.,0.258819045102521,0.965925826289068));
#7738=DIRECTION('',(1.,0.,2.25288763113871E-17));
#7739=DIRECTION('',(-1.,-3.46944695195361E-16,9.2963550895859E-17));
#7740=DIRECTION('',(0.,0.258819045102521,0.965925826289068));
#7741=DIRECTION('',(0.,0.965925826289068,-0.258819045102521));
#7742=DIRECTION('',(0.,0.258819045102521,0.965925826289068));
#7743=DIRECTION('',(0.,0.965925826289069,-0.258819045102521));
#7744=DIRECTION('',(-1.,0.,0.));
#7745=DIRECTION('',(0.,-0.258819045102521,-0.965925826289068));
#7746=DIRECTION('',(0.,0.965925826289068,-0.258819045102521));
#7747=DIRECTION('',(0.,-0.258819045102521,-0.965925826289068));
#7748=DIRECTION('',(0.,-0.25881904510252,-0.965925826289069));
#7749=DIRECTION('',(0.,0.965925826289069,-0.25881904510252));
#7750=DIRECTION('',(0.,0.25881904510252,0.965925826289069));
#7751=DIRECTION('',(0.,-0.965925826289069,0.25881904510252));
#7752=DIRECTION('',(0.,0.258819045102521,0.965925826289068));
#7753=DIRECTION('',(0.,0.258819045102521,0.965925826289068));
#7754=DIRECTION('',(0.,-0.258819045102521,-0.965925826289068));
#7755=DIRECTION('',(0.,0.965925826289068,-0.258819045102521));
#7756=DIRECTION('',(-1.,0.,0.));
#7757=DIRECTION('',(-1.,0.,0.));
#7758=DIRECTION('',(1.,0.,0.));
#7759=DIRECTION('',(0.,0.,-1.));
#7760=DIRECTION('',(-1.,0.,0.));
#7761=DIRECTION('',(-1.,0.,0.));
#7762=DIRECTION('',(0.,1.,-6.12323399573677E-17));
#7763=DIRECTION('',(-1.,0.,0.));
#7764=DIRECTION('',(1.,0.,0.));
#7765=DIRECTION('',(-1.,0.,0.));
#7766=DIRECTION('',(0.,1.,-6.12323399573677E-17));
#7767=DIRECTION('',(-1.,0.,0.));
#7768=DIRECTION('',(1.,0.,0.));
#7769=DIRECTION('',(0.,0.,-1.));
#7770=DIRECTION('',(-1.,0.,0.));
#7771=DIRECTION('',(0.,0.,1.));
#7772=DIRECTION('',(1.,0.,0.));
#7773=DIRECTION('',(0.,0.,-1.));
#7774=DIRECTION('',(0.,-0.965925826289068,0.258819045102521));
#7775=DIRECTION('',(0.,0.965925826289069,-0.25881904510252));
#7776=DIRECTION('',(0.,0.4226182617407,-0.90630778703665));
#7777=DIRECTION('',(0.,1.,0.));
#7778=DIRECTION('',(0.,0.258819045102521,0.965925826289068));
#7779=DIRECTION('',(1.,0.,0.));
#7780=DIRECTION('',(0.,0.,-1.));
#7781=DIRECTION('',(0.,-0.258819045102521,-0.965925826289068));
#7782=DIRECTION('',(0.,1.,0.));
#7783=DIRECTION('',(0.,-0.4226182617407,0.90630778703665));
#7784=DIRECTION('',(0.,-1.,0.));
#7785=DIRECTION('',(1.,0.,0.));
#7786=DIRECTION('',(0.,0.,-1.));
#7787=DIRECTION('',(0.389281620635025,-0.389281620635025,0.834817129478988));
#7788=DIRECTION('',(0.389281620635025,0.389281620635025,-0.834817129478988));
#7789=DIRECTION('',(0.,0.90630778703665,0.4226182617407));
#7790=DIRECTION('',(0.,-0.4226182617407,0.90630778703665));
#7791=DIRECTION('',(0.,-0.965925826289068,0.258819045102521));
#7792=DIRECTION('',(0.,-0.258819045102519,-0.965925826289071));
#7793=DIRECTION('',(-0.410682057589797,-0.235985671160821,-0.880710514630425));
#7794=DIRECTION('',(-0.410682057589797,0.235985671160821,0.880710514630425));
#7795=DIRECTION('',(0.,-0.965925826289068,0.258819045102521));
#7796=DIRECTION('',(0.,-0.258819045102521,-0.965925826289068));
#7797=DIRECTION('',(-0.90630778703665,0.,0.4226182617407));
#7798=DIRECTION('',(0.4226182617407,0.,0.90630778703665));
#7799=DIRECTION('',(0.90630778703665,0.,0.4226182617407));
#7800=DIRECTION('',(0.4226182617407,0.,-0.90630778703665));
#7801=DIRECTION('',(0.,0.25881904510252,0.965925826289068));
#7802=DIRECTION('',(0.,-0.965925826289069,0.25881904510252));
#7803=DIRECTION('',(0.,-0.258819045102521,-0.965925826289068));
#7804=DIRECTION('',(0.,0.965925826289069,-0.258819045102521));
#7805=DIRECTION('',(-1.,0.,0.));
#7806=DIRECTION('',(0.,0.,1.));
#7807=DIRECTION('',(0.,-0.965925826289068,0.258819045102521));
#7808=DIRECTION('',(0.,-0.258819045102519,-0.965925826289071));
#7809=DIRECTION('',(0.,0.707106781186547,0.707106781186547));
#7810=DIRECTION('',(-1.,0.,0.));
#7811=DIRECTION('',(0.,-0.707106781186548,0.707106781186548));
#7812=DIRECTION('',(0.,-0.707106781186548,-0.707106781186548));
#7813=DIRECTION('',(0.,0.707106781186547,-0.707106781186547));
#7814=DIRECTION('',(-1.,0.,0.));
#7815=DIRECTION('',(0.,0.707106781186548,0.707106781186548));
#7816=DIRECTION('',(0.,-0.707106781186548,0.707106781186548));
#7817=DIRECTION('',(0.,-0.707106781186546,-0.707106781186549));
#7818=DIRECTION('',(0.,0.707106781186549,-0.707106781186546));
#7819=DIRECTION('',(0.,0.707106781186546,0.707106781186549));
#7820=DIRECTION('',(-1.,0.,0.));
#7821=DIRECTION('',(0.,-1.,0.));
#7822=DIRECTION('',(-1.,0.,0.));
#7823=DIRECTION('',(0.,0.,1.));
#7824=DIRECTION('',(-1.,0.,0.));
#7825=DIRECTION('',(0.,0.,1.));
#7826=DIRECTION('',(0.,0.258819045102522,-0.965925826289068));
#7827=DIRECTION('',(-1.,0.,0.));
#7828=DIRECTION('',(0.,0.965925826289068,0.258819045102522));
#7829=DIRECTION('',(0.,-0.258819045102522,0.965925826289068));
#7830=DIRECTION('',(0.,-0.965925826289068,-0.258819045102522));
#7831=DIRECTION('',(-1.,0.,0.));
#7832=DIRECTION('',(0.,0.258819045102522,-0.965925826289068));
#7833=DIRECTION('',(0.,0.965925826289068,0.258819045102522));
#7834=DIRECTION('',(0.,-0.258819045102524,0.965925826289067));
#7835=DIRECTION('',(0.,-0.965925826289067,-0.258819045102524));
#7836=DIRECTION('',(0.,0.258819045102524,-0.965925826289067));
#7837=DIRECTION('',(-1.,0.,0.));
#7838=DIRECTION('',(0.,0.499999999999999,0.866025403784443));
#7839=DIRECTION('',(-1.,0.,0.));
#7840=DIRECTION('',(0.,0.866025403784439,-0.5));
#7841=DIRECTION('',(-1.,0.,0.));
#7842=DIRECTION('',(0.,0.866025403784439,-0.499999999999999));
#7843=DIRECTION('',(0.,-0.965925826289069,0.258819045102518));
#7844=DIRECTION('',(-1.,0.,0.));
#7845=DIRECTION('',(0.,-0.258819045102518,-0.965925826289069));
#7846=DIRECTION('',(0.,0.965925826289069,-0.258819045102518));
#7847=DIRECTION('',(0.,0.258819045102518,0.965925826289069));
#7848=DIRECTION('',(-1.,0.,0.));
#7849=DIRECTION('',(0.,-0.965925826289069,0.258819045102518));
#7850=DIRECTION('',(0.,-0.258819045102518,-0.965925826289069));
#7851=DIRECTION('',(0.,0.96592582628907,-0.258819045102516));
#7852=DIRECTION('',(0.,0.258819045102516,0.96592582628907));
#7853=DIRECTION('',(0.,-0.96592582628907,0.258819045102516));
#7854=DIRECTION('',(-1.,0.,0.));
#7855=DIRECTION('',(0.,0.5,-0.866025403784438));
#7856=DIRECTION('',(-1.,0.,0.));
#7857=DIRECTION('',(0.,-0.866025403784436,-0.500000000000002));
#7858=DIRECTION('',(-1.,0.,0.));
#7859=DIRECTION('',(0.,-0.866025403784437,-0.500000000000003));
#7860=DIRECTION('',(0.,0.258819045102521,0.965925826289068));
#7861=DIRECTION('',(0.,0.258819045102521,0.965925826289068));
#7862=DIRECTION('',(0.,-0.965925826289068,0.258819045102521));
#7863=DIRECTION('',(0.,0.965925826289068,-0.258819045102521));
#7864=DIRECTION('',(0.,0.258819045102521,0.965925826289068));
#7865=DIRECTION('',(0.,0.258819045102521,0.965925826289068));
#7866=DIRECTION('',(-3.59183578855394E-16,0.965925826289068,-0.258819045102521));
#7867=DIRECTION('',(0.,0.258819045102521,0.965925826289068));
#7868=DIRECTION('',(0.,0.258819045102521,0.965925826289068));
#7869=DIRECTION('',(0.,-0.965925826289068,0.258819045102521));
#7870=DIRECTION('',(0.97621654520787,0.209410529003507,-0.0561113821330646));
#7871=DIRECTION('',(-0.20974097269242,0.977756986359102,0.));
#7872=DIRECTION('',(0.905997486275177,0.408860046307912,-0.109553719225557));
#7873=DIRECTION('',(-0.41133592810965,0.911483820068233,0.));
#7874=DIRECTION('',(-0.97621654520787,0.209410529003507,-0.0561113821330646));
#7875=DIRECTION('',(-0.20974097269242,-0.977756986359102,0.));
#7876=DIRECTION('',(-0.905997486275177,0.408860046307912,-0.109553719225557));
#7877=DIRECTION('',(-0.41133592810965,-0.911483820068233,0.));
#7878=DIRECTION('',(0.,0.,1.));
#7879=DIRECTION('',(1.,0.,0.));
#7880=DIRECTION('',(0.,0.,1.));
#7881=DIRECTION('',(1.,0.,0.));
#7882=DIRECTION('',(0.,0.,1.));
#7883=DIRECTION('',(1.,0.,0.));
#7884=DIRECTION('',(0.,1.,0.));
#7885=DIRECTION('',(0.,0.,1.));
#7886=DIRECTION('',(0.,1.,1.38777878078145E-16));
#7887=DIRECTION('',(1.,0.,0.));
#7888=DIRECTION('',(0.,1.,1.38777878078145E-16));
#7889=DIRECTION('',(0.,1.38777878078145E-16,-1.));
#7890=DIRECTION('',(0.,1.,1.11022302462516E-16));
#7891=DIRECTION('',(0.,2.92163953848725E-16,-1.));
#7892=DIRECTION('',(1.,0.,0.));
#7893=DIRECTION('',(0.,2.92163953848725E-16,-1.));
#7894=DIRECTION('',(0.,-1.,-2.92163953848725E-16));
#7895=DIRECTION('',(0.,3.05311331771918E-16,-1.));
#7896=DIRECTION('',(0.,-1.,-1.22464679914735E-16));
#7897=DIRECTION('',(0.,-1.,-1.22464679914735E-16));
#7898=DIRECTION('',(0.,-1.22464679914735E-16,1.));
#7899=DIRECTION('',(0.,-1.,-1.22464679914735E-16));
#7900=DIRECTION('',(-1.,0.,0.));
#7901=DIRECTION('',(0.,0.,1.));
#7902=DIRECTION('',(-1.,0.,0.));
#7903=DIRECTION('',(0.,0.,1.));
#7904=DIRECTION('',(0.,0.,-1.));
#7905=DIRECTION('',(1.,0.,0.));
#7906=DIRECTION('',(0.,0.,1.));
#7907=DIRECTION('',(1.,0.,0.));
#7908=DIRECTION('',(0.,1.,0.));
#7909=DIRECTION('',(0.,0.,1.));
#7910=DIRECTION('',(0.,1.,0.));
#7911=DIRECTION('',(0.,0.,-1.));
#7912=DIRECTION('',(0.,1.,0.));
#7913=DIRECTION('',(1.,0.,0.));
#7914=DIRECTION('',(0.,0.,-1.));
#7915=DIRECTION('',(2.77555756156289E-16,1.,0.));
#7916=DIRECTION('',(2.77555756156289E-16,1.,0.));
#7917=DIRECTION('',(0.,0.,1.));
#7918=DIRECTION('',(1.,-2.77555756156289E-16,0.));
#7919=DIRECTION('',(2.77555756156289E-16,1.,0.));
#7920=DIRECTION('',(-1.,0.,0.));
#7921=DIRECTION('',(0.,0.,-1.));
#7922=DIRECTION('',(-1.,0.,0.));
#7923=DIRECTION('',(-1.,0.,0.));
#7924=DIRECTION('',(0.,0.,-1.));
#7925=DIRECTION('',(-1.,0.,0.));
#7926=DIRECTION('',(0.,-1.,0.));
#7927=DIRECTION('',(0.,0.,-1.));
#7928=DIRECTION('',(0.,1.,0.));
#7929=DIRECTION('',(0.,0.,1.));
#7930=DIRECTION('',(0.,1.,0.));
#7931=DIRECTION('',(0.,0.,1.));
#7932=DIRECTION('',(1.,0.,0.));
#7933=DIRECTION('',(0.,0.,-1.));
#7934=DIRECTION('',(-1.,0.,0.));
#7935=DIRECTION('',(-1.,0.,0.));
#7936=DIRECTION('',(0.,0.,1.));
#7937=DIRECTION('',(0.,1.,0.));
#7938=DIRECTION('',(0.,0.,1.));
#7939=DIRECTION('',(0.,-1.,0.));
#7940=DIRECTION('',(0.,-1.,0.));
#7941=DIRECTION('',(0.,0.,1.));
#7942=DIRECTION('',(-1.,0.,0.));
#7943=DIRECTION('',(0.,0.,1.));
#7944=DIRECTION('',(1.,0.,0.));
#7945=DIRECTION('',(1.,0.,0.));
#7946=DIRECTION('',(0.,-1.,0.));
#7947=DIRECTION('',(0.,0.,-1.));
#7948=DIRECTION('',(0.,0.,1.));
#7949=DIRECTION('',(1.,0.,0.));
#7950=DIRECTION('',(0.,0.,1.));
#7951=DIRECTION('',(1.,0.,0.));
#7952=DIRECTION('',(1.,0.,0.));
#7953=DIRECTION('',(0.,0.,-1.));
#7954=DIRECTION('',(1.,0.,0.));
#7955=DIRECTION('',(0.,0.,-1.));
#7956=DIRECTION('',(0.,1.,0.));
#7957=DIRECTION('',(0.,0.,1.));
#7958=DIRECTION('',(6.93889390390723E-16,-1.,0.));
#7959=DIRECTION('',(0.,0.,1.));
#7960=DIRECTION('',(6.93889390390723E-16,-1.,0.));
#7961=DIRECTION('',(-1.,-6.93889390390723E-16,0.));
#7962=DIRECTION('',(6.93889390390723E-16,-1.,0.));
#7963=DIRECTION('',(0.,-1.,0.));
#7964=DIRECTION('',(0.,0.,1.));
#7965=DIRECTION('',(0.,-1.,0.));
#7966=DIRECTION('',(-1.,0.,0.));
#7967=DIRECTION('',(0.,0.,1.));
#7968=DIRECTION('',(-1.,0.,0.));
#7969=DIRECTION('',(0.,0.,-1.));
#7970=DIRECTION('',(-1.,0.,0.));
#7971=DIRECTION('',(-1.,0.,0.));
#7972=DIRECTION('',(0.,0.,-1.));
#7973=DIRECTION('',(-1.,0.,0.));
#7974=DIRECTION('',(0.,-1.,0.));
#7975=DIRECTION('',(0.,0.,-1.));
#7976=DIRECTION('',(0.,0.,1.));
#7977=DIRECTION('',(0.,1.,0.));
#7978=DIRECTION('',(0.,0.,1.));
#7979=DIRECTION('',(0.,1.,0.));
#7980=DIRECTION('',(-1.,0.,0.));
#7981=DIRECTION('',(0.,0.,1.));
#7982=DIRECTION('',(1.,0.,0.));
#7983=DIRECTION('',(0.,1.,0.));
#7984=DIRECTION('',(1.,0.,0.));
#7985=DIRECTION('',(0.,0.,1.));
#7986=DIRECTION('',(1.,0.,0.));
#7987=DIRECTION('',(0.,0.,-1.));
#7988=DIRECTION('',(0.,1.,0.));
#7989=DIRECTION('',(0.,0.,-1.));
#7990=DIRECTION('',(1.,0.,0.));
#7991=DIRECTION('',(0.,0.,-1.));
#7992=DIRECTION('',(0.,0.,-1.));
#7993=DIRECTION('',(0.,1.,0.));
#7994=DIRECTION('',(0.,0.,-1.));
#7995=DIRECTION('',(0.,1.,0.));
#7996=DIRECTION('',(1.,0.,0.));
#7997=DIRECTION('',(0.,0.,-1.));
#7998=DIRECTION('',(1.,0.,1.22464679914735E-16));
#7999=DIRECTION('',(0.,1.,0.));
#8000=DIRECTION('',(1.,0.,1.22464679914735E-16));
#8001=DIRECTION('',(-1.22464679914735E-16,0.,1.));
#8002=DIRECTION('',(1.,0.,1.22464679914735E-16));
#8003=DIRECTION('',(-2.92163953848725E-16,0.,1.));
#8004=DIRECTION('',(0.,1.,0.));
#8005=DIRECTION('',(-2.92163953848725E-16,0.,1.));
#8006=DIRECTION('',(-1.,0.,-2.92163953848725E-16));
#8007=DIRECTION('',(-3.05311331771918E-16,0.,1.));
#8008=DIRECTION('',(-0.707106781186548,0.,0.707106781186547));
#8009=DIRECTION('',(0.,1.,0.));
#8010=DIRECTION('',(-0.707106781186548,0.,0.707106781186547));
#8011=DIRECTION('',(-0.707106781186547,0.,-0.707106781186548));
#8012=DIRECTION('',(-0.707106781186548,0.,0.707106781186547));
#8013=DIRECTION('',(-1.,0.,0.));
#8014=DIRECTION('',(0.,1.,0.));
#8015=DIRECTION('',(-1.,0.,0.));
#8016=DIRECTION('',(0.,0.,-1.));
#8017=DIRECTION('',(-1.,0.,0.));
#8018=DIRECTION('',(-0.707106781186547,0.,-0.707106781186547));
#8019=DIRECTION('',(-0.707106781186547,0.,-0.707106781186547));
#8020=DIRECTION('',(0.707106781186548,0.,-0.707106781186548));
#8021=DIRECTION('',(-0.707106781186548,0.,-0.707106781186548));
#8022=DIRECTION('',(-1.,0.,0.));
#8023=DIRECTION('',(-1.,0.,0.));
#8024=DIRECTION('',(0.,0.,-1.));
#8025=DIRECTION('',(-1.,0.,0.));
#8026=DIRECTION('',(0.,-1.,0.));
#8027=DIRECTION('',(0.,0.,-1.));
#8028=DIRECTION('',(0.,-1.,0.));
#8029=DIRECTION('',(0.,0.,-1.));
#8030=DIRECTION('',(0.,-1.,0.));
#8031=DIRECTION('',(1.,0.,0.));
#8032=DIRECTION('',(0.,1.,0.));
#8033=DIRECTION('',(1.,0.,0.));
#8034=DIRECTION('',(0.,0.,-1.));
#8035=DIRECTION('',(-1.,0.,0.));
#8036=DIRECTION('',(1.,2.08166817117217E-16,0.));
#8037=DIRECTION('',(0.,-1.,0.));
#8038=DIRECTION('',(1.,0.,0.));
#8039=DIRECTION('',(0.,1.,0.));
#8040=DIRECTION('',(0.,0.,-1.));
#8041=DIRECTION('',(-1.,0.,0.));
#8042=DIRECTION('',(0.,0.,1.));
#8043=DIRECTION('',(0.,0.,1.));
#8044=DIRECTION('',(-1.,0.,0.));
#8045=DIRECTION('',(0.,0.,1.));
#8046=DIRECTION('',(0.,0.,-1.));
#8047=DIRECTION('',(0.,0.,1.));
#8048=DIRECTION('',(1.,0.,0.));
#8049=DIRECTION('',(0.,0.,-1.));
#8050=DIRECTION('',(0.,-1.,0.));
#8051=DIRECTION('',(0.,0.,-1.));
#8052=DIRECTION('',(2.08166817117217E-16,-1.,0.));
#8053=DIRECTION('',(1.,1.94289029309402E-16,0.));
#8054=DIRECTION('',(0.,0.,1.));
#8055=DIRECTION('',(0.,-1.,0.));
#8056=DIRECTION('',(0.,0.,1.));
#8057=DIRECTION('',(0.,-1.,0.));
#8058=DIRECTION('',(-1.,0.,0.));
#8059=DIRECTION('',(0.,0.,1.));
#8060=DIRECTION('',(-1.,0.,0.));
#8061=DIRECTION('',(0.,-1.,0.));
#8062=DIRECTION('',(-1.,0.,0.));
#8063=DIRECTION('',(0.,0.,-1.));
#8064=DIRECTION('',(-1.,0.,0.));
#8065=DIRECTION('',(0.,0.,-1.));
#8066=DIRECTION('',(0.,-1.,0.));
#8067=DIRECTION('',(0.,0.,-1.));
#8068=DIRECTION('',(1.,0.,0.));
#8069=DIRECTION('',(0.,0.,-1.));
#8070=DIRECTION('',(0.,0.,-1.));
#8071=DIRECTION('',(0.,-1.,0.));
#8072=DIRECTION('',(0.,0.,-1.));
#8073=DIRECTION('',(0.,-1.,0.));
#8074=DIRECTION('',(1.,0.,0.));
#8075=DIRECTION('',(0.,0.,-1.));
#8076=DIRECTION('',(-0.707106781186547,0.,-0.707106781186547));
#8077=DIRECTION('',(0.,-1.,0.));
#8078=DIRECTION('',(-0.707106781186547,0.,-0.707106781186547));
#8079=DIRECTION('',(0.707106781186548,0.,-0.707106781186548));
#8080=DIRECTION('',(-0.707106781186548,0.,-0.707106781186548));
#8081=DIRECTION('',(-1.,0.,0.));
#8082=DIRECTION('',(0.,-1.,0.));
#8083=DIRECTION('',(-1.,0.,0.));
#8084=DIRECTION('',(0.,0.,-1.));
#8085=DIRECTION('',(-1.,0.,0.));
#8086=DIRECTION('',(-0.707106781186548,0.,0.707106781186547));
#8087=DIRECTION('',(0.,-1.,0.));
#8088=DIRECTION('',(-0.707106781186548,0.,0.707106781186547));
#8089=DIRECTION('',(-0.707106781186547,0.,-0.707106781186548));
#8090=DIRECTION('',(-0.707106781186548,0.,0.707106781186547));
#8091=DIRECTION('',(-2.92163953848725E-16,0.,1.));
#8092=DIRECTION('',(0.,-1.,0.));
#8093=DIRECTION('',(-2.92163953848725E-16,0.,1.));
#8094=DIRECTION('',(-1.,0.,-2.92163953848725E-16));
#8095=DIRECTION('',(-3.05311331771918E-16,0.,1.));
#8096=DIRECTION('',(1.,0.,1.22464679914735E-16));
#8097=DIRECTION('',(1.,0.,1.22464679914735E-16));
#8098=DIRECTION('',(-1.22464679914735E-16,0.,1.));
#8099=DIRECTION('',(1.,0.,1.22464679914735E-16));
#8100=DIRECTION('',(1.,0.,0.));
#8101=DIRECTION('',(1.,0.,0.));
#8102=DIRECTION('',(0.,0.,1.));
#8103=DIRECTION('',(1.,0.,0.));
#8104=DIRECTION('',(0.,1.,0.));
#8105=DIRECTION('',(0.,0.,1.));
#8106=DIRECTION('',(0.,1.,0.));
#8107=DIRECTION('',(0.,0.,1.));
#8108=DIRECTION('',(0.,0.,1.));
#8109=DIRECTION('',(-1.,0.,0.));
#8110=DIRECTION('',(0.,0.,1.));
#8111=DIRECTION('',(-1.,0.,0.));
#8112=DIRECTION('',(0.,-1.,0.));
#8113=DIRECTION('',(0.,0.,-1.));
#8114=DIRECTION('',(0.,1.,1.38777878078145E-16));
#8115=DIRECTION('',(0.,1.,1.38777878078145E-16));
#8116=DIRECTION('',(-1.,0.,0.));
#8117=DIRECTION('',(0.,-1.38777878078145E-16,1.));
#8118=DIRECTION('',(0.,-1.,-1.11022302462516E-16));
#8119=DIRECTION('',(0.,2.92163953848725E-16,-1.));
#8120=DIRECTION('',(0.,2.92163953848725E-16,-1.));
#8121=DIRECTION('',(-1.,0.,0.));
#8122=DIRECTION('',(0.,1.,2.92163953848725E-16));
#8123=DIRECTION('',(0.,-3.05311331771918E-16,1.));
#8124=DIRECTION('',(0.,-1.,-1.22464679914735E-16));
#8125=DIRECTION('',(0.,-1.,-1.22464679914735E-16));
#8126=DIRECTION('',(0.,1.22464679914735E-16,-1.));
#8127=DIRECTION('',(0.,1.,1.22464679914735E-16));
#8128=DIRECTION('',(-1.,0.,0.));
#8129=DIRECTION('',(0.,0.,1.));
#8130=DIRECTION('',(-1.,0.,0.));
#8131=DIRECTION('',(0.,0.,1.));
#8132=DIRECTION('',(0.,0.,1.));
#8133=DIRECTION('',(0.,1.,0.));
#8134=DIRECTION('',(0.,0.,1.));
#8135=DIRECTION('',(0.,1.,0.));
#8136=DIRECTION('',(1.,0.,0.));
#8137=DIRECTION('',(0.,0.,-1.));
#8138=DIRECTION('',(0.,0.,-1.));
#8139=DIRECTION('',(0.,-1.,0.));
#8140=DIRECTION('',(0.,0.,1.));
#8141=DIRECTION('',(0.,-1.,0.));
#8142=DIRECTION('',(-1.,0.,0.));
#8143=DIRECTION('',(0.,0.,1.));
#8144=DIRECTION('',(-1.,0.,0.));
#8145=DIRECTION('',(-1.,0.,0.));
#8146=DIRECTION('',(0.,0.,-1.));
#8147=DIRECTION('',(-1.,0.,0.));
#8148=DIRECTION('',(-1.,-2.08166817117216E-16,0.));
#8149=DIRECTION('',(-1.,0.,0.));
#8150=DIRECTION('',(0.,0.,-1.));
#8151=DIRECTION('',(-1.,0.,0.));
#8152=DIRECTION('',(-2.08166817117216E-16,1.,0.));
#8153=DIRECTION('',(-1.,-1.94289029309402E-16,0.));
#8154=DIRECTION('',(0.,1.,0.));
#8155=DIRECTION('',(0.,0.,1.));
#8156=DIRECTION('',(0.,-1.,0.));
#8157=DIRECTION('',(0.,0.,-1.));
#8158=DIRECTION('',(0.,-1.,0.));
#8159=DIRECTION('',(0.,-1.,0.));
#8160=DIRECTION('',(0.,0.,-1.));
#8161=DIRECTION('',(0.,-1.,0.));
#8162=DIRECTION('',(0.,-1.,0.));
#8163=DIRECTION('',(0.,0.,-1.));
#8164=DIRECTION('',(0.,-1.,0.));
#8165=DIRECTION('',(0.,-1.,0.));
#8166=DIRECTION('',(0.,0.,-1.));
#8167=DIRECTION('',(0.,-1.,0.));
#8168=DIRECTION('',(0.,-1.,0.));
#8169=DIRECTION('',(0.,0.,-1.));
#8170=DIRECTION('',(0.,-1.,0.));
#8171=DIRECTION('',(0.,-1.,0.));
#8172=DIRECTION('',(0.,0.,-1.));
#8173=DIRECTION('',(0.,-1.,0.));
#8174=DIRECTION('',(0.,1.,0.));
#8175=DIRECTION('',(1.,0.,6.12323399573677E-17));
#8176=DIRECTION('',(0.,1.,0.));
#8177=DIRECTION('',(1.,0.,6.12323399573677E-17));
#8178=DIRECTION('',(0.,-1.,0.));
#8179=DIRECTION('',(0.,0.,-1.));
#8180=DIRECTION('',(0.,-1.,0.));
#8181=DIRECTION('',(0.,-1.,0.));
#8182=DIRECTION('',(0.,0.,-1.));
#8183=DIRECTION('',(0.,-1.,0.));
#8184=DIRECTION('',(0.,-1.,0.));
#8185=DIRECTION('',(0.,0.,-1.));
#8186=DIRECTION('',(0.,-1.,0.));
#8187=DIRECTION('',(0.,-1.,0.));
#8188=DIRECTION('',(0.,0.,-1.));
#8189=DIRECTION('',(0.,-1.,0.));
#8190=DIRECTION('',(0.,-1.,0.));
#8191=DIRECTION('',(0.,0.,-1.));
#8192=DIRECTION('',(0.,-1.,0.));
#8193=DIRECTION('',(0.,-1.,0.));
#8194=DIRECTION('',(0.,0.,-1.));
#8195=DIRECTION('',(0.,-1.,0.));
#8196=DIRECTION('',(0.,-1.,0.));
#8197=DIRECTION('',(0.,0.,-1.));
#8198=DIRECTION('',(0.,1.,0.));
#8199=DIRECTION('',(0.,0.,1.));
#8200=DIRECTION('',(0.,1.,0.));
#8201=DIRECTION('',(0.,0.,1.));
#8202=DIRECTION('',(1.20789406960835E-16,0.,1.));
#8203=DIRECTION('',(1.20789406960835E-16,0.,1.));
#8204=DIRECTION('',(0.,-1.,0.));
#8205=DIRECTION('',(1.,0.,-1.20789406960835E-16));
#8206=DIRECTION('',(-1.20996962449382E-16,0.,-1.));
#8207=DIRECTION('',(-1.,0.,0.));
#8208=DIRECTION('',(-1.,0.,0.));
#8209=DIRECTION('',(0.,-1.,0.));
#8210=DIRECTION('',(0.,0.,1.));
#8211=DIRECTION('',(1.,0.,0.));
#8212=DIRECTION('',(1.20789406960835E-16,0.,-1.));
#8213=DIRECTION('',(1.20789406960835E-16,0.,-1.));
#8214=DIRECTION('',(-1.,0.,-1.20789406960835E-16));
#8215=DIRECTION('',(-1.20996962449382E-16,0.,1.));
#8216=DIRECTION('',(0.,-1.,0.));
#8217=DIRECTION('',(0.,0.,-1.));
#8218=DIRECTION('',(0.,-1.,0.));
#8219=DIRECTION('',(0.,0.,-1.));
#8220=DIRECTION('',(0.866025403784438,0.,0.500000000000001));
#8221=DIRECTION('',(0.866025403784438,0.,0.500000000000001));
#8222=DIRECTION('',(0.,-1.,0.));
#8223=DIRECTION('',(0.500000000000001,0.,-0.866025403784438));
#8224=DIRECTION('',(-0.866025403784438,0.,-0.500000000000001));
#8225=DIRECTION('',(-0.500000000000001,0.,0.866025403784438));
#8226=DIRECTION('',(-0.500000000000001,0.,0.866025403784438));
#8227=DIRECTION('',(0.,-1.,0.));
#8228=DIRECTION('',(0.866025403784438,0.,0.500000000000001));
#8229=DIRECTION('',(0.500000000000001,0.,-0.866025403784438));
#8230=DIRECTION('',(-0.866025403784438,0.,-0.500000000000001));
#8231=DIRECTION('',(-0.866025403784438,0.,-0.500000000000001));
#8232=DIRECTION('',(-0.500000000000001,0.,0.866025403784438));
#8233=DIRECTION('',(0.866025403784438,0.,0.500000000000001));
#8234=DIRECTION('',(0.,-1.,0.));
#8235=DIRECTION('',(-0.866025403784438,0.,-0.500000000000001));
#8236=DIRECTION('',(0.,-1.,0.));
#8237=DIRECTION('',(-0.866025403784438,0.,-0.500000000000001));
#8238=DIRECTION('',(0.866025403784439,0.,-0.499999999999999));
#8239=DIRECTION('',(0.866025403784439,0.,-0.499999999999999));
#8240=DIRECTION('',(0.,-1.,0.));
#8241=DIRECTION('',(-0.499999999999999,0.,-0.866025403784439));
#8242=DIRECTION('',(-0.866025403784439,0.,0.499999999999999));
#8243=DIRECTION('',(0.499999999999999,0.,0.866025403784439));
#8244=DIRECTION('',(0.499999999999999,0.,0.866025403784439));
#8245=DIRECTION('',(0.,-1.,0.));
#8246=DIRECTION('',(0.866025403784439,0.,-0.499999999999999));
#8247=DIRECTION('',(-0.499999999999999,0.,-0.866025403784439));
#8248=DIRECTION('',(-0.86602540378444,0.,0.499999999999999));
#8249=DIRECTION('',(-0.86602540378444,0.,0.499999999999999));
#8250=DIRECTION('',(0.499999999999999,0.,0.86602540378444));
#8251=DIRECTION('',(0.86602540378444,0.,-0.499999999999999));
#8252=DIRECTION('',(0.,-1.,0.));
#8253=DIRECTION('',(-0.866025403784439,0.,0.499999999999999));
#8254=DIRECTION('',(0.,-1.,0.));
#8255=DIRECTION('',(-0.866025403784439,0.,0.499999999999999));
#8256=DIRECTION('',(2.22212132220421E-15,0.,-1.));
#8257=DIRECTION('',(2.22212132220421E-15,0.,-1.));
#8258=DIRECTION('',(0.,-1.,0.));
#8259=DIRECTION('',(-1.,0.,-2.22212132220421E-15));
#8260=DIRECTION('',(-2.22218077272629E-15,0.,1.));
#8261=DIRECTION('',(1.,0.,2.34291072916505E-15));
#8262=DIRECTION('',(1.,0.,2.34291072916505E-15));
#8263=DIRECTION('',(0.,-1.,0.));
#8264=DIRECTION('',(2.34291072916505E-15,0.,-1.));
#8265=DIRECTION('',(-1.,0.,-2.34534613952064E-15));
#8266=DIRECTION('',(-2.46370013612588E-15,0.,1.));
#8267=DIRECTION('',(-2.46370013612588E-15,0.,1.));
#8268=DIRECTION('',(1.,0.,2.46370013612588E-15));
#8269=DIRECTION('',(2.46374101675606E-15,0.,-1.));
#8270=DIRECTION('',(0.,-1.,0.));
#8271=DIRECTION('',(-2.34291072916505E-15,0.,1.));
#8272=DIRECTION('',(0.,-1.,0.));
#8273=DIRECTION('',(-2.34291072916505E-15,0.,1.));
#8274=DIRECTION('',(-0.866025403784437,0.,-0.500000000000003));
#8275=DIRECTION('',(-0.866025403784437,0.,-0.500000000000003));
#8276=DIRECTION('',(0.,-1.,0.));
#8277=DIRECTION('',(-0.500000000000003,0.,0.866025403784437));
#8278=DIRECTION('',(0.866025403784437,0.,0.500000000000003));
#8279=DIRECTION('',(0.500000000000003,0.,-0.866025403784437));
#8280=DIRECTION('',(0.500000000000003,0.,-0.866025403784437));
#8281=DIRECTION('',(0.,-1.,0.));
#8282=DIRECTION('',(-0.866025403784437,0.,-0.500000000000003));
#8283=DIRECTION('',(-0.500000000000003,0.,0.866025403784437));
#8284=DIRECTION('',(0.866025403784437,0.,0.500000000000003));
#8285=DIRECTION('',(0.866025403784437,0.,0.500000000000003));
#8286=DIRECTION('',(0.500000000000003,0.,-0.866025403784437));
#8287=DIRECTION('',(-0.866025403784437,0.,-0.500000000000003));
#8288=DIRECTION('',(0.,-1.,0.));
#8289=DIRECTION('',(0.866025403784437,0.,0.500000000000003));
#8290=DIRECTION('',(0.,-1.,0.));
#8291=DIRECTION('',(0.866025403784437,0.,0.500000000000003));
#8292=DIRECTION('',(-0.866025403784441,0.,0.499999999999996));
#8293=DIRECTION('',(-0.866025403784441,0.,0.499999999999996));
#8294=DIRECTION('',(0.,-1.,0.));
#8295=DIRECTION('',(0.499999999999996,0.,0.866025403784441));
#8296=DIRECTION('',(0.866025403784441,0.,-0.499999999999996));
#8297=DIRECTION('',(-0.499999999999996,0.,-0.866025403784441));
#8298=DIRECTION('',(-0.499999999999996,0.,-0.866025403784441));
#8299=DIRECTION('',(0.,-1.,0.));
#8300=DIRECTION('',(-0.866025403784441,0.,0.499999999999996));
#8301=DIRECTION('',(0.499999999999996,0.,0.866025403784441));
#8302=DIRECTION('',(0.866025403784441,0.,-0.499999999999996));
#8303=DIRECTION('',(0.866025403784441,0.,-0.499999999999996));
#8304=DIRECTION('',(-0.499999999999996,0.,-0.866025403784441));
#8305=DIRECTION('',(-0.866025403784441,0.,0.499999999999996));
#8306=DIRECTION('',(0.,-1.,0.));
#8307=DIRECTION('',(0.866025403784441,0.,-0.499999999999996));
#8308=DIRECTION('',(0.,-1.,0.));
#8309=DIRECTION('',(0.866025403784441,0.,-0.499999999999996));
#8310=DIRECTION('',(-1.,0.,0.));
#8311=DIRECTION('',(0.,0.,1.));
#8312=DIRECTION('',(0.,-1.,0.));
#8313=DIRECTION('',(1.,0.,-6.12323399573677E-17));
#8314=DIRECTION('',(0.,1.,0.));
#8315=DIRECTION('',(0.,0.,1.));
#8316=DIRECTION('',(0.,1.,0.));
#8317=DIRECTION('',(0.,-1.,0.));
#8318=DIRECTION('',(1.,0.,-6.12323399573677E-17));
#8319=DIRECTION('',(0.,-1.,0.));
#8320=DIRECTION('',(0.,1.,0.));
#8321=DIRECTION('',(0.,0.,1.));
#8322=DIRECTION('',(0.,-1.,0.));
#8323=DIRECTION('',(1.,0.,-6.12323399573677E-17));
#8324=DIRECTION('',(0.,-1.,0.));
#8325=DIRECTION('',(1.,0.,-6.12323399573677E-17));
#8326=DIRECTION('',(0.,1.,0.));
#8327=DIRECTION('',(0.,0.,1.));
#8328=DIRECTION('',(-1.,0.,-2.94902990916057E-16));
#8329=DIRECTION('',(0.,-1.,0.));
#8330=DIRECTION('',(0.999999999999999,0.,-6.12323399573677E-17));
#8331=DIRECTION('',(0.,0.,-1.));
#8332=DIRECTION('',(0.,-1.,0.));
#8333=DIRECTION('',(0.,0.,-1.));
#8334=DIRECTION('',(0.,0.,-1.));
#8335=DIRECTION('',(0.,-1.,0.));
#8336=DIRECTION('',(0.999999999999999,0.,-6.12323399573677E-17));
#8337=DIRECTION('',(1.,0.,-2.94902990916057E-16));
#8338=DIRECTION('',(0.,-1.,0.));
#8339=DIRECTION('',(0.,0.,-1.));
#8340=DIRECTION('',(0.,-1.,0.));
#8341=DIRECTION('',(0.,0.,-1.));
#8342=DIRECTION('',(1.,0.,-2.94902990916057E-16));
#8343=DIRECTION('',(0.,-1.,0.));
#8344=DIRECTION('',(0.999999999999999,0.,-6.12323399573677E-17));
#8345=DIRECTION('',(-1.,0.,-2.94902990916057E-16));
#8346=DIRECTION('',(0.,-1.,0.));
#8347=DIRECTION('',(0.,0.,-1.));
#8348=DIRECTION('',(0.,-1.,0.));
#8349=DIRECTION('',(0.,0.,-1.));
#8350=DIRECTION('',(0.,-1.,0.));
#8351=DIRECTION('',(0.,0.,-1.));
#8352=DIRECTION('',(0.,1.,0.));
#8353=DIRECTION('',(1.,0.,-2.94902990916057E-16));
#8354=DIRECTION('',(0.,1.,0.));
#8355=DIRECTION('',(-2.94902990916057E-16,0.,-1.));
#8356=DIRECTION('',(-1.,0.,2.94902990916057E-16));
#8357=DIRECTION('',(0.,0.,-1.));
#8358=DIRECTION('',(0.,1.,0.));
#8359=DIRECTION('',(-1.,0.,0.));
#8360=DIRECTION('',(0.,0.,1.));
#8361=DIRECTION('',(-1.,0.,-2.94902990916057E-16));
#8362=DIRECTION('',(0.,1.,0.));
#8363=DIRECTION('',(-2.94902990916057E-16,0.,1.));
#8364=DIRECTION('',(1.,0.,2.94902990916057E-16));
#8365=DIRECTION('',(0.,1.,0.));
#8366=DIRECTION('',(0.,0.,1.));
#8367=DIRECTION('',(0.,1.,0.));
#8368=DIRECTION('',(0.,0.,1.));
#8369=DIRECTION('',(0.,1.,0.));
#8370=DIRECTION('',(0.,0.,1.));
#8371=DIRECTION('',(0.,-1.,0.));
#8372=DIRECTION('',(0.999999999999999,0.,-6.12323399573677E-17));
#8373=DIRECTION('',(0.,-1.,0.));
#8374=DIRECTION('',(0.,0.,-1.));
#8375=DIRECTION('',(0.,-1.,0.));
#8376=DIRECTION('',(0.,0.,-1.));
#8377=DIRECTION('',(0.,0.,-1.));
#8378=DIRECTION('',(-1.,0.,0.));
#8379=DIRECTION('',(0.,0.,-1.));
#8380=DIRECTION('',(-1.,0.,0.));
#8381=DIRECTION('',(0.,-1.,0.));
#8382=DIRECTION('',(0.,0.,-1.));
#8383=DIRECTION('',(0.,1.,0.));
#8384=DIRECTION('',(0.,0.,1.));
#8385=DIRECTION('',(-5.20417042793042E-15,-1.,0.));
#8386=DIRECTION('',(0.,0.,-1.));
#8387=DIRECTION('',(-5.20417042793042E-15,-1.,0.));
#8388=DIRECTION('',(0.,0.,-1.));
#8389=DIRECTION('',(1.,-5.20417042793042E-15,0.));
#8390=DIRECTION('',(5.20417042793042E-15,1.,0.));
#8391=DIRECTION('',(1.,-1.04083408558608E-15,0.));
#8392=DIRECTION('',(0.,0.,-1.));
#8393=DIRECTION('',(1.,-1.04083408558608E-15,0.));
#8394=DIRECTION('',(1.04083408558608E-15,1.,0.));
#8395=DIRECTION('',(-1.,1.04083408558608E-15,0.));
#8396=DIRECTION('',(0.,1.,0.));
#8397=DIRECTION('',(0.,0.,-1.));
#8398=DIRECTION('',(0.,1.,0.));
#8399=DIRECTION('',(-1.,0.,0.));
#8400=DIRECTION('',(0.,0.,1.));
#8401=DIRECTION('',(-1.,0.,0.));
#8402=DIRECTION('',(-1.,0.,0.));
#8403=DIRECTION('',(0.,-1.,0.));
#8404=DIRECTION('',(0.,0.,-1.));
#8405=DIRECTION('',(0.,0.,1.));
#8406=DIRECTION('',(1.,0.,0.));
#8407=DIRECTION('',(0.,0.,1.));
#8408=DIRECTION('',(1.,0.,0.));
#8409=DIRECTION('',(0.,0.,1.));
#8410=DIRECTION('',(1.,0.,0.));
#8411=DIRECTION('',(0.,0.,1.));
#8412=DIRECTION('',(1.,0.,0.));
#8413=DIRECTION('',(0.,0.,1.));
#8414=DIRECTION('',(1.,0.,0.));
#8415=DIRECTION('',(1.,0.,0.));
#8416=DIRECTION('',(0.,1.,0.));
#8417=DIRECTION('',(3.4849847049972E-17,-1.,0.));
#8418=DIRECTION('',(0.,0.,-1.));
#8419=DIRECTION('',(3.4849847049972E-17,-1.,0.));
#8420=DIRECTION('',(0.,0.,-1.));
#8421=DIRECTION('',(1.,3.4849847049972E-17,0.));
#8422=DIRECTION('',(-3.4849847049972E-17,1.,0.));
#8423=DIRECTION('',(1.,0.,0.));
#8424=DIRECTION('',(0.,0.,-1.));
#8425=DIRECTION('',(1.,0.,0.));
#8426=DIRECTION('',(0.,1.,0.));
#8427=DIRECTION('',(0.,0.,1.));
#8428=DIRECTION('',(0.,1.,0.));
#8429=DIRECTION('',(0.,0.,-1.));
#8430=DIRECTION('',(0.,1.,0.));
#8431=DIRECTION('',(-1.,0.,0.));
#8432=DIRECTION('',(0.,0.,1.));
#8433=DIRECTION('',(-1.,-3.11860400175606E-16,0.));
#8434=DIRECTION('',(-1.,-3.11860400175606E-16,0.));
#8435=DIRECTION('',(3.11860400175606E-16,-1.,0.));
#8436=DIRECTION('',(1.,3.33066907387547E-16,0.));
#8437=DIRECTION('',(0.,0.,1.));
#8438=DIRECTION('',(1.,0.,0.));
#8439=DIRECTION('',(0.,0.,1.));
#8440=DIRECTION('',(1.,0.,0.));
#8441=DIRECTION('',(1.,0.,0.));
#8442=DIRECTION('',(0.,1.,0.));
#8443=DIRECTION('',(1.,0.,0.));
#8444=DIRECTION('',(0.,0.,-1.));
#8445=DIRECTION('',(1.,0.,0.));
#8446=DIRECTION('',(0.,0.,-1.));
#8447=DIRECTION('',(0.,-1.,0.));
#8448=DIRECTION('',(-1.,0.,0.));
#8449=DIRECTION('',(0.,-1.,0.));
#8450=DIRECTION('',(1.,0.,0.));
#8451=DIRECTION('',(0.,0.,1.));
#8452=DIRECTION('',(1.,0.,0.));
#8453=DIRECTION('',(1.,0.,0.));
#8454=DIRECTION('',(0.,1.,-6.12323399573677E-17));
#8455=DIRECTION('',(1.,0.,0.));
#8456=DIRECTION('',(0.,1.,-6.12323399573677E-17));
#8457=DIRECTION('',(1.,0.,0.));
#8458=DIRECTION('',(0.,1.,-6.12323399573677E-17));
#8459=DIRECTION('',(1.,0.,0.));
#8460=DIRECTION('',(0.,1.,-6.12323399573677E-17));
#8461=DIRECTION('',(1.,0.,0.));
#8462=DIRECTION('',(0.,1.,-6.12323399573677E-17));
#8463=DIRECTION('',(1.,0.,0.));
#8464=DIRECTION('',(0.,1.,-6.12323399573677E-17));
#8465=DIRECTION('',(1.,0.,0.));
#8466=DIRECTION('',(0.,1.,-6.12323399573677E-17));
#8467=DIRECTION('',(1.,0.,0.));
#8468=DIRECTION('',(0.,1.,-6.12323399573677E-17));
#8469=DIRECTION('',(1.,0.,0.));
#8470=DIRECTION('',(0.,0.,-1.));
#8471=DIRECTION('',(1.,0.,0.));
#8472=DIRECTION('',(0.,0.,-1.));
#8473=DIRECTION('',(1.,0.,0.));
#8474=DIRECTION('',(0.,0.,-1.));
#8475=DIRECTION('',(-1.,0.,0.));
#8476=DIRECTION('',(0.,0.,1.));
#8477=DIRECTION('',(0.,0.258819045102518,0.965925826289069));
#8478=DIRECTION('',(0.,0.965925826289068,0.258819045102523));
#8479=DIRECTION('',(0.,0.258819045102523,-0.965925826289068));
#8480=DIRECTION('',(0.,-0.965925826289068,-0.258819045102522));
#8481=DIRECTION('',(0.,-0.707106781186548,0.707106781186547));
#8482=DIRECTION('',(0.,0.707106781186547,0.707106781186548));
#8483=DIRECTION('',(0.,0.707106781186547,-0.707106781186547));
#8484=DIRECTION('',(0.,-0.258819045102517,-0.965925826289069));
#8485=DIRECTION('',(0.,-0.965925826289069,0.258819045102517));
#8486=DIRECTION('',(1.,0.,0.));
#8487=DIRECTION('',(0.,0.,-1.));
#8488=DIRECTION('',(1.,0.,0.));
#8489=DIRECTION('',(0.,1.,0.));
#8490=DIRECTION('',(0.,-0.707106781186548,0.707106781186547));
#8491=DIRECTION('',(0.,0.707106781186547,-0.707106781186547));
#8492=DIRECTION('',(0.,-0.707106781186547,-0.707106781186547));
#8493=DIRECTION('',(1.,0.,0.));
#8494=DIRECTION('',(0.,0.,-1.));
#8495=DIRECTION('',(-1.,0.,0.));
#8496=DIRECTION('',(0.,0.707106781186547,0.707106781186548));
#8497=DIRECTION('',(-1.,0.,0.));
#8498=DIRECTION('',(0.,-0.707106781186548,0.707106781186547));
#8499=DIRECTION('',(0.,-0.707106781186547,-0.707106781186548));
#8500=DIRECTION('',(-1.,0.,0.));
#8501=DIRECTION('',(0.,-0.707106781186548,0.707106781186547));
#8502=DIRECTION('',(0.,-0.707106781186547,-0.707106781186548));
#8503=DIRECTION('',(0.,0.707106781186548,-0.707106781186547));
#8504=DIRECTION('',(-1.,0.,0.));
#8505=DIRECTION('',(0.,-0.707106781186547,-0.707106781186547));
#8506=DIRECTION('',(0.,0.707106781186548,-0.707106781186548));
#8507=DIRECTION('',(0.,0.707106781186548,0.707106781186548));
#8508=DIRECTION('',(0.,0.707106781186547,-0.707106781186547));
#8509=DIRECTION('',(0.,0.707106781186548,0.707106781186548));
#8510=DIRECTION('',(0.,-0.707106781186548,0.707106781186548));
#8511=DIRECTION('',(1.,0.,0.));
#8512=DIRECTION('',(0.,1.,0.));
#8513=DIRECTION('',(-1.,0.,0.));
#8514=DIRECTION('',(0.,0.,1.));
#8515=DIRECTION('',(1.,0.,0.));
#8516=DIRECTION('',(0.,0.,-1.));
#8517=DIRECTION('',(1.,0.,0.));
#8518=DIRECTION('',(0.,-0.5,-0.866025403784439));
#8519=DIRECTION('',(0.,0.965925826289068,0.258819045102523));
#8520=DIRECTION('',(0.,-0.965925826289068,-0.258819045102522));
#8521=DIRECTION('',(0.,-0.258819045102522,0.965925826289068));
#8522=DIRECTION('',(1.,0.,0.));
#8523=DIRECTION('',(0.,-0.866025403784439,0.499999999999999));
#8524=DIRECTION('',(-1.,0.,0.));
#8525=DIRECTION('',(0.,0.258819045102523,-0.965925826289068));
#8526=DIRECTION('',(-1.,0.,0.));
#8527=DIRECTION('',(0.,0.965925826289068,0.258819045102523));
#8528=DIRECTION('',(0.,-0.258819045102523,0.965925826289068));
#8529=DIRECTION('',(-1.,0.,0.));
#8530=DIRECTION('',(0.,0.965925826289068,0.258819045102523));
#8531=DIRECTION('',(0.,-0.258819045102523,0.965925826289068));
#8532=DIRECTION('',(0.,-0.965925826289068,-0.258819045102523));
#8533=DIRECTION('',(-1.,0.,0.));
#8534=DIRECTION('',(0.,-0.258819045102522,0.965925826289068));
#8535=DIRECTION('',(0.,-0.965925826289068,-0.258819045102522));
#8536=DIRECTION('',(0.,0.258819045102522,-0.965925826289068));
#8537=DIRECTION('',(0.,-0.965925826289068,-0.258819045102522));
#8538=DIRECTION('',(0.,0.258819045102522,-0.965925826289068));
#8539=DIRECTION('',(0.,0.965925826289068,0.258819045102522));
#8540=DIRECTION('',(1.,0.,0.));
#8541=DIRECTION('',(0.,-0.5,-0.866025403784439));
#8542=DIRECTION('',(-1.,0.,0.));
#8543=DIRECTION('',(0.,0.866025403784443,-0.499999999999999));
#8544=DIRECTION('',(1.,0.,0.));
#8545=DIRECTION('',(0.,-0.866025403784439,0.499999999999999));
#8546=DIRECTION('',(1.,0.,0.));
#8547=DIRECTION('',(0.,-0.500000000000002,0.866025403784436));
#8548=DIRECTION('',(0.,-0.258819045102517,-0.965925826289069));
#8549=DIRECTION('',(0.,0.258819045102518,0.965925826289069));
#8550=DIRECTION('',(0.,0.965925826289069,-0.258819045102518));
#8551=DIRECTION('',(1.,0.,0.));
#8552=DIRECTION('',(0.,0.866025403784437,0.500000000000003));
#8553=DIRECTION('',(-1.,0.,0.));
#8554=DIRECTION('',(0.,-0.965925826289069,0.258819045102517));
#8555=DIRECTION('',(-1.,0.,0.));
#8556=DIRECTION('',(0.,-0.258819045102517,-0.965925826289069));
#8557=DIRECTION('',(0.,0.965925826289069,-0.258819045102517));
#8558=DIRECTION('',(-1.,0.,0.));
#8559=DIRECTION('',(0.,-0.258819045102517,-0.965925826289069));
#8560=DIRECTION('',(0.,0.965925826289069,-0.258819045102517));
#8561=DIRECTION('',(0.,0.258819045102517,0.965925826289069));
#8562=DIRECTION('',(-1.,0.,0.));
#8563=DIRECTION('',(0.,0.965925826289069,-0.258819045102518));
#8564=DIRECTION('',(0.,0.258819045102518,0.965925826289069));
#8565=DIRECTION('',(0.,-0.965925826289069,0.258819045102518));
#8566=DIRECTION('',(0.,0.258819045102518,0.965925826289069));
#8567=DIRECTION('',(0.,-0.965925826289069,0.258819045102518));
#8568=DIRECTION('',(0.,-0.258819045102518,-0.965925826289069));
#8569=DIRECTION('',(1.,0.,0.));
#8570=DIRECTION('',(0.,-0.500000000000002,0.866025403784436));
#8571=DIRECTION('',(-1.,0.,0.));
#8572=DIRECTION('',(0.,-0.866025403784438,-0.5));
#8573=DIRECTION('',(1.,0.,0.));
#8574=DIRECTION('',(0.,0.866025403784437,0.500000000000003));
#8575=DIRECTION('',(-1.,0.,0.));
#8576=DIRECTION('',(0.,0.,1.));
#8577=DIRECTION('',(0.,0.,1.));
#8578=DIRECTION('',(1.33226762955019E-15,1.,0.));
#8579=DIRECTION('',(1.72084568816899E-15,6.10622663543836E-16,1.));
#8580=DIRECTION('',(-2.63677968348474E-16,1.,-6.10622663543836E-16));
#8581=DIRECTION('',(1.92901250528621E-15,0.258819045102521,0.965925826289068));
#8582=DIRECTION('',(0.996804053726449,-0.0771633791128826,0.0206758651185515));
#8583=DIRECTION('',(1.72084568816899E-15,6.80011602582907E-16,1.));
#8584=DIRECTION('',(1.,3.89530427717457E-16,-1.72084568816899E-15));
#8585=DIRECTION('',(0.,0.,1.));
#8586=DIRECTION('',(1.,3.7470027081099E-16,0.));
#8587=DIRECTION('',(-1.75476792797284E-15,0.141896780235368,-0.989881459447966));
#8588=DIRECTION('',(-1.07528865413706E-16,0.989881459447966,0.141896780235368));
#8589=DIRECTION('',(1.13931756157033E-16,-0.989881459447966,-0.141896780235368));
#8590=DIRECTION('',(-1.73324514018259E-15,0.141896780235368,-0.989881459447966));
#8591=DIRECTION('',(7.43896211402589E-16,-0.965925826289068,0.258819045102522));
#8592=DIRECTION('',(1.55542804055197E-15,0.258819045102522,0.965925826289068));
#8593=DIRECTION('',(0.,0.,1.));
#8594=DIRECTION('',(1.33226762955019E-15,1.,0.));
#8595=DIRECTION('',(2.01793584084552E-15,6.66133814775098E-16,1.));
#8596=DIRECTION('',(-1.,-2.12872026145907E-15,2.01793584084552E-15));
#8597=CARTESIAN_POINT('',(0.,0.,0.));
#8598=CARTESIAN_POINT('',(0.,169.354065219988,1352.2482017122));
#8599=CARTESIAN_POINT('',(0.,205.033439938565,1334.16555202551));
#8600=CARTESIAN_POINT('',(0.,166.983390647922,1347.17631372771));
#8601=CARTESIAN_POINT('',(0.,203.741149129682,1331.40078865256));
#8602=CARTESIAN_POINT('',(0.,247.790137127073,1312.49604735737));
#8603=CARTESIAN_POINT('',(0.,169.354065219988,1352.2482017122));
#8604=CARTESIAN_POINT('',(0.,202.803479018654,1335.29571763093));
#8605=CARTESIAN_POINT('',(0.,166.983390647922,1347.17631372771));
#8606=CARTESIAN_POINT('',(0.,201.443789224572,1332.38675896976));
#8607=CARTESIAN_POINT('',(0.,247.790137127073,1312.49604735737));
#8608=CARTESIAN_POINT('',(0.,172.059722513972,1357.14882497235));
#8609=CARTESIAN_POINT('',(0.,206.371463716407,1336.58904832821));
#8610=CARTESIAN_POINT('',(0.,239.94034386317,1316.47439795417));
#8611=CARTESIAN_POINT('',(0.,172.059722513972,1357.14882497235));
#8612=CARTESIAN_POINT('',(0.,204.226979891255,1337.87403436847));
#8613=CARTESIAN_POINT('',(0.,239.94034386317,1316.47439795417));
#8614=CARTESIAN_POINT('',(0.,174.888671130451,1361.52067229015));
#8615=CARTESIAN_POINT('',(0.,207.701860656143,1338.64503911528));
#8616=CARTESIAN_POINT('',(0.,236.833032844169,1318.33631513688));
#8617=CARTESIAN_POINT('',(0.,174.888671130451,1361.52067229015));
#8618=CARTESIAN_POINT('',(0.,205.651036310787,1340.07476618871));
#8619=CARTESIAN_POINT('',(0.,236.833032844169,1318.33631513688));
#8620=CARTESIAN_POINT('',(0.,178.023471306737,1365.67802825807));
#8621=CARTESIAN_POINT('',(0.,209.041932585318,1340.42223565698));
#8622=CARTESIAN_POINT('',(0.,232.202524899393,1321.5644621928));
#8623=CARTESIAN_POINT('',(0.,178.023471306737,1365.67802825807));
#8624=CARTESIAN_POINT('',(0.,207.103278755407,1342.00072269455));
#8625=CARTESIAN_POINT('',(0.,232.202524899393,1321.5644621928));
#8626=CARTESIAN_POINT('',(0.,182.197106572612,1370.34362495012));
#8627=CARTESIAN_POINT('',(0.,210.739015438861,1342.31935978097));
#8628=CARTESIAN_POINT('',(0.,230.297650218036,1323.11544563611));
#8629=CARTESIAN_POINT('',(0.,182.197106572612,1370.34362495012));
#8630=CARTESIAN_POINT('',(0.,208.95514613472,1344.07087635404));
#8631=CARTESIAN_POINT('',(0.,230.297650218036,1323.11544563611));
#8632=CARTESIAN_POINT('',(0.,186.795639318413,1374.58993559775));
#8633=CARTESIAN_POINT('',(0.,212.461552219843,1343.90995980023));
#8634=CARTESIAN_POINT('',(0.,227.833784841613,1325.53462569081));
#8635=CARTESIAN_POINT('',(0.,186.795639318413,1374.58993559775));
#8636=CARTESIAN_POINT('',(0.,210.857432663504,1345.82745828758));
#8637=CARTESIAN_POINT('',(0.,227.833784841613,1325.53462569081));
#8638=CARTESIAN_POINT('',(0.,192.568266834011,1378.88398221898));
#8639=CARTESIAN_POINT('',(0.,214.572118149307,1345.47993265468));
#8640=CARTESIAN_POINT('',(0.,227.253657716814,1326.22808577601));
#8641=CARTESIAN_POINT('',(0.,192.568266834011,1378.88398221898));
#8642=CARTESIAN_POINT('',(0.,213.196877442101,1347.56768575245));
#8643=CARTESIAN_POINT('',(0.,227.253657716814,1326.22808577601));
#8644=CARTESIAN_POINT('',(0.,198.791390939216,1382.49462884569));
#8645=CARTESIAN_POINT('',(0.,216.870633392402,1346.81352751293));
#8646=CARTESIAN_POINT('',(0.,227.459055276587,1325.9162717136));
#8647=CARTESIAN_POINT('',(0.,198.791390939216,1382.49462884569));
#8648=CARTESIAN_POINT('',(0.,215.740680739078,1349.04359634623));
#8649=CARTESIAN_POINT('',(0.,227.459055276587,1325.9162717136));
#8650=CARTESIAN_POINT('',(0.,204.792866365586,1385.16174612164));
#8651=CARTESIAN_POINT('',(0.,219.160720241022,1347.83126561289));
#8652=CARTESIAN_POINT('',(0.,228.026305860491,1324.79674883437));
#8653=CARTESIAN_POINT('',(0.,204.792866365586,1385.16174612164));
#8654=CARTESIAN_POINT('',(0.,218.262729373807,1350.16442064468));
#8655=CARTESIAN_POINT('',(0.,228.026305860491,1324.79674883437));
#8656=CARTESIAN_POINT('',(0.,211.028875481939,1387.22465345924));
#8657=CARTESIAN_POINT('',(0.,221.757538247846,1348.69030780169));
#8658=CARTESIAN_POINT('',(0.,229.413191337017,1321.19335046339));
#8659=CARTESIAN_POINT('',(0.,211.028875481939,1387.22465345924));
#8660=CARTESIAN_POINT('',(0.,221.086996824976,1351.09870440529));
#8661=CARTESIAN_POINT('',(0.,229.413191337017,1321.19335046339));
#8662=CARTESIAN_POINT('',(0.,217.447499555821,1388.69574722127));
#8663=CARTESIAN_POINT('',(0.,224.571661749382,1349.33528084904));
#8664=CARTESIAN_POINT('',(0.,230.133672867275,1318.6055830098));
#8665=CARTESIAN_POINT('',(0.,217.447499555821,1388.69574722127));
#8666=CARTESIAN_POINT('',(0.,224.126401612284,1351.7953099973));
#8667=CARTESIAN_POINT('',(0.,230.133672867275,1318.6055830098));
#8668=CARTESIAN_POINT('',(0.,223.972326697383,1389.59234295197));
#8669=CARTESIAN_POINT('',(0.,227.729025433692,1349.76914349983));
#8670=CARTESIAN_POINT('',(0.,231.251339577146,1312.43055754653));
#8671=CARTESIAN_POINT('',(0.,223.972326697383,1389.59234295197));
#8672=CARTESIAN_POINT('',(0.,227.494231762672,1352.25809346559));
#8673=CARTESIAN_POINT('',(0.,231.251339577146,1312.43055754653));
#8674=CARTESIAN_POINT('',(0.,230.637454996833,1389.94518317187));
#8675=CARTESIAN_POINT('',(0.,231.106311179354,1349.94793109276));
#8676=CARTESIAN_POINT('',(0.,231.587922228608,1308.86258497214));
#8677=CARTESIAN_POINT('',(0.,230.637454996833,1389.94518317187));
#8678=CARTESIAN_POINT('',(0.,231.077007667947,1352.4477593477));
#8679=CARTESIAN_POINT('',(0.,231.587922228608,1308.86258497214));
#8680=CARTESIAN_POINT('',(0.,237.310572012023,1389.77171187875));
#8681=CARTESIAN_POINT('',(0.,234.764252902633,1349.85284091534));
#8682=CARTESIAN_POINT('',(0.,231.675116779809,1301.42417939276));
#8683=CARTESIAN_POINT('',(0.,237.310572012023,1389.77171187875));
#8684=CARTESIAN_POINT('',(0.,234.92339784697,1352.34777035055));
#8685=CARTESIAN_POINT('',(0.,231.675116779809,1301.42417939276));
#8686=CARTESIAN_POINT('',(0.,244.271768145662,1389.0620265476));
#8687=CARTESIAN_POINT('',(0.,238.710068773089,1349.45056987041));
#8688=CARTESIAN_POINT('',(0.,231.432233231481,1297.61647242102));
#8689=CARTESIAN_POINT('',(0.,244.271768145662,1389.0620265476));
#8690=CARTESIAN_POINT('',(0.,239.057674983875,1351.92628591273));
#8691=CARTESIAN_POINT('',(0.,231.432233231481,1297.61647242102));
#8692=CARTESIAN_POINT('',(0.,251.163284957717,1387.84600907897));
#8693=CARTESIAN_POINT('',(0.,242.832218512445,1348.72321096989));
#8694=CARTESIAN_POINT('',(0.,230.431585994494,1290.48967681035));
#8695=CARTESIAN_POINT('',(0.,251.163284957717,1387.84600907897));
#8696=CARTESIAN_POINT('',(0.,243.352910165275,1351.1683858517));
#8697=CARTESIAN_POINT('',(0.,230.431585994494,1290.48967681035));
#8698=CARTESIAN_POINT('',(0.,259.001814091291,1385.85182837943));
#8699=CARTESIAN_POINT('',(0.,247.623819889613,1347.50419158201));
#8700=CARTESIAN_POINT('',(0.,229.730775799108,1287.19866287255));
#8701=CARTESIAN_POINT('',(0.,259.001814091291,1385.85182837943));
#8702=CARTESIAN_POINT('',(0.,248.334944527218,1349.90091888185));
#8703=CARTESIAN_POINT('',(0.,229.730775799108,1287.19866287255));
#8704=CARTESIAN_POINT('',(0.,266.665002337321,1383.26254577908));
#8705=CARTESIAN_POINT('',(0.,252.452372873973,1345.87269202519));
#8706=CARTESIAN_POINT('',(0.,228.242402956969,1282.18234978985));
#8707=CARTESIAN_POINT('',(0.,266.665002337321,1383.26254577908));
#8708=CARTESIAN_POINT('',(0.,253.340662215432,1348.20955788481));
#8709=CARTESIAN_POINT('',(0.,228.242402956969,1282.18234978985));
#8710=CARTESIAN_POINT('',(0.,275.312857771003,1379.54308127844));
#8711=CARTESIAN_POINT('',(0.,257.946034447798,1343.50985428362));
#8712=CARTESIAN_POINT('',(0.,227.698226548537,1280.75075851538));
#8713=CARTESIAN_POINT('',(0.,275.312857771003,1379.54308127844));
#8714=CARTESIAN_POINT('',(0.,259.031460905498,1345.76193097079));
#8715=CARTESIAN_POINT('',(0.,227.698226548537,1280.75075851538));
#8716=CARTESIAN_POINT('',(0.,283.608877737656,1375.09400337839));
#8717=CARTESIAN_POINT('',(0.,263.201595281912,1340.69134617329));
#8718=CARTESIAN_POINT('',(0.,227.926753644618,1281.2249136659));
#8719=CARTESIAN_POINT('',(0.,283.608877737656,1375.09400337839));
#8720=CARTESIAN_POINT('',(0.,264.477050435396,1342.84151224861));
#8721=CARTESIAN_POINT('',(0.,227.926753644618,1281.2249136659));
#8722=CARTESIAN_POINT('',(0.,287.563528631609,1372.6300003056));
#8723=CARTESIAN_POINT('',(0.,265.675495315709,1339.14994657861));
#8724=CARTESIAN_POINT('',(0.,229.107016568274,1283.21460439823));
#8725=CARTESIAN_POINT('',(0.,287.563528631609,1372.6300003056));
#8726=CARTESIAN_POINT('',(0.,267.043497397952,1341.24244993655));
#8727=CARTESIAN_POINT('',(0.,229.107016568274,1283.21460439823));
#8728=CARTESIAN_POINT('',(0.,291.412844195875,1370.00411093303));
#8729=CARTESIAN_POINT('',(0.,268.226737215169,1337.40956471622));
#8730=CARTESIAN_POINT('',(0.,222.656621113,1273.34804474494));
#8731=CARTESIAN_POINT('',(0.,291.412844195875,1370.00411093303));
#8732=CARTESIAN_POINT('',(0.,269.675868901463,1339.44672385477));
#8733=CARTESIAN_POINT('',(0.,222.656621113,1273.34804474494));
#8734=CARTESIAN_POINT('',(0.,295.8163593453,1366.73096047625));
#8735=CARTESIAN_POINT('',(0.,271.288481968508,1335.13375757173));
#8736=CARTESIAN_POINT('',(0.,215.319070146589,1263.03306844096));
#8737=CARTESIAN_POINT('',(0.,295.8163593453,1366.73096047625));
#8738=CARTESIAN_POINT('',(0.,272.821474304557,1337.10858275327));
#8739=CARTESIAN_POINT('',(0.,215.319070146589,1263.03306844096));
#8740=CARTESIAN_POINT('',(0.,300.095453923131,1363.29599925331));
#8741=CARTESIAN_POINT('',(0.,274.550568613282,1332.51517999022));
#8742=CARTESIAN_POINT('',(0.,192.614502528673,1233.78468225306));
#8743=CARTESIAN_POINT('',(0.,300.095453923131,1363.29599925331));
#8744=CARTESIAN_POINT('',(0.,276.147123945148,1334.43898119417));
#8745=CARTESIAN_POINT('',(0.,192.614502528673,1233.78468225306));
#8746=CARTESIAN_POINT('',(0.,304.255132395158,1359.7450375133));
#8747=CARTESIAN_POINT('',(0.,277.863911002253,1329.68670367075));
#8748=CARTESIAN_POINT('',(0.,174.544255502965,1212.01057753554));
#8749=CARTESIAN_POINT('',(0.,304.255132395158,1359.7450375133));
#8750=CARTESIAN_POINT('',(0.,279.51336233931,1331.56534953591));
#8751=CARTESIAN_POINT('',(0.,174.544255502965,1212.01057753554));
#8752=CARTESIAN_POINT('',(0.,308.331768757556,1356.09859650603));
#8753=CARTESIAN_POINT('',(0.,281.390410667813,1326.5323450649));
#8754=CARTESIAN_POINT('',(0.,108.690260251324,1137.00603929721));
#8755=CARTESIAN_POINT('',(0.,308.331768757556,1356.09859650603));
#8756=CARTESIAN_POINT('',(0.,283.074245548422,1328.38023577997));
#8757=CARTESIAN_POINT('',(0.,108.690260251324,1137.00603929721));
#8758=CARTESIAN_POINT('',(0.,312.332981819402,1352.40209562185));
#8759=CARTESIAN_POINT('',(0.,284.988840830073,1323.20795316903));
#8760=CARTESIAN_POINT('',(0.,40.6984754795761,1062.38982292728));
#8761=CARTESIAN_POINT('',(0.,312.332981819402,1352.40209562185));
#8762=CARTESIAN_POINT('',(0.,286.697849641906,1325.03258707233));
#8763=CARTESIAN_POINT('',(0.,40.6984754795761,1062.38982292728));
#8764=CARTESIAN_POINT('',(0.,316.300826277609,1348.66963101862));
#8765=CARTESIAN_POINT('',(0.,288.83131778302,1319.59341903932));
#8766=CARTESIAN_POINT('',(0.,-553.100992180646,428.416122511691));
#8767=CARTESIAN_POINT('',(0.,316.300826277609,1348.66963101862));
#8768=CARTESIAN_POINT('',(0.,290.548162063932,1321.41068228802));
#8769=CARTESIAN_POINT('',(0.,-553.100992180646,428.416122511691));
#8770=CARTESIAN_POINT('',(0.,320.112835916602,1345.06956638365));
#8771=CARTESIAN_POINT('',(0.,292.653806937042,1315.98345754284));
#8772=CARTESIAN_POINT('',(0.,10308.5600913968,11925.380482997));
#8773=CARTESIAN_POINT('',(0.,320.112835916602,1345.06956638365));
#8774=CARTESIAN_POINT('',(0.,294.369996248264,1317.80133934539));
#8775=CARTESIAN_POINT('',(0.,10308.5600913968,11925.380482997));
#8776=CARTESIAN_POINT('',(0.,323.942419865528,1341.4882877746));
#8777=CARTESIAN_POINT('',(0.,296.759542042626,1312.14393306598));
#8778=CARTESIAN_POINT('',(0.,700.906666023104,1748.42726693325));
#8779=CARTESIAN_POINT('',(0.,323.942419865528,1341.4882877746));
#8780=CARTESIAN_POINT('',(0.,298.458471906557,1313.97795523527));
#8781=CARTESIAN_POINT('',(0.,700.906666023104,1748.42726693325));
#8782=CARTESIAN_POINT('',(0.,327.677506630193,1338.07513803112));
#8783=CARTESIAN_POINT('',(0.,300.8954810969,1308.36448155345));
#8784=CARTESIAN_POINT('',(0.,577.228754541641,1614.91496820268));
#8785=CARTESIAN_POINT('',(0.,327.677506630193,1338.07513803112));
#8786=CARTESIAN_POINT('',(0.,302.569357692731,1310.2213975833));
#8787=CARTESIAN_POINT('',(0.,577.228754541641,1614.91496820268));
#8788=CARTESIAN_POINT('',(0.,331.473735865697,1334.73044258819));
#8789=CARTESIAN_POINT('',(0.,305.373180821374,1304.41937156821));
#8790=CARTESIAN_POINT('',(0.,476.870626451667,1503.58261715474));
#8791=CARTESIAN_POINT('',(0.,331.473735865697,1334.73044258819));
#8792=CARTESIAN_POINT('',(0.,307.004465511644,1306.31381350696));
#8793=CARTESIAN_POINT('',(0.,476.870626451667,1503.58261715474));
#8794=CARTESIAN_POINT('',(0.,335.303339118078,1331.52213901069));
#8795=CARTESIAN_POINT('',(0.,310.033683231659,1300.51497062365));
#8796=CARTESIAN_POINT('',(0.,451.770849583718,1474.43376886687));
#8797=CARTESIAN_POINT('',(0.,335.303339118078,1331.52213901069));
#8798=CARTESIAN_POINT('',(0.,311.61303672456,1302.45291864784));
#8799=CARTESIAN_POINT('',(0.,451.770849583718,1474.43376886687));
#8800=CARTESIAN_POINT('',(0.,339.23307189619,1328.4379153682));
#8801=CARTESIAN_POINT('',(0.,315.119240452045,1296.52360614673));
#8802=CARTESIAN_POINT('',(0.,421.218631611106,1436.94462490931));
#8803=CARTESIAN_POINT('',(0.,339.23307189619,1328.4379153682));
#8804=CARTESIAN_POINT('',(0.,316.626354917304,1298.51825047307));
#8805=CARTESIAN_POINT('',(0.,421.218631611106,1436.94462490931));
#8806=CARTESIAN_POINT('',(0.,343.369081476214,1325.44922299009));
#8807=CARTESIAN_POINT('',(0.,320.638105507192,1292.53565843844));
#8808=CARTESIAN_POINT('',(0.,411.355603612529,1423.8910491587));
#8809=CARTESIAN_POINT('',(0.,343.369081476214,1325.44922299009));
#8810=CARTESIAN_POINT('',(0.,322.058791505256,1294.59275622292));
#8811=CARTESIAN_POINT('',(0.,411.355603612529,1423.8910491587));
#8812=CARTESIAN_POINT('',(0.,347.642598333739,1322.66183482903));
#8813=CARTESIAN_POINT('',(0.,326.68401208923,1288.59223455795));
#8814=CARTESIAN_POINT('',(0.,398.177122646801,1404.80912392349));
#8815=CARTESIAN_POINT('',(0.,347.642598333739,1322.66183482903));
#8816=CARTESIAN_POINT('',(0.,327.993923729512,1290.72158457489));
#8817=CARTESIAN_POINT('',(0.,398.177122646801,1404.80912392349));
#8818=CARTESIAN_POINT('',(0.,352.058551994961,1320.11821955563));
#8819=CARTESIAN_POINT('',(0.,333.103740233017,1284.89443340097));
#8820=CARTESIAN_POINT('',(0.,393.83150155902,1397.74502276387));
#8821=CARTESIAN_POINT('',(0.,352.058551994961,1320.11821955563));
#8822=CARTESIAN_POINT('',(0.,334.288415968138,1287.09592003564));
#8823=CARTESIAN_POINT('',(0.,393.83150155902,1397.74502276387));
#8824=CARTESIAN_POINT('',(0.,356.623366781841,1317.85413386136));
#8825=CARTESIAN_POINT('',(0.,340.051047384804,1281.44866408273));
#8826=CARTESIAN_POINT('',(0.,388.375648447338,1387.60639381258));
#8827=CARTESIAN_POINT('',(0.,356.623366781841,1317.85413386136));
#8828=CARTESIAN_POINT('',(0.,341.086817347119,1283.7240059439));
#8829=CARTESIAN_POINT('',(0.,388.375648447338,1387.60639381258));
#8830=CARTESIAN_POINT('',(0.,361.576455638119,1315.81633457019));
#8831=CARTESIAN_POINT('',(0.,347.731290607604,1278.28885923174));
#8832=CARTESIAN_POINT('',(0.,386.722202233031,1383.97416317895));
#8833=CARTESIAN_POINT('',(0.,361.576455638119,1315.81633457019));
#8834=CARTESIAN_POINT('',(0.,348.596613422011,1280.63432644039));
#8835=CARTESIAN_POINT('',(0.,386.722202233031,1383.97416317895));
#8836=CARTESIAN_POINT('',(0.,366.669795159455,1314.16156151898));
#8837=CARTESIAN_POINT('',(0.,355.814768304378,1275.66262137804));
#8838=CARTESIAN_POINT('',(0.,385.160023383754,1379.73985985988));
#8839=CARTESIAN_POINT('',(0.,366.669795159455,1314.16156151898));
#8840=CARTESIAN_POINT('',(0.,356.493207482821,1278.06880513685));
#8841=CARTESIAN_POINT('',(0.,385.160023383754,1379.73985985988));
#8842=CARTESIAN_POINT('',(0.,372.515550850328,1312.79122650215));
#8843=CARTESIAN_POINT('',(0.,365.130418018194,1273.47888985));
#8844=CARTESIAN_POINT('',(0.,384.957337831649,1379.02100590932));
#8845=CARTESIAN_POINT('',(0.,372.515550850328,1312.79122650215));
#8846=CARTESIAN_POINT('',(0.,365.591988820202,1275.93591089076));
#8847=CARTESIAN_POINT('',(0.,384.957337831649,1379.02100590932));
#8848=CARTESIAN_POINT('',(0.,378.459378354526,1311.93953939732));
#8849=CARTESIAN_POINT('',(0.,374.50793392278,1272.13519180936));
#8850=CARTESIAN_POINT('',(0.,385.299458570314,1380.84217364719));
#8851=CARTESIAN_POINT('',(0.,378.459378354526,1311.93953939732));
#8852=CARTESIAN_POINT('',(0.,374.754899199764,1274.62296353361));
#8853=CARTESIAN_POINT('',(0.,385.299458570314,1380.84217364719));
#8854=CARTESIAN_POINT('',(0.,384.083093012401,1311.60332719267));
#8855=CARTESIAN_POINT('',(0.,383.263958373735,1271.61171534164));
#8856=CARTESIAN_POINT('',(0.,385.553758361148,1383.40382861677));
#8857=CARTESIAN_POINT('',(0.,384.083093012401,1311.60332719267));
#8858=CARTESIAN_POINT('',(0.,383.315154288651,1274.11119108233));
#8859=CARTESIAN_POINT('',(0.,385.553758361148,1383.40382861677));
#8860=CARTESIAN_POINT('',(0.,389.716985800346,1311.68823171813));
#8861=CARTESIAN_POINT('',(0.,391.740846937775,1271.73946470216));
#8862=CARTESIAN_POINT('',(0.,385.70635139776,1390.85369241666));
#8863=CARTESIAN_POINT('',(0.,389.716985800346,1311.68823171813));
#8864=CARTESIAN_POINT('',(0.,391.614355616686,1274.23626264066));
#8865=CARTESIAN_POINT('',(0.,385.70635139776,1390.85369241666));
#8866=CARTESIAN_POINT('',(0.,395.37874707839,1312.16650574841));
#8867=CARTESIAN_POINT('',(0.,400.085042553299,1272.44433583157));
#8868=CARTESIAN_POINT('',(0.,385.445261993382,1396.00730675992));
#8869=CARTESIAN_POINT('',(0.,395.37874707839,1312.16650574841));
#8870=CARTESIAN_POINT('',(0.,399.790899086117,1274.92697145137));
#8871=CARTESIAN_POINT('',(0.,385.445261993382,1396.00730675992));
#8872=CARTESIAN_POINT('',(0.,401.,1313.));
#8873=CARTESIAN_POINT('',(0.,407.58353213505,1276.08242824038));
#8874=CARTESIAN_POINT('',(0.,383.95660037458,1408.57193855701));
#8875=CARTESIAN_POINT('',(0.,401.,1313.));
#8876=CARTESIAN_POINT('',(0.,408.022434277387,1273.62125678974));
#8877=CARTESIAN_POINT('',(0.,383.95660037458,1408.57193855701));
#8878=CARTESIAN_POINT('',(0.,166.983390647922,1347.17631372771));
#8879=CARTESIAN_POINT('',(0.,401.,1313.));
#8880=CARTESIAN_POINT('',(20.0000000000001,-205.,1250.));
#8881=CARTESIAN_POINT('',(20.0000000000005,-204.999999999998,30.));
#8882=CARTESIAN_POINT('',(20.0000000000001,-205.,0.));
#8883=CARTESIAN_POINT('',(20.0000000000001,-205.,30.));
#8884=CARTESIAN_POINT('',(20.0000000000005,-224.999999999999,30.));
#8885=CARTESIAN_POINT('',(20.0000000000001,-225.,1250.));
#8886=CARTESIAN_POINT('',(20.0000000000001,-225.,0.));
#8887=CARTESIAN_POINT('',(20.0000000000001,-205.,0.));
#8888=CARTESIAN_POINT('',(20.0000000000001,-205.,1250.));
#8889=CARTESIAN_POINT('',(20.0000000000001,-225.,1250.));
#8890=CARTESIAN_POINT('',(20.0000000000001,-225.,1250.));
#8891=CARTESIAN_POINT('',(20.0000000000005,-224.999999999998,50.0000000000003));
#8892=CARTESIAN_POINT('',(20.0000000000001,-204.999999999999,50.0000000000003));
#8893=CARTESIAN_POINT('',(20.0000000000001,-205.,50.0000000000003));
#8894=CARTESIAN_POINT('',(20.0000000000001,-205.,1250.));
#8895=CARTESIAN_POINT('',(20.0000000000005,-205.000000000001,1250.));
#8896=CARTESIAN_POINT('',(20.0000000000001,-205.,1250.));
#8897=CARTESIAN_POINT('',(20.0000000000001,-205.,1250.));
#8898=CARTESIAN_POINT('',(6.5606778323922E-14,-225.,0.));
#8899=CARTESIAN_POINT('',(6.5606778323922E-14,-225.,0.));
#8900=CARTESIAN_POINT('',(5.70342507298906E-14,-205.,0.));
#8901=CARTESIAN_POINT('',(6.5606778323922E-14,-225.,1250.));
#8902=CARTESIAN_POINT('',(0.,-225.000000000003,1270.));
#8903=CARTESIAN_POINT('',(0.,-225.000000000003,1270.));
#8904=CARTESIAN_POINT('',(0.,-205.000000000001,1270.));
#8905=CARTESIAN_POINT('',(5.70342507298906E-14,-205.,1250.));
#8906=CARTESIAN_POINT('',(6.5606778323922E-14,-225.,1250.));
#8907=CARTESIAN_POINT('',(5841.,-204.999999999998,50.0000000000003));
#8908=CARTESIAN_POINT('',(120.,-204.999999999998,50.));
#8909=CARTESIAN_POINT('',(120.,-204.999999999998,30.));
#8910=CARTESIAN_POINT('',(120.,-204.999999999998,30.));
#8911=CARTESIAN_POINT('',(5841.,-204.999999999998,30.));
#8912=CARTESIAN_POINT('',(5.6843418860808E-14,-205.,0.));
#8913=CARTESIAN_POINT('',(5841.,-205.000000000001,1270.));
#8914=CARTESIAN_POINT('',(20.6738468368998,-205.000000000001,1270.));
#8915=CARTESIAN_POINT('',(17.3214521477791,-205.000000000001,1277.1892336111));
#8916=CARTESIAN_POINT('',(30.0000000000051,-205.000000000001,1250.));
#8917=CARTESIAN_POINT('',(5841.,-205.000000000001,1250.));
#8918=CARTESIAN_POINT('',(5.6843418860808E-14,-205.,1250.));
#8919=CARTESIAN_POINT('',(5841.,-225.000000000003,1270.));
#8920=CARTESIAN_POINT('',(1240.,-224.999999999997,1270.));
#8921=CARTESIAN_POINT('',(20.0000000000001,-225.,0.));
#8922=CARTESIAN_POINT('',(5841.,-224.999999999999,30.));
#8923=CARTESIAN_POINT('',(570.,-224.999999999999,30.));
#8924=CARTESIAN_POINT('',(570.,-225.,1250.));
#8925=CARTESIAN_POINT('',(570.,-225.,0.));
#8926=CARTESIAN_POINT('',(590.,-225.,0.));
#8927=CARTESIAN_POINT('',(590.,-225.,0.));
#8928=CARTESIAN_POINT('',(590.,-225.,1250.));
#8929=CARTESIAN_POINT('',(590.,-225.,505.065792321467));
#8930=CARTESIAN_POINT('',(1240.,-224.999999999997,1265.));
#8931=CARTESIAN_POINT('',(1240.,-224.999999999997,1265.));
#8932=CARTESIAN_POINT('',(1240.,-224.999999999997,1270.));
#8933=CARTESIAN_POINT('',(5841.,-225.000000000003,1250.));
#8934=CARTESIAN_POINT('',(570.,-225.000000000003,1250.));
#8935=CARTESIAN_POINT('',(570.,-225.,1250.));
#8936=CARTESIAN_POINT('',(570.,-225.,50.0000000000003));
#8937=CARTESIAN_POINT('',(5841.,-224.999999999998,50.0000000000003));
#8938=CARTESIAN_POINT('',(590.,-225.,1250.));
#8939=CARTESIAN_POINT('',(590.,-225.,1245.));
#8940=CARTESIAN_POINT('',(590.,-224.999999999999,535.835023090698));
#8941=CARTESIAN_POINT('',(610.00000000001,-225.,1245.));
#8942=CARTESIAN_POINT('',(610.,-225.,1245.));
#8943=CARTESIAN_POINT('',(610.,-225.,1265.));
#8944=CARTESIAN_POINT('',(610.,-225.,1265.));
#8945=CARTESIAN_POINT('',(1240.00000000001,-224.999999999997,1265.));
#8946=CARTESIAN_POINT('',(1213.68193220161,-224.999999999997,1265.));
#8947=CARTESIAN_POINT('',(590.000000000004,-225.,535.835023090701));
#8948=CARTESIAN_POINT('',(20.0000000000001,-225.,1250.));
#8949=CARTESIAN_POINT('',(0.,0.,0.));
#8950=CARTESIAN_POINT('',(5841.,-205.000000000001,1250.));
#8951=CARTESIAN_POINT('',(570.,-205.,1250.));
#8952=CARTESIAN_POINT('',(570.,-225.,1250.));
#8953=CARTESIAN_POINT('',(5841.,-205.000000000001,1250.));
#8954=CARTESIAN_POINT('',(20.0000000000001,205.000000000001,30.0000000000002));
#8955=CARTESIAN_POINT('',(20.0000000000001,205.,30.0000000000002));
#8956=CARTESIAN_POINT('',(20.0000000000001,225.,30.0000000000002));
#8957=CARTESIAN_POINT('',(20.0000000000001,205.,1250.));
#8958=CARTESIAN_POINT('',(20.0000000000001,205.,0.));
#8959=CARTESIAN_POINT('',(20.0000000000001,205.,0.));
#8960=CARTESIAN_POINT('',(20.0000000000001,225.,0.));
#8961=CARTESIAN_POINT('',(20.0000000000001,225.,1250.));
#8962=CARTESIAN_POINT('',(20.0000000000001,205.,1250.));
#8963=CARTESIAN_POINT('',(20.0000000000001,205.000000000001,50.0000000000007));
#8964=CARTESIAN_POINT('',(20.0000000000001,225.,50.0000000000007));
#8965=CARTESIAN_POINT('',(20.0000000000005,204.999999999998,50.0000000000003));
#8966=CARTESIAN_POINT('',(20.0000000000001,225.,1250.));
#8967=CARTESIAN_POINT('',(20.0000000000005,225.000000000003,1250.));
#8968=CARTESIAN_POINT('',(20.0000000000001,205.,1250.));
#8969=CARTESIAN_POINT('',(20.0000000000001,205.,1250.));
#8970=CARTESIAN_POINT('',(20.0000000000001,205.,1250.));
#8971=CARTESIAN_POINT('',(20.0000000000001,205.,1250.));
#8972=CARTESIAN_POINT('',(6.5606778323922E-14,225.,0.));
#8973=CARTESIAN_POINT('',(6.5606778323922E-14,225.,0.));
#8974=CARTESIAN_POINT('',(5.70342507298906E-14,205.,0.));
#8975=CARTESIAN_POINT('',(5.70342507298906E-14,205.,1250.));
#8976=CARTESIAN_POINT('',(0.,205.000000000001,1270.));
#8977=CARTESIAN_POINT('',(0.,225.000000000003,1270.));
#8978=CARTESIAN_POINT('',(0.,225.000000000003,1270.));
#8979=CARTESIAN_POINT('',(6.5606778323922E-14,225.,1250.));
#8980=CARTESIAN_POINT('',(6.5606778323922E-14,225.,1250.));
#8981=CARTESIAN_POINT('',(5.6843418860808E-14,205.,0.));
#8982=CARTESIAN_POINT('',(5841.,204.999999999998,30.));
#8983=CARTESIAN_POINT('',(120.,204.999999999998,30.));
#8984=CARTESIAN_POINT('',(120.,204.999999999998,30.));
#8985=CARTESIAN_POINT('',(120.,204.999999999998,50.0000000000003));
#8986=CARTESIAN_POINT('',(5841.,204.999999999998,50.0000000000003));
#8987=CARTESIAN_POINT('',(5841.,205.000000000001,1250.));
#8988=CARTESIAN_POINT('',(30.0000000000051,205.000000000001,1250.));
#8989=CARTESIAN_POINT('',(17.3214521477791,205.000000000001,1277.1892336111));
#8990=CARTESIAN_POINT('',(20.6738468369001,205.000000000001,1270.));
#8991=CARTESIAN_POINT('',(5841.,205.000000000001,1270.));
#8992=CARTESIAN_POINT('',(5.6843418860808E-14,205.,1250.));
#8993=CARTESIAN_POINT('',(5841.,225.000000000003,1270.));
#8994=CARTESIAN_POINT('',(1240.,224.999999999997,1270.));
#8995=CARTESIAN_POINT('',(1240.,224.999999999997,1270.));
#8996=CARTESIAN_POINT('',(1240.,224.999999999997,1265.));
#8997=CARTESIAN_POINT('',(590.000000000004,225.,505.065792321471));
#8998=CARTESIAN_POINT('',(590.,224.999999999999,505.065792321467));
#8999=CARTESIAN_POINT('',(590.,225.,1250.));
#9000=CARTESIAN_POINT('',(590.,225.,0.));
#9001=CARTESIAN_POINT('',(590.,225.,0.));
#9002=CARTESIAN_POINT('',(570.,225.,0.));
#9003=CARTESIAN_POINT('',(570.,225.,1250.));
#9004=CARTESIAN_POINT('',(570.,225.,30.0000000000002));
#9005=CARTESIAN_POINT('',(5841.,224.999999999999,30.));
#9006=CARTESIAN_POINT('',(20.0000000000001,225.,0.));
#9007=CARTESIAN_POINT('',(5841.,224.999999999998,50.0000000000003));
#9008=CARTESIAN_POINT('',(570.,224.999999999998,50.0000000000003));
#9009=CARTESIAN_POINT('',(570.,225.,1250.));
#9010=CARTESIAN_POINT('',(570.,225.,1250.));
#9011=CARTESIAN_POINT('',(5841.,225.000000000003,1250.));
#9012=CARTESIAN_POINT('',(609.999999999992,225.,1245.));
#9013=CARTESIAN_POINT('',(590.,225.,1245.));
#9014=CARTESIAN_POINT('',(610.,225.,1245.));
#9015=CARTESIAN_POINT('',(590.,225.,1250.));
#9016=CARTESIAN_POINT('',(590.,225.,535.835023090698));
#9017=CARTESIAN_POINT('',(1213.68193220161,224.999999999997,1265.));
#9018=CARTESIAN_POINT('',(1213.68193220161,224.999999999997,1265.));
#9019=CARTESIAN_POINT('',(1239.99999999999,224.999999999997,1265.));
#9020=CARTESIAN_POINT('',(610.,225.,1265.));
#9021=CARTESIAN_POINT('',(610.,225.,1265.));
#9022=CARTESIAN_POINT('',(20.0000000000001,225.,1250.));
#9023=CARTESIAN_POINT('',(0.,0.,0.));
#9024=CARTESIAN_POINT('',(570.,225.,1250.));
#9025=CARTESIAN_POINT('',(570.,205.000000000001,1250.));
#9026=CARTESIAN_POINT('',(5841.,205.000000000001,1250.));
#9027=CARTESIAN_POINT('',(5841.,205.000000000001,1250.));
#9028=CARTESIAN_POINT('',(120.,-2227.49999999999,30.));
#9029=CARTESIAN_POINT('',(570.,225.000000000001,30.0000000000002));
#9030=CARTESIAN_POINT('',(570.,205.,30.0000000000002));
#9031=CARTESIAN_POINT('',(5841.,204.999999999998,30.));
#9032=CARTESIAN_POINT('',(470.,204.999999999997,30.0000000000005));
#9033=CARTESIAN_POINT('',(470.,-2227.49999999999,30.0000000000005));
#9034=CARTESIAN_POINT('',(470.,-204.999999999998,30.));
#9035=CARTESIAN_POINT('',(5841.,-204.999999999998,30.));
#9036=CARTESIAN_POINT('',(570.,-204.999999999998,30.));
#9037=CARTESIAN_POINT('',(570.,-224.999999999999,30.));
#9038=CARTESIAN_POINT('',(5841.,-204.999999999998,30.));
#9039=CARTESIAN_POINT('',(450.,-204.999999999998,30.));
#9040=CARTESIAN_POINT('',(140.,-204.999999999998,30.));
#9041=CARTESIAN_POINT('',(450.,-2227.49999999999,30.0000000000005));
#9042=CARTESIAN_POINT('',(450.,204.999999999997,30.0000000000005));
#9043=CARTESIAN_POINT('',(5841.,204.999999999998,30.));
#9044=CARTESIAN_POINT('',(140.,204.999999999998,30.));
#9045=CARTESIAN_POINT('',(140.,-2227.49999999999,30.));
#9046=CARTESIAN_POINT('',(5841.,-224.999999999999,30.));
#9047=CARTESIAN_POINT('',(570.,-224.999999999999,50.0000000000003));
#9048=CARTESIAN_POINT('',(570.,-204.999999999998,50.0000000000003));
#9049=CARTESIAN_POINT('',(5841.,-204.999999999998,50.0000000000003));
#9050=CARTESIAN_POINT('',(470.,-204.999999999998,50.0000000000003));
#9051=CARTESIAN_POINT('',(470.,-2227.49999999999,50.0000000000006));
#9052=CARTESIAN_POINT('',(470.,204.999999999998,50.0000000000006));
#9053=CARTESIAN_POINT('',(5841.,204.999999999998,50.0000000000003));
#9054=CARTESIAN_POINT('',(570.,205.,50.0000000000007));
#9055=CARTESIAN_POINT('',(570.,225.000000000001,50.0000000000007));
#9056=CARTESIAN_POINT('',(120.,-2227.49999999999,50.));
#9057=CARTESIAN_POINT('',(450.,-2227.49999999999,50.0000000000006));
#9058=CARTESIAN_POINT('',(450.,-204.999999999998,50.0000000000006));
#9059=CARTESIAN_POINT('',(450.,204.999999999998,50.0000000000003));
#9060=CARTESIAN_POINT('',(5841.,-204.999999999998,50.0000000000003));
#9061=CARTESIAN_POINT('',(140.,-204.999999999998,50.0000000000003));
#9062=CARTESIAN_POINT('',(140.,-2227.49999999999,50.));
#9063=CARTESIAN_POINT('',(140.,204.999999999998,50.));
#9064=CARTESIAN_POINT('',(5841.,204.999999999998,50.0000000000003));
#9065=CARTESIAN_POINT('',(5841.,-204.999999999998,50.0000000000003));
#9066=CARTESIAN_POINT('',(570.,-205.,1250.));
#9067=CARTESIAN_POINT('',(570.,-205.,0.));
#9068=CARTESIAN_POINT('',(570.,-225.,0.));
#9069=CARTESIAN_POINT('',(570.,-225.,1250.));
#9070=CARTESIAN_POINT('',(570.,-205.,1250.));
#9071=CARTESIAN_POINT('',(570.,-225.,1250.));
#9072=CARTESIAN_POINT('',(590.,-205.,1250.));
#9073=CARTESIAN_POINT('',(590.,-205.,1245.));
#9074=CARTESIAN_POINT('',(590.,-205.,535.835023090698));
#9075=CARTESIAN_POINT('',(590.,2227.5,1245.));
#9076=CARTESIAN_POINT('',(590.,1578.5,535.835023090698));
#9077=CARTESIAN_POINT('',(590.,-205.,1250.));
#9078=CARTESIAN_POINT('',(590.,-205.,0.));
#9079=CARTESIAN_POINT('',(590.,-205.,0.));
#9080=CARTESIAN_POINT('',(590.,-205.,1250.));
#9081=CARTESIAN_POINT('',(590.,-205.,505.065792321467));
#9082=CARTESIAN_POINT('',(590.,1578.5,505.065792321467));
#9083=CARTESIAN_POINT('',(590.,-205.,1250.));
#9084=CARTESIAN_POINT('',(570.,-205.,0.));
#9085=CARTESIAN_POINT('',(470.,-204.999999999998,30.));
#9086=CARTESIAN_POINT('',(30.,-205.000000000001,1250.));
#9087=CARTESIAN_POINT('',(34.5315389351831,-205.000000000001,1252.1130913087));
#9088=CARTESIAN_POINT('',(34.5315389351831,-205.000000000001,1252.1130913087));
#9089=CARTESIAN_POINT('',(26.1907364317136,-205.000000000001,1270.));
#9090=CARTESIAN_POINT('',(5841.,-205.000000000001,1270.));
#9091=CARTESIAN_POINT('',(590.,-205.000000000001,1270.));
#9092=CARTESIAN_POINT('',(590.,-205.,1250.));
#9093=CARTESIAN_POINT('',(589.999999999997,-205.,535.835023090694));
#9094=CARTESIAN_POINT('',(1213.68193220161,-205.000000000003,1265.));
#9095=CARTESIAN_POINT('',(1213.6819322016,-205.000000000003,1265.));
#9096=CARTESIAN_POINT('',(1240.,-205.000000000003,1265.));
#9097=CARTESIAN_POINT('',(1240.,-205.000000000003,1265.));
#9098=CARTESIAN_POINT('',(570.,-205.,1250.));
#9099=CARTESIAN_POINT('',(0.,0.,0.));
#9100=CARTESIAN_POINT('',(590.,-1578.5,505.065792321467));
#9101=CARTESIAN_POINT('',(590.,205.000000000001,505.065792321467));
#9102=CARTESIAN_POINT('',(590.,205.,1250.));
#9103=CARTESIAN_POINT('',(590.,205.,0.));
#9104=CARTESIAN_POINT('',(590.,205.,0.));
#9105=CARTESIAN_POINT('',(590.,205.,1250.));
#9106=CARTESIAN_POINT('',(570.,225.,0.));
#9107=CARTESIAN_POINT('',(570.,205.,0.));
#9108=CARTESIAN_POINT('',(570.,205.,1250.));
#9109=CARTESIAN_POINT('',(570.,225.,1250.));
#9110=CARTESIAN_POINT('',(570.,205.,1250.));
#9111=CARTESIAN_POINT('',(570.,225.,1250.));
#9112=CARTESIAN_POINT('',(470.,204.999999999998,30.));
#9113=CARTESIAN_POINT('',(570.,205.,0.));
#9114=CARTESIAN_POINT('',(589.999999999997,205.,505.065792321463));
#9115=CARTESIAN_POINT('',(1240.,205.000000000002,1265.));
#9116=CARTESIAN_POINT('',(1239.99999999999,205.000000000003,1265.));
#9117=CARTESIAN_POINT('',(1213.68193220161,205.000000000003,1265.));
#9118=CARTESIAN_POINT('',(1213.68193220161,205.000000000003,1265.));
#9119=CARTESIAN_POINT('',(590.,205.000000000001,535.835023090698));
#9120=CARTESIAN_POINT('',(590.,205.,1250.));
#9121=CARTESIAN_POINT('',(590.,205.,1245.));
#9122=CARTESIAN_POINT('',(590.,205.,1250.));
#9123=CARTESIAN_POINT('',(590.,205.000000000001,1270.));
#9124=CARTESIAN_POINT('',(5841.,205.000000000001,1270.));
#9125=CARTESIAN_POINT('',(26.1907364317128,205.000000000001,1270.));
#9126=CARTESIAN_POINT('',(34.5315389351831,205.000000000001,1252.1130913087));
#9127=CARTESIAN_POINT('',(34.5315389351831,205.000000000001,1252.1130913087));
#9128=CARTESIAN_POINT('',(30.,205.000000000001,1250.));
#9129=CARTESIAN_POINT('',(570.,205.,1250.));
#9130=CARTESIAN_POINT('',(590.,2227.5,1245.));
#9131=CARTESIAN_POINT('',(590.,-1578.5,535.835023090698));
#9132=CARTESIAN_POINT('',(590.,205.,1250.));
#9133=CARTESIAN_POINT('',(0.,0.,0.));
#9134=CARTESIAN_POINT('',(140.,-204.999999999998,30.));
#9135=CARTESIAN_POINT('',(450.,-204.999999999998,30.));
#9136=CARTESIAN_POINT('',(5841.,-204.999999999998,30.));
#9137=CARTESIAN_POINT('',(140.,204.999999999998,30.));
#9138=CARTESIAN_POINT('',(140.,-2227.49999999999,30.));
#9139=CARTESIAN_POINT('',(120.,-2227.49999999999,50.));
#9140=CARTESIAN_POINT('',(470.,-2227.49999999999,30.0000000000005));
#9141=CARTESIAN_POINT('',(450.,204.999999999998,30.));
#9142=CARTESIAN_POINT('',(450.,-2227.49999999999,50.0000000000006));
#9143=CARTESIAN_POINT('',(5841.,204.999999999998,30.));
#9144=CARTESIAN_POINT('',(590.,2227.5,1270.));
#9145=CARTESIAN_POINT('',(590.,2227.5,1245.));
#9146=CARTESIAN_POINT('',(590.,2227.5,1245.));
#9147=CARTESIAN_POINT('',(1240.,2227.5,1270.));
#9148=CARTESIAN_POINT('',(5841.,205.000000000001,1270.));
#9149=CARTESIAN_POINT('',(5841.,-205.000000000001,1270.));
#9150=CARTESIAN_POINT('',(5841.,-225.000000000003,1270.));
#9151=CARTESIAN_POINT('',(34.5315389351831,-205.000000000001,1252.1130913087));
#9152=CARTESIAN_POINT('',(21.8529910829621,-205.000000000001,1279.3023249198));
#9153=CARTESIAN_POINT('',(21.8529910829621,-205.000000000001,1279.3023249198));
#9154=CARTESIAN_POINT('',(17.3214521477791,-205.000000000001,1277.1892336111));
#9155=CARTESIAN_POINT('',(17.3214521477791,-205.000000000001,1277.1892336111));
#9156=CARTESIAN_POINT('',(5841.,-205.000000000001,1270.));
#9157=CARTESIAN_POINT('',(23.6607260738895,100.,1263.59461680555));
#9158=CARTESIAN_POINT('',(24.5059625973709,100.,1261.78200123148));
#9159=CARTESIAN_POINT('',(23.6607260738895,-100.,1263.59461680555));
#9160=CARTESIAN_POINT('',(24.5059625973709,-100.,1261.78200123148));
#9161=CARTESIAN_POINT('',(30.,-2029.50000000001,1250.));
#9162=CARTESIAN_POINT('',(17.3214521477791,-2029.50000000001,1277.1892336111));
#9163=CARTESIAN_POINT('',(17.3214521477791,205.000000000001,1277.1892336111));
#9164=CARTESIAN_POINT('',(17.3214521477791,205.000000000001,1277.1892336111));
#9165=CARTESIAN_POINT('',(17.3214521477791,-2029.50000000001,1277.1892336111));
#9166=CARTESIAN_POINT('',(34.5315389351831,205.000000000001,1252.1130913087));
#9167=CARTESIAN_POINT('',(21.8529910829621,205.000000000001,1279.3023249198));
#9168=CARTESIAN_POINT('',(21.8529910829621,205.000000000001,1279.3023249198));
#9169=CARTESIAN_POINT('',(5841.,205.000000000001,1270.));
#9170=CARTESIAN_POINT('',(34.5315389351831,-2029.50000000001,1252.1130913087));
#9171=CARTESIAN_POINT('',(30.,-2029.50000000001,1250.));
#9172=CARTESIAN_POINT('',(21.8529910829621,-2029.50000000001,1279.3023249198));
#9173=CARTESIAN_POINT('',(21.8529910829621,-2029.50000000001,1279.3023249198));
#9174=CARTESIAN_POINT('',(28.1922650090725,100.,1265.70770811425));
#9175=CARTESIAN_POINT('',(27.3470284855911,100.,1267.52032368833));
#9176=CARTESIAN_POINT('',(28.1922650090725,-100.,1265.70770811425));
#9177=CARTESIAN_POINT('',(27.3470284855911,-100.,1267.52032368833));
#9178=CARTESIAN_POINT('',(34.5315389351831,-2029.50000000001,1252.1130913087));
#9179=CARTESIAN_POINT('',(23.6607260738895,-100.,1263.59461680555));
#9180=CARTESIAN_POINT('',(23.6607260738895,100.,1263.59461680555));
#9181=CARTESIAN_POINT('',(1213.68193220161,-1578.5,1265.));
#9182=CARTESIAN_POINT('',(1240.,2227.5,1265.));
#9183=CARTESIAN_POINT('',(1213.68193220161,1578.5,1265.));
#9184=CARTESIAN_POINT('',(610.,2227.5,1265.));
#9185=CARTESIAN_POINT('',(1240.,2227.5,1265.));
#9186=CARTESIAN_POINT('',(1240.,2227.5,1265.));
#9187=CARTESIAN_POINT('',(1240.,1578.5,1265.));
#9188=CARTESIAN_POINT('',(1240.,2227.5,1270.));
#9189=CARTESIAN_POINT('',(610.,2227.5,1245.));
#9190=CARTESIAN_POINT('',(610.,2227.5,1265.));
#9191=CARTESIAN_POINT('',(610.,2227.5,1245.));
#9192=CARTESIAN_POINT('',(1240.,1578.5,1265.));
#9193=CARTESIAN_POINT('',(590.,1578.5,535.835023090698));
#9194=CARTESIAN_POINT('',(590.,-1578.5,505.065792321467));
#9195=CARTESIAN_POINT('',(1213.68193220161,-1578.5,1265.));
#9196=CARTESIAN_POINT('',(150.647621643882,-60.,736.091226746415));
#9197=CARTESIAN_POINT('',(66.5314319855633,-60.,422.165333202468));
#9198=CARTESIAN_POINT('',(53.5904797304372,-60.,373.869041888014));
#9199=CARTESIAN_POINT('',(109.998094168571,0.,410.518476172854));
#9200=CARTESIAN_POINT('',(66.5314319855633,60.,422.165333202468));
#9201=CARTESIAN_POINT('',(150.647621643882,60.,736.091226746415));
#9202=CARTESIAN_POINT('',(53.5904797304372,60.,373.869041888014));
#9203=CARTESIAN_POINT('',(97.0571419134453,0.,362.222184858401));
#9204=CARTESIAN_POINT('',(194.114283826891,0.,724.444369716801));
#9205=CARTESIAN_POINT('',(266.558720798571,0.,705.032941334112));
#9206=CARTESIAN_POINT('',(0.,0.,0.));
#9207=CARTESIAN_POINT('',(72.4444369716801,0.,-19.4114283826891));
#9208=CARTESIAN_POINT('',(194.114283826891,0.,724.444369716801));
#9209=CARTESIAN_POINT('',(109.998094168571,0.,410.518476172854));
#9210=CARTESIAN_POINT('',(63.38279000023,-60.,423.009009279692));
#9211=CARTESIAN_POINT('',(63.38279000023,60.,423.009009279692));
#9212=CARTESIAN_POINT('',(147.498979658549,-60.,736.934902823639));
#9213=CARTESIAN_POINT('',(50.441837745104,-60.,374.712717965239));
#9214=CARTESIAN_POINT('',(97.0571419134453,0.,362.222184858401));
#9215=CARTESIAN_POINT('',(50.441837745104,60.,374.712717965239));
#9216=CARTESIAN_POINT('',(147.498979658549,60.,736.934902823639));
#9217=CARTESIAN_POINT('',(194.114283826891,0.,724.444369716801));
#9218=CARTESIAN_POINT('',(268.490572451149,0.,704.515303243907));
#9219=CARTESIAN_POINT('',(0.,0.,0.));
#9220=CARTESIAN_POINT('',(74.3762886242583,0.,-19.9290664728941));
#9221=CARTESIAN_POINT('',(194.114283826891,0.,724.444369716801));
#9222=CARTESIAN_POINT('',(194.114283826891,0.,724.444369716801));
#9223=CARTESIAN_POINT('',(0.,0.,0.));
#9224=CARTESIAN_POINT('',(-51.6954353350712,60.,402.080317804189));
#9225=CARTESIAN_POINT('',(-51.6954353350712,-60.,402.080317804189));
#9226=CARTESIAN_POINT('',(-51.6954353350712,-60.,402.080317804189));
#9227=CARTESIAN_POINT('',(109.998094168573,-60.,410.518476172854));
#9228=CARTESIAN_POINT('',(109.998094168573,60.,410.518476172854));
#9229=CARTESIAN_POINT('',(109.998094168573,-60.,410.518476172854));
#9230=CARTESIAN_POINT('',(0.,-60.,0.));
#9231=CARTESIAN_POINT('',(0.,60.,0.));
#9232=CARTESIAN_POINT('',(0.,0.,43.2946920771661));
#9233=CARTESIAN_POINT('',(71.,0.,43.2946920771661));
#9234=CARTESIAN_POINT('',(0.,0.,128.466492080259));
#9235=CARTESIAN_POINT('',(40.,0.,128.466492080259));
#9236=CARTESIAN_POINT('',(0.,0.,128.466492080259));
#9237=CARTESIAN_POINT('',(0.,0.,0.));
#9238=CARTESIAN_POINT('',(71.,0.,0.));
#9239=CARTESIAN_POINT('',(0.,0.,0.));
#9240=CARTESIAN_POINT('',(0.,0.,9.18485099360515E-15));
#9241=CARTESIAN_POINT('',(75.,0.,9.18485099360515E-15));
#9242=CARTESIAN_POINT('',(-71.,0.,4.59242549680257E-15));
#9243=CARTESIAN_POINT('',(0.,0.,40.));
#9244=CARTESIAN_POINT('',(75.,0.,40.));
#9245=CARTESIAN_POINT('',(0.,0.,0.));
#9246=CARTESIAN_POINT('',(0.,0.,40.));
#9247=CARTESIAN_POINT('',(79.,0.,40.));
#9248=CARTESIAN_POINT('',(-75.,0.,40.));
#9249=CARTESIAN_POINT('',(0.,0.,44.));
#9250=CARTESIAN_POINT('',(79.,0.,44.));
#9251=CARTESIAN_POINT('',(0.,0.,0.));
#9252=CARTESIAN_POINT('',(0.,0.,44.));
#9253=CARTESIAN_POINT('',(75.,0.,44.));
#9254=CARTESIAN_POINT('',(-79.,0.,44.));
#9255=CARTESIAN_POINT('',(0.,0.,129.171800003093));
#9256=CARTESIAN_POINT('',(44.,0.,129.171800003093));
#9257=CARTESIAN_POINT('',(0.,0.,44.));
#9258=CARTESIAN_POINT('',(0.,0.,168.466492080259));
#9259=CARTESIAN_POINT('',(44.,0.,168.466492080259));
#9260=CARTESIAN_POINT('',(0.,0.,0.));
#9261=CARTESIAN_POINT('',(0.,0.,168.466492080259));
#9262=CARTESIAN_POINT('',(40.,0.,168.466492080259));
#9263=CARTESIAN_POINT('',(-44.,0.,168.466492080259));
#9264=CARTESIAN_POINT('',(0.,0.,0.));
#9265=CARTESIAN_POINT('',(-60.,0.,0.));
#9266=CARTESIAN_POINT('',(-60.,59.1555099429584,10.0312333931852));
#9267=CARTESIAN_POINT('',(-60.,46.2145576878323,-38.2650579212683));
#9268=CARTESIAN_POINT('',(-60.,49.2275241398759,-39.0723798489154));
#9269=CARTESIAN_POINT('',(-60.,84.0756870371433,-48.4099169549464));
#9270=CARTESIAN_POINT('',(-60.,98.310734517782,4.71600349095234));
#9271=CARTESIAN_POINT('',(-60.,97.0166392922694,-0.113625640493012));
#9272=CARTESIAN_POINT('',(-60.,103.758974621755,-1.92022894712856));
#9273=CARTESIAN_POINT('',(-60.,0.,0.));
#9274=CARTESIAN_POINT('',(-65.,-67.4287772721935,18.067486416702));
#9275=CARTESIAN_POINT('',(-65.,-66.4287772721935,16.3354356091332));
#9276=CARTESIAN_POINT('',(-65.,49.3612908554911,49.3612908554911));
#9277=CARTESIAN_POINT('',(-65.,47.3612908554911,49.3612908554911));
#9278=CARTESIAN_POINT('',(-65.,18.0674864167024,-67.4287772721934));
#9279=CARTESIAN_POINT('',(-65.,19.0674864167024,-65.6967264646245));
#9280=CARTESIAN_POINT('',(-65.,-238.175369588199,57.6628129733539));
#9281=CARTESIAN_POINT('',(-64.9999999999999,-30.,57.6628129733539));
#9282=CARTESIAN_POINT('',(-65.,-16.5831239517774,57.6628129733539));
#9283=CARTESIAN_POINT('',(-65.,0.,0.));
#9284=CARTESIAN_POINT('',(-65.,16.583123951777,57.662812973354));
#9285=CARTESIAN_POINT('',(-65.,-238.175369588199,57.6628129733539));
#9286=CARTESIAN_POINT('',(-65.,30.,57.662812973354));
#9287=CARTESIAN_POINT('',(-65.,0.,0.));
#9288=CARTESIAN_POINT('',(-65.,42.2902230436257,49.3612908554911));
#9289=CARTESIAN_POINT('',(-65.,42.2902230436257,49.3612908554911));
#9290=CARTESIAN_POINT('',(-65.,49.3612908554911,56.4323586673566));
#9291=CARTESIAN_POINT('',(-65.,49.3612908554911,56.4323586673566));
#9292=CARTESIAN_POINT('',(-65.,56.4323586673566,49.3612908554911));
#9293=CARTESIAN_POINT('',(-65.,56.4323586673566,49.3612908554911));
#9294=CARTESIAN_POINT('',(-65.,49.3612908554911,42.2902230436257));
#9295=CARTESIAN_POINT('',(-65.,0.,0.));
#9296=CARTESIAN_POINT('',(-65.,63.4625716205146,14.0535405969834));
#9297=CARTESIAN_POINT('',(-65.,105.053069847268,2.90940018431678));
#9298=CARTESIAN_POINT('',(-65.,96.639407596052,5.16383418991822));
#9299=CARTESIAN_POINT('',(-65.0000000000001,12.0055798475279,-310.693911006606));
#9300=CARTESIAN_POINT('',(-65.,81.1102648899007,-52.7917153874258));
#9301=CARTESIAN_POINT('',(-65.,47.9334289143633,-43.9020089803608));
#9302=CARTESIAN_POINT('',(-65.,47.9334289143633,-43.9020089803608));
#9303=CARTESIAN_POINT('',(-65.,0.,0.));
#9304=CARTESIAN_POINT('',(-65.,21.6030203226351,-61.3050529152354));
#9305=CARTESIAN_POINT('',(-65.,21.6030203226351,-61.3050529152354));
#9306=CARTESIAN_POINT('',(-65.,24.1912107736603,-70.9643111781261));
#9307=CARTESIAN_POINT('',(-65.,24.1912107736603,-70.9643111781261));
#9308=CARTESIAN_POINT('',(-65.,14.5319525107697,-73.5525016291513));
#9309=CARTESIAN_POINT('',(-65.,14.5319525107697,-73.5525016291513));
#9310=CARTESIAN_POINT('',(-65.,11.9437620597444,-63.8932433662606));
#9311=CARTESIAN_POINT('',(-65.,0.,0.));
#9312=CARTESIAN_POINT('',(-65.,-63.8932433662607,11.9437620597441));
#9313=CARTESIAN_POINT('',(-65.,-63.8932433662607,11.9437620597441));
#9314=CARTESIAN_POINT('',(-65.,-73.5525016291514,14.5319525107693));
#9315=CARTESIAN_POINT('',(-65.,-73.5525016291514,14.5319525107693));
#9316=CARTESIAN_POINT('',(-65.,-70.9643111781262,24.19121077366));
#9317=CARTESIAN_POINT('',(-65.,-70.9643111781262,24.19121077366));
#9318=CARTESIAN_POINT('',(-65.,-61.3050529152355,21.6030203226348));
#9319=CARTESIAN_POINT('',(-65.,0.,0.));
#9320=CARTESIAN_POINT('',(-65.,0.,0.));
#9321=CARTESIAN_POINT('',(65.,0.,0.));
#9322=CARTESIAN_POINT('',(65.,0.,10.));
#9323=CARTESIAN_POINT('',(65.,47.9334289143633,-43.9020089803608));
#9324=CARTESIAN_POINT('',(65.,47.9334289143633,-43.9020089803608));
#9325=CARTESIAN_POINT('',(65.,81.1102648899006,-52.7917153874258));
#9326=CARTESIAN_POINT('',(65.,12.0055798475278,-310.693911006606));
#9327=CARTESIAN_POINT('',(65.,96.639407596052,5.16383418991828));
#9328=CARTESIAN_POINT('',(65.,105.053069847268,2.90940018431678));
#9329=CARTESIAN_POINT('',(65.,63.4625716205146,14.0535405969834));
#9330=CARTESIAN_POINT('',(65.,0.,0.));
#9331=CARTESIAN_POINT('',(65.,30.0000000000001,57.6628129733539));
#9332=CARTESIAN_POINT('',(65.,-238.175369588199,57.662812973354));
#9333=CARTESIAN_POINT('',(65.,-30.0000000000001,57.6628129733539));
#9334=CARTESIAN_POINT('',(65.,0.,0.));
#9335=CARTESIAN_POINT('',(65.,0.,0.));
#9336=CARTESIAN_POINT('',(-60.,0.,0.));
#9337=CARTESIAN_POINT('',(-60.,-63.8932433662607,11.9437620597441));
#9338=CARTESIAN_POINT('',(-60.,-61.3050529152355,21.6030203226348));
#9339=CARTESIAN_POINT('',(-60.,-63.8932433662607,11.9437620597441));
#9340=CARTESIAN_POINT('',(-60.,11.9437620597444,-63.8932433662606));
#9341=CARTESIAN_POINT('',(-60.,11.9437620597444,-63.8932433662606));
#9342=CARTESIAN_POINT('',(-60.,0.,0.));
#9343=CARTESIAN_POINT('',(-60.,21.6030203226351,-61.3050529152354));
#9344=CARTESIAN_POINT('',(-60.,21.6030203226351,-61.3050529152354));
#9345=CARTESIAN_POINT('',(65.,47.9334289143633,-43.9020089803608));
#9346=CARTESIAN_POINT('',(400.,-30.,57.662812973354));
#9347=CARTESIAN_POINT('',(-60.,-61.3050529152355,21.6030203226348));
#9348=CARTESIAN_POINT('',(65.,0.,0.));
#9349=CARTESIAN_POINT('',(-60.,0.,0.));
#9350=CARTESIAN_POINT('',(-60.,42.2902230436257,49.3612908554911));
#9351=CARTESIAN_POINT('',(-60.,49.3612908554911,42.2902230436257));
#9352=CARTESIAN_POINT('',(-60.,42.2902230436257,49.3612908554911));
#9353=CARTESIAN_POINT('',(400.,30.,57.662812973354));
#9354=CARTESIAN_POINT('',(65.,63.4625716205146,14.0535405969834));
#9355=CARTESIAN_POINT('',(-60.,49.3612908554911,42.2902230436257));
#9356=CARTESIAN_POINT('',(65.,0.,0.));
#9357=CARTESIAN_POINT('',(400.,-211.006173667187,457.662812973354));
#9358=CARTESIAN_POINT('',(246.006173667187,-211.006173667187,457.662812973354));
#9359=CARTESIAN_POINT('',(-246.006173667187,-211.006173667187,457.662812973354));
#9360=CARTESIAN_POINT('',(-246.006173667187,-238.175369588199,457.662812973354));
#9361=CARTESIAN_POINT('',(-246.006173667187,132.003296070399,457.662812973354));
#9362=CARTESIAN_POINT('',(400.,132.003296070399,457.662812973354));
#9363=CARTESIAN_POINT('',(246.006173667187,132.003296070399,457.662812973354));
#9364=CARTESIAN_POINT('',(246.006173667187,137.179676972449,457.662812973354));
#9365=CARTESIAN_POINT('',(-251.523063262,-238.175369588199,457.662812973354));
#9366=CARTESIAN_POINT('',(-251.523063261999,-216.523063262,457.662812973354));
#9367=CARTESIAN_POINT('',(-251.523063262,137.179676972449,457.662812973354));
#9368=CARTESIAN_POINT('',(400.,-216.523063262,457.662812973354));
#9369=CARTESIAN_POINT('',(251.523063262,-216.523063262,457.662812973354));
#9370=CARTESIAN_POINT('',(251.523063262,-238.175369588199,457.662812973354));
#9371=CARTESIAN_POINT('',(251.523063262,137.179676972449,457.662812973354));
#9372=CARTESIAN_POINT('',(400.,137.179676972449,457.662812973354));
#9373=CARTESIAN_POINT('',(400.,137.179676972449,457.662812973354));
#9374=CARTESIAN_POINT('',(-152.791140874124,-117.791140874124,245.931522137342));
#9375=CARTESIAN_POINT('',(274.023285005509,-239.023285005509,505.91469421531));
#9376=CARTESIAN_POINT('',(400.,-216.523063262,457.662812973354));
#9377=CARTESIAN_POINT('',(-2.8421709430404E-14,85.4158679519449,264.47764771554));
#9378=CARTESIAN_POINT('',(-2.8421709430404E-14,84.8982298617399,262.545796062962));
#9379=CARTESIAN_POINT('',(13.4267848781782,-15.0655126622263,-110.523969951213));
#9380=CARTESIAN_POINT('',(121.501017062774,62.4665521330017,178.8296350803));
#9381=CARTESIAN_POINT('',(400.,30.,57.662812973354));
#9382=CARTESIAN_POINT('',(65.,-238.175369588199,57.662812973354));
#9383=CARTESIAN_POINT('',(-65.,-238.175369588199,57.662812973354));
#9384=CARTESIAN_POINT('',(-251.523063262,-238.175369588199,457.662812973354));
#9385=CARTESIAN_POINT('',(0.,129.396895979972,-65.73007919323));
#9386=CARTESIAN_POINT('',(-82.,129.396895979972,-65.7300791932299));
#9387=CARTESIAN_POINT('',(-77.,129.396895979972,-65.7300791932299));
#9388=CARTESIAN_POINT('',(-77.,129.396895979972,-65.7300791932299));
#9389=CARTESIAN_POINT('',(-2.77555756156289E-14,129.396895979972,-65.73007919323));
#9390=CARTESIAN_POINT('',(77.,129.396895979972,-65.7300791932299));
#9391=CARTESIAN_POINT('',(82.,129.396895979972,-65.7300791932299));
#9392=CARTESIAN_POINT('',(82.,129.396895979972,-65.73007919323));
#9393=CARTESIAN_POINT('',(0.,129.396895979972,-65.73007919323));
#9394=CARTESIAN_POINT('',(65.,47.9334289143633,-43.9020089803608));
#9395=CARTESIAN_POINT('',(-2.77555756156289E-14,144.926038686123,-7.77452961588586));
#9396=CARTESIAN_POINT('',(-77.,144.926038686123,-7.77452961588587));
#9397=CARTESIAN_POINT('',(77.,144.926038686123,-7.77452961588587));
#9398=CARTESIAN_POINT('',(-77.,144.926038686123,-7.77452961588587));
#9399=CARTESIAN_POINT('',(-82.,144.926038686123,-7.77452961588587));
#9400=CARTESIAN_POINT('',(0.,144.926038686123,-7.77452961588593));
#9401=CARTESIAN_POINT('',(0.,144.926038686123,-7.77452961588593));
#9402=CARTESIAN_POINT('',(82.,144.926038686123,-7.77452961588598));
#9403=CARTESIAN_POINT('',(82.,144.926038686123,-7.77452961588587));
#9404=CARTESIAN_POINT('',(65.,105.053069847268,2.90940018431678));
#9405=CARTESIAN_POINT('',(68.9169082982884,103.866306443574,-28.3193556393617));
#9406=CARTESIAN_POINT('',(68.9317160949811,103.859623956555,-28.4591046818453));
#9407=CARTESIAN_POINT('',(68.9530967131434,103.86644353726,-28.5995848182084));
#9408=CARTESIAN_POINT('',(68.9802717225523,103.886569255753,-28.7361505374408));
#9409=CARTESIAN_POINT('',(69.0235133213168,103.91859383506,-28.9534575472443));
#9410=CARTESIAN_POINT('',(69.0826568160372,103.985611101692,-29.1656231824274));
#9411=CARTESIAN_POINT('',(69.1523953220147,104.082254622828,-29.3551339120963));
#9412=CARTESIAN_POINT('',(69.2221132115674,104.178869573752,-29.5445886177129));
#9413=CARTESIAN_POINT('',(69.3043213816065,104.307766376868,-29.7166289929289));
#9414=CARTESIAN_POINT('',(69.3918109949215,104.458466998839,-29.8570676216808));
#9415=CARTESIAN_POINT('',(69.4792902923458,104.609149851716,-29.9974896913296));
#9416=CARTESIAN_POINT('',(69.5744456468881,104.785793902583,-30.1101897173102));
#9417=CARTESIAN_POINT('',(69.6691721606793,104.973881684993,-30.1858612507053));
#9418=CARTESIAN_POINT('',(69.7639217744375,105.162015334409,-30.261551237328));
#9419=CARTESIAN_POINT('',(69.8608512680466,105.366789981601,-30.3022817456895));
#9420=CARTESIAN_POINT('',(69.9519814213732,105.571216761969,-30.3046734079322));
#9421=CARTESIAN_POINT('',(70.0431320966864,105.775689578071,-30.3070656087634));
#9422=CARTESIAN_POINT('',(70.1310052760488,105.985452343165,-30.2711674995242));
#9423=CARTESIAN_POINT('',(70.2086317477836,106.182990621033,-30.1999210229611));
#9424=CARTESIAN_POINT('',(70.286246964069,106.380500256841,-30.1286848767802));
#9425=CARTESIAN_POINT('',(70.355778775311,106.571229396868,-30.0201447755661));
#9426=CARTESIAN_POINT('',(70.4119037625587,106.739199061009,-29.8832325982647));
#9427=CARTESIAN_POINT('',(70.4680125354747,106.907120199244,-29.7463599744591));
#9428=CARTESIAN_POINT('',(70.5122894091727,107.056915629122,-29.5773552924192));
#9429=CARTESIAN_POINT('',(70.5414328927997,107.176023005367,-29.3901551094658));
#9430=CARTESIAN_POINT('',(70.570576903253,107.295132534715,-29.2029515424979));
#9431=CARTESIAN_POINT('',(70.5854027024395,107.386829971215,-28.992387624024));
#9432=CARTESIAN_POINT('',(70.5848191974584,107.443456730414,-28.7758819694172));
#9433=CARTESIAN_POINT('',(70.5842355191697,107.500100308406,-28.5593120101626));
#9434=CARTESIAN_POINT('',(70.5682167829453,107.523214636213,-28.3308219912703));
#9435=CARTESIAN_POINT('',(70.5379428702944,107.510955140003,-28.1093618869058));
#9436=CARTESIAN_POINT('',(70.5076655602408,107.498694268007,-27.8878769298193));
#9437=CARTESIAN_POINT('',(70.462281727494,107.45072067057,-27.6673134120138));
#9438=CARTESIAN_POINT('',(70.405180906815,107.37117888756,-27.4659797791175));
#9439=CARTESIAN_POINT('',(70.3480942149673,107.291656786097,-27.2646959635253));
#9440=CARTESIAN_POINT('',(70.2777018762419,107.17839909754,-27.0770829226882));
#9441=CARTESIAN_POINT('',(70.1993987225869,107.0409698754,-26.9187173504945));
#9442=CARTESIAN_POINT('',(70.1211128647119,106.903571008941,-26.7603867584512));
#9443=CARTESIAN_POINT('',(70.032742611933,106.738231003491,-26.6269285220107));
#9444=CARTESIAN_POINT('',(69.9413003444108,106.558765708735,-26.5294286752779));
#9445=CARTESIAN_POINT('',(69.8498443364908,106.37927344697,-26.4319141779167));
#9446=CARTESIAN_POINT('',(69.7527844183176,106.180704931679,-26.3676822215248));
#9447=CARTESIAN_POINT('',(69.6581203868818,105.979526070771,-26.3420592300878));
#9448=CARTESIAN_POINT('',(69.5634291750351,105.778289446381,-26.3164288816492));
#9449=CARTESIAN_POINT('',(69.4685275460122,105.568886240232,-26.3287216643915));
#9450=CARTESIAN_POINT('',(69.3815156284893,105.368557992887,-26.3778850540465));
#9451=CARTESIAN_POINT('',(69.2945058155305,105.168234590896,-26.4270472545826));
#9452=CARTESIAN_POINT('',(69.2130009454578,104.971450943044,-26.5144309791484));
#9453=CARTESIAN_POINT('',(69.1441594335961,104.794310583135,-26.6327493379674));
#9454=CARTESIAN_POINT('',(69.075338418742,104.617222965346,-26.7510324684448));
#9455=CARTESIAN_POINT('',(69.0172960909878,104.454874071161,-26.9034905186224));
#9456=CARTESIAN_POINT('',(68.9752412436029,104.320515753845,-27.0774631825518));
#9457=CARTESIAN_POINT('',(68.9331901961405,104.186169576657,-27.2514201269464));
#9458=CARTESIAN_POINT('',(68.9059809405848,104.076098738909,-27.4516829376129));
#9459=CARTESIAN_POINT('',(68.8960892188114,103.999319872288,-27.6616480868678));
#9460=CARTESIAN_POINT('',(68.8861974817725,103.922540887176,-27.8716135601535));
#9461=CARTESIAN_POINT('',(68.8933549984096,103.876935615757,-28.0970706381764));
#9462=CARTESIAN_POINT('',(68.9169082982884,103.866306443574,-28.3193556393617));
#9463=CARTESIAN_POINT('',(68.9169082982884,103.866306443574,-28.3193556393617));
#9464=CARTESIAN_POINT('',(74.7254558410749,119.08643433451,-32.4330922992115));
#9465=CARTESIAN_POINT('',(74.7340484297158,119.084591117918,-32.5735139153403));
#9466=CARTESIAN_POINT('',(74.7461719235673,119.097343779998,-32.7146893336807));
#9467=CARTESIAN_POINT('',(74.7613462801011,119.124285084868,-32.8519459010969));
#9468=CARTESIAN_POINT('',(74.7854907794147,119.167152425931,-33.0703400775085));
#9469=CARTESIAN_POINT('',(74.8180366851175,119.247527000683,-33.2836071828234));
#9470=CARTESIAN_POINT('',(74.8558429818118,119.358847998294,-33.4741193910637));
#9471=CARTESIAN_POINT('',(74.8936379853191,119.470135743009,-33.6645746910585));
#9472=CARTESIAN_POINT('',(74.937709965419,119.615424557971,-33.8375420312555));
#9473=CARTESIAN_POINT('',(74.9839791973157,119.782789436486,-33.9787326872116));
#9474=CARTESIAN_POINT('',(75.0302438915522,119.950137901395,-34.1199094964883));
#9475=CARTESIAN_POINT('',(75.0799641144324,120.144176524595,-34.2332079115333));
#9476=CARTESIAN_POINT('',(75.1287921364602,120.348893715857,-34.3092573558725));
#9477=CARTESIAN_POINT('',(75.1776326433995,120.553663251571,-34.3853262454102));
#9478=CARTESIAN_POINT('',(75.2269235709601,120.774766324464,-34.4262244711689));
#9479=CARTESIAN_POINT('',(75.2726527654065,120.993868616599,-34.4285611752606));
#9480=CARTESIAN_POINT('',(75.3183915874014,121.213017037208,-34.4308983713079));
#9481=CARTESIAN_POINT('',(75.3618399432199,121.436208681619,-34.3947227040449));
#9482=CARTESIAN_POINT('',(75.3997435529124,121.644883253982,-34.3230165550775));
#9483=CARTESIAN_POINT('',(75.4376409743696,121.853523757628,-34.2513221130298));
#9484=CARTESIAN_POINT('',(75.4710616971452,122.053403418261,-34.1421314269722));
#9485=CARTESIAN_POINT('',(75.4977055765694,122.227881015003,-34.0044548521319));
#9486=CARTESIAN_POINT('',(75.5243419352856,122.402309362346,-33.8668171389488));
#9487=CARTESIAN_POINT('',(75.5449612225708,122.556154347329,-33.6969133193204));
#9488=CARTESIAN_POINT('',(75.5582393889833,122.676599896668,-33.5087765499371));
#9489=CARTESIAN_POINT('',(75.571518076851,122.797050176099,-33.3206323921163));
#9490=CARTESIAN_POINT('',(75.5778340530959,122.887415334588,-33.1090643941169));
#9491=CARTESIAN_POINT('',(75.5767966287925,122.940180564469,-32.8915843450201));
#9492=CARTESIAN_POINT('',(75.5757588935932,122.992961607057,-32.6740391214039));
#9493=CARTESIAN_POINT('',(75.5673335527213,123.009576112246,-32.444576502678));
#9494=CARTESIAN_POINT('',(75.5520436557706,122.98868913405,-32.2222191487129));
#9495=CARTESIAN_POINT('',(75.5367523490847,122.967800230065,-31.9998412933022));
#9496=CARTESIAN_POINT('',(75.5141586768872,122.908831254113,-31.7784346297173));
#9497=CARTESIAN_POINT('',(75.485726817092,122.816757321634,-31.5763551867914));
#9498=CARTESIAN_POINT('',(75.4573023176943,122.724707225117,-31.3743280578914));
#9499=CARTESIAN_POINT('',(75.4222367997152,122.597036357787,-31.186047064845));
#9500=CARTESIAN_POINT('',(75.3829712602737,122.444405761933,-31.0271186159512));
#9501=CARTESIAN_POINT('',(75.3437138065295,122.291806596305,-30.8682228941598));
#9502=CARTESIAN_POINT('',(75.2991560060817,122.11005438725,-30.7342888275932));
#9503=CARTESIAN_POINT('',(75.2526737167418,121.914255128796,-30.6364238665741));
#9504=CARTESIAN_POINT('',(75.2061836043233,121.718422916866,-30.5385424346515));
#9505=CARTESIAN_POINT('',(75.1564775161942,121.50313938369,-30.4740448050318));
#9506=CARTESIAN_POINT('',(75.1076462850522,121.286243472996,-30.4482759228931));
#9507=CARTESIAN_POINT('',(75.0588013770434,121.069286813138,-30.4224998232922));
#9508=CARTESIAN_POINT('',(75.0094902614419,120.844729246858,-30.4347622573416));
#9509=CARTESIAN_POINT('',(74.9640681858381,120.631116722618,-30.4840263329071));
#9510=CARTESIAN_POINT('',(74.9186481689876,120.417513880355,-30.5332881755809));
#9511=CARTESIAN_POINT('',(74.8758818685746,120.208957535671,-30.6209046604625));
#9512=CARTESIAN_POINT('',(74.8397577908228,120.022614570363,-30.7395943044253));
#9513=CARTESIAN_POINT('',(74.803644549794,119.836327505364,-30.8582483431386));
#9514=CARTESIAN_POINT('',(74.7731960452005,119.667098693406,-31.0112270741538));
#9515=CARTESIAN_POINT('',(74.7513627214858,119.528840201134,-31.1858515654389));
#9516=CARTESIAN_POINT('',(74.7295310603611,119.390592237133,-31.3604627592112));
#9517=CARTESIAN_POINT('',(74.7157283757546,119.27949589113,-31.5615306132743));
#9518=CARTESIAN_POINT('',(74.7113223024022,119.204704987919,-31.7723981007703));
#9519=CARTESIAN_POINT('',(74.7069162250488,119.129914016795,-31.9832657797418));
#9520=CARTESIAN_POINT('',(74.7117890698506,119.089366026055,-32.2097474862806));
#9521=CARTESIAN_POINT('',(74.7254558410749,119.08643433451,-32.4330922992115));
#9522=CARTESIAN_POINT('',(74.7254558410749,119.08643433451,-32.4330922992115));
#9523=CARTESIAN_POINT('',(-70.562252010727,107.512241723847,-28.3193556393617));
#9524=CARTESIAN_POINT('',(-70.5411075654242,107.521783824147,-28.0967111931345));
#9525=CARTESIAN_POINT('',(-70.5045997875009,107.495859099507,-27.8709026257441));
#9526=CARTESIAN_POINT('',(-70.4554390057813,107.436761770301,-27.6606660639793));
#9527=CARTESIAN_POINT('',(-70.4062786137228,107.377664909517,-27.4504311686047));
#9528=CARTESIAN_POINT('',(-70.3430908160939,107.283775613755,-27.2499708246795));
#9529=CARTESIAN_POINT('',(-70.2706736484478,107.163059709223,-27.0759268114002));
#9530=CARTESIAN_POINT('',(-70.1982454351518,107.042325392129,-26.9018562515257));
#9531=CARTESIAN_POINT('',(-70.1145663461367,106.891433540936,-26.7494108014932));
#9532=CARTESIAN_POINT('',(-70.0262058689061,106.723039181955,-26.6312628131585));
#9533=CARTESIAN_POINT('',(-69.9378575731519,106.554668038013,-26.5131311128404));
#9534=CARTESIAN_POINT('',(-69.8423790102454,106.364158787278,-26.4260308729608));
#9535=CARTESIAN_POINT('',(-69.7475513679528,106.16735334029,-26.3771975197283));
#9536=CARTESIAN_POINT('',(-69.652751310664,105.970605143265,-26.3283783719342));
#9537=CARTESIAN_POINT('',(-69.5559880528998,105.762138193736,-26.3164566696914));
#9538=CARTESIAN_POINT('',(-69.465430528664,105.559143955703,-26.3423967393815));
#9539=CARTESIAN_POINT('',(-69.3748720985011,105.356147686939,-26.3683370685731));
#9540=CARTESIAN_POINT('',(-69.2880359261556,105.153020963894,-26.4328518235205));
#9541=CARTESIAN_POINT('',(-69.2124802688498,104.966400871388,-26.530552892126));
#9542=CARTESIAN_POINT('',(-69.1369023004594,104.779725671207,-26.6282828112092));
#9543=CARTESIAN_POINT('',(-69.0705474680018,104.604409056769,-26.7619115898517));
#9544=CARTESIAN_POINT('',(-69.0193366195331,104.454768797746,-26.9203288825683));
#9545=CARTESIAN_POINT('',(-68.9681196294916,104.305110592789,-27.0787651738247));
#9546=CARTESIAN_POINT('',(-68.930656234591,104.176998482426,-27.2663662327677));
#9547=CARTESIAN_POINT('',(-68.9103467529711,104.080916314641,-27.4675590724937));
#9548=CARTESIAN_POINT('',(-68.8900422017217,103.984857471955,-27.6687030702431));
#9549=CARTESIAN_POINT('',(-68.8863317441196,103.918159926234,-27.888980489026));
#9550=CARTESIAN_POINT('',(-68.8995543338836,103.886335979166,-28.1101385397569));
#9551=CARTESIAN_POINT('',(-68.9127739279214,103.85451924217,-28.3312464846477));
#9552=CARTESIAN_POINT('',(-68.9432773307837,103.856684202541,-28.5593322435909));
#9553=CARTESIAN_POINT('',(-68.9882918418791,103.892757537645,-28.7755455503013));
#9554=CARTESIAN_POINT('',(-69.03331280611,103.928836044106,-28.9917898526555));
#9555=CARTESIAN_POINT('',(-69.0940730691251,103.99983383061,-29.2021232765635));
#9556=CARTESIAN_POINT('',(-69.1651298372771,104.100060917238,-29.3891944153187));
#9557=CARTESIAN_POINT('',(-69.2362071757401,104.200317018729,-29.5763197095277));
#9558=CARTESIAN_POINT('',(-69.3195270615898,104.332594878876,-29.7453331413312));
#9559=CARTESIAN_POINT('',(-69.4077901570106,104.486127287229,-29.8822877879633));
#9560=CARTESIAN_POINT('',(-69.4960518284145,104.639657218524,-30.0192402249999));
#9561=CARTESIAN_POINT('',(-69.5916763827264,104.818685172429,-30.1279141288009));
#9562=CARTESIAN_POINT('',(-69.6865282115563,105.008476799284,-30.1993270225687));
#9563=CARTESIAN_POINT('',(-69.7813519250031,105.198212169296,-30.2707187485751));
#9564=CARTESIAN_POINT('',(-69.8780152002167,105.403939892215,-30.3068411928039));
#9565=CARTESIAN_POINT('',(-69.9685805598845,105.608588711201,-30.3046958901184));
#9566=CARTESIAN_POINT('',(-70.0591355892497,105.813214186999,-30.302550832136));
#9567=CARTESIAN_POINT('',(-70.1461010712195,106.022398531076,-30.2620881197463));
#9568=CARTESIAN_POINT('',(-70.2226016619147,106.218686814013,-30.1866230975977));
#9569=CARTESIAN_POINT('',(-70.2991210879819,106.415023425502,-30.1111394950466));
#9570=CARTESIAN_POINT('',(-70.3672999433523,106.6038634799,-29.9985531316551));
#9571=CARTESIAN_POINT('',(-70.4219289092807,106.76938604155,-29.8581287053706));
#9572=CARTESIAN_POINT('',(-70.4765700270783,106.93494542265,-29.7176730425574));
#9573=CARTESIAN_POINT('',(-70.5191822792213,107.081734637614,-29.5454884817527));
#9574=CARTESIAN_POINT('',(-70.5465892961645,107.197433207983,-29.3557885875048));
#9575=CARTESIAN_POINT('',(-70.5739922420705,107.313114592491,-29.1661168712723));
#9576=CARTESIAN_POINT('',(-70.586962135101,107.400899657856,-28.9536998848763));
#9577=CARTESIAN_POINT('',(-70.5845443123223,107.453457655671,-28.7361216803081));
#9578=CARTESIAN_POINT('',(-70.5830268220123,107.486444462271,-28.5995637737511));
#9579=CARTESIAN_POINT('',(-70.5755228009753,107.506252859642,-28.4590929416882));
#9580=CARTESIAN_POINT('',(-70.562252010727,107.512241723847,-28.3193556393617));
#9581=CARTESIAN_POINT('',(-70.562252010727,107.512241723847,-28.3193556393617));
#9582=CARTESIAN_POINT('',(-75.5644197318447,122.997462279946,-32.4330922992115));
#9583=CARTESIAN_POINT('',(-75.5535287348368,122.999798533573,-32.2095168353753));
#9584=CARTESIAN_POINT('',(-75.5352531002654,122.964191954759,-31.9828143331026));
#9585=CARTESIAN_POINT('',(-75.5107566800334,122.893671790559,-31.7717766782555));
#9586=CARTESIAN_POINT('',(-75.4862604458709,122.823152162015,-31.5607406264048));
#9587=CARTESIAN_POINT('',(-75.4548472027522,122.715779860256,-31.3595486801396));
#9588=CARTESIAN_POINT('',(-75.4186506520314,122.580541647501,-31.1848783214474));
#9589=CARTESIAN_POINT('',(-75.3824489874941,122.445284328411,-31.0101832854821));
#9590=CARTESIAN_POINT('',(-75.3404422101452,122.278425165305,-30.8571996011853));
#9591=CARTESIAN_POINT('',(-75.295730966552,122.093860833874,-30.738623167046));
#9592=CARTESIAN_POINT('',(-75.2510267164713,121.909325371086,-30.6200652800485));
#9593=CARTESIAN_POINT('',(-75.202372603766,121.702001098037,-30.5326347842388));
#9594=CARTESIAN_POINT('',(-75.1536760625067,121.48909125717,-30.4835855630201));
#9595=CARTESIAN_POINT('',(-75.1049933902157,121.276242053871,-30.4345503112144));
#9596=CARTESIAN_POINT('',(-75.0549273120338,121.051940335462,-30.4225212509878));
#9597=CARTESIAN_POINT('',(-75.007807383241,120.834718979677,-30.4484796166402));
#9598=CARTESIAN_POINT('',(-74.9606859833153,120.617490842017,-30.4744387927397));
#9599=CARTESIAN_POINT('',(-74.9152267274733,120.40135060124,-30.5391009730067));
#9600=CARTESIAN_POINT('',(-74.8756017839588,120.204092323686,-30.6370877309588));
#9601=CARTESIAN_POINT('',(-74.8359650107473,120.006775156316,-30.7351037420417));
#9602=CARTESIAN_POINT('',(-74.8010949763963,119.822904311438,-30.8691664397598));
#9603=CARTESIAN_POINT('',(-74.7743370803333,119.667601432432,-31.0281548277921));
#9604=CARTESIAN_POINT('',(-74.7475765050951,119.512283003489,-31.1871591347794));
#9605=CARTESIAN_POINT('',(-74.7282111857566,119.381249923332,-31.3754812698607));
#9606=CARTESIAN_POINT('',(-74.7181516697898,119.285296269728,-31.5775060576857));
#9607=CARTESIAN_POINT('',(-74.7080947161771,119.189367057383,-31.7794793858738));
#9608=CARTESIAN_POINT('',(-74.7070697646138,119.125851886495,-32.0007198743665));
#9609=CARTESIAN_POINT('',(-74.7151789264647,119.100009350813,-32.2228981501723));
#9610=CARTESIAN_POINT('',(-74.7232863692183,119.074172293605,-32.4450293254159));
#9611=CARTESIAN_POINT('',(-74.7407405897688,119.085279482787,-32.6742232944598));
#9612=CARTESIAN_POINT('',(-74.7658177152742,119.132465778504,-32.891525237482));
#9613=CARTESIAN_POINT('',(-74.7908988958422,119.179659704417,-33.1088623190214));
#9614=CARTESIAN_POINT('',(-74.8242781873423,119.264248487355,-33.3202977338402));
#9615=CARTESIAN_POINT('',(-74.8627422196458,119.37932747082,-33.5083644375848));
#9616=CARTESIAN_POINT('',(-74.9012171366253,119.494439019708,-33.6964843610524));
#9617=CARTESIAN_POINT('',(-74.9458187877594,119.643238948691,-33.8664125027935));
#9618=CARTESIAN_POINT('',(-74.9924279899273,119.813501964236,-34.0041012145319));
#9619=CARTESIAN_POINT('',(-75.0390354520918,119.983758623564,-34.1417847861089));
#9620=CARTESIAN_POINT('',(-75.0889200215897,120.180178853102,-34.2510297752586));
#9621=CARTESIAN_POINT('',(-75.1377334197446,120.386536892864,-34.3227930182401));
#9622=CARTESIAN_POINT('',(-75.1865322121188,120.592833186867,-34.3945347884653));
#9623=CARTESIAN_POINT('',(-75.2356032806688,120.81475204656,-34.430796345417));
#9624=CARTESIAN_POINT('',(-75.280972817508,121.033893597048,-34.4285713446681));
#9625=CARTESIAN_POINT('',(-75.3263380844668,121.253014523385,-34.4263465533214));
#9626=CARTESIAN_POINT('',(-75.3692648599887,121.475397926277,-34.3855821895302));
#9627=CARTESIAN_POINT('',(-75.4065575653447,121.682565670564,-34.3096367001596));
#9628=CARTESIAN_POINT('',(-75.4438598844542,121.889786820997,-34.2336716326647));
#9629=CARTESIAN_POINT('',(-75.4765749326449,122.087494757204,-34.1204117723389));
#9630=CARTESIAN_POINT('',(-75.5024619843976,122.25922908717,-33.9792029194307));
#9631=CARTESIAN_POINT('',(-75.5283544098953,122.430999066482,-33.837964753785));
#9632=CARTESIAN_POINT('',(-75.5481514842949,122.581518101199,-33.6648670255717));
#9633=CARTESIAN_POINT('',(-75.560585003153,122.698235939545,-33.474220974612));
#9634=CARTESIAN_POINT('',(-75.57301644973,122.814934324657,-33.2836066984224));
#9635=CARTESIAN_POINT('',(-75.5784419660055,122.901058673686,-33.0701896731329));
#9636=CARTESIAN_POINT('',(-75.5765261256382,122.949446110674,-32.8516448453828));
#9637=CARTESIAN_POINT('',(-75.5753237010347,122.979815156929,-32.7144811848122));
#9638=CARTESIAN_POINT('',(-75.571254948575,122.995996041376,-32.5734088147513));
#9639=CARTESIAN_POINT('',(-75.5644197318447,122.997462279946,-32.4330922992115));
#9640=CARTESIAN_POINT('',(-75.5644197318447,122.997462279946,-32.4330922992115));
#9641=CARTESIAN_POINT('',(60.,98.310734517782,4.71600349095233));
#9642=CARTESIAN_POINT('',(60.,97.0166392922694,-0.113625640493028));
#9643=CARTESIAN_POINT('',(60.,84.0756870371434,-48.4099169549465));
#9644=CARTESIAN_POINT('',(-2.77555756156289E-14,143.631943460611,-12.6041587473312));
#9645=CARTESIAN_POINT('',(-2.77555756156289E-14,130.690991205485,-60.9004500617846));
#9646=CARTESIAN_POINT('',(-77.,60.2922109375992,-323.632274812411));
#9647=CARTESIAN_POINT('',(77.,60.2922109375992,-323.632274812411));
#9648=CARTESIAN_POINT('',(-2.77555756156289E-14,144.926038686123,-7.77452961588586));
#9649=CARTESIAN_POINT('',(60.,46.2145576878323,-38.2650579212683));
#9650=CARTESIAN_POINT('',(60.,46.2145576878323,-38.2650579212683));
#9651=CARTESIAN_POINT('',(60.,59.1555099429584,10.0312333931852));
#9652=CARTESIAN_POINT('',(60.,59.1555099429584,10.0312333931852));
#9653=CARTESIAN_POINT('',(60.,0.,0.));
#9654=CARTESIAN_POINT('',(60.,24.0963858321151,54.9487414763054));
#9655=CARTESIAN_POINT('',(65.,24.0963858321151,54.9487414763054));
#9656=CARTESIAN_POINT('',(-60.,24.0963858321151,54.9487414763054));
#9657=CARTESIAN_POINT('',(-60.,0.,0.));
#9658=CARTESIAN_POINT('',(-60.,16.583123951777,57.662812973354));
#9659=CARTESIAN_POINT('',(-270.6753695882,16.583123951777,57.662812973354));
#9660=CARTESIAN_POINT('',(-270.6753695882,-16.583123951777,57.662812973354));
#9661=CARTESIAN_POINT('',(-60.,-16.5831239517769,57.662812973354));
#9662=CARTESIAN_POINT('',(-60.,0.,0.));
#9663=CARTESIAN_POINT('',(-60.,-23.3644876608526,55.2639187566885));
#9664=CARTESIAN_POINT('',(65.,-23.3644876608526,55.2639187566885));
#9665=CARTESIAN_POINT('',(60.,-23.3644876608526,55.2639187566885));
#9666=CARTESIAN_POINT('',(60.,0.,0.));
#9667=CARTESIAN_POINT('',(65.,0.,0.));
#9668=CARTESIAN_POINT('',(60.,0.,0.));
#9669=CARTESIAN_POINT('',(60.,0.,-10.));
#9670=CARTESIAN_POINT('',(60.,103.758974621755,-1.92022894712856));
#9671=CARTESIAN_POINT('',(60.,49.2275241398759,-39.0723798489154));
#9672=CARTESIAN_POINT('',(60.,-211.991524326816,459.775904282058));
#9673=CARTESIAN_POINT('',(60.,-24.9999999999999,58.7712862865687));
#9674=CARTESIAN_POINT('',(60.,-238.175369588199,58.7712862865687));
#9675=CARTESIAN_POINT('',(60.,25.1206336270568,58.7712862865685));
#9676=CARTESIAN_POINT('',(60.,25.1703708685546,58.9569081988666));
#9677=CARTESIAN_POINT('',(60.,0.,0.));
#9678=CARTESIAN_POINT('',(-60.,8.74504868198272,-2.34322873210812));
#9679=CARTESIAN_POINT('',(-60.,25.1206336270569,58.7712862865687));
#9680=CARTESIAN_POINT('',(-60.,-238.175369588199,58.7712862865687));
#9681=CARTESIAN_POINT('',(-60.,-25.,58.7712862865689));
#9682=CARTESIAN_POINT('',(-60.,1.97586351630858,0.921360289123756));
#9683=CARTESIAN_POINT('',(-60.,16.583123951777,57.662812973354));
#9684=CARTESIAN_POINT('',(-60.,0.,0.));
#9685=CARTESIAN_POINT('',(270.178456296985,-235.178456296985,509.500440357469));
#9686=CARTESIAN_POINT('',(-148.9463121656,-113.9463121656,249.517268279501));
#9687=CARTESIAN_POINT('',(400.,-211.991524326816,459.775904282058));
#9688=CARTESIAN_POINT('',(-2.8421709430404E-14,80.5862388204994,265.771742941053));
#9689=CARTESIAN_POINT('',(-2.8421709430404E-14,80.0686007302944,263.839891288475));
#9690=CARTESIAN_POINT('',(117.416274075563,58.1131097356892,181.900883391487));
#9691=CARTESIAN_POINT('',(17.5115278653887,-19.4189550595389,-107.452721640027));
#9692=CARTESIAN_POINT('',(400.,25.1703708685546,58.9569081988666));
#9693=CARTESIAN_POINT('',(60.4684610648168,-238.175369588199,59.7759042820575));
#9694=CARTESIAN_POINT('',(-246.991524326816,-238.175369588199,459.775904282057));
#9695=CARTESIAN_POINT('',(65.,49.2275241398759,-39.0723798489154));
#9696=CARTESIAN_POINT('',(65.,103.758974621755,-1.92022894712856));
#9697=CARTESIAN_POINT('',(65.,0.,0.));
#9698=CARTESIAN_POINT('',(-2.8421709430404E-14,85.4158679519449,264.47764771554));
#9699=CARTESIAN_POINT('',(-60.,42.2902230436257,49.3612908554911));
#9700=CARTESIAN_POINT('',(-60.,49.3612908554911,56.4323586673566));
#9701=CARTESIAN_POINT('',(-60.,49.3612908554911,56.4323586673566));
#9702=CARTESIAN_POINT('',(-60.,42.2902230436257,49.3612908554911));
#9703=CARTESIAN_POINT('',(-60.,49.3612908554911,56.4323586673566));
#9704=CARTESIAN_POINT('',(-60.,56.4323586673566,49.3612908554911));
#9705=CARTESIAN_POINT('',(-60.,56.4323586673566,49.3612908554911));
#9706=CARTESIAN_POINT('',(-60.,49.3612908554911,56.4323586673566));
#9707=CARTESIAN_POINT('',(-60.,56.4323586673566,49.3612908554911));
#9708=CARTESIAN_POINT('',(-60.,56.4323586673566,49.3612908554911));
#9709=CARTESIAN_POINT('',(-60.,49.3612908554911,49.3612908554911));
#9710=CARTESIAN_POINT('',(-60.,47.3612908554911,49.3612908554911));
#9711=CARTESIAN_POINT('',(-60.,49.3612908554911,49.3612908554911));
#9712=CARTESIAN_POINT('',(-60.,49.3612908554911,49.3612908554911));
#9713=CARTESIAN_POINT('',(-60.,21.6030203226351,-61.3050529152354));
#9714=CARTESIAN_POINT('',(-60.,24.1912107736603,-70.9643111781261));
#9715=CARTESIAN_POINT('',(-60.,24.1912107736603,-70.9643111781261));
#9716=CARTESIAN_POINT('',(-60.,21.6030203226351,-61.3050529152354));
#9717=CARTESIAN_POINT('',(-60.,24.1912107736603,-70.9643111781261));
#9718=CARTESIAN_POINT('',(-60.,14.5319525107697,-73.5525016291513));
#9719=CARTESIAN_POINT('',(-60.,14.5319525107697,-73.5525016291513));
#9720=CARTESIAN_POINT('',(-60.,24.1912107736603,-70.9643111781261));
#9721=CARTESIAN_POINT('',(-60.,14.5319525107697,-73.5525016291513));
#9722=CARTESIAN_POINT('',(-60.,14.5319525107697,-73.5525016291513));
#9723=CARTESIAN_POINT('',(-60.,18.0674864167024,-67.4287772721934));
#9724=CARTESIAN_POINT('',(-60.,19.0674864167024,-65.6967264646245));
#9725=CARTESIAN_POINT('',(-60.,18.0674864167024,-67.4287772721934));
#9726=CARTESIAN_POINT('',(-60.,18.0674864167024,-67.4287772721934));
#9727=CARTESIAN_POINT('',(-60.,-63.8932433662607,11.9437620597441));
#9728=CARTESIAN_POINT('',(-60.,-73.5525016291514,14.5319525107693));
#9729=CARTESIAN_POINT('',(-60.,-73.5525016291514,14.5319525107693));
#9730=CARTESIAN_POINT('',(-60.,-63.8932433662607,11.9437620597441));
#9731=CARTESIAN_POINT('',(-60.,-73.5525016291514,14.5319525107693));
#9732=CARTESIAN_POINT('',(-60.,-70.9643111781262,24.19121077366));
#9733=CARTESIAN_POINT('',(-60.,-70.9643111781262,24.19121077366));
#9734=CARTESIAN_POINT('',(-60.,-73.5525016291514,14.5319525107693));
#9735=CARTESIAN_POINT('',(-60.,-70.9643111781262,24.19121077366));
#9736=CARTESIAN_POINT('',(-60.,-70.9643111781262,24.19121077366));
#9737=CARTESIAN_POINT('',(-60.,-67.4287772721935,18.067486416702));
#9738=CARTESIAN_POINT('',(-60.,-66.4287772721935,16.3354356091332));
#9739=CARTESIAN_POINT('',(-60.,-67.4287772721935,18.067486416702));
#9740=CARTESIAN_POINT('',(-60.,-67.4287772721935,18.067486416702));
#9741=CARTESIAN_POINT('',(73.4482513843792,101.821394429929,-27.7714231167129));
#9742=CARTESIAN_POINT('',(73.4717381376927,101.81079528899,-27.9937845493784));
#9743=CARTESIAN_POINT('',(73.5122193963315,101.834926943429,-28.2191135846384));
#9744=CARTESIAN_POINT('',(73.5660451202086,101.891919970564,-28.428787527736));
#9745=CARTESIAN_POINT('',(73.6198704679003,101.948912599376,-28.6384600054323));
#9746=CARTESIAN_POINT('',(73.6885064863671,102.040345240004,-28.8382636538556));
#9747=CARTESIAN_POINT('',(73.7658668672918,102.158832645287,-29.0117110001854));
#9748=CARTESIAN_POINT('',(73.8432376524966,102.277335986068,-29.1851816736336));
#9749=CARTESIAN_POINT('',(73.931451015631,102.426179978293,-29.337076334937));
#9750=CARTESIAN_POINT('',(74.0228649905898,102.593193381765,-29.4548530854824));
#9751=CARTESIAN_POINT('',(74.1142678535534,102.760186483613,-29.5726155194567));
#9752=CARTESIAN_POINT('',(74.2113806979037,102.949957642345,-29.6595176380254));
#9753=CARTESIAN_POINT('',(74.3060362672957,103.146840302308,-29.7083716211481));
#9754=CARTESIAN_POINT('',(74.4006675560833,103.343672458852,-29.7572130724753));
#9755=CARTESIAN_POINT('',(74.495453358793,103.553040444187,-29.7693734599169));
#9756=CARTESIAN_POINT('',(74.5826925455386,103.757540800794,-29.7438314459291));
#9757=CARTESIAN_POINT('',(74.6699325022529,103.962042962311,-29.7182892065088));
#9758=CARTESIAN_POINT('',(74.752044147564,104.167310554672,-29.6543395755097));
#9759=CARTESIAN_POINT('',(74.8225852374322,104.356199984593,-29.5572360842666));
#9760=CARTESIAN_POINT('',(74.8931446957906,104.545138600224,-29.4601073078384));
#9761=CARTESIAN_POINT('',(74.9540928266598,104.722892883567,-29.3271262364165));
#9762=CARTESIAN_POINT('',(75.0007866460892,104.874567624508,-29.1692500284613));
#9763=CARTESIAN_POINT('',(75.0474854019584,105.026258400402,-29.0113571299378));
#9764=CARTESIAN_POINT('',(75.0812320032825,105.156040426963,-28.8242045036096));
#9765=CARTESIAN_POINT('',(75.0995056301838,105.253034666487,-28.6232586781878));
#9766=CARTESIAN_POINT('',(75.1177753451826,105.350008142096,-28.4223558699793));
#9767=CARTESIAN_POINT('',(75.1210902349846,105.416878919817,-28.2021224018001));
#9768=CARTESIAN_POINT('',(75.109204654525,105.448093423892,-27.9807991912765));
#9769=CARTESIAN_POINT('',(75.0973214481674,105.479301692983,-27.7595201892697));
#9770=CARTESIAN_POINT('',(75.0699114885361,105.475731956487,-27.5310506962946));
#9771=CARTESIAN_POINT('',(75.029015143812,105.437788115806,-27.3143312524861));
#9772=CARTESIAN_POINT('',(74.9881136286838,105.399839477998,-27.0975844094785));
#9773=CARTESIAN_POINT('',(74.9325791231674,105.326469851644,-26.8866155412573));
#9774=CARTESIAN_POINT('',(74.8666187028147,105.223928444413,-26.6989277426255));
#9775=CARTESIAN_POINT('',(74.8006414463549,105.12136086394,-26.511192037509));
#9776=CARTESIAN_POINT('',(74.7223932877049,104.986785625561,-26.3415734605079));
#9777=CARTESIAN_POINT('',(74.6379742847394,104.831512628929,-26.2041633794912));
#9778=CARTESIAN_POINT('',(74.5535564861907,104.676241847598,-26.0667552589221));
#9779=CARTESIAN_POINT('',(74.460623938602,104.495995743967,-25.957766606382));
#9780=CARTESIAN_POINT('',(74.3666751109041,104.305795661406,-25.8862549415045));
#9781=CARTESIAN_POINT('',(74.2727508399592,104.11564529417,-25.8147619686568));
#9782=CARTESIAN_POINT('',(74.1752167111271,103.910302883096,-25.7787548334928));
#9783=CARTESIAN_POINT('',(74.0822156222499,103.706747084714,-25.7812064476085));
#9784=CARTESIAN_POINT('',(73.9892238835446,103.503211751487,-25.7836578152431));
#9785=CARTESIAN_POINT('',(73.8982093315679,103.29584628433,-25.8246251535289));
#9786=CARTESIAN_POINT('',(73.8170045816695,103.101676074923,-25.9006766026645));
#9787=CARTESIAN_POINT('',(73.7357821982645,102.907463701706,-25.9767445662741));
#9788=CARTESIAN_POINT('',(73.6621518342074,102.721088195325,-26.0900068383489));
#9789=CARTESIAN_POINT('',(73.6026124671842,102.557789789417,-26.231040702959));
#9790=CARTESIAN_POINT('',(73.5430614248155,102.394459361582,-26.3721022235416));
#9791=CARTESIAN_POINT('',(73.4959832961935,102.249701368826,-26.5448364422859));
#9792=CARTESIAN_POINT('',(73.4656117979642,102.135357134725,-26.7349008422039));
#9793=CARTESIAN_POINT('',(73.4352442798406,102.021027885138,-26.9249403346768));
#9794=CARTESIAN_POINT('',(73.4207531194918,101.933945982111,-27.1375476281398));
#9795=CARTESIAN_POINT('',(73.423453845954,101.8812770715,-27.3550954713812));
#9796=CARTESIAN_POINT('',(73.4251483379917,101.848231499907,-27.491589519682));
#9797=CARTESIAN_POINT('',(73.4335153361163,101.828044538198,-27.6319092060503));
#9798=CARTESIAN_POINT('',(73.4482513843792,101.821394429929,-27.7714231167129));
#9799=CARTESIAN_POINT('',(73.4482513843792,101.821394429929,-27.7714231167129));
#9800=CARTESIAN_POINT('',(79.6079863122409,118.039071130248,-32.1524521744473));
#9801=CARTESIAN_POINT('',(79.6215726062225,118.036156702067,-32.3758726388365));
#9802=CARTESIAN_POINT('',(79.6442700483544,118.070814734095,-32.6023216487516));
#9803=CARTESIAN_POINT('',(79.6738688860047,118.140241009056,-32.8130671975502));
#9804=CARTESIAN_POINT('',(79.7034675254146,118.209666819029,-33.0238113348648));
#9805=CARTESIAN_POINT('',(79.7407641623478,118.315778625854,-33.2246668682526));
#9806=CARTESIAN_POINT('',(79.7822340177123,118.449887337965,-33.3990349226371));
#9807=CARTESIAN_POINT('',(79.8237090390988,118.584012756394,-33.5734246985638));
#9808=CARTESIAN_POINT('',(79.8704825101979,118.749847581169,-33.726132022616));
#9809=CARTESIAN_POINT('',(79.9183264274353,118.933736873774,-33.8445266460752));
#9810=CARTESIAN_POINT('',(79.9661637461873,119.117600804935,-33.9629049409133));
#9811=CARTESIAN_POINT('',(80.0163790381302,119.324589937417,-34.0502455829771));
#9812=CARTESIAN_POINT('',(80.0646958886794,119.5375812096,-34.0993167034371));
#9813=CARTESIAN_POINT('',(80.1130006047407,119.750518990299,-34.1483754999789));
#9814=CARTESIAN_POINT('',(80.1607414915103,119.975327911282,-34.1605376115235));
#9815=CARTESIAN_POINT('',(80.2041387777841,120.193356194234,-34.1347897390278));
#9816=CARTESIAN_POINT('',(80.2475372590136,120.411390480652,-34.1090411575577));
#9817=CARTESIAN_POINT('',(80.2878029233681,120.628652782962,-34.0446711867663));
#9818=CARTESIAN_POINT('',(80.3219906508483,120.82708313182,-33.946988211708));
#9819=CARTESIAN_POINT('',(80.3561873784785,121.025565718807,-33.8492795209473));
#9820=CARTESIAN_POINT('',(80.3852669405849,121.210676291983,-33.7155440917152));
#9821=CARTESIAN_POINT('',(80.4072528640834,121.366998975671,-33.5568255373489));
#9822=CARTESIAN_POINT('',(80.4292407280441,121.52333545629,-33.3980929745944));
#9823=CARTESIAN_POINT('',(80.4447583637666,121.655187244521,-33.2099913769507));
#9824=CARTESIAN_POINT('',(80.4528057583162,121.751566558607,-33.0080833407817));
#9825=CARTESIAN_POINT('',(80.4608513453067,121.847924224531,-32.8062206560239));
#9826=CARTESIAN_POINT('',(80.4616595929862,121.911481273365,-32.5849885342303));
#9827=CARTESIAN_POINT('',(80.455179507414,121.936968832668,-32.3627128775295));
#9828=CARTESIAN_POINT('',(80.4487006329807,121.962451628303,-32.140478764528));
#9829=CARTESIAN_POINT('',(80.4347514710516,121.950584456089,-31.911073818691));
#9830=CARTESIAN_POINT('',(80.4142266451483,121.902410410073,-31.6935023534643));
#9831=CARTESIAN_POINT('',(80.3936988923583,121.854229494328,-31.4758998620536));
#9832=CARTESIAN_POINT('',(80.366010304549,121.768407601713,-31.2641346226631));
#9833=CARTESIAN_POINT('',(80.3330288789064,121.652139463138,-31.0757531504863));
#9834=CARTESIAN_POINT('',(80.3000392242204,121.535842315036,-30.8873246761174));
#9835=CARTESIAN_POINT('',(80.2608229638343,121.385879543304,-30.7170954971646));
#9836=CARTESIAN_POINT('',(80.218225841987,121.214750900227,-30.5791857199372));
#9837=CARTESIAN_POINT('',(80.1756301240448,121.043627897164,-30.4412804879047));
#9838=CARTESIAN_POINT('',(80.1284630517608,120.846621560597,-30.3318897988393));
#9839=CARTESIAN_POINT('',(80.0804299379472,120.640095042136,-30.260091835527));
#9840=CARTESIAN_POINT('',(80.0324094978284,120.433623016374,-30.188312816343));
#9841=CARTESIAN_POINT('',(79.9821960093544,120.211941612442,-30.1521269298732));
#9842=CARTESIAN_POINT('',(79.9340331417145,119.993393040893,-30.1545243745446));
#9843=CARTESIAN_POINT('',(79.8858742689056,119.774862596683,-30.1569216203619));
#9844=CARTESIAN_POINT('',(79.8384483929669,119.553436511706,-30.1979597468971));
#9845=CARTESIAN_POINT('',(79.7960145023447,119.347367172843,-30.2742183291782));
#9846=CARTESIAN_POINT('',(79.7535709641371,119.141250982949,-30.3504942492797));
#9847=CARTESIAN_POINT('',(79.7149707832089,118.944809920605,-30.4641085127827));
#9848=CARTESIAN_POINT('',(79.683846381888,118.774206939128,-30.6056332385829));
#9849=CARTESIAN_POINT('',(79.6527162851807,118.603572739382,-30.7471838616845));
#9850=CARTESIAN_POINT('',(79.6282262051879,118.454075114392,-30.9205601020712));
#9851=CARTESIAN_POINT('',(79.612755086342,118.338024114818,-31.1113859439367));
#9852=CARTESIAN_POINT('',(79.5972862421907,118.221990178043,-31.3021837289735));
#9853=CARTESIAN_POINT('',(79.590418872234,118.136190274195,-31.5156896758472));
#9854=CARTESIAN_POINT('',(79.592830076985,118.087711965589,-31.7342096842774));
#9855=CARTESIAN_POINT('',(79.5943429080755,118.057295845828,-31.8713128740937));
#9856=CARTESIAN_POINT('',(79.5994622798601,118.040899640673,-32.0122783142642));
#9857=CARTESIAN_POINT('',(79.6079863122409,118.039071130248,-32.1524521744473));
#9858=CARTESIAN_POINT('',(79.6079863122409,118.039071130248,-32.1524521744473));
#9859=CARTESIAN_POINT('',(82.,60.2922109375993,-323.632274812411));
#9860=CARTESIAN_POINT('',(0.,60.2922109375994,-323.632274812411));
#9861=CARTESIAN_POINT('',(82.,60.2922109375992,-323.632274812411));
#9862=CARTESIAN_POINT('',(-82.,60.2922109375992,-323.632274812411));
#9863=CARTESIAN_POINT('',(-77.,60.2922109375992,-323.632274812411));
#9864=CARTESIAN_POINT('',(-75.0935950968178,105.467329710202,-27.7714231167129));
#9865=CARTESIAN_POINT('',(-75.1148076007577,105.457756896287,-27.993999448906));
#9866=CARTESIAN_POINT('',(-75.1212072648544,105.412490608711,-28.2195557272527));
#9867=CARTESIAN_POINT('',(-75.1123199246083,105.335252757781,-28.4294060603695));
#9868=CARTESIAN_POINT('',(-75.1034325964583,105.258015011976,-28.6392561078673));
#9869=CARTESIAN_POINT('',(-75.0790096213475,105.146678257226,-28.8391874284012));
#9870=CARTESIAN_POINT('',(-75.0408671911201,105.010557232074,-29.0126749436337));
#9871=CARTESIAN_POINT('',(-75.0027217213754,104.874425359627,-29.1861762838459));
#9872=CARTESIAN_POINT('',(-74.9497882909401,104.709759250189,-29.3380164154508));
#9873=CARTESIAN_POINT('',(-74.8860677014171,104.530358141624,-29.4556795249198));
#9874=CARTESIAN_POINT('',(-74.8223303785598,104.350909921462,-29.573373533289));
#9875=CARTESIAN_POINT('',(-74.7460224611146,104.151777804241,-29.6601208937227));
#9876=CARTESIAN_POINT('',(-74.6630736520583,103.949620987884,-29.7087840864547));
#9877=CARTESIAN_POINT('',(-74.5801230760281,103.747459865187,-29.757448315809));
#9878=CARTESIAN_POINT('',(-74.4882268660467,103.536703086898,-29.769369780564));
#9879=CARTESIAN_POINT('',(-74.3947739918671,103.334911760282,-29.7435832409932));
#9880=CARTESIAN_POINT('',(-74.3013447725951,103.133171511338,-29.7178032285434));
#9881=CARTESIAN_POINT('',(-74.2037778216138,102.934829610003,-29.6536235797043));
#9882=CARTESIAN_POINT('',(-74.1101922905033,102.756297654168,-29.5563567034692));
#9883=CARTESIAN_POINT('',(-74.0166191552915,102.577789345836,-29.4591027107464));
#9884=CARTESIAN_POINT('',(-73.9244542275246,102.4141591892,-29.3260888772035));
#9885=CARTESIAN_POINT('',(-73.8416068832687,102.278820098077,-29.1682942802063));
#9886=CARTESIAN_POINT('',(-73.7587433960752,102.143454635916,-29.0104689366794));
#9887=CARTESIAN_POINT('',(-73.682933317015,102.032649954897,-28.823499408803));
#9888=CARTESIAN_POINT('',(-73.6208529155755,101.955392440308,-28.6228098348034));
#9889=CARTESIAN_POINT('',(-73.5587589678942,101.878118067759,-28.4220764693746));
#9890=CARTESIAN_POINT('',(-73.5087072301476,101.832266043837,-28.2020767157901));
#9891=CARTESIAN_POINT('',(-73.4751921424202,101.821480399495,-27.9809856038958));
#9892=CARTESIAN_POINT('',(-73.4416803728336,101.810695822978,-27.7599163809923));
#9893=CARTESIAN_POINT('',(-73.4237904097762,101.834668716797,-27.5316552578221));
#9894=CARTESIAN_POINT('',(-73.4231455837408,101.891352818909,-27.3150970811726));
#9895=CARTESIAN_POINT('',(-73.4225009265188,101.948022081308,-27.0985955987482));
#9896=CARTESIAN_POINT('',(-73.4390746088299,102.038947791143,-26.8878197221379));
#9897=CARTESIAN_POINT('',(-73.4713631921903,102.1566564394,-26.7002381817724));
#9898=CARTESIAN_POINT('',(-73.5036512629241,102.274363218866,-26.5126596195278));
#9899=CARTESIAN_POINT('',(-73.5525313450969,102.422101940621,-26.3431031398498));
#9900=CARTESIAN_POINT('',(-73.6136148688726,102.587798299511,-26.2056380816293));
#9901=CARTESIAN_POINT('',(-73.6747139580314,102.753536881363,-26.0681379943839));
#9902=CARTESIAN_POINT('',(-73.7496887390606,102.941821773639,-25.9589556509401));
#9903=CARTESIAN_POINT('',(-73.8319295131389,103.137252112667,-25.8871776050682));
#9904=CARTESIAN_POINT('',(-73.9141807979104,103.332707428458,-25.8153903856808));
#9905=CARTESIAN_POINT('',(-74.0059518064523,103.540710812639,-25.7790400080462));
#9906=CARTESIAN_POINT('',(-74.0993518857034,103.744164285222,-25.7811775007269));
#9907=CARTESIAN_POINT('',(-74.1927334176626,103.947577356222,-25.7833145689465));
#9908=CARTESIAN_POINT('',(-74.290310928612,104.152057675837,-25.8239850180884));
#9909=CARTESIAN_POINT('',(-74.3839525699404,104.34068659002,-25.8998265025741));
#9910=CARTESIAN_POINT('',(-74.477574084024,104.529274960485,-25.9756516857639));
#9911=CARTESIAN_POINT('',(-74.5698474839663,104.707217784691,-26.0887222046331));
#9912=CARTESIAN_POINT('',(-74.6533488511245,104.859689379225,-26.2296475548108));
#9913=CARTESIAN_POINT('',(-74.7368589083468,105.012176841617,-26.3705875712193));
#9914=CARTESIAN_POINT('',(-74.8139132830678,105.143386398589,-26.5432716739952));
#9915=CARTESIAN_POINT('',(-74.878519867137,105.242290243383,-26.7333623440694));
#9916=CARTESIAN_POINT('',(-74.9431432966147,105.341219876194,-26.9235025780546));
#9917=CARTESIAN_POINT('',(-74.9971143676336,105.410546515768,-27.1363011201129));
#9918=CARTESIAN_POINT('',(-75.0363481577987,105.444354494139,-27.3540952861807));
#9919=CARTESIAN_POINT('',(-75.0609925894809,105.465590739982,-27.490901172735));
#9920=CARTESIAN_POINT('',(-75.0802659904074,105.473344891421,-27.6315648696786));
#9921=CARTESIAN_POINT('',(-75.0935950968178,105.467329710202,-27.7714231167129));
#9922=CARTESIAN_POINT('',(-75.0935950968178,105.467329710202,-27.7714231167129));
#9923=CARTESIAN_POINT('',(-80.4469502030106,121.950099075684,-32.1524521744473));
#9924=CARTESIAN_POINT('',(-80.4579229351482,121.94774528886,-32.3759601670051));
#9925=CARTESIAN_POINT('',(-80.4617736251734,121.907413713107,-32.6025083074917));
#9926=CARTESIAN_POINT('',(-80.4582591068782,121.832426259024,-32.8133312042359));
#9927=CARTESIAN_POINT('',(-80.4547445913981,121.757438865005,-33.0241539321177));
#9928=CARTESIAN_POINT('',(-80.4437646383754,121.645729100292,-33.225065147762));
#9929=CARTESIAN_POINT('',(-80.426018974409,121.506594473904,-33.3994449941398));
#9930=CARTESIAN_POINT('',(-80.4082721186526,121.367450503303,-33.5738365517822));
#9931=CARTESIAN_POINT('',(-80.3832538824948,121.197045676549,-33.7265036010733));
#9932=CARTESIAN_POINT('',(-80.3526308958654,121.009569538292,-33.8448393145959));
#9933=CARTESIAN_POINT('',(-80.3219998068237,120.82204379648,-33.9632063380872));
#9934=CARTESIAN_POINT('',(-80.2848950300626,120.612269569869,-34.0504896107722));
#9935=CARTESIAN_POINT('',(-80.2439665221681,120.397702090048,-34.0994852590764));
#9936=CARTESIAN_POINT('',(-80.2030363795327,120.183126040106,-34.1484828643344));
#9937=CARTESIAN_POINT('',(-80.157135571695,119.957839600238,-34.1605411016553));
#9938=CARTESIAN_POINT('',(-80.1098125990245,119.740560545528,-34.1346708146863));
#9939=CARTESIAN_POINT('',(-80.0625013112518,119.523335140946,-34.1088069155591));
#9940=CARTESIAN_POINT('',(-80.0124576898136,119.308122464628,-34.0443198267646));
#9941=CARTESIAN_POINT('',(-79.9638520975824,119.112743843401,-33.9465503714324));
#9942=CARTESIAN_POINT('',(-79.9152537164015,118.917394208244,-33.8487954210248));
#9943=CARTESIAN_POINT('',(-79.8667609306309,118.736483720919,-33.7150732502915));
#9944=CARTESIAN_POINT('',(-79.8226796087057,118.584920530133,-33.5564392400835));
#9945=CARTESIAN_POINT('',(-79.7785902790705,118.433329806731,-33.3977764127916));
#9946=CARTESIAN_POINT('',(-79.7377165645927,118.306912198082,-33.2098170218514));
#9947=CARTESIAN_POINT('',(-79.7038726999003,118.216034831299,-33.0080909546151));
#9948=CARTESIAN_POINT('',(-79.6700211085425,118.125136716915,-32.8063188326553));
#9949=CARTESIAN_POINT('',(-79.642289675313,118.067283988016,-32.585205988849));
#9950=CARTESIAN_POINT('',(-79.6233582935028,118.047189260976,-32.3630389540215));
#9951=CARTESIAN_POINT('',(-79.6044284518799,118.027096168768,-32.1408899938821));
#9952=CARTESIAN_POINT('',(-79.5937892485641,118.044198908866,-31.9115571119856));
#9953=CARTESIAN_POINT('',(-79.5924879957582,118.097048561636,-31.6940313601939));
#9954=CARTESIAN_POINT('',(-79.5911870866826,118.149884253989,-31.4765630685748));
#9955=CARTESIAN_POINT('',(-79.5991842249565,118.239904593865,-31.264897659514));
#9956=CARTESIAN_POINT('',(-79.6156915833575,118.359679038616,-31.0765698864329));
#9957=CARTESIAN_POINT('',(-79.6321983712172,118.479449343622,-30.8882486224948));
#9958=CARTESIAN_POINT('',(-79.6576572159474,118.632275548145,-30.7180706265663));
#9959=CARTESIAN_POINT('',(-79.6896005681283,118.80558454551,-30.5801361778538));
#9960=CARTESIAN_POINT('',(-79.7215518734801,118.978936692889,-30.442167386589));
#9961=CARTESIAN_POINT('',(-79.76085175712,119.177566934809,-30.3326540991509));
#9962=CARTESIAN_POINT('',(-79.8038104914416,119.385129839485,-30.2606858559759));
#9963=CARTESIAN_POINT('',(-79.8467754083068,119.592722616239,-30.1887072552611));
#9964=CARTESIAN_POINT('',(-79.8945663760476,119.814982461588,-30.152301172052));
#9965=CARTESIAN_POINT('',(-79.942902286578,120.033569834452,-30.1545066608445));
#9966=CARTESIAN_POINT('',(-79.9912292229937,120.252116624069,-30.1567117401627));
#9967=CARTESIAN_POINT('',(-80.0414242029543,120.473023517043,-30.1975763530757));
#9968=CARTESIAN_POINT('',(-80.0892615962768,120.678003327753,-30.2737203969085));
#9969=CARTESIAN_POINT('',(-80.1370882084086,120.882936941833,-30.349847280035));
#9970=CARTESIAN_POINT('',(-80.1838810959978,121.077601596773,-30.463335830801));
#9971=CARTESIAN_POINT('',(-80.2259843546488,121.245836584465,-30.604774078349));
#9972=CARTESIAN_POINT('',(-80.268091258394,121.414086137119,-30.7462245709285));
#9973=CARTESIAN_POINT('',(-80.3066848229577,121.560538167265,-30.919527975394));
#9974=CARTESIAN_POINT('',(-80.3389793474282,121.672989400641,-31.1103182502086));
#9975=CARTESIAN_POINT('',(-80.371282380537,121.785470261543,-31.3011587925362));
#9976=CARTESIAN_POINT('',(-80.3981950420943,121.867030073268,-31.5147583909723));
#9977=CARTESIAN_POINT('',(-80.4179078280298,121.910824384352,-31.7334110996236));
#9978=CARTESIAN_POINT('',(-80.4302908835928,121.938334822971,-31.8707630015358));
#9979=CARTESIAN_POINT('',(-80.4400550961153,121.951578161436,-32.0120029698812));
#9980=CARTESIAN_POINT('',(-80.4469502030106,121.950099075684,-32.1524521744473));
#9981=CARTESIAN_POINT('',(-80.4469502030106,121.950099075684,-32.1524521744473));
#9982=CARTESIAN_POINT('',(0.,60.2922109375994,-323.632274812411));
#9983=CARTESIAN_POINT('',(-80.0497567070453,119.98980395476,-32.1511710696467));
#9984=CARTESIAN_POINT('',(-74.2917938745646,103.634943535799,-27.7688994280623));
#9985=CARTESIAN_POINT('',(80.0497567070453,119.98980395476,-32.1511710696467));
#9986=CARTESIAN_POINT('',(74.2917938745646,103.634943535799,-27.7688994280623));
#9987=CARTESIAN_POINT('',(-270.6753695882,16.583123951777,57.662812973354));
#9988=CARTESIAN_POINT('',(-200.,-200.,0.));
#9989=CARTESIAN_POINT('',(-200.,-200.,0.));
#9990=CARTESIAN_POINT('',(-200.,-200.,380.));
#9991=CARTESIAN_POINT('',(-220.,-200.,380.));
#9992=CARTESIAN_POINT('',(-220.,-200.,380.));
#9993=CARTESIAN_POINT('',(-220.,-200.,0.));
#9994=CARTESIAN_POINT('',(-220.,-200.,0.));
#9995=CARTESIAN_POINT('',(-220.,-200.,0.));
#9996=CARTESIAN_POINT('',(-220.,-200.,0.));
#9997=CARTESIAN_POINT('',(-200.,-200.,380.));
#9998=CARTESIAN_POINT('',(-200.,200.,380.));
#9999=CARTESIAN_POINT('',(-220.,200.,380.));
#10000=CARTESIAN_POINT('',(-220.,200.,380.));
#10001=CARTESIAN_POINT('',(-220.,-200.,380.));
#10002=CARTESIAN_POINT('',(-220.,-200.,380.));
#10003=CARTESIAN_POINT('',(-200.,200.,380.));
#10004=CARTESIAN_POINT('',(-200.,200.,5.55111512312578E-14));
#10005=CARTESIAN_POINT('',(-220.,200.,5.55111512312578E-14));
#10006=CARTESIAN_POINT('',(-220.,200.,5.55111512312578E-14));
#10007=CARTESIAN_POINT('',(-220.,200.,380.));
#10008=CARTESIAN_POINT('',(-220.,200.,380.));
#10009=CARTESIAN_POINT('',(-200.,200.,3.67394039744206E-14));
#10010=CARTESIAN_POINT('',(-220.,200.,3.67394039744206E-14));
#10011=CARTESIAN_POINT('',(-220.,200.,3.67394039744206E-14));
#10012=CARTESIAN_POINT('',(-220.,0.,0.));
#10013=CARTESIAN_POINT('',(-200.,0.,0.));
#10014=CARTESIAN_POINT('',(-200.,-200.,-21.));
#10015=CARTESIAN_POINT('',(-200.,-200.,-1.));
#10016=CARTESIAN_POINT('',(-200.,-200.,-21.));
#10017=CARTESIAN_POINT('',(0.,-200.,-1.));
#10018=CARTESIAN_POINT('',(-220.,-200.,-1.));
#10019=CARTESIAN_POINT('',(-220.,-200.,-21.));
#10020=CARTESIAN_POINT('',(-220.,-200.,-21.));
#10021=CARTESIAN_POINT('',(0.,-200.,-21.));
#10022=CARTESIAN_POINT('',(0.,-200.,235.));
#10023=CARTESIAN_POINT('',(-220.,-220.,-1.));
#10024=CARTESIAN_POINT('',(-220.,200.,-1.));
#10025=CARTESIAN_POINT('',(-220.,200.,-21.));
#10026=CARTESIAN_POINT('',(-220.,200.,-21.));
#10027=CARTESIAN_POINT('',(-220.,-220.,-21.));
#10028=CARTESIAN_POINT('',(-220.,-220.,-21.));
#10029=CARTESIAN_POINT('',(-200.,-200.,-1.));
#10030=CARTESIAN_POINT('',(-200.,200.,-1.));
#10031=CARTESIAN_POINT('',(-200.,-200.,-21.));
#10032=CARTESIAN_POINT('',(-200.,200.,-21.));
#10033=CARTESIAN_POINT('',(-200.,200.,-21.));
#10034=CARTESIAN_POINT('',(-200.,-200.,-21.));
#10035=CARTESIAN_POINT('',(0.,200.,-1.));
#10036=CARTESIAN_POINT('',(0.,0.,-1.));
#10037=CARTESIAN_POINT('',(0.,200.,-21.));
#10038=CARTESIAN_POINT('',(0.,0.,-21.));
#10039=CARTESIAN_POINT('',(0.,200.,235.));
#10040=CARTESIAN_POINT('',(220.,-220.,0.));
#10041=CARTESIAN_POINT('',(220.,-220.,0.));
#10042=CARTESIAN_POINT('',(220.,220.,0.));
#10043=CARTESIAN_POINT('',(220.,-220.,-1.));
#10044=CARTESIAN_POINT('',(220.,-220.,-1.));
#10045=CARTESIAN_POINT('',(220.,-220.,-1.));
#10046=CARTESIAN_POINT('',(220.,220.,-1.));
#10047=CARTESIAN_POINT('',(220.,220.,-1.));
#10048=CARTESIAN_POINT('',(220.,-220.,-1.));
#10049=CARTESIAN_POINT('',(220.,220.,0.));
#10050=CARTESIAN_POINT('',(-220.,220.,0.));
#10051=CARTESIAN_POINT('',(220.,220.,-1.));
#10052=CARTESIAN_POINT('',(-220.,220.,-1.));
#10053=CARTESIAN_POINT('',(-220.,220.,-1.));
#10054=CARTESIAN_POINT('',(220.,220.,-1.));
#10055=CARTESIAN_POINT('',(-220.,220.,0.));
#10056=CARTESIAN_POINT('',(-220.,-220.,0.));
#10057=CARTESIAN_POINT('',(-220.,220.,-1.));
#10058=CARTESIAN_POINT('',(-220.,-220.,-1.));
#10059=CARTESIAN_POINT('',(-220.,-220.,-1.));
#10060=CARTESIAN_POINT('',(-220.,220.,-1.));
#10061=CARTESIAN_POINT('',(-220.,-220.,0.));
#10062=CARTESIAN_POINT('',(-220.,-220.,-1.));
#10063=CARTESIAN_POINT('',(-220.,-220.,-1.));
#10064=CARTESIAN_POINT('',(0.,0.,-1.));
#10065=CARTESIAN_POINT('',(0.,0.,0.));
#10066=CARTESIAN_POINT('',(0.,-200.,-21.));
#10067=CARTESIAN_POINT('',(200.000000000001,-200.,-21.));
#10068=CARTESIAN_POINT('',(220.,-200.,-21.));
#10069=CARTESIAN_POINT('',(220.,-200.,-21.));
#10070=CARTESIAN_POINT('',(220.,-200.,-1.));
#10071=CARTESIAN_POINT('',(0.,-200.,-1.));
#10072=CARTESIAN_POINT('',(200.,-200.,-1.));
#10073=CARTESIAN_POINT('',(200.000000000001,-200.,-21.));
#10074=CARTESIAN_POINT('',(0.,-200.,235.));
#10075=CARTESIAN_POINT('',(200.,200.,-1.));
#10076=CARTESIAN_POINT('',(200.,200.,-1.));
#10077=CARTESIAN_POINT('',(200.,200.,-21.));
#10078=CARTESIAN_POINT('',(200.,200.,-21.));
#10079=CARTESIAN_POINT('',(200.,200.,-21.));
#10080=CARTESIAN_POINT('',(200.,200.,-21.));
#10081=CARTESIAN_POINT('',(220.,220.,-21.));
#10082=CARTESIAN_POINT('',(220.,200.,-21.));
#10083=CARTESIAN_POINT('',(220.,200.,-21.));
#10084=CARTESIAN_POINT('',(220.,200.,-1.));
#10085=CARTESIAN_POINT('',(220.,220.,-1.));
#10086=CARTESIAN_POINT('',(220.,220.,-21.));
#10087=CARTESIAN_POINT('',(0.,200.,-1.));
#10088=CARTESIAN_POINT('',(0.,0.,-1.));
#10089=CARTESIAN_POINT('',(0.,200.,-21.));
#10090=CARTESIAN_POINT('',(0.,0.,-21.));
#10091=CARTESIAN_POINT('',(0.,200.,235.));
#10092=CARTESIAN_POINT('',(-70.,-200.,410.));
#10093=CARTESIAN_POINT('',(-70.,-200.,410.));
#10094=CARTESIAN_POINT('',(-70.,-200.,450.));
#10095=CARTESIAN_POINT('',(-70.,-220.,450.));
#10096=CARTESIAN_POINT('',(-70.,-220.,450.));
#10097=CARTESIAN_POINT('',(-70.,-220.,410.));
#10098=CARTESIAN_POINT('',(-70.,-220.,410.));
#10099=CARTESIAN_POINT('',(-70.,-220.,410.));
#10100=CARTESIAN_POINT('',(-70.,-220.,410.));
#10101=CARTESIAN_POINT('',(-70.,-200.,450.));
#10102=CARTESIAN_POINT('',(69.9999999999999,-200.,450.));
#10103=CARTESIAN_POINT('',(69.9999999999999,-220.,450.));
#10104=CARTESIAN_POINT('',(69.9999999999999,-220.,450.));
#10105=CARTESIAN_POINT('',(-70.,-220.,450.));
#10106=CARTESIAN_POINT('',(-70.,-220.,450.));
#10107=CARTESIAN_POINT('',(69.9999999999999,-200.,450.));
#10108=CARTESIAN_POINT('',(69.9999999999999,-200.,410.));
#10109=CARTESIAN_POINT('',(69.9999999999999,-220.,410.));
#10110=CARTESIAN_POINT('',(69.9999999999999,-220.,410.));
#10111=CARTESIAN_POINT('',(69.9999999999999,-220.,450.));
#10112=CARTESIAN_POINT('',(69.9999999999999,-220.,450.));
#10113=CARTESIAN_POINT('',(-220.,-200.,380.));
#10114=CARTESIAN_POINT('',(-220.,-200.,380.));
#10115=CARTESIAN_POINT('',(-220.,-200.,0.));
#10116=CARTESIAN_POINT('',(-220.,-220.,0.));
#10117=CARTESIAN_POINT('',(-220.,-220.,0.));
#10118=CARTESIAN_POINT('',(-220.,-220.,380.));
#10119=CARTESIAN_POINT('',(-220.,-220.,380.));
#10120=CARTESIAN_POINT('',(-220.,-220.,380.));
#10121=CARTESIAN_POINT('',(-220.,-220.,380.));
#10122=CARTESIAN_POINT('',(-220.,-200.,-2.54627497320795E-14));
#10123=CARTESIAN_POINT('',(220.,-200.,2.8421709430404E-14));
#10124=CARTESIAN_POINT('',(220.,-220.,2.8421709430404E-14));
#10125=CARTESIAN_POINT('',(220.,-220.,2.8421709430404E-14));
#10126=CARTESIAN_POINT('',(-220.,-220.,-2.54627497320795E-14));
#10127=CARTESIAN_POINT('',(-220.,-220.,-2.54627497320795E-14));
#10128=CARTESIAN_POINT('',(220.,-200.,0.));
#10129=CARTESIAN_POINT('',(220.,-200.,380.));
#10130=CARTESIAN_POINT('',(220.,-220.,380.));
#10131=CARTESIAN_POINT('',(220.,-220.,380.));
#10132=CARTESIAN_POINT('',(220.,-220.,0.));
#10133=CARTESIAN_POINT('',(220.,-220.,0.));
#10134=CARTESIAN_POINT('',(220.,-200.,380.));
#10135=CARTESIAN_POINT('',(130.,-200.,470.));
#10136=CARTESIAN_POINT('',(130.,-220.,470.));
#10137=CARTESIAN_POINT('',(130.,-220.,470.));
#10138=CARTESIAN_POINT('',(220.,-220.,380.));
#10139=CARTESIAN_POINT('',(220.,-220.,380.));
#10140=CARTESIAN_POINT('',(130.,-200.,470.));
#10141=CARTESIAN_POINT('',(-130.,-200.,470.));
#10142=CARTESIAN_POINT('',(-130.,-220.,470.));
#10143=CARTESIAN_POINT('',(-130.,-220.,470.));
#10144=CARTESIAN_POINT('',(130.,-220.,470.));
#10145=CARTESIAN_POINT('',(130.,-220.,470.));
#10146=CARTESIAN_POINT('',(-130.,-200.,470.));
#10147=CARTESIAN_POINT('',(-130.,-220.,470.));
#10148=CARTESIAN_POINT('',(-130.,-220.,470.));
#10149=CARTESIAN_POINT('',(69.9999999999999,-200.,410.));
#10150=CARTESIAN_POINT('',(69.9999999999999,-220.,410.));
#10151=CARTESIAN_POINT('',(69.9999999999999,-220.,410.));
#10152=CARTESIAN_POINT('',(0.,-220.,0.));
#10153=CARTESIAN_POINT('',(0.,-200.,0.));
#10154=CARTESIAN_POINT('',(220.,220.,-21.));
#10155=CARTESIAN_POINT('',(220.,220.,-21.));
#10156=CARTESIAN_POINT('',(220.,200.,-21.));
#10157=CARTESIAN_POINT('',(0.,200.,-21.));
#10158=CARTESIAN_POINT('',(-220.,200.,-21.));
#10159=CARTESIAN_POINT('',(-220.,-220.,-21.));
#10160=CARTESIAN_POINT('',(-220.,220.,-21.));
#10161=CARTESIAN_POINT('',(-220.,220.,-21.));
#10162=CARTESIAN_POINT('',(0.,0.,-21.));
#10163=CARTESIAN_POINT('',(-200.,200.,-1.));
#10164=CARTESIAN_POINT('',(-220.,200.,-1.));
#10165=CARTESIAN_POINT('',(220.,200.,-1.));
#10166=CARTESIAN_POINT('',(220.,220.,-1.));
#10167=CARTESIAN_POINT('',(220.,220.,-1.));
#10168=CARTESIAN_POINT('',(-220.,220.,-1.));
#10169=CARTESIAN_POINT('',(-220.,220.,-1.));
#10170=CARTESIAN_POINT('',(-220.,-220.,-1.));
#10171=CARTESIAN_POINT('',(0.,0.,-1.));
#10172=CARTESIAN_POINT('',(220.,200.,-21.));
#10173=CARTESIAN_POINT('',(220.,220.,-21.));
#10174=CARTESIAN_POINT('',(220.,220.,-21.));
#10175=CARTESIAN_POINT('',(-220.,200.,-21.));
#10176=CARTESIAN_POINT('',(-220.,220.,-21.));
#10177=CARTESIAN_POINT('',(-220.,-220.,-21.));
#10178=CARTESIAN_POINT('',(-220.,220.,-21.));
#10179=CARTESIAN_POINT('',(-200.,200.,-21.));
#10180=CARTESIAN_POINT('',(-70.,200.,450.));
#10181=CARTESIAN_POINT('',(-70.,200.,410.));
#10182=CARTESIAN_POINT('',(-70.,200.,450.));
#10183=CARTESIAN_POINT('',(-70.,220.,410.));
#10184=CARTESIAN_POINT('',(-70.,220.,410.));
#10185=CARTESIAN_POINT('',(-70.,220.,450.));
#10186=CARTESIAN_POINT('',(-70.,220.,450.));
#10187=CARTESIAN_POINT('',(-70.,220.,450.));
#10188=CARTESIAN_POINT('',(-70.,220.,450.));
#10189=CARTESIAN_POINT('',(-70.,200.,410.));
#10190=CARTESIAN_POINT('',(69.9999999999999,200.,410.));
#10191=CARTESIAN_POINT('',(69.9999999999999,220.,410.));
#10192=CARTESIAN_POINT('',(69.9999999999999,220.,410.));
#10193=CARTESIAN_POINT('',(-70.,220.,410.));
#10194=CARTESIAN_POINT('',(-70.,220.,410.));
#10195=CARTESIAN_POINT('',(69.9999999999999,200.,410.));
#10196=CARTESIAN_POINT('',(69.9999999999999,200.,450.));
#10197=CARTESIAN_POINT('',(69.9999999999999,220.,450.));
#10198=CARTESIAN_POINT('',(69.9999999999999,220.,450.));
#10199=CARTESIAN_POINT('',(69.9999999999999,220.,410.));
#10200=CARTESIAN_POINT('',(69.9999999999999,220.,410.));
#10201=CARTESIAN_POINT('',(-220.,200.,-2.54627497320795E-14));
#10202=CARTESIAN_POINT('',(-220.,200.,380.));
#10203=CARTESIAN_POINT('',(-220.,200.,-2.54627497320795E-14));
#10204=CARTESIAN_POINT('',(-220.,220.,380.));
#10205=CARTESIAN_POINT('',(-220.,220.,380.));
#10206=CARTESIAN_POINT('',(-220.,220.,-2.54627497320795E-14));
#10207=CARTESIAN_POINT('',(-220.,220.,-2.54627497320795E-14));
#10208=CARTESIAN_POINT('',(-220.,220.,-2.54627497320795E-14));
#10209=CARTESIAN_POINT('',(-220.,220.,-2.54627497320795E-14));
#10210=CARTESIAN_POINT('',(-220.,200.,380.));
#10211=CARTESIAN_POINT('',(-130.,200.,470.));
#10212=CARTESIAN_POINT('',(-130.,220.,470.));
#10213=CARTESIAN_POINT('',(-130.,220.,470.));
#10214=CARTESIAN_POINT('',(-220.,220.,380.));
#10215=CARTESIAN_POINT('',(-220.,220.,380.));
#10216=CARTESIAN_POINT('',(-130.,200.,470.));
#10217=CARTESIAN_POINT('',(130.,200.,470.));
#10218=CARTESIAN_POINT('',(130.,220.,470.));
#10219=CARTESIAN_POINT('',(130.,220.,470.));
#10220=CARTESIAN_POINT('',(-130.,220.,470.));
#10221=CARTESIAN_POINT('',(-130.,220.,470.));
#10222=CARTESIAN_POINT('',(130.,200.,470.));
#10223=CARTESIAN_POINT('',(220.,200.,380.));
#10224=CARTESIAN_POINT('',(220.,220.,380.));
#10225=CARTESIAN_POINT('',(220.,220.,380.));
#10226=CARTESIAN_POINT('',(130.,220.,470.));
#10227=CARTESIAN_POINT('',(130.,220.,470.));
#10228=CARTESIAN_POINT('',(220.,200.,380.));
#10229=CARTESIAN_POINT('',(220.,200.,0.));
#10230=CARTESIAN_POINT('',(220.,220.,0.));
#10231=CARTESIAN_POINT('',(220.,220.,0.));
#10232=CARTESIAN_POINT('',(220.,220.,380.));
#10233=CARTESIAN_POINT('',(220.,220.,380.));
#10234=CARTESIAN_POINT('',(220.,200.,2.8421709430404E-14));
#10235=CARTESIAN_POINT('',(220.,220.,2.8421709430404E-14));
#10236=CARTESIAN_POINT('',(220.,220.,2.8421709430404E-14));
#10237=CARTESIAN_POINT('',(69.9999999999999,200.,450.));
#10238=CARTESIAN_POINT('',(69.9999999999999,220.,450.));
#10239=CARTESIAN_POINT('',(69.9999999999999,220.,450.));
#10240=CARTESIAN_POINT('',(0.,220.,0.));
#10241=CARTESIAN_POINT('',(0.,200.,0.));
#10242=CARTESIAN_POINT('',(200.,-200.,0.));
#10243=CARTESIAN_POINT('',(200.,-200.,0.));
#10244=CARTESIAN_POINT('',(200.,-200.,380.));
#10245=CARTESIAN_POINT('',(220.,-200.,0.));
#10246=CARTESIAN_POINT('',(220.,-200.,0.));
#10247=CARTESIAN_POINT('',(220.,-200.,0.));
#10248=CARTESIAN_POINT('',(220.,-200.,380.));
#10249=CARTESIAN_POINT('',(220.,-200.,380.));
#10250=CARTESIAN_POINT('',(220.,-200.,0.));
#10251=CARTESIAN_POINT('',(200.,-200.,380.));
#10252=CARTESIAN_POINT('',(200.,200.,380.));
#10253=CARTESIAN_POINT('',(220.,-200.,380.));
#10254=CARTESIAN_POINT('',(220.,200.,380.));
#10255=CARTESIAN_POINT('',(220.,200.,380.));
#10256=CARTESIAN_POINT('',(220.,-200.,380.));
#10257=CARTESIAN_POINT('',(200.,200.,380.));
#10258=CARTESIAN_POINT('',(200.,200.,5.55111512312578E-14));
#10259=CARTESIAN_POINT('',(220.,200.,380.));
#10260=CARTESIAN_POINT('',(220.,200.,5.55111512312578E-14));
#10261=CARTESIAN_POINT('',(220.,200.,5.55111512312578E-14));
#10262=CARTESIAN_POINT('',(220.,200.,380.));
#10263=CARTESIAN_POINT('',(200.,200.,3.67394039744206E-14));
#10264=CARTESIAN_POINT('',(220.,200.,3.67394039744206E-14));
#10265=CARTESIAN_POINT('',(220.,200.,3.67394039744206E-14));
#10266=CARTESIAN_POINT('',(220.,0.,0.));
#10267=CARTESIAN_POINT('',(200.,0.,0.));
#10268=CARTESIAN_POINT('',(-220.,-200.,-21.));
#10269=CARTESIAN_POINT('',(-220.,-200.,-21.));
#10270=CARTESIAN_POINT('',(-220.,-200.,-1.));
#10271=CARTESIAN_POINT('',(-220.,-220.,-21.));
#10272=CARTESIAN_POINT('',(-220.,-220.,-21.));
#10273=CARTESIAN_POINT('',(-220.,-220.,-21.));
#10274=CARTESIAN_POINT('',(-220.,-220.,-1.));
#10275=CARTESIAN_POINT('',(-220.,-220.,-1.));
#10276=CARTESIAN_POINT('',(-220.,-220.,-21.));
#10277=CARTESIAN_POINT('',(220.,-200.,-21.));
#10278=CARTESIAN_POINT('',(220.,-200.,-1.));
#10279=CARTESIAN_POINT('',(220.,-200.,-21.));
#10280=CARTESIAN_POINT('',(220.,220.,-1.));
#10281=CARTESIAN_POINT('',(220.,-220.,-1.));
#10282=CARTESIAN_POINT('',(220.,-220.,-21.));
#10283=CARTESIAN_POINT('',(220.,-220.,-21.));
#10284=CARTESIAN_POINT('',(220.,220.,-21.));
#10285=CARTESIAN_POINT('',(220.,220.,-21.));
#10286=CARTESIAN_POINT('',(0.,-200.,-21.));
#10287=CARTESIAN_POINT('',(220.,-220.,-21.));
#10288=CARTESIAN_POINT('',(0.,0.,-21.));
#10289=CARTESIAN_POINT('',(200.000000000001,-200.,-1.));
#10290=CARTESIAN_POINT('',(220.,-220.,-1.));
#10291=CARTESIAN_POINT('',(0.,0.,-1.));
#10292=CARTESIAN_POINT('',(200.000000000001,-200.,-21.));
#10293=CARTESIAN_POINT('',(220.,-220.,-21.));
#10294=CARTESIAN_POINT('',(0.,120.,0.));
#10295=CARTESIAN_POINT('',(-9.6352549156242,120.,-2.67616567329821));
#10296=CARTESIAN_POINT('',(-7.1352549156242,120.,-7.00629269222039));
#10297=CARTESIAN_POINT('',(-9.6352549156242,120.,-2.67616567329821));
#10298=CARTESIAN_POINT('',(-9.6352549156242,0.,-2.67616567329821));
#10299=CARTESIAN_POINT('',(0.,0.,0.));
#10300=CARTESIAN_POINT('',(-7.13525491562419,0.,-7.00629269222039));
#10301=CARTESIAN_POINT('',(-7.1352549156242,120.,-7.00629269222039));
#10302=CARTESIAN_POINT('',(0.,120.,0.));
#10303=CARTESIAN_POINT('',(7.13525491562423,120.,-7.00629269222035));
#10304=CARTESIAN_POINT('',(9.63525491562422,120.,-2.67616567329817));
#10305=CARTESIAN_POINT('',(7.13525491562423,120.,-7.00629269222035));
#10306=CARTESIAN_POINT('',(7.13525491562423,0.,-7.00629269222035));
#10307=CARTESIAN_POINT('',(0.,0.,0.));
#10308=CARTESIAN_POINT('',(9.63525491562421,0.,-2.67616567329819));
#10309=CARTESIAN_POINT('',(9.63525491562422,120.,-2.67616567329817));
#10310=CARTESIAN_POINT('',(0.,120.,0.));
#10311=CARTESIAN_POINT('',(2.49999999999999,120.,9.68245836551855));
#10312=CARTESIAN_POINT('',(-2.49999999999999,120.,9.68245836551855));
#10313=CARTESIAN_POINT('',(2.49999999999999,120.,9.68245836551855));
#10314=CARTESIAN_POINT('',(2.49999999999999,0.,9.68245836551855));
#10315=CARTESIAN_POINT('',(0.,0.,0.));
#10316=CARTESIAN_POINT('',(-2.49999999999999,0.,9.68245836551855));
#10317=CARTESIAN_POINT('',(-2.49999999999999,120.,9.68245836551855));
#10318=CARTESIAN_POINT('',(0.,175.,0.));
#10319=CARTESIAN_POINT('',(10.,175.,6.12323399573677E-16));
#10320=CARTESIAN_POINT('',(0.,-5.,0.));
#10321=CARTESIAN_POINT('',(10.,-5.,6.12323399573677E-16));
#10322=CARTESIAN_POINT('',(0.,120.,0.));
#10323=CARTESIAN_POINT('',(9.63525491562421,120.,2.67616567329819));
#10324=CARTESIAN_POINT('',(7.13525491562422,120.,7.00629269222037));
#10325=CARTESIAN_POINT('',(9.63525491562421,120.,2.67616567329819));
#10326=CARTESIAN_POINT('',(9.63525491562421,0.,2.67616567329819));
#10327=CARTESIAN_POINT('',(0.,0.,0.));
#10328=CARTESIAN_POINT('',(7.13525491562422,0.,7.00629269222036));
#10329=CARTESIAN_POINT('',(7.13525491562422,120.,7.00629269222037));
#10330=CARTESIAN_POINT('',(0.,120.,0.));
#10331=CARTESIAN_POINT('',(-2.49999999999997,120.,-9.68245836551855));
#10332=CARTESIAN_POINT('',(2.50000000000001,120.,-9.68245836551855));
#10333=CARTESIAN_POINT('',(-2.49999999999997,120.,-9.68245836551855));
#10334=CARTESIAN_POINT('',(-2.49999999999997,0.,-9.68245836551855));
#10335=CARTESIAN_POINT('',(0.,0.,0.));
#10336=CARTESIAN_POINT('',(2.50000000000001,0.,-9.68245836551854));
#10337=CARTESIAN_POINT('',(2.50000000000001,120.,-9.68245836551855));
#10338=CARTESIAN_POINT('',(0.,120.,0.));
#10339=CARTESIAN_POINT('',(-7.13525491562425,120.,7.00629269222033));
#10340=CARTESIAN_POINT('',(-9.63525491562423,120.,2.67616567329814));
#10341=CARTESIAN_POINT('',(-7.13525491562425,120.,7.00629269222033));
#10342=CARTESIAN_POINT('',(-7.13525491562425,0.,7.00629269222033));
#10343=CARTESIAN_POINT('',(0.,0.,0.));
#10344=CARTESIAN_POINT('',(-9.63525491562422,0.,2.67616567329815));
#10345=CARTESIAN_POINT('',(-9.63525491562423,120.,2.67616567329814));
#10346=CARTESIAN_POINT('',(-9.79795897113271,162.5,2.));
#10347=CARTESIAN_POINT('',(-9.79795897113271,162.721341955564,2.));
#10348=CARTESIAN_POINT('',(-9.80588048846098,162.945726198576,1.96217401561562));
#10349=CARTESIAN_POINT('',(-9.81979270029921,163.154468239756,1.88988659002344));
#10350=CARTESIAN_POINT('',(-9.83369810214541,163.363108102242,1.8176345489407));
#10351=CARTESIAN_POINT('',(-9.85383239187527,163.561854110666,1.70907609706515));
#10352=CARTESIAN_POINT('',(-9.8754899993473,163.735031468105,1.57311705629028));
#10353=CARTESIAN_POINT('',(-9.89742180881892,163.910401384336,1.43543666929143));
#10354=CARTESIAN_POINT('',(-9.92135465766686,164.064392171427,1.26588049919709));
#10355=CARTESIAN_POINT('',(-9.94173102827426,164.184641160174,1.0779536916996));
#10356=CARTESIAN_POINT('',(-9.96228141136528,164.305917065125,0.888422005141944));
#10357=CARTESIAN_POINT('',(-9.97963086536575,164.396198625918,0.674820685016902));
#10358=CARTESIAN_POINT('',(-9.98964274411475,164.447552863222,0.455014115116763));
#10359=CARTESIAN_POINT('',(-9.99952171482099,164.498225371218,0.238125485168377));
#10360=CARTESIAN_POINT('',(-10.0024527904799,164.512361945609,0.00912027026272856));
#10361=CARTESIAN_POINT('',(-9.9977415841544,164.488677144116,-0.212516391061491));
#10362=CARTESIAN_POINT('',(-9.99309688139244,164.465326678161,-0.431024421041287));
#10363=CARTESIAN_POINT('',(-9.98094966794857,164.404647714235,-0.648340130496185));
#10364=CARTESIAN_POINT('',(-9.96407552985597,164.311850204811,-0.846875926759867));
#10365=CARTESIAN_POINT('',(-9.94709242012763,164.218453417585,-1.04669384898194));
#10366=CARTESIAN_POINT('',(-9.92498684141419,164.090065053069,-1.23293885675322));
#10367=CARTESIAN_POINT('',(-9.90277219672972,163.936975010334,-1.39107973160304));
#10368=CARTESIAN_POINT('',(-9.88017136970626,163.781223629926,-1.55196974846293));
#10369=CARTESIAN_POINT('',(-9.85699572830847,163.595571691504,-1.68820749796481));
#10370=CARTESIAN_POINT('',(-9.8387474408185,163.394958772354,-1.7885884925794));
#10371=CARTESIAN_POINT('',(-9.82046376321772,163.193956791301,-1.88916416269568));
#10372=CARTESIAN_POINT('',(-9.80678265888681,162.972216656202,-1.95648429885614));
#10373=CARTESIAN_POINT('',(-9.80111056862534,162.748532449429,-1.98449782604584));
#10374=CARTESIAN_POINT('',(-9.79553571776294,162.528682969687,-2.01203110372893));
#10375=CARTESIAN_POINT('',(-9.79759279349659,162.300852522955,-2.00234335393575));
#10376=CARTESIAN_POINT('',(-9.80677589867615,162.084243428368,-1.95630940117982));
#10377=CARTESIAN_POINT('',(-9.81587257767773,161.869672935734,-1.9107086938802));
#10378=CARTESIAN_POINT('',(-9.83210670648812,161.660272952265,-1.82829930401371));
#10379=CARTESIAN_POINT('',(-9.85167225348254,161.47265089184,-1.71597022408964));
#10380=CARTESIAN_POINT('',(-9.87149493590189,161.282563054288,-1.60216488665499));
#10381=CARTESIAN_POINT('',(-9.89512012301898,161.109624517411,-1.45459649952352));
#10382=CARTESIAN_POINT('',(-9.91709785134491,160.967410755241,-1.28497867953141));
#10383=CARTESIAN_POINT('',(-9.93941017985905,160.823031857945,-1.11277851100661));
#10384=CARTESIAN_POINT('',(-9.96048065340359,160.706341735139,-0.912998110637533));
#10385=CARTESIAN_POINT('',(-9.9753293198456,160.627249338708,-0.702000684208202));
#10386=CARTESIAN_POINT('',(-9.99008997996154,160.548625713749,-0.492253815085192));
#10387=CARTESIAN_POINT('',(-9.99899431090479,160.505029420207,-0.265489806487132));
#10388=CARTESIAN_POINT('',(-9.99991572614746,160.500421411884,-0.0410544753806342));
#10389=CARTESIAN_POINT('',(-10.0008211536086,160.495893358643,0.179486603835298));
#10390=CARTESIAN_POINT('',(-9.99404838174364,160.528858356273,0.40384943287318));
#10391=CARTESIAN_POINT('',(-9.98116635467892,160.59640293135,0.613447797473783));
#10392=CARTESIAN_POINT('',(-9.96831148081388,160.663805133543,0.822604363107868));
#10393=CARTESIAN_POINT('',(-9.94913088895736,160.767375628313,1.02275084194623));
#10394=CARTESIAN_POINT('',(-9.92795837077099,160.89863888777,1.19818303620037));
#10395=CARTESIAN_POINT('',(-9.90644182553587,161.032035011696,1.37646578509864));
#10396=CARTESIAN_POINT('',(-9.88242839812516,161.197668700365,1.53412425867269));
#10397=CARTESIAN_POINT('',(-9.86149586134528,161.382368297099,1.65858354527891));
#10398=CARTESIAN_POINT('',(-9.84034847099854,161.568963668223,1.78432029394993));
#10399=CARTESIAN_POINT('',(-9.82193041538859,161.780317129445,1.87962941450323));
#10400=CARTESIAN_POINT('',(-9.81076777353766,161.998837046176,1.93619102717549));
#10401=CARTESIAN_POINT('',(-9.8024472066467,162.161720493344,1.97835171708968));
#10402=CARTESIAN_POINT('',(-9.79795897113273,162.331542964028,2.));
#10403=CARTESIAN_POINT('',(-9.79795897113271,162.5,2.));
#10404=CARTESIAN_POINT('',(-9.79795897113271,162.5,2.));
#10405=CARTESIAN_POINT('',(9.79795897113271,162.5,2.));
#10406=CARTESIAN_POINT('',(9.79795897113271,162.278658044436,2.));
#10407=CARTESIAN_POINT('',(9.80588048846098,162.054273801423,1.96217401561562));
#10408=CARTESIAN_POINT('',(9.81979270029921,161.845531760244,1.88988659002344));
#10409=CARTESIAN_POINT('',(9.83369810214541,161.636891897758,1.8176345489407));
#10410=CARTESIAN_POINT('',(9.85383239187527,161.438145889334,1.70907609706515));
#10411=CARTESIAN_POINT('',(9.8754899993473,161.264968531895,1.57311705629028));
#10412=CARTESIAN_POINT('',(9.89742180881892,161.089598615664,1.43543666929143));
#10413=CARTESIAN_POINT('',(9.92135465766686,160.935607828573,1.26588049919709));
#10414=CARTESIAN_POINT('',(9.94173102827426,160.815358839826,1.0779536916996));
#10415=CARTESIAN_POINT('',(9.96228141136528,160.694082934875,0.888422005141944));
#10416=CARTESIAN_POINT('',(9.97963086536575,160.603801374082,0.674820685016903));
#10417=CARTESIAN_POINT('',(9.98964274411475,160.552447136778,0.455014115116763));
#10418=CARTESIAN_POINT('',(9.99952171482099,160.501774628782,0.238125485168378));
#10419=CARTESIAN_POINT('',(10.0024527904799,160.487638054391,0.00912027026272918));
#10420=CARTESIAN_POINT('',(9.9977415841544,160.511322855884,-0.21251639106149));
#10421=CARTESIAN_POINT('',(9.99309688139244,160.534673321839,-0.431024421041286));
#10422=CARTESIAN_POINT('',(9.98094966794857,160.595352285765,-0.648340130496185));
#10423=CARTESIAN_POINT('',(9.96407552985597,160.688149795189,-0.846875926759867));
#10424=CARTESIAN_POINT('',(9.94709242012763,160.781546582415,-1.04669384898194));
#10425=CARTESIAN_POINT('',(9.92498684141419,160.909934946931,-1.23293885675322));
#10426=CARTESIAN_POINT('',(9.90277219672972,161.063024989666,-1.39107973160304));
#10427=CARTESIAN_POINT('',(9.88017136970626,161.218776370074,-1.55196974846293));
#10428=CARTESIAN_POINT('',(9.85699572830847,161.404428308496,-1.68820749796481));
#10429=CARTESIAN_POINT('',(9.8387474408185,161.605041227646,-1.7885884925794));
#10430=CARTESIAN_POINT('',(9.82046376321772,161.806043208699,-1.88916416269568));
#10431=CARTESIAN_POINT('',(9.80678265888681,162.027783343798,-1.95648429885614));
#10432=CARTESIAN_POINT('',(9.80111056862534,162.251467550571,-1.98449782604584));
#10433=CARTESIAN_POINT('',(9.79553571776294,162.471317030313,-2.01203110372893));
#10434=CARTESIAN_POINT('',(9.79759279349659,162.699147477045,-2.00234335393575));
#10435=CARTESIAN_POINT('',(9.80677589867615,162.915756571632,-1.95630940117982));
#10436=CARTESIAN_POINT('',(9.81587257767773,163.130327064266,-1.9107086938802));
#10437=CARTESIAN_POINT('',(9.83210670648812,163.339727047735,-1.82829930401371));
#10438=CARTESIAN_POINT('',(9.85167225348254,163.52734910816,-1.71597022408964));
#10439=CARTESIAN_POINT('',(9.87149493590189,163.717436945711,-1.60216488665499));
#10440=CARTESIAN_POINT('',(9.89512012301898,163.890375482589,-1.45459649952352));
#10441=CARTESIAN_POINT('',(9.91709785134491,164.032589244759,-1.28497867953141));
#10442=CARTESIAN_POINT('',(9.93941017985905,164.176968142055,-1.11277851100661));
#10443=CARTESIAN_POINT('',(9.96048065340359,164.293658264861,-0.912998110637533));
#10444=CARTESIAN_POINT('',(9.9753293198456,164.372750661292,-0.702000684208202));
#10445=CARTESIAN_POINT('',(9.99008997996154,164.451374286251,-0.492253815085192));
#10446=CARTESIAN_POINT('',(9.99899431090479,164.494970579793,-0.265489806487132));
#10447=CARTESIAN_POINT('',(9.99991572614746,164.499578588116,-0.0410544753806343));
#10448=CARTESIAN_POINT('',(10.0008211536086,164.504106641357,0.179486603835298));
#10449=CARTESIAN_POINT('',(9.99404838174364,164.471141643727,0.40384943287318));
#10450=CARTESIAN_POINT('',(9.98116635467892,164.40359706865,0.613447797473783));
#10451=CARTESIAN_POINT('',(9.96831148081388,164.336194866457,0.822604363107868));
#10452=CARTESIAN_POINT('',(9.94913088895736,164.232624371687,1.02275084194622));
#10453=CARTESIAN_POINT('',(9.92795837077099,164.10136111223,1.19818303620037));
#10454=CARTESIAN_POINT('',(9.90644182553587,163.967964988304,1.37646578509864));
#10455=CARTESIAN_POINT('',(9.88242839812516,163.802331299635,1.53412425867269));
#10456=CARTESIAN_POINT('',(9.86149586134528,163.617631702901,1.65858354527891));
#10457=CARTESIAN_POINT('',(9.84034847099854,163.431036331777,1.78432029394993));
#10458=CARTESIAN_POINT('',(9.82193041538859,163.219682870555,1.87962941450323));
#10459=CARTESIAN_POINT('',(9.81076777353766,163.001162953823,1.93619102717549));
#10460=CARTESIAN_POINT('',(9.8024472066467,162.838279506656,1.97835171708968));
#10461=CARTESIAN_POINT('',(9.7979589711327,162.668457035972,2.));
#10462=CARTESIAN_POINT('',(9.79795897113271,162.5,2.));
#10463=CARTESIAN_POINT('',(9.79795897113271,162.5,2.));
#10464=CARTESIAN_POINT('',(0.,175.,0.));
#10465=CARTESIAN_POINT('',(0.,175.,0.));
#10466=CARTESIAN_POINT('',(0.,-5.,0.));
#10467=CARTESIAN_POINT('',(2.49999999999999,0.,9.68245836551855));
#10468=CARTESIAN_POINT('',(2.5,0.,59.947894041409));
#10469=CARTESIAN_POINT('',(2.49999999999999,120.,9.68245836551855));
#10470=CARTESIAN_POINT('',(2.5,120.,59.947894041409));
#10471=CARTESIAN_POINT('',(2.5,120.,59.947894041409));
#10472=CARTESIAN_POINT('',(2.49999999999999,120.,9.68245836551855));
#10473=CARTESIAN_POINT('',(2.5,0.,59.947894041409));
#10474=CARTESIAN_POINT('',(-2.5,0.,59.947894041409));
#10475=CARTESIAN_POINT('',(2.5,120.,59.947894041409));
#10476=CARTESIAN_POINT('',(-2.5,120.,59.947894041409));
#10477=CARTESIAN_POINT('',(-2.5,120.,59.947894041409));
#10478=CARTESIAN_POINT('',(2.5,120.,59.947894041409));
#10479=CARTESIAN_POINT('',(-2.5,0.,59.947894041409));
#10480=CARTESIAN_POINT('',(-2.5,120.,59.947894041409));
#10481=CARTESIAN_POINT('',(-2.5,120.,59.947894041409));
#10482=CARTESIAN_POINT('',(0.,120.,0.));
#10483=CARTESIAN_POINT('',(0.,0.,0.));
#10484=CARTESIAN_POINT('',(9.63525491562421,0.,2.67616567329819));
#10485=CARTESIAN_POINT('',(53.1663991432379,0.,27.8088835112434));
#10486=CARTESIAN_POINT('',(9.63525491562421,120.,2.67616567329819));
#10487=CARTESIAN_POINT('',(53.1663991432379,120.,27.8088835112434));
#10488=CARTESIAN_POINT('',(53.1663991432379,120.,27.8088835112434));
#10489=CARTESIAN_POINT('',(9.63525491562421,120.,2.67616567329819));
#10490=CARTESIAN_POINT('',(53.1663991432379,0.,27.8088835112434));
#10491=CARTESIAN_POINT('',(50.6663991432379,0.,32.1390105301656));
#10492=CARTESIAN_POINT('',(53.1663991432379,120.,27.8088835112434));
#10493=CARTESIAN_POINT('',(50.6663991432379,120.,32.1390105301656));
#10494=CARTESIAN_POINT('',(50.6663991432379,120.,32.1390105301656));
#10495=CARTESIAN_POINT('',(53.1663991432379,120.,27.8088835112434));
#10496=CARTESIAN_POINT('',(50.6663991432379,0.,32.1390105301656));
#10497=CARTESIAN_POINT('',(50.6663991432379,120.,32.1390105301656));
#10498=CARTESIAN_POINT('',(50.6663991432379,120.,32.1390105301656));
#10499=CARTESIAN_POINT('',(0.,120.,0.));
#10500=CARTESIAN_POINT('',(0.,0.,0.));
#10501=CARTESIAN_POINT('',(7.13525491562423,0.,-7.00629269222035));
#10502=CARTESIAN_POINT('',(50.666399143238,0.,-32.1390105301655));
#10503=CARTESIAN_POINT('',(7.13525491562423,120.,-7.00629269222035));
#10504=CARTESIAN_POINT('',(50.666399143238,120.,-32.1390105301655));
#10505=CARTESIAN_POINT('',(50.666399143238,120.,-32.1390105301655));
#10506=CARTESIAN_POINT('',(7.13525491562423,120.,-7.00629269222035));
#10507=CARTESIAN_POINT('',(50.666399143238,0.,-32.1390105301655));
#10508=CARTESIAN_POINT('',(53.166399143238,0.,-27.8088835112433));
#10509=CARTESIAN_POINT('',(50.666399143238,120.,-32.1390105301655));
#10510=CARTESIAN_POINT('',(53.166399143238,120.,-27.8088835112433));
#10511=CARTESIAN_POINT('',(53.166399143238,120.,-27.8088835112433));
#10512=CARTESIAN_POINT('',(50.666399143238,120.,-32.1390105301655));
#10513=CARTESIAN_POINT('',(53.166399143238,0.,-27.8088835112433));
#10514=CARTESIAN_POINT('',(53.166399143238,120.,-27.8088835112433));
#10515=CARTESIAN_POINT('',(53.166399143238,120.,-27.8088835112433));
#10516=CARTESIAN_POINT('',(0.,120.,0.));
#10517=CARTESIAN_POINT('',(0.,0.,0.));
#10518=CARTESIAN_POINT('',(-2.49999999999997,0.,-9.68245836551855));
#10519=CARTESIAN_POINT('',(-2.49999999999986,0.,-59.947894041409));
#10520=CARTESIAN_POINT('',(-2.49999999999997,120.,-9.68245836551855));
#10521=CARTESIAN_POINT('',(-2.49999999999986,120.,-59.947894041409));
#10522=CARTESIAN_POINT('',(-2.49999999999986,120.,-59.947894041409));
#10523=CARTESIAN_POINT('',(-2.49999999999997,120.,-9.68245836551855));
#10524=CARTESIAN_POINT('',(-2.49999999999986,0.,-59.947894041409));
#10525=CARTESIAN_POINT('',(2.50000000000014,0.,-59.947894041409));
#10526=CARTESIAN_POINT('',(-2.49999999999986,120.,-59.947894041409));
#10527=CARTESIAN_POINT('',(2.50000000000014,120.,-59.947894041409));
#10528=CARTESIAN_POINT('',(2.50000000000014,120.,-59.947894041409));
#10529=CARTESIAN_POINT('',(-2.49999999999986,120.,-59.947894041409));
#10530=CARTESIAN_POINT('',(2.50000000000014,0.,-59.947894041409));
#10531=CARTESIAN_POINT('',(2.50000000000014,120.,-59.947894041409));
#10532=CARTESIAN_POINT('',(2.50000000000014,120.,-59.947894041409));
#10533=CARTESIAN_POINT('',(0.,120.,0.));
#10534=CARTESIAN_POINT('',(0.,0.,0.));
#10535=CARTESIAN_POINT('',(-9.6352549156242,0.,-2.67616567329821));
#10536=CARTESIAN_POINT('',(-53.1663991432379,0.,-27.8088835112436));
#10537=CARTESIAN_POINT('',(-9.6352549156242,120.,-2.67616567329821));
#10538=CARTESIAN_POINT('',(-53.1663991432379,120.,-27.8088835112436));
#10539=CARTESIAN_POINT('',(-53.1663991432379,120.,-27.8088835112436));
#10540=CARTESIAN_POINT('',(-9.6352549156242,120.,-2.67616567329821));
#10541=CARTESIAN_POINT('',(-53.1663991432379,0.,-27.8088835112436));
#10542=CARTESIAN_POINT('',(-50.6663991432379,0.,-32.1390105301657));
#10543=CARTESIAN_POINT('',(-53.1663991432379,120.,-27.8088835112436));
#10544=CARTESIAN_POINT('',(-50.6663991432379,120.,-32.1390105301657));
#10545=CARTESIAN_POINT('',(-50.6663991432379,120.,-32.1390105301657));
#10546=CARTESIAN_POINT('',(-53.1663991432379,120.,-27.8088835112436));
#10547=CARTESIAN_POINT('',(-50.6663991432379,0.,-32.1390105301657));
#10548=CARTESIAN_POINT('',(-50.6663991432379,120.,-32.1390105301657));
#10549=CARTESIAN_POINT('',(-50.6663991432379,120.,-32.1390105301657));
#10550=CARTESIAN_POINT('',(0.,120.,0.));
#10551=CARTESIAN_POINT('',(0.,0.,0.));
#10552=CARTESIAN_POINT('',(-7.13525491562425,0.,7.00629269222033));
#10553=CARTESIAN_POINT('',(-50.6663991432381,0.,32.1390105301654));
#10554=CARTESIAN_POINT('',(-7.13525491562425,120.,7.00629269222033));
#10555=CARTESIAN_POINT('',(-50.6663991432381,120.,32.1390105301654));
#10556=CARTESIAN_POINT('',(-50.6663991432381,120.,32.1390105301654));
#10557=CARTESIAN_POINT('',(-7.13525491562425,120.,7.00629269222033));
#10558=CARTESIAN_POINT('',(-50.6663991432381,0.,32.1390105301654));
#10559=CARTESIAN_POINT('',(-53.1663991432381,0.,27.8088835112432));
#10560=CARTESIAN_POINT('',(-50.6663991432381,120.,32.1390105301654));
#10561=CARTESIAN_POINT('',(-53.1663991432381,120.,27.8088835112432));
#10562=CARTESIAN_POINT('',(-53.1663991432381,120.,27.8088835112432));
#10563=CARTESIAN_POINT('',(-50.6663991432381,120.,32.1390105301654));
#10564=CARTESIAN_POINT('',(-53.1663991432381,0.,27.8088835112432));
#10565=CARTESIAN_POINT('',(-53.1663991432381,120.,27.8088835112432));
#10566=CARTESIAN_POINT('',(-53.1663991432381,120.,27.8088835112432));
#10567=CARTESIAN_POINT('',(0.,120.,0.));
#10568=CARTESIAN_POINT('',(0.,0.,0.));
#10569=CARTESIAN_POINT('',(58.4830390575618,162.5,0.));
#10570=CARTESIAN_POINT('',(0.,-25.,0.));
#10571=CARTESIAN_POINT('',(12.5,-25.,-7.65404249467096E-16));
#10572=CARTESIAN_POINT('',(0.,-20.,0.));
#10573=CARTESIAN_POINT('',(-6.61877280390294,-20.,-10.6038599844733));
#10574=CARTESIAN_POINT('',(-6.61877280390294,-20.,10.6038599844733));
#10575=CARTESIAN_POINT('',(-6.61877280390294,-25.,-10.6038599844733));
#10576=CARTESIAN_POINT('',(-6.61877280390294,0.,-10.6038599844733));
#10577=CARTESIAN_POINT('',(0.,0.,0.));
#10578=CARTESIAN_POINT('',(-6.61877280390294,0.,10.6038599844733));
#10579=CARTESIAN_POINT('',(-6.61877280390294,-25.,10.6038599844733));
#10580=CARTESIAN_POINT('',(-2.,-12.5,-12.3389626792531));
#10581=CARTESIAN_POINT('',(-2.,-12.2777529181862,-12.3389626792531));
#10582=CARTESIAN_POINT('',(-1.96187824226912,-12.0524475402138,-12.3453018594499));
#10583=CARTESIAN_POINT('',(-1.88894049620397,-11.8428061155179,-12.3564519099052));
#10584=CARTESIAN_POINT('',(-1.81602551051612,-11.6332301098701,-12.3675984809638));
#10585=CARTESIAN_POINT('',(-1.70637920950618,-11.4335428129524,-12.3837570168677));
#10586=CARTESIAN_POINT('',(-1.56902618053069,-11.2597754861279,-12.4011353046731));
#10587=CARTESIAN_POINT('',(-1.43056305267641,-11.084603756968,-12.4186540452806));
#10588=CARTESIAN_POINT('',(-1.26013698043552,-10.9309380171159,-12.4377608715669));
#10589=CARTESIAN_POINT('',(-1.07151740406596,-10.8112577305036,-12.4539893388739));
#10590=CARTESIAN_POINT('',(-0.88188272652944,-10.690933355929,-12.4703051435422));
#10591=CARTESIAN_POINT('',(-0.66852814248815,-10.6016550886266,-12.4840386274992));
#10592=CARTESIAN_POINT('',(-0.44923806404229,-10.5511066828029,-12.4919247981172));
#10593=CARTESIAN_POINT('',(-0.231830335219868,-10.500992176102,-12.499743275156));
#10594=CARTESIAN_POINT('',(-0.00253341086169247,-10.4875842539933,-12.501969168264));
#10595=CARTESIAN_POINT('',(0.219332184541977,-10.5120630309731,-12.4980755875784));
#10596=CARTESIAN_POINT('',(0.439190303474798,-10.5363203199446,-12.4942172366526));
#10597=CARTESIAN_POINT('',(0.657776264360856,-10.5983998257417,-12.4842826838476));
#10598=CARTESIAN_POINT('',(0.85726482410619,-10.6930420532425,-12.4705692340546));
#10599=CARTESIAN_POINT('',(1.05762193010608,-10.7880963402233,-12.4567960777528));
#10600=CARTESIAN_POINT('',(1.24420272997811,-10.9185418991461,-12.4389396514623));
#10601=CARTESIAN_POINT('',(1.40213390744116,-11.0738090921606,-12.4211118868483));
#10602=CARTESIAN_POINT('',(1.561826028359,-11.2308075250207,-12.4030853414367));
#10603=CARTESIAN_POINT('',(1.69663038139125,-11.4175422291404,-12.3847248370089));
#10604=CARTESIAN_POINT('',(1.79541488673651,-11.6188159190697,-12.3703874387379));
#10605=CARTESIAN_POINT('',(1.8942829818777,-11.8202599234285,-12.3560379084003));
#10606=CARTESIAN_POINT('',(1.95977470301597,-12.0419327935053,-12.3454444150155));
#10607=CARTESIAN_POINT('',(1.98616877272012,-12.2651945352607,-12.3411966035013));
#10608=CARTESIAN_POINT('',(2.01227166044643,-12.4859932314808,-12.3369956542623));
#10609=CARTESIAN_POINT('',(2.00085011415813,-12.714458335668,-12.3389203420158));
#10610=CARTESIAN_POINT('',(1.95290358115521,-12.9314714390445,-12.3465042665003));
#10611=CARTESIAN_POINT('',(1.90522844120294,-13.1472561773137,-12.3540452634931));
#10612=CARTESIAN_POINT('',(1.82020085808539,-13.3576185995743,-12.3673123976875));
#10613=CARTESIAN_POINT('',(1.70489650862674,-13.5456232088436,-12.3831873075906));
#10614=CARTESIAN_POINT('',(1.58860119712374,-13.7352435891815,-12.3991986514899));
#10615=CARTESIAN_POINT('',(1.43835288692567,-13.9073275244289,-12.4181747325153));
#10616=CARTESIAN_POINT('',(1.26626090076244,-14.0480902206268,-12.435697943067));
#10617=CARTESIAN_POINT('',(1.09254155204471,-14.1901840185568,-12.4533868592818));
#10618=CARTESIAN_POINT('',(0.891701625711793,-14.3042775233434,-12.4699519624414));
#10619=CARTESIAN_POINT('',(0.680275638314631,-14.3807511945804,-12.4814752756201));
#10620=CARTESIAN_POINT('',(0.46974250825681,-14.4569019155525,-12.4929499255532));
#10621=CARTESIAN_POINT('',(0.242813935162116,-14.4978228349382,-12.4996516680505));
#10622=CARTESIAN_POINT('',(0.0186481084438204,-14.4999130601232,-12.4999860899143));
#10623=CARTESIAN_POINT('',(-0.203024905346073,-14.5019800411749,-12.5003167928743));
#10624=CARTESIAN_POINT('',(-0.428098494820467,-14.4661535989722,-12.4944342216073));
#10625=CARTESIAN_POINT('',(-0.637955180538949,-14.3955245151734,-12.4837099128273));
#10626=CARTESIAN_POINT('',(-0.847634904130167,-14.3249549895101,-12.4729946473451));
#10627=CARTESIAN_POINT('',(-1.04785698638457,-14.2177779805565,-12.4572401668673));
#10628=CARTESIAN_POINT('',(-1.22261920190548,-14.0827830827792,-12.4400644004415));
#10629=CARTESIAN_POINT('',(-1.3992514327631,-13.9463436935341,-12.4227048474544));
#10630=CARTESIAN_POINT('',(-1.55473871520849,-13.7777449065623,-12.4035430580083));
#10631=CARTESIAN_POINT('',(-1.67648179408317,-13.5906001990224,-12.3870661899462));
#10632=CARTESIAN_POINT('',(-1.79895070023005,-13.4023397423669,-12.3704910874685));
#10633=CARTESIAN_POINT('',(-1.89063964434372,-13.1900198650752,-12.3563086707633));
#10634=CARTESIAN_POINT('',(-1.94367307127967,-12.9713119900684,-12.3479607624896));
#10635=CARTESIAN_POINT('',(-1.9809400944023,-12.8176241764406,-12.342094619028));
#10636=CARTESIAN_POINT('',(-2.,-12.6582503924458,-12.3389626792531));
#10637=CARTESIAN_POINT('',(-2.,-12.5,-12.3389626792531));
#10638=CARTESIAN_POINT('',(-2.,-12.5,-12.3389626792531));
#10639=CARTESIAN_POINT('',(-2.03201278785829E-17,-14.5,12.5));
#10640=CARTESIAN_POINT('',(0.222267608555157,-14.5,12.5));
#10641=CARTESIAN_POINT('',(0.44759424757947,-14.4618716595339,12.4937480396757));
#10642=CARTESIAN_POINT('',(0.657257831692157,-14.3889182466902,12.4827085259041));
#10643=CARTESIAN_POINT('',(0.866858216208671,-14.3159868244381,12.4716723398101));
#10644=CARTESIAN_POINT('',(1.0665699136894,-14.2063122319072,12.4556383845385));
#10645=CARTESIAN_POINT('',(1.24034750077885,-14.0689289586567,12.438309293361));
#10646=CARTESIAN_POINT('',(1.41549096740017,-13.9304658626046,12.4208439967538));
#10647=CARTESIAN_POINT('',(1.56912468227833,-13.7600531093799,12.4017108288917));
#10648=CARTESIAN_POINT('',(1.6887806872406,-13.5714568541958,12.3853954232557));
#10649=CARTESIAN_POINT('',(1.80909955075501,-13.3818158320509,12.3689896351424));
#10650=CARTESIAN_POINT('',(1.89837047713729,-13.1684574680205,12.3551126078809));
#10651=CARTESIAN_POINT('',(1.9489113598103,-12.9491597840439,12.3471350730282));
#10652=CARTESIAN_POINT('',(1.99901931309301,-12.7317405874936,12.3392258731375));
#10653=CARTESIAN_POINT('',(2.01241720792775,-12.5024256767473,12.3369685283259));
#10654=CARTESIAN_POINT('',(1.98792392547084,-12.2805496262464,12.3409140045031));
#10655=CARTESIAN_POINT('',(1.96366056286619,-12.0607563390027,12.3448224442683));
#10656=CARTESIAN_POINT('',(1.90159806299024,-11.8422410315859,12.3548802394575));
#10657=CARTESIAN_POINT('',(1.80699413908466,-11.6428114668793,12.3687013134489));
#10658=CARTESIAN_POINT('',(1.71195988123752,-11.4424747377856,12.3825852566852));
#10659=CARTESIAN_POINT('',(1.58154390336125,-11.2559099507084,12.4005296795182));
#10660=CARTESIAN_POINT('',(1.4263036353651,-11.0979807634186,12.4183597121256));
#10661=CARTESIAN_POINT('',(1.26929907523282,-10.9382567246589,12.436392381502));
#10662=CARTESIAN_POINT('',(1.08254202504965,-10.8034188101152,12.4546709112409));
#10663=CARTESIAN_POINT('',(0.881240421597219,-10.7046127661858,12.4688979191965));
#10664=CARTESIAN_POINT('',(0.679815800798026,-10.6057463409322,12.4831336214136));
#10665=CARTESIAN_POINT('',(0.458167417952549,-10.5402515184668,12.4935957384627));
#10666=CARTESIAN_POINT('',(0.234931556972913,-10.5138461379998,12.4977920915471));
#10667=CARTESIAN_POINT('',(0.0141199706769292,-10.4877275120672,12.5019428734922));
#10668=CARTESIAN_POINT('',(-0.21435723165677,-10.4991371914665,12.5000483923266));
#10669=CARTESIAN_POINT('',(-0.431388718661382,-10.5470781445711,12.49255393318));
#10670=CARTESIAN_POINT('',(-0.647241513064611,-10.5947587315533,12.4851001762545));
#10671=CARTESIAN_POINT('',(-0.85767592779888,-10.679817545554,12.4719688485835));
#10672=CARTESIAN_POINT('',(-1.04573362118539,-10.795171212842,12.4561808430001));
#10673=CARTESIAN_POINT('',(-1.23534578584049,-10.9114783851864,12.4402623349064));
#10674=CARTESIAN_POINT('',(-1.40741624478933,-11.0617356145995,12.4213243073817));
#10675=CARTESIAN_POINT('',(-1.54816223383898,-11.2338271454044,12.4037572411635));
#10676=CARTESIAN_POINT('',(-1.69023509715258,-11.4075410586645,12.3860245624953));
#10677=CARTESIAN_POINT('',(-1.80430731219026,-11.6083636538123,12.3693353458271));
#10678=CARTESIAN_POINT('',(-1.88076877289818,-11.8197729622464,12.3576983626762));
#10679=CARTESIAN_POINT('',(-1.95692172733431,-12.0303292775913,12.3461083323596));
#10680=CARTESIAN_POINT('',(-1.99783864436597,-12.2572898825733,12.3393129943512));
#10681=CARTESIAN_POINT('',(-1.99991429047825,-12.4814843109532,12.3389765714479));
#10682=CARTESIAN_POINT('',(-2.00196620463312,-12.7031154061167,12.3386439950452));
#10683=CARTESIAN_POINT('',(-1.96613854472231,-12.9281431133419,12.344610277786));
#10684=CARTESIAN_POINT('',(-1.89552461759575,-13.1379548762165,12.3554435947921));
#10685=CARTESIAN_POINT('',(-1.82497260662179,-13.3475826706072,12.3662674128603));
#10686=CARTESIAN_POINT('',(-1.71783435970179,-13.547753258306,12.382146528379));
#10687=CARTESIAN_POINT('',(-1.58288710403188,-13.7224845258283,12.3993737106311));
#10688=CARTESIAN_POINT('',(-1.44644991315232,-13.8991449786935,12.416791095976));
#10689=CARTESIAN_POINT('',(-1.27784053208041,-14.0546646635921,12.4359327498788));
#10690=CARTESIAN_POINT('',(-1.09067472694804,-14.1764333091408,12.4523262340816));
#10691=CARTESIAN_POINT('',(-0.90242008270496,-14.2989103451118,12.4688150875574));
#10692=CARTESIAN_POINT('',(-0.690102304655623,-14.3906091625107,12.482854545893));
#10693=CARTESIAN_POINT('',(-0.471400033600369,-14.4436517199132,12.49110811771));
#10694=CARTESIAN_POINT('',(-0.317683070417761,-14.4809331839054,12.4969092188555));
#10695=CARTESIAN_POINT('',(-0.158279705275126,-14.5,12.5));
#10696=CARTESIAN_POINT('',(-2.03201278785829E-17,-14.5,12.5));
#10697=CARTESIAN_POINT('',(-2.03201278785829E-17,-14.5,12.5));
#10698=CARTESIAN_POINT('',(0.,-25.,0.));
#10699=CARTESIAN_POINT('',(-2.,-12.5,-10.3077640640442));
#10700=CARTESIAN_POINT('',(-2.,-12.2784239571859,-10.3077640640442));
#10701=CARTESIAN_POINT('',(-1.96209763352799,-12.0538015018651,-10.3153089324461));
#10702=CARTESIAN_POINT('',(-1.88964229705325,-11.8448267487242,-10.3285648562222));
#10703=CARTESIAN_POINT('',(-1.81721909672667,-11.6359446822501,-10.3418149005923));
#10704=CARTESIAN_POINT('',(-1.70837990982604,-11.4369551380029,-10.3610060815081));
#10705=CARTESIAN_POINT('',(-1.57206105219695,-11.2636246329834,-10.3816484263418));
#10706=CARTESIAN_POINT('',(-1.43417779556645,-11.0883049822677,-10.4025276632989));
#10707=CARTESIAN_POINT('',(-1.26439583450592,-10.9343971903956,-10.4253087840525));
#10708=CARTESIAN_POINT('',(-1.07628858319897,-10.8142945436181,-10.4446925701849));
#10709=CARTESIAN_POINT('',(-0.886730049722542,-10.6932652827492,-10.4642259058056));
#10710=CARTESIAN_POINT('',(-0.673192417224893,-10.603243862169,-10.4807040891907));
#10711=CARTESIAN_POINT('',(-0.453519838155696,-10.552098627651,-10.4902011304073));
#10712=CARTESIAN_POINT('',(-0.236499323041168,-10.5015708595163,-10.4995835157084));
#10713=CARTESIAN_POINT('',(-0.00742136444956495,-10.487622441926,-10.5023384652164));
#10714=CARTESIAN_POINT('',(0.214271754559974,-10.5115112232658,-10.4978134682989));
#10715=CARTESIAN_POINT('',(0.433125265183444,-10.5350940195388,-10.4933464308673));
#10716=CARTESIAN_POINT('',(0.650765637427938,-10.5961311295407,-10.4817115947152));
#10717=CARTESIAN_POINT('',(0.849545663059818,-10.6894000534695,-10.465575577405));
#10718=CARTESIAN_POINT('',(1.04950596240212,-10.7832227697553,-10.449343751087));
#10719=CARTESIAN_POINT('',(1.23584141688541,-10.9121404629501,-10.4282374977655));
#10720=CARTESIAN_POINT('',(1.39393296944779,-11.0657925963493,-10.4070625479377));
#10721=CARTESIAN_POINT('',(1.5545189535651,-11.2218691143777,-10.385553491308));
#10722=CARTESIAN_POINT('',(1.69039179296982,-11.4078064781804,-10.3635355527895));
#10723=CARTESIAN_POINT('',(1.790363255014,-11.608596940158,-10.3462360022907));
#10724=CARTESIAN_POINT('',(1.89049614436358,-11.8097116252946,-10.3289085176218));
#10725=CARTESIAN_POINT('',(1.95734258611675,-12.0314322534889,-10.3159875776002));
#10726=CARTESIAN_POINT('',(1.98493750037362,-12.2550038375596,-10.3106752019259));
#10727=CARTESIAN_POINT('',(2.01210265599825,-12.4750935547441,-10.3054455603121));
#10728=CARTESIAN_POINT('',(2.00197020796688,-12.7030820090974,-10.3074903537136));
#10729=CARTESIAN_POINT('',(1.95544770749039,-12.9197907374759,-10.3163086549051));
#10730=CARTESIAN_POINT('',(1.90931616491961,-13.1346783257667,-10.3250528503515));
#10731=CARTESIAN_POINT('',(1.82623566831517,-13.3443309514822,-10.3405997489488));
#10732=CARTESIAN_POINT('',(1.71314234283679,-13.5320578051542,-10.3593022599584));
#10733=CARTESIAN_POINT('',(1.59869318512429,-13.7220352436272,-10.3782289881549));
#10734=CARTESIAN_POINT('',(1.45042902316061,-13.8947639520428,-10.4007539594087));
#10735=CARTESIAN_POINT('',(1.28016496160526,-14.0366124010557,-10.4216686605878));
#10736=CARTESIAN_POINT('',(1.10756739421955,-14.1804049137763,-10.4428700022752));
#10737=CARTESIAN_POINT('',(0.907505993300367,-14.2964274713869,-10.4628485332137));
#10738=CARTESIAN_POINT('',(0.696390762193167,-14.3748439685297,-10.4768812108534));
#10739=CARTESIAN_POINT('',(0.486443719334441,-14.4528265546279,-10.49083623986));
#10740=CARTESIAN_POINT('',(0.259641313590269,-14.4957303443406,-10.4991868497694));
#10741=CARTESIAN_POINT('',(0.0352810012254696,-14.499688788525,-10.4999407260685));
#10742=CARTESIAN_POINT('',(-0.185546552803907,-14.503584903385,-10.5006827318958));
#10743=CARTESIAN_POINT('',(-0.41008631640188,-14.4698873262265,-10.4940907429911));
#10744=CARTESIAN_POINT('',(-0.619747078243583,-14.4015555629559,-10.4816942122449));
#10745=CARTESIAN_POINT('',(-0.829045241926699,-14.3333419761687,-10.4693191206998));
#10746=CARTESIAN_POINT('',(-1.02921879193027,-14.2288467268793,-10.4509252099896));
#10747=CARTESIAN_POINT('',(-1.20448840004124,-14.0966238424144,-10.4306858688279));
#10748=CARTESIAN_POINT('',(-1.38236116422937,-13.9624371445483,-10.410145926983));
#10749=CARTESIAN_POINT('',(-1.53947557977685,-13.796027522337,-10.3872868615492));
#10750=CARTESIAN_POINT('',(-1.66324603218881,-13.6106811587527,-10.3674303776977));
#10751=CARTESIAN_POINT('',(-1.78814192853804,-13.4236494418621,-10.3473933389647));
#10752=CARTESIAN_POINT('',(-1.88251814333933,-13.2120375900207,-10.3300208897688));
#10753=CARTESIAN_POINT('',(-1.93816795643086,-12.9934622302311,-10.3195690303745));
#10754=CARTESIAN_POINT('',(-1.9790371420419,-12.8329406318108,-10.3118931918076));
#10755=CARTESIAN_POINT('',(-2.,-12.6658203618065,-10.3077640640442));
#10756=CARTESIAN_POINT('',(-2.,-12.5,-10.3077640640442));
#10757=CARTESIAN_POINT('',(-2.,-12.5,-10.3077640640442));
#10758=CARTESIAN_POINT('',(0.,0.,0.));
#10759=CARTESIAN_POINT('',(10.5,0.,-6.4293956955236E-16));
#10760=CARTESIAN_POINT('',(0.,-25.,0.));
#10761=CARTESIAN_POINT('',(10.5,-25.,-6.4293956955236E-16));
#10762=CARTESIAN_POINT('',(-1.68269396502156E-16,-14.5,10.5));
#10763=CARTESIAN_POINT('',(0.221617149551269,-14.5,10.5));
#10764=CARTESIAN_POINT('',(0.446282167037333,-14.4620844925194,10.4926017783508));
#10765=CARTESIAN_POINT('',(0.655301350587696,-14.3895978778348,10.4795314847525));
#10766=CARTESIAN_POINT('',(0.864232276854041,-14.3171418702536,10.4664667100189));
#10767=CARTESIAN_POINT('',(1.06327077797118,-14.2082462532737,10.4474843206529));
#10768=CARTESIAN_POINT('',(1.23662213609454,-14.0718669449164,10.4269250353362));
#10769=CARTESIAN_POINT('',(1.41188539579374,-13.933983501735,10.4061390005413));
#10770=CARTESIAN_POINT('',(1.56572920132889,-13.7642277627547,10.3833176943729));
#10771=CARTESIAN_POINT('',(1.6857830594042,-13.5761670300775,10.3637896291186));
#10772=CARTESIAN_POINT('',(1.80680078143972,-13.3865964336985,10.3441047809119));
#10773=CARTESIAN_POINT('',(1.89680709320538,-13.1730523467397,10.3273825499147));
#10774=CARTESIAN_POINT('',(1.94793730048662,-12.9533654964517,10.3177294146228));
#10775=CARTESIAN_POINT('',(1.99845249418466,-12.7363211231682,10.3081923909143));
#10776=CARTESIAN_POINT('',(2.01238112574019,-12.5072058723234,10.3053828436275));
#10777=CARTESIAN_POINT('',(1.98846315739129,-12.2854906256187,10.3099958424675));
#10778=CARTESIAN_POINT('',(1.9648678379876,-12.0667662763616,10.314546612811));
#10779=CARTESIAN_POINT('',(1.90386388919712,-11.8492666465388,10.3263862744722));
#10780=CARTESIAN_POINT('',(1.81067046386249,-11.6506046437047,10.3427014107193));
#10781=CARTESIAN_POINT('',(1.71688803469821,-11.4506870514334,10.3591196623708));
#10782=CARTESIAN_POINT('',(1.58803042127327,-11.2643857976937,10.3803757153409));
#10783=CARTESIAN_POINT('',(1.43443374275689,-11.1062999470329,10.4015575678665));
#10784=CARTESIAN_POINT('',(1.27834512112276,-10.9456493212001,10.4230830734719));
#10785=CARTESIAN_POINT('',(1.09236291354426,-10.8097083177632,10.444968922663));
#10786=CARTESIAN_POINT('',(0.891515689433884,-10.7096928264979,10.462083911702));
#10787=CARTESIAN_POINT('',(0.690438954326444,-10.6095630460995,10.4792184582838));
#10788=CARTESIAN_POINT('',(0.468766052285054,-10.5427104106468,10.491913414713));
#10789=CARTESIAN_POINT('',(0.245245487317682,-10.5150932891064,10.4971355450404));
#10790=CARTESIAN_POINT('',(0.0251326760619087,-10.4878972131574,10.5022780597226));
#10791=CARTESIAN_POINT('',(-0.202876692841651,-10.4980055890463,10.5002806436645));
#10792=CARTESIAN_POINT('',(-0.419619398645502,-10.5445155177603,10.4916118666428));
#10793=CARTESIAN_POINT('',(-0.634643697933564,-10.5906567006645,10.4830118184988));
#10794=CARTESIAN_POINT('',(-0.844441149509062,-10.6737981416268,10.4676905465273));
#10795=CARTESIAN_POINT('',(-1.03227590795219,-10.7869890689603,10.4491342440348));
#10796=CARTESIAN_POINT('',(-1.22224012769971,-10.9014632289701,10.4303675708504));
#10797=CARTESIAN_POINT('',(-1.39494516745244,-11.0497480696484,10.4079143071405));
#10798=CARTESIAN_POINT('',(-1.53676195259957,-11.2200145699883,10.3869323046337));
#10799=CARTESIAN_POINT('',(-1.6805102464882,-11.3926000569942,10.36566453256));
#10800=CARTESIAN_POINT('',(-1.79648782073872,-11.5926242406187,10.3454810917886));
#10801=CARTESIAN_POINT('',(-1.87487869356762,-11.8037027327311,10.331255000454));
#10802=CARTESIAN_POINT('',(-1.95286678141105,-12.0136966694059,10.317102005078));
#10803=CARTESIAN_POINT('',(-1.99576356534287,-12.240563856441,10.3085859270942));
#10804=CARTESIAN_POINT('',(-1.99969342602604,-12.4649828340919,10.3078235434018));
#10805=CARTESIAN_POINT('',(-2.00355899962489,-12.6857306277235,10.307073631252));
#10806=CARTESIAN_POINT('',(-1.96985698791962,-12.9101832938295,10.3138008125496));
#10807=CARTESIAN_POINT('',(-1.90155217274373,-13.1197574802563,10.3263788103252));
#10808=CARTESIAN_POINT('',(-1.83337240428446,-13.328947995871,10.3389337813593));
#10809=CARTESIAN_POINT('',(-1.72895443402472,-13.5290141075354,10.3575376989867));
#10810=CARTESIAN_POINT('',(-1.59682832245782,-13.7042173012362,10.3778677631099));
#10811=CARTESIAN_POINT('',(-1.46264809778057,-13.8821443106376,10.3985138908087));
#10812=CARTESIAN_POINT('',(-1.2962207637378,-14.0393217134126,10.4213515717898));
#10813=CARTESIAN_POINT('',(-1.11083510905852,-14.1631432170691,10.4410749140346));
#10814=CARTESIAN_POINT('',(-0.923812251641778,-14.288058229849,10.4609724397133));
#10815=CARTESIAN_POINT('',(-0.712199772199542,-14.3824566094694,10.47810334605));
#10816=CARTESIAN_POINT('',(-0.493630728326437,-14.4381250486106,10.4883901864896));
#10817=CARTESIAN_POINT('',(-0.333053123530637,-14.4790233591015,10.4959476894619));
#10818=CARTESIAN_POINT('',(-0.165876323850456,-14.5,10.5));
#10819=CARTESIAN_POINT('',(-1.68269396502156E-16,-14.5,10.5));
#10820=CARTESIAN_POINT('',(-1.68269396502156E-16,-14.5,10.5));
#10821=CARTESIAN_POINT('',(0.,-25.,0.));
#10822=CARTESIAN_POINT('',(-110.5,0.,9.99999999999999));
#10823=CARTESIAN_POINT('',(-100.5,0.,9.99999999999999));
#10824=CARTESIAN_POINT('',(-110.5,0.,9.99999999999999));
#10825=CARTESIAN_POINT('',(-100.5,0.,0.));
#10826=CARTESIAN_POINT('',(-110.5,0.,0.));
#10827=CARTESIAN_POINT('',(-110.5,0.,-9.99999999999999));
#10828=CARTESIAN_POINT('',(0.,0.,0.));
#10829=CARTESIAN_POINT('',(-110.5,0.,-9.99999999999999));
#10830=CARTESIAN_POINT('',(-110.5,0.,-9.99999999999999));
#10831=CARTESIAN_POINT('',(-100.5,0.,0.));
#10832=CARTESIAN_POINT('',(-100.5,0.,-10.));
#10833=CARTESIAN_POINT('',(-10.5,0.,-10.));
#10834=CARTESIAN_POINT('',(0.,0.,0.));
#10835=CARTESIAN_POINT('',(0.,-25.,0.));
#10836=CARTESIAN_POINT('',(-10.5,0.,-10.));
#10837=CARTESIAN_POINT('',(-10.5,0.,-10.));
#10838=CARTESIAN_POINT('',(-100.5,0.,0.));
#10839=CARTESIAN_POINT('',(-110.5,0.,9.99999999999999));
#10840=CARTESIAN_POINT('',(-10.5,0.,10.));
#10841=CARTESIAN_POINT('',(-9.26628192546412,0.,14.8454039782627));
#10842=CARTESIAN_POINT('',(-9.26628192546412,0.,-14.8454039782627));
#10843=CARTESIAN_POINT('',(0.,0.,0.));
#10844=CARTESIAN_POINT('',(-10.5,-20.,-10.));
#10845=CARTESIAN_POINT('',(-10.5,-20.,-10.));
#10846=CARTESIAN_POINT('',(-10.5,-20.,-10.));
#10847=CARTESIAN_POINT('',(-110.5,-20.,-9.99999999999999));
#10848=CARTESIAN_POINT('',(-110.5,-20.,-9.99999999999999));
#10849=CARTESIAN_POINT('',(-10.5,-20.,-10.));
#10850=CARTESIAN_POINT('',(-110.5,-20.,-9.99999999999999));
#10851=CARTESIAN_POINT('',(-110.5,-20.,9.99999999999999));
#10852=CARTESIAN_POINT('',(-110.5,-20.,9.99999999999999));
#10853=CARTESIAN_POINT('',(-110.5,-20.,-9.99999999999999));
#10854=CARTESIAN_POINT('',(-110.5,-20.,9.99999999999999));
#10855=CARTESIAN_POINT('',(-10.5,-20.,10.));
#10856=CARTESIAN_POINT('',(-10.5,-20.,10.));
#10857=CARTESIAN_POINT('',(-110.5,-20.,9.99999999999999));
#10858=CARTESIAN_POINT('',(-9.26628192546412,-20.,-14.8454039782627));
#10859=CARTESIAN_POINT('',(-9.26628192546412,-20.,14.8454039782627));
#10860=CARTESIAN_POINT('',(0.,-20.,0.));
#10861=CARTESIAN_POINT('',(-100.5,50.,0.));
#10862=CARTESIAN_POINT('',(-90.5,50.,-6.12323399573677E-16));
#10863=CARTESIAN_POINT('',(-100.5,50.,0.));
#10864=CARTESIAN_POINT('',(-100.5,50.,0.));
#10865=CARTESIAN_POINT('',(0.,-12.5,13.75));
#10866=CARTESIAN_POINT('',(0.,-12.5,13.75));
#10867=CARTESIAN_POINT('',(-9.26628192546412,-20.,-14.8454039782627));
#10868=CARTESIAN_POINT('',(-9.26628192546412,-20.,14.8454039782627));
#10869=CARTESIAN_POINT('',(-9.99999999999995,10.,0.));
#10870=CARTESIAN_POINT('',(-9.99999999999995,10.,0.));
#10871=CARTESIAN_POINT('',(-10.0000000000001,-10.,0.));
#10872=CARTESIAN_POINT('',(-10.0000000000001,-10.,50.9464594030175));
#10873=CARTESIAN_POINT('',(-10.0000000000001,-10.,50.9464594030175));
#10874=CARTESIAN_POINT('',(-9.99999999999995,10.,50.9464594030175));
#10875=CARTESIAN_POINT('',(-9.99999999999995,10.,50.9464594030175));
#10876=CARTESIAN_POINT('',(-9.99999999999995,10.,50.9464594030175));
#10877=CARTESIAN_POINT('',(-9.99999999999995,10.,50.9464594030175));
#10878=CARTESIAN_POINT('',(-10.0000000000001,-10.,0.));
#10879=CARTESIAN_POINT('',(9.99999999999995,-10.,0.));
#10880=CARTESIAN_POINT('',(9.99999999999995,-10.,50.9464594030175));
#10881=CARTESIAN_POINT('',(9.99999999999995,-10.,50.9464594030175));
#10882=CARTESIAN_POINT('',(-10.0000000000001,-10.,50.9464594030175));
#10883=CARTESIAN_POINT('',(-10.0000000000001,-10.,50.9464594030175));
#10884=CARTESIAN_POINT('',(9.99999999999995,-10.,0.));
#10885=CARTESIAN_POINT('',(9.99999999999995,10.,0.));
#10886=CARTESIAN_POINT('',(9.99999999999995,10.,50.9464594030175));
#10887=CARTESIAN_POINT('',(9.99999999999995,10.,50.9464594030175));
#10888=CARTESIAN_POINT('',(9.99999999999995,-10.,50.9464594030175));
#10889=CARTESIAN_POINT('',(9.99999999999995,-10.,50.9464594030175));
#10890=CARTESIAN_POINT('',(9.99999999999995,10.,0.));
#10891=CARTESIAN_POINT('',(9.99999999999995,10.,50.9464594030175));
#10892=CARTESIAN_POINT('',(9.99999999999995,10.,50.9464594030175));
#10893=CARTESIAN_POINT('',(0.,0.,50.9464594030175));
#10894=CARTESIAN_POINT('',(2.,0.,50.9464594030175));
#10895=CARTESIAN_POINT('',(0.,0.,50.9464594030175));
#10896=CARTESIAN_POINT('',(0.,0.,0.));
#10897=CARTESIAN_POINT('',(2.,0.,0.));
#10898=CARTESIAN_POINT('',(0.,0.,0.));
#10899=CARTESIAN_POINT('',(0.,0.,0.));
#10900=CARTESIAN_POINT('',(0.,150.,43.));
#10901=CARTESIAN_POINT('',(0.,190.,43.));
#10902=CARTESIAN_POINT('',(-1.04549541149916E-14,300.,0.));
#10903=CARTESIAN_POINT('',(-1.04549541149916E-14,300.,0.));
#10904=CARTESIAN_POINT('',(0.,0.,0.));
#10905=CARTESIAN_POINT('',(0.,0.,400.));
#10906=CARTESIAN_POINT('',(0.,0.,400.));
#10907=CARTESIAN_POINT('',(-1.04549541149916E-14,300.,400.));
#10908=CARTESIAN_POINT('',(-1.04549541149916E-14,300.,400.));
#10909=CARTESIAN_POINT('',(-1.04549541149916E-14,300.,400.));
#10910=CARTESIAN_POINT('',(-1.04549541149916E-14,300.,400.));
#10911=CARTESIAN_POINT('',(0.,0.,0.));
#10912=CARTESIAN_POINT('',(534.,0.,0.));
#10913=CARTESIAN_POINT('',(534.,0.,400.));
#10914=CARTESIAN_POINT('',(534.,0.,400.));
#10915=CARTESIAN_POINT('',(0.,0.,400.));
#10916=CARTESIAN_POINT('',(0.,0.,400.));
#10917=CARTESIAN_POINT('',(534.,0.,0.));
#10918=CARTESIAN_POINT('',(534.,300.,0.));
#10919=CARTESIAN_POINT('',(534.,300.,400.));
#10920=CARTESIAN_POINT('',(534.,300.,400.));
#10921=CARTESIAN_POINT('',(534.,0.,400.));
#10922=CARTESIAN_POINT('',(534.,0.,400.));
#10923=CARTESIAN_POINT('',(534.,300.,0.));
#10924=CARTESIAN_POINT('',(534.,300.,400.));
#10925=CARTESIAN_POINT('',(534.,300.,400.));
#10926=CARTESIAN_POINT('',(0.,0.,400.));
#10927=CARTESIAN_POINT('',(0.,0.,0.));
#10928=CARTESIAN_POINT('',(-10.,150.,43.));
#10929=CARTESIAN_POINT('',(-10.,190.,43.));
#10930=CARTESIAN_POINT('',(-10.,150.,43.));
#10931=CARTESIAN_POINT('',(-10.,150.,43.));
#10932=CARTESIAN_POINT('',(0.,16.5831239517769,57.662812973354));
#10933=CARTESIAN_POINT('',(0.,16.5831239517769,57.662812973354));
#10934=CARTESIAN_POINT('',(0.,-16.5831239517769,57.662812973354));
#10935=CARTESIAN_POINT('',(-5.,16.5831239517769,57.662812973354));
#10936=CARTESIAN_POINT('',(-5.,16.5831239517769,57.662812973354));
#10937=CARTESIAN_POINT('',(-5.,16.5831239517769,57.662812973354));
#10938=CARTESIAN_POINT('',(-5.,-16.5831239517769,57.662812973354));
#10939=CARTESIAN_POINT('',(-5.,-16.5831239517769,57.662812973354));
#10940=CARTESIAN_POINT('',(-5.,16.5831239517769,57.662812973354));
#10941=CARTESIAN_POINT('',(0.,0.,0.));
#10942=CARTESIAN_POINT('',(0.,-38.7433024072867,45.8143702191522));
#10943=CARTESIAN_POINT('',(-5.,0.,0.));
#10944=CARTESIAN_POINT('',(0.,0.,0.));
#10945=CARTESIAN_POINT('',(0.,56.4598692207891,20.3047572645278));
#10946=CARTESIAN_POINT('',(0.,0.,0.));
#10947=CARTESIAN_POINT('',(0.,59.0480596718143,10.6454990016371));
#10948=CARTESIAN_POINT('',(0.,0.,0.));
#10949=CARTESIAN_POINT('',(0.,-10.6454990016368,-59.0480596718144));
#10950=CARTESIAN_POINT('',(0.,0.,0.));
#10951=CARTESIAN_POINT('',(0.,-20.3047572645275,-56.4598692207892));
#10952=CARTESIAN_POINT('',(0.,0.,0.));
#10953=CARTESIAN_POINT('',(0.,-45.8143702191521,38.7433024072867));
#10954=CARTESIAN_POINT('',(0.,0.,0.));
#10955=CARTESIAN_POINT('',(-5.,0.,0.));
#10956=CARTESIAN_POINT('',(-5.,0.,0.));
#10957=CARTESIAN_POINT('',(-5.,0.,-10.));
#10958=CARTESIAN_POINT('',(-5.,0.,0.));
#10959=CARTESIAN_POINT('',(0.,0.,0.));
#10960=CARTESIAN_POINT('',(0.,0.,10.));
#10961=CARTESIAN_POINT('',(0.,-14.5319525107693,-73.5525016291514));
#10962=CARTESIAN_POINT('',(0.,-9.40541834919313,-54.4200156714114));
#10963=CARTESIAN_POINT('',(0.,54.4200156714113,9.40541834919336));
#10964=CARTESIAN_POINT('',(0.,54.4200156714113,9.40541834919336));
#10965=CARTESIAN_POINT('',(0.,51.8318252203861,19.0646766120841));
#10966=CARTESIAN_POINT('',(0.,51.8318252203861,19.0646766120841));
#10967=CARTESIAN_POINT('',(0.,70.9643111781261,24.1912107736603));
#10968=CARTESIAN_POINT('',(0.,-35.3553390593274,42.4264068711929));
#10969=CARTESIAN_POINT('',(0.,-35.3553390593274,42.4264068711929));
#10970=CARTESIAN_POINT('',(0.,-42.4264068711928,35.3553390593274));
#10971=CARTESIAN_POINT('',(0.,-42.4264068711928,35.3553390593274));
#10972=CARTESIAN_POINT('',(0.,-56.4323586673566,49.3612908554911));
#10973=CARTESIAN_POINT('',(0.,-19.0646766120838,-51.8318252203862));
#10974=CARTESIAN_POINT('',(0.,-19.0646766120838,-51.8318252203862));
#10975=CARTESIAN_POINT('',(0.,-9.40541834919313,-54.4200156714114));
#10976=CARTESIAN_POINT('',(0.,0.,0.));
#10977=CARTESIAN_POINT('',(0.,-49.3612908554911,49.3612908554911));
#10978=CARTESIAN_POINT('',(0.,-47.3612908554911,49.3612908554911));
#10979=CARTESIAN_POINT('',(0.,-35.3553390593274,42.4264068711929));
#10980=CARTESIAN_POINT('',(0.,-49.3612908554911,56.4323586673566));
#10981=CARTESIAN_POINT('',(0.,-56.4323586673566,49.3612908554911));
#10982=CARTESIAN_POINT('',(0.,-56.4323586673566,49.3612908554911));
#10983=CARTESIAN_POINT('',(0.,-49.3612908554911,56.4323586673566));
#10984=CARTESIAN_POINT('',(0.,-49.3612908554911,49.3612908554911));
#10985=CARTESIAN_POINT('',(5.,-35.3553390593274,42.4264068711929));
#10986=CARTESIAN_POINT('',(5.,-35.3553390593274,42.4264068711929));
#10987=CARTESIAN_POINT('',(5.,-42.4264068711928,35.3553390593274));
#10988=CARTESIAN_POINT('',(5.,-42.4264068711928,35.3553390593274));
#10989=CARTESIAN_POINT('',(5.,-42.4264068711928,35.3553390593274));
#10990=CARTESIAN_POINT('',(5.,-42.4264068711928,35.3553390593274));
#10991=CARTESIAN_POINT('',(5.,-49.3612908554911,56.4323586673566));
#10992=CARTESIAN_POINT('',(5.,-49.3612908554911,56.4323586673566));
#10993=CARTESIAN_POINT('',(5.,-35.3553390593274,42.4264068711929));
#10994=CARTESIAN_POINT('',(5.,-35.3553390593274,42.4264068711929));
#10995=CARTESIAN_POINT('',(5.,-56.4323586673566,49.3612908554911));
#10996=CARTESIAN_POINT('',(5.,-56.4323586673566,49.3612908554911));
#10997=CARTESIAN_POINT('',(5.,-49.3612908554911,56.4323586673566));
#10998=CARTESIAN_POINT('',(5.,-49.3612908554911,56.4323586673566));
#10999=CARTESIAN_POINT('',(5.,-56.4323586673566,49.3612908554911));
#11000=CARTESIAN_POINT('',(5.,-56.4323586673566,49.3612908554911));
#11001=CARTESIAN_POINT('',(5.,-49.3612908554911,49.3612908554911));
#11002=CARTESIAN_POINT('',(5.,-47.3612908554911,49.3612908554911));
#11003=CARTESIAN_POINT('',(5.,-49.3612908554911,49.3612908554911));
#11004=CARTESIAN_POINT('',(5.,-49.3612908554911,49.3612908554911));
#11005=CARTESIAN_POINT('',(0.,67.4287772721934,18.0674864167024));
#11006=CARTESIAN_POINT('',(0.,66.4287772721934,16.3354356091335));
#11007=CARTESIAN_POINT('',(0.,54.4200156714113,9.40541834919336));
#11008=CARTESIAN_POINT('',(0.,73.5525016291513,14.5319525107696));
#11009=CARTESIAN_POINT('',(0.,70.9643111781261,24.1912107736603));
#11010=CARTESIAN_POINT('',(0.,70.9643111781261,24.1912107736603));
#11011=CARTESIAN_POINT('',(0.,73.5525016291513,14.5319525107696));
#11012=CARTESIAN_POINT('',(0.,67.4287772721934,18.0674864167024));
#11013=CARTESIAN_POINT('',(5.,54.4200156714113,9.40541834919336));
#11014=CARTESIAN_POINT('',(5.,54.4200156714113,9.40541834919336));
#11015=CARTESIAN_POINT('',(5.,51.8318252203861,19.0646766120841));
#11016=CARTESIAN_POINT('',(5.,51.8318252203861,19.0646766120841));
#11017=CARTESIAN_POINT('',(5.,51.8318252203861,19.0646766120841));
#11018=CARTESIAN_POINT('',(5.,51.8318252203861,19.0646766120841));
#11019=CARTESIAN_POINT('',(5.,73.5525016291513,14.5319525107696));
#11020=CARTESIAN_POINT('',(5.,73.5525016291513,14.5319525107696));
#11021=CARTESIAN_POINT('',(5.,54.4200156714113,9.40541834919336));
#11022=CARTESIAN_POINT('',(5.,54.4200156714113,9.40541834919336));
#11023=CARTESIAN_POINT('',(5.,70.9643111781261,24.1912107736603));
#11024=CARTESIAN_POINT('',(5.,70.9643111781261,24.1912107736603));
#11025=CARTESIAN_POINT('',(5.,73.5525016291513,14.5319525107696));
#11026=CARTESIAN_POINT('',(5.,73.5525016291513,14.5319525107696));
#11027=CARTESIAN_POINT('',(5.,70.9643111781261,24.1912107736603));
#11028=CARTESIAN_POINT('',(5.,70.9643111781261,24.1912107736603));
#11029=CARTESIAN_POINT('',(5.,67.4287772721934,18.0674864167024));
#11030=CARTESIAN_POINT('',(5.,66.4287772721934,16.3354356091335));
#11031=CARTESIAN_POINT('',(5.,67.4287772721934,18.0674864167024));
#11032=CARTESIAN_POINT('',(5.,67.4287772721934,18.0674864167024));
#11033=CARTESIAN_POINT('',(0.,-18.067486416702,-67.4287772721935));
#11034=CARTESIAN_POINT('',(0.,-19.067486416702,-65.6967264646246));
#11035=CARTESIAN_POINT('',(0.,-19.0646766120838,-51.8318252203862));
#11036=CARTESIAN_POINT('',(0.,-24.19121077366,-70.9643111781262));
#11037=CARTESIAN_POINT('',(0.,-14.5319525107693,-73.5525016291514));
#11038=CARTESIAN_POINT('',(0.,-14.5319525107693,-73.5525016291514));
#11039=CARTESIAN_POINT('',(0.,-24.19121077366,-70.9643111781262));
#11040=CARTESIAN_POINT('',(0.,-18.067486416702,-67.4287772721935));
#11041=CARTESIAN_POINT('',(5.,-19.0646766120838,-51.8318252203862));
#11042=CARTESIAN_POINT('',(5.,-19.0646766120838,-51.8318252203862));
#11043=CARTESIAN_POINT('',(5.,-9.40541834919313,-54.4200156714114));
#11044=CARTESIAN_POINT('',(5.,-9.40541834919313,-54.4200156714114));
#11045=CARTESIAN_POINT('',(5.,-9.40541834919313,-54.4200156714114));
#11046=CARTESIAN_POINT('',(5.,-9.40541834919313,-54.4200156714114));
#11047=CARTESIAN_POINT('',(5.,-24.19121077366,-70.9643111781262));
#11048=CARTESIAN_POINT('',(5.,-24.19121077366,-70.9643111781262));
#11049=CARTESIAN_POINT('',(5.,-19.0646766120838,-51.8318252203862));
#11050=CARTESIAN_POINT('',(5.,-19.0646766120838,-51.8318252203862));
#11051=CARTESIAN_POINT('',(5.,-14.5319525107693,-73.5525016291514));
#11052=CARTESIAN_POINT('',(5.,-14.5319525107693,-73.5525016291514));
#11053=CARTESIAN_POINT('',(5.,-24.19121077366,-70.9643111781262));
#11054=CARTESIAN_POINT('',(5.,-24.19121077366,-70.9643111781262));
#11055=CARTESIAN_POINT('',(5.,-14.5319525107693,-73.5525016291514));
#11056=CARTESIAN_POINT('',(5.,-14.5319525107693,-73.5525016291514));
#11057=CARTESIAN_POINT('',(5.,-18.067486416702,-67.4287772721935));
#11058=CARTESIAN_POINT('',(5.,-19.067486416702,-65.6967264646246));
#11059=CARTESIAN_POINT('',(5.,-18.067486416702,-67.4287772721935));
#11060=CARTESIAN_POINT('',(5.,-18.067486416702,-67.4287772721935));
#11061=CARTESIAN_POINT('',(0.,0.,0.));
#11062=CARTESIAN_POINT('',(-9.65449942214036E-13,-295.000000000001,0.));
#11063=CARTESIAN_POINT('',(-2.1316282072803E-12,-65.1754142762484,488.98358323512));
#11064=CARTESIAN_POINT('',(-1.08002495835535E-12,118.586107746542,1174.79091990036));
#11065=CARTESIAN_POINT('',(-1.33648647704376E-12,-98.8092635682875,912.106218155306));
#11066=CARTESIAN_POINT('',(-5.83533221742982E-13,-4.26596264609022E-13,
71.0000000000006));
#11067=CARTESIAN_POINT('',(-60.0000000000014,-98.8092635682875,912.106218155307));
#11068=CARTESIAN_POINT('',(114.999999999999,-98.8092635682874,912.106218155306));
#11069=CARTESIAN_POINT('',(-9.86880840951548E-13,35.8171052790195,1163.3979518968));
#11070=CARTESIAN_POINT('',(150.,410.999999999999,1270.));
#11071=CARTESIAN_POINT('',(-65.0000000000014,-98.8092635682875,912.106218155307));
#11072=MECHANICAL_DESIGN_GEOMETRIC_PRESENTATION_REPRESENTATION('',(#1523),
#11083);
#11073=MECHANICAL_DESIGN_GEOMETRIC_PRESENTATION_REPRESENTATION('',(#1524),
#11084);
#11074=MECHANICAL_DESIGN_GEOMETRIC_PRESENTATION_REPRESENTATION('',(#1525),
#11085);
#11075=MECHANICAL_DESIGN_GEOMETRIC_PRESENTATION_REPRESENTATION('',(#1526),
#11086);
#11076=MECHANICAL_DESIGN_GEOMETRIC_PRESENTATION_REPRESENTATION('',(#1527),
#11087);
#11077=MECHANICAL_DESIGN_GEOMETRIC_PRESENTATION_REPRESENTATION('',(#1528,
#1529,#1530,#1531,#1532,#1533,#1534,#1535,#1536),#11088);
#11078=MECHANICAL_DESIGN_GEOMETRIC_PRESENTATION_REPRESENTATION('',(#1537),
#11089);
#11079=MECHANICAL_DESIGN_GEOMETRIC_PRESENTATION_REPRESENTATION('',(#1538),
#11090);
#11080=MECHANICAL_DESIGN_GEOMETRIC_PRESENTATION_REPRESENTATION('',(#1539),
#11091);
#11081=MECHANICAL_DESIGN_GEOMETRIC_PRESENTATION_REPRESENTATION('',(#1540),
#11092);
#11082=MECHANICAL_DESIGN_GEOMETRIC_PRESENTATION_REPRESENTATION('',(#1541),
#11093);
#11083=(
GEOMETRIC_REPRESENTATION_CONTEXT(3)
GLOBAL_UNCERTAINTY_ASSIGNED_CONTEXT((#11094))
GLOBAL_UNIT_ASSIGNED_CONTEXT((#11110,#11106,#11105))
REPRESENTATION_CONTEXT('S_AC_A_01_air_classifier',
'TOP_LEVEL_ASSEMBLY_PART')
);
#11084=(
GEOMETRIC_REPRESENTATION_CONTEXT(3)
GLOBAL_UNCERTAINTY_ASSIGNED_CONTEXT((#11095))
GLOBAL_UNIT_ASSIGNED_CONTEXT((#11110,#11106,#11105))
REPRESENTATION_CONTEXT('S_AC_M_01_frame','COMPONENT_PART')
);
#11085=(
GEOMETRIC_REPRESENTATION_CONTEXT(3)
GLOBAL_UNCERTAINTY_ASSIGNED_CONTEXT((#11096))
GLOBAL_UNIT_ASSIGNED_CONTEXT((#11110,#11106,#11105))
REPRESENTATION_CONTEXT('S_AC_M_02_tube','COMPONENT_PART')
);
#11086=(
GEOMETRIC_REPRESENTATION_CONTEXT(3)
GLOBAL_UNCERTAINTY_ASSIGNED_CONTEXT((#11097))
GLOBAL_UNIT_ASSIGNED_CONTEXT((#11110,#11106,#11105))
REPRESENTATION_CONTEXT('S_AC_M_04_tube_vacuum_connector',
'COMPONENT_PART')
);
#11087=(
GEOMETRIC_REPRESENTATION_CONTEXT(3)
GLOBAL_UNCERTAINTY_ASSIGNED_CONTEXT((#11098))
GLOBAL_UNIT_ASSIGNED_CONTEXT((#11110,#11106,#11105))
REPRESENTATION_CONTEXT('S_AC_M_03_feeder','COMPONENT_PART')
);
#11088=(
GEOMETRIC_REPRESENTATION_CONTEXT(3)
GLOBAL_UNCERTAINTY_ASSIGNED_CONTEXT((#11099))
GLOBAL_UNIT_ASSIGNED_CONTEXT((#11110,#11106,#11105))
REPRESENTATION_CONTEXT('S_SF_M_03_tray','COMPONENT_PART')
);
#11089=(
GEOMETRIC_REPRESENTATION_CONTEXT(3)
GLOBAL_UNCERTAINTY_ASSIGNED_CONTEXT((#11100))
GLOBAL_UNIT_ASSIGNED_CONTEXT((#11110,#11106,#11105))
REPRESENTATION_CONTEXT('S_AC_M_05_feeder_drum','COMPONENT_PART')
);
#11090=(
GEOMETRIC_REPRESENTATION_CONTEXT(3)
GLOBAL_UNCERTAINTY_ASSIGNED_CONTEXT((#11101))
GLOBAL_UNIT_ASSIGNED_CONTEXT((#11110,#11106,#11105))
REPRESENTATION_CONTEXT('S_AC_M_06_crank','COMPONENT_PART')
);
#11091=(
GEOMETRIC_REPRESENTATION_CONTEXT(3)
GLOBAL_UNCERTAINTY_ASSIGNED_CONTEXT((#11102))
GLOBAL_UNIT_ASSIGNED_CONTEXT((#11110,#11106,#11105))
REPRESENTATION_CONTEXT('S_AC_M_07_tube_support','COMPONENT_PART')
);
#11092=(
GEOMETRIC_REPRESENTATION_CONTEXT(3)
GLOBAL_UNCERTAINTY_ASSIGNED_CONTEXT((#11103))
GLOBAL_UNIT_ASSIGNED_CONTEXT((#11110,#11106,#11105))
REPRESENTATION_CONTEXT('S_AC_P_01_vacuum_mellerware','COMPONENT_PART')
);
#11093=(
GEOMETRIC_REPRESENTATION_CONTEXT(3)
GLOBAL_UNCERTAINTY_ASSIGNED_CONTEXT((#11104))
GLOBAL_UNIT_ASSIGNED_CONTEXT((#11110,#11106,#11105))
REPRESENTATION_CONTEXT('S_AC_M_08_feeder_drum_lid','COMPONENT_PART')
);
#11094=UNCERTAINTY_MEASURE_WITH_UNIT(LENGTH_MEASURE(2.E-5),#11110,
'DISTANCE_ACCURACY_VALUE','Maximum Tolerance applied to model');
#11095=UNCERTAINTY_MEASURE_WITH_UNIT(LENGTH_MEASURE(2.E-5),#11110,
'DISTANCE_ACCURACY_VALUE','Maximum Tolerance applied to model');
#11096=UNCERTAINTY_MEASURE_WITH_UNIT(LENGTH_MEASURE(2.E-5),#11110,
'DISTANCE_ACCURACY_VALUE','Maximum Tolerance applied to model');
#11097=UNCERTAINTY_MEASURE_WITH_UNIT(LENGTH_MEASURE(2.E-5),#11110,
'DISTANCE_ACCURACY_VALUE','Maximum Tolerance applied to model');
#11098=UNCERTAINTY_MEASURE_WITH_UNIT(LENGTH_MEASURE(0.0508),#11110,
'DISTANCE_ACCURACY_VALUE','Maximum Tolerance applied to model');
#11099=UNCERTAINTY_MEASURE_WITH_UNIT(LENGTH_MEASURE(2.E-5),#11110,
'DISTANCE_ACCURACY_VALUE','Maximum Tolerance applied to model');
#11100=UNCERTAINTY_MEASURE_WITH_UNIT(LENGTH_MEASURE(0.0508),#11110,
'DISTANCE_ACCURACY_VALUE','Maximum Tolerance applied to model');
#11101=UNCERTAINTY_MEASURE_WITH_UNIT(LENGTH_MEASURE(0.0508),#11110,
'DISTANCE_ACCURACY_VALUE','Maximum Tolerance applied to model');
#11102=UNCERTAINTY_MEASURE_WITH_UNIT(LENGTH_MEASURE(2.E-5),#11110,
'DISTANCE_ACCURACY_VALUE','Maximum Tolerance applied to model');
#11103=UNCERTAINTY_MEASURE_WITH_UNIT(LENGTH_MEASURE(2.E-5),#11110,
'DISTANCE_ACCURACY_VALUE','Maximum Tolerance applied to model');
#11104=UNCERTAINTY_MEASURE_WITH_UNIT(LENGTH_MEASURE(2.E-5),#11110,
'DISTANCE_ACCURACY_VALUE','Maximum Tolerance applied to model');
#11105=(
NAMED_UNIT(*)
SI_UNIT($,.STERADIAN.)
SOLID_ANGLE_UNIT()
);
#11106=(
CONVERSION_BASED_UNIT('DEGREE',#11108)
NAMED_UNIT(#11107)
PLANE_ANGLE_UNIT()
);
#11107=DIMENSIONAL_EXPONENTS(0.,0.,0.,0.,0.,0.,0.);
#11108=PLANE_ANGLE_MEASURE_WITH_UNIT(PLANE_ANGLE_MEASURE(0.0174532925),
#11109);
#11109=(
NAMED_UNIT(*)
PLANE_ANGLE_UNIT()
SI_UNIT($,.RADIAN.)
);
#11110=(
LENGTH_UNIT()
NAMED_UNIT(*)
SI_UNIT(.MILLI.,.METRE.)
);
ENDSEC;
END-ISO-10303-21;
