ISO-10303-21;
HEADER;
/* Generated by software containing ST-Developer
 * from STEP Tools, Inc. (www.steptools.com) 
 */
/* OPTION: using custom schema-name function */

FILE_DESCRIPTION(
/* description */ (''),
/* implementation_level */ '2;1');

FILE_NAME(
/* name */ 'S_AC_M_03_feeder.stp',
/* time_stamp */ '2025-12-15T16:50:18+01:00',
/* author */ (''),
/* organization */ (''),
/* preprocessor_version */ 'ST-DEVELOPER v18.1',
/* originating_system */ 'SIEMENS PLM Software NX 1988',
/* authorisation */ '');

FILE_SCHEMA (('AUTOMOTIVE_DESIGN { 1 0 10303 214 3 1 1 1 }'));
ENDSEC;

DATA;
#10=SHAPE_REPRESENTATION_RELATIONSHIP('None',
'relationship between S_AC_M_03_feeder-None and S_AC_M_03_feeder-None',
#22,#11);
#11=ADVANCED_BREP_SHAPE_REPRESENTATION('S_AC_M_03_feeder-None',(#32),#2038);
#12=SHAPE_DEFINITION_REPRESENTATION(#13,#22);
#13=PRODUCT_DEFINITION_SHAPE('','',#14);
#14=PRODUCT_DEFINITION(' ','',#16,#15);
#15=PRODUCT_DEFINITION_CONTEXT('part definition',#21,'design');
#16=PRODUCT_DEFINITION_FORMATION_WITH_SPECIFIED_SOURCE(' ',' ',#18,
 .NOT_KNOWN.);
#17=PRODUCT_RELATED_PRODUCT_CATEGORY('part','',(#18));
#18=PRODUCT('S_AC_M_03_feeder','S_AC_M_03_feeder',' ',(#19));
#19=PRODUCT_CONTEXT(' ',#21,'mechanical');
#20=APPLICATION_PROTOCOL_DEFINITION('international standard',
'automotive_design',2010,#21);
#21=APPLICATION_CONTEXT(
'core data for automotive mechanical design processes');
#22=SHAPE_REPRESENTATION('S_AC_M_03_feeder-None',(#977),#2038);
#23=PRESENTATION_LAYER_ASSIGNMENT('1','Layer 1',(#32));
#24=STYLED_ITEM('',(#25),#32);
#25=PRESENTATION_STYLE_ASSIGNMENT((#26));
#26=SURFACE_STYLE_USAGE(.BOTH.,#27);
#27=SURFACE_SIDE_STYLE('',(#28));
#28=SURFACE_STYLE_FILL_AREA(#29);
#29=FILL_AREA_STYLE('',(#30));
#30=FILL_AREA_STYLE_COLOUR('',#31);
#31=COLOUR_RGB('medium steel',0.596078431372549,0.666666666666667,0.686274509803922);
#32=MANIFOLD_SOLID_BREP('',#33);
#33=CLOSED_SHELL('',(#107,#108,#109,#110,#111,#112,#113,#114,#115,#116,
#117,#118,#119,#120,#121,#122,#123,#124,#125,#126,#127,#128,#129,#130,#131,
#132,#133,#134,#135,#136,#137,#138,#139,#140,#141,#142,#143,#144,#145,#146,
#147,#148,#149,#150,#151,#152,#153,#154));
#34=B_SPLINE_CURVE_WITH_KNOTS('',3,(#1454,#1455,#1456,#1457,#1458,#1459,
#1460,#1461,#1462,#1463,#1464,#1465,#1466,#1467,#1468,#1469,#1470,#1471,
#1472,#1473,#1474,#1475,#1476,#1477,#1478,#1479,#1480,#1481,#1482,#1483,
#1484,#1485,#1486,#1487,#1488,#1489,#1490,#1491,#1492,#1493,#1494,#1495,
#1496,#1497,#1498,#1499,#1500,#1501,#1502,#1503,#1504,#1505,#1506,#1507,
#1508,#1509,#1510,#1511),.UNSPECIFIED.,.T.,.F.,(1,3,3,3,3,3,3,3,3,3,3,3,
3,3,3,3,3,3,3,3,3,1),(-0.0536863573448019,0.,0.0334600730930851,0.0871676909350152,
0.140858973346993,0.194544062022909,0.248242761113213,0.301953643950104,
0.355656259900129,0.409343060085687,0.463031177256673,0.516735694533001,
0.57044609091797,0.624142679275459,0.677827326847178,0.73152052385327,0.785229430472564,
0.838936683512323,0.892627497412414,0.946313642655198,1.,1.03346007309309),
 .UNSPECIFIED.);
#35=B_SPLINE_CURVE_WITH_KNOTS('',3,(#1513,#1514,#1515,#1516,#1517,#1518,
#1519,#1520,#1521,#1522,#1523,#1524,#1525,#1526,#1527,#1528,#1529,#1530,
#1531,#1532,#1533,#1534,#1535,#1536,#1537,#1538,#1539,#1540,#1541,#1542,
#1543,#1544,#1545,#1546,#1547,#1548,#1549,#1550,#1551,#1552,#1553,#1554,
#1555,#1556,#1557,#1558,#1559,#1560,#1561,#1562,#1563,#1564,#1565,#1566,
#1567,#1568,#1569,#1570),.UNSPECIFIED.,.T.,.F.,(1,3,3,3,3,3,3,3,3,3,3,3,
3,3,3,3,3,3,3,3,3,1),(-0.0536863095353576,0.,0.0334615591522841,0.0871685252068001,
0.14085900864713,0.194544398645824,0.24824403141091,0.301955024457475,0.355656756438106,
0.409343059561677,0.463031844047313,0.516737153087128,0.57044723116149,
0.624142890528511,0.677827448965347,0.731521537596371,0.785230926973415,
0.838937501480845,0.892627536199946,0.946313690464642,1.,1.03346155915228),
 .UNSPECIFIED.);
#36=B_SPLINE_CURVE_WITH_KNOTS('',3,(#1572,#1573,#1574,#1575,#1576,#1577,
#1578,#1579,#1580,#1581,#1582,#1583,#1584,#1585,#1586,#1587,#1588,#1589,
#1590,#1591,#1592,#1593,#1594,#1595,#1596,#1597,#1598,#1599,#1600,#1601,
#1602,#1603,#1604,#1605,#1606,#1607,#1608,#1609,#1610,#1611,#1612,#1613,
#1614,#1615,#1616,#1617,#1618,#1619,#1620,#1621,#1622,#1623,#1624,#1625,
#1626,#1627,#1628,#1629),.UNSPECIFIED.,.T.,.F.,(1,3,3,3,3,3,3,3,3,3,3,3,
3,3,3,3,3,3,3,3,3,1),(-0.0334127907227705,0.,0.053702776913832,0.107404871333564,
0.161115554828064,0.214818933817428,0.268506215463435,0.322193725562347,
0.375897428207538,0.429608029911332,0.483305454539833,0.536990194306486,
0.590682540512577,0.644390909630179,0.698098712724754,0.751790248466372,
0.805475207305385,0.859173532047218,0.912884319929497,0.96658720927723,
1.,1.05370277691383),.UNSPECIFIED.);
#37=B_SPLINE_CURVE_WITH_KNOTS('',3,(#1631,#1632,#1633,#1634,#1635,#1636,
#1637,#1638,#1639,#1640,#1641,#1642,#1643,#1644,#1645,#1646,#1647,#1648,
#1649,#1650,#1651,#1652,#1653,#1654,#1655,#1656,#1657,#1658,#1659,#1660,
#1661,#1662,#1663,#1664,#1665,#1666,#1667,#1668,#1669,#1670,#1671,#1672,
#1673,#1674,#1675,#1676,#1677,#1678,#1679,#1680,#1681,#1682,#1683,#1684,
#1685,#1686,#1687,#1688),.UNSPECIFIED.,.T.,.F.,(1,3,3,3,3,3,3,3,3,3,3,3,
3,3,3,3,3,3,3,3,3,1),(-0.033412018461299,0.,0.0537035136155108,0.10740637912152,
0.16111723208837,0.214819747650223,0.268506479693269,0.322194609528402,
0.375899133446606,0.429609474716105,0.483305961613019,0.536990549133288,
0.590683764415515,0.644392666380744,0.698099833047081,0.751790555594844,
0.805475791635383,0.859175050098662,0.912885970234234,0.966587981538701,
1.,1.05370351361551),.UNSPECIFIED.);
#38=B_SPLINE_CURVE_WITH_KNOTS('',3,(#1790,#1791,#1792,#1793,#1794,#1795,
#1796,#1797,#1798,#1799,#1800,#1801,#1802,#1803,#1804,#1805,#1806,#1807,
#1808,#1809,#1810,#1811,#1812,#1813,#1814,#1815,#1816,#1817,#1818,#1819,
#1820,#1821,#1822,#1823,#1824,#1825,#1826,#1827,#1828,#1829,#1830,#1831,
#1832,#1833,#1834,#1835,#1836,#1837,#1838,#1839,#1840,#1841,#1842,#1843,
#1844,#1845,#1846,#1847),.UNSPECIFIED.,.T.,.F.,(1,3,3,3,3,3,3,3,3,3,3,3,
3,3,3,3,3,3,3,3,3,1),(-0.0334018378549361,0.,0.0537029731283872,0.107405344461729,
0.161115289214804,0.214818793444568,0.268508102841451,0.322197613924728,
0.375901404426485,0.429611276727165,0.483309529267858,0.536996598057471,
0.59069037535164,0.644398280544541,0.698105684382935,0.751798743369872,
0.805486005047784,0.859185055502468,0.912895093059043,0.966598162145064,
1.,1.05370297312839),.UNSPECIFIED.);
#39=B_SPLINE_CURVE_WITH_KNOTS('',3,(#1849,#1850,#1851,#1852,#1853,#1854,
#1855,#1856,#1857,#1858,#1859,#1860,#1861,#1862,#1863,#1864,#1865,#1866,
#1867,#1868,#1869,#1870,#1871,#1872,#1873,#1874,#1875,#1876,#1877,#1878,
#1879,#1880,#1881,#1882,#1883,#1884,#1885,#1886,#1887,#1888,#1889,#1890,
#1891,#1892,#1893,#1894,#1895,#1896,#1897,#1898,#1899,#1900,#1901,#1902,
#1903,#1904,#1905,#1906),.UNSPECIFIED.,.T.,.F.,(1,3,3,3,3,3,3,3,3,3,3,3,
3,3,3,3,3,3,3,3,3,1),(-0.0334011570605105,0.,0.0537036227097489,0.107406673942249,
0.16111676814061,0.214819511066738,0.268508335816348,0.32219839342068,0.375902908046208,
0.429612550615134,0.483309976382295,0.536996911013987,0.590691454629131,
0.644399829538111,0.698106672131497,0.75179901412931,0.805486520411208,
0.859186394190433,0.912896548094428,0.966598842939489,1.,1.05370362270975),
 .UNSPECIFIED.);
#40=B_SPLINE_CURVE_WITH_KNOTS('',3,(#1913,#1914,#1915,#1916,#1917,#1918,
#1919,#1920,#1921,#1922,#1923,#1924,#1925,#1926,#1927,#1928,#1929,#1930,
#1931,#1932,#1933,#1934,#1935,#1936,#1937,#1938,#1939,#1940,#1941,#1942,
#1943,#1944,#1945,#1946,#1947,#1948,#1949,#1950,#1951,#1952,#1953,#1954,
#1955,#1956,#1957,#1958,#1959,#1960,#1961,#1962,#1963,#1964,#1965,#1966,
#1967,#1968,#1969,#1970),.UNSPECIFIED.,.T.,.F.,(1,3,3,3,3,3,3,3,3,3,3,3,
3,3,3,3,3,3,3,3,3,1),(-0.0334435234044052,0.,0.0536884952730307,0.107376803490696,
0.161069228996316,0.214776149781841,0.268484527200438,0.322179051610673,
0.375866038375044,0.429563556940147,0.483273249557164,0.536977754791781,
0.590667800025996,0.644356687402105,0.698059521666625,0.751769641804815,
0.805469015803154,0.8591563903206,0.912849231459316,0.966556476595595,1.,
1.05368849527303),.UNSPECIFIED.);
#41=B_SPLINE_CURVE_WITH_KNOTS('',3,(#1972,#1973,#1974,#1975,#1976,#1977,
#1978,#1979,#1980,#1981,#1982,#1983,#1984,#1985,#1986,#1987,#1988,#1989,
#1990,#1991,#1992,#1993,#1994,#1995,#1996,#1997,#1998,#1999,#2000,#2001,
#2002,#2003,#2004,#2005,#2006,#2007,#2008,#2009,#2010,#2011,#2012,#2013,
#2014,#2015,#2016,#2017,#2018,#2019,#2020,#2021,#2022,#2023,#2024,#2025,
#2026,#2027,#2028,#2029),.UNSPECIFIED.,.T.,.F.,(1,3,3,3,3,3,3,3,3,3,3,3,
3,3,3,3,3,3,3,3,3,1),(-0.0334448336857934,0.,0.0536884531196461,0.107376769295629,
0.16106850773929,0.214774830302177,0.26848363345265,0.322178944049871,0.375865852094904,
0.42956255144958,0.483271963608577,0.536977167046956,0.590667800520243,
0.64435624945595,0.698058304376291,0.751768521923463,0.805468719220598,
0.859156359206123,0.912848495633744,0.966555166314207,1.,1.05368845311965),
 .UNSPECIFIED.);
#42=CYLINDRICAL_SURFACE('',#996,65.);
#43=CYLINDRICAL_SURFACE('',#998,65.);
#44=CYLINDRICAL_SURFACE('',#1015,77.);
#45=CYLINDRICAL_SURFACE('',#1020,60.);
#46=CYLINDRICAL_SURFACE('',#1031,10.);
#47=CYLINDRICAL_SURFACE('',#1032,2.);
#48=CYLINDRICAL_SURFACE('',#1037,2.);
#49=CYLINDRICAL_SURFACE('',#1043,2.);
#50=CYLINDRICAL_SURFACE('',#1049,2.);
#51=CYLINDRICAL_SURFACE('',#1051,82.);
#52=CYLINDRICAL_SURFACE('',#1054,82.);
#53=CYLINDRICAL_SURFACE('',#1055,2.);
#54=CYLINDRICAL_SURFACE('',#1056,2.);
#55=CYLINDRICAL_SURFACE('',#1057,2.);
#56=CYLINDRICAL_SURFACE('',#1058,2.);
#57=FACE_BOUND('',#216,.T.);
#58=FACE_BOUND('',#217,.T.);
#59=FACE_BOUND('',#218,.T.);
#60=FACE_BOUND('',#219,.T.);
#61=FACE_BOUND('',#220,.T.);
#62=FACE_BOUND('',#221,.T.);
#63=FACE_BOUND('',#224,.T.);
#64=FACE_BOUND('',#225,.T.);
#65=FACE_BOUND('',#227,.T.);
#66=FACE_BOUND('',#228,.T.);
#67=FACE_BOUND('',#233,.T.);
#68=FACE_BOUND('',#234,.T.);
#69=FACE_BOUND('',#235,.T.);
#70=FACE_BOUND('',#236,.T.);
#71=FACE_BOUND('',#237,.T.);
#72=FACE_BOUND('',#238,.T.);
#73=FACE_BOUND('',#240,.T.);
#74=FACE_BOUND('',#241,.T.);
#75=FACE_BOUND('',#244,.T.);
#76=FACE_BOUND('',#245,.T.);
#77=FACE_BOUND('',#250,.T.);
#78=FACE_BOUND('',#251,.T.);
#79=FACE_BOUND('',#252,.T.);
#80=FACE_BOUND('',#253,.T.);
#81=FACE_BOUND('',#257,.T.);
#82=FACE_BOUND('',#258,.T.);
#83=FACE_BOUND('',#259,.T.);
#84=FACE_BOUND('',#260,.T.);
#85=FACE_BOUND('',#264,.T.);
#86=FACE_BOUND('',#265,.T.);
#87=FACE_BOUND('',#266,.T.);
#88=FACE_BOUND('',#267,.T.);
#89=FACE_BOUND('',#271,.T.);
#90=FACE_BOUND('',#272,.T.);
#91=FACE_BOUND('',#273,.T.);
#92=FACE_BOUND('',#274,.T.);
#93=FACE_BOUND('',#275,.T.);
#94=FACE_BOUND('',#276,.T.);
#95=FACE_BOUND('',#277,.T.);
#96=FACE_BOUND('',#280,.T.);
#97=FACE_BOUND('',#281,.T.);
#98=FACE_BOUND('',#282,.T.);
#99=FACE_BOUND('',#283,.T.);
#100=FACE_BOUND('',#284,.T.);
#101=FACE_BOUND('',#285,.T.);
#102=FACE_BOUND('',#286,.T.);
#103=FACE_BOUND('',#287,.T.);
#104=FACE_BOUND('',#288,.T.);
#105=FACE_BOUND('',#289,.T.);
#106=FACE_BOUND('',#290,.T.);
#107=ADVANCED_FACE('',(#188),#155,.T.);
#108=ADVANCED_FACE('',(#57,#58,#59,#60),#156,.F.);
#109=ADVANCED_FACE('',(#61,#62),#157,.T.);
#110=ADVANCED_FACE('',(#189),#42,.T.);
#111=ADVANCED_FACE('',(#190),#43,.T.);
#112=ADVANCED_FACE('',(#63,#64),#158,.F.);
#113=ADVANCED_FACE('',(#191),#159,.F.);
#114=ADVANCED_FACE('',(#65,#66),#160,.F.);
#115=ADVANCED_FACE('',(#192),#161,.F.);
#116=ADVANCED_FACE('',(#193),#162,.F.);
#117=ADVANCED_FACE('',(#194),#163,.F.);
#118=ADVANCED_FACE('',(#195),#164,.F.);
#119=ADVANCED_FACE('',(#67,#68,#69,#70,#71,#72),#44,.F.);
#120=ADVANCED_FACE('',(#196),#45,.F.);
#121=ADVANCED_FACE('',(#73,#74),#165,.F.);
#122=ADVANCED_FACE('',(#197),#166,.T.);
#123=ADVANCED_FACE('',(#198),#167,.T.);
#124=ADVANCED_FACE('',(#75,#76),#168,.T.);
#125=ADVANCED_FACE('',(#199),#169,.T.);
#126=ADVANCED_FACE('',(#200),#170,.T.);
#127=ADVANCED_FACE('',(#201),#171,.T.);
#128=ADVANCED_FACE('',(#202),#172,.T.);
#129=ADVANCED_FACE('',(#77,#78),#46,.F.);
#130=ADVANCED_FACE('',(#79,#80),#47,.F.);
#131=ADVANCED_FACE('',(#203),#173,.T.);
#132=ADVANCED_FACE('',(#204),#174,.T.);
#133=ADVANCED_FACE('',(#205),#175,.T.);
#134=ADVANCED_FACE('',(#81,#82),#48,.F.);
#135=ADVANCED_FACE('',(#83,#84),#176,.F.);
#136=ADVANCED_FACE('',(#206),#177,.T.);
#137=ADVANCED_FACE('',(#207),#178,.T.);
#138=ADVANCED_FACE('',(#208),#179,.T.);
#139=ADVANCED_FACE('',(#85,#86),#49,.F.);
#140=ADVANCED_FACE('',(#87,#88),#180,.F.);
#141=ADVANCED_FACE('',(#209),#181,.T.);
#142=ADVANCED_FACE('',(#210),#182,.T.);
#143=ADVANCED_FACE('',(#211),#183,.T.);
#144=ADVANCED_FACE('',(#89,#90),#50,.F.);
#145=ADVANCED_FACE('',(#91,#92),#184,.F.);
#146=ADVANCED_FACE('',(#93,#94,#95),#51,.T.);
#147=ADVANCED_FACE('',(#212),#185,.T.);
#148=ADVANCED_FACE('',(#213),#186,.T.);
#149=ADVANCED_FACE('',(#96,#97,#98),#52,.T.);
#150=ADVANCED_FACE('',(#99,#100),#53,.F.);
#151=ADVANCED_FACE('',(#101,#102),#54,.F.);
#152=ADVANCED_FACE('',(#103,#104),#55,.F.);
#153=ADVANCED_FACE('',(#105,#106),#56,.F.);
#154=ADVANCED_FACE('',(#214),#187,.F.);
#155=PLANE('',#979);
#156=PLANE('',#989);
#157=PLANE('',#993);
#158=PLANE('',#999);
#159=PLANE('',#1000);
#160=PLANE('',#1002);
#161=PLANE('',#1003);
#162=PLANE('',#1004);
#163=PLANE('',#1008);
#164=PLANE('',#1012);
#165=PLANE('',#1022);
#166=PLANE('',#1023);
#167=PLANE('',#1024);
#168=PLANE('',#1026);
#169=PLANE('',#1027);
#170=PLANE('',#1028);
#171=PLANE('',#1029);
#172=PLANE('',#1030);
#173=PLANE('',#1033);
#174=PLANE('',#1034);
#175=PLANE('',#1035);
#176=PLANE('',#1038);
#177=PLANE('',#1039);
#178=PLANE('',#1040);
#179=PLANE('',#1041);
#180=PLANE('',#1044);
#181=PLANE('',#1045);
#182=PLANE('',#1046);
#183=PLANE('',#1047);
#184=PLANE('',#1050);
#185=PLANE('',#1052);
#186=PLANE('',#1053);
#187=PLANE('',#1059);
#188=FACE_OUTER_BOUND('',#215,.T.);
#189=FACE_OUTER_BOUND('',#222,.T.);
#190=FACE_OUTER_BOUND('',#223,.T.);
#191=FACE_OUTER_BOUND('',#226,.T.);
#192=FACE_OUTER_BOUND('',#229,.T.);
#193=FACE_OUTER_BOUND('',#230,.T.);
#194=FACE_OUTER_BOUND('',#231,.T.);
#195=FACE_OUTER_BOUND('',#232,.T.);
#196=FACE_OUTER_BOUND('',#239,.T.);
#197=FACE_OUTER_BOUND('',#242,.T.);
#198=FACE_OUTER_BOUND('',#243,.T.);
#199=FACE_OUTER_BOUND('',#246,.T.);
#200=FACE_OUTER_BOUND('',#247,.T.);
#201=FACE_OUTER_BOUND('',#248,.T.);
#202=FACE_OUTER_BOUND('',#249,.T.);
#203=FACE_OUTER_BOUND('',#254,.T.);
#204=FACE_OUTER_BOUND('',#255,.T.);
#205=FACE_OUTER_BOUND('',#256,.T.);
#206=FACE_OUTER_BOUND('',#261,.T.);
#207=FACE_OUTER_BOUND('',#262,.T.);
#208=FACE_OUTER_BOUND('',#263,.T.);
#209=FACE_OUTER_BOUND('',#268,.T.);
#210=FACE_OUTER_BOUND('',#269,.T.);
#211=FACE_OUTER_BOUND('',#270,.T.);
#212=FACE_OUTER_BOUND('',#278,.T.);
#213=FACE_OUTER_BOUND('',#279,.T.);
#214=FACE_OUTER_BOUND('',#291,.T.);
#215=EDGE_LOOP('',(#466,#467,#468,#469));
#216=EDGE_LOOP('',(#470));
#217=EDGE_LOOP('',(#471));
#218=EDGE_LOOP('',(#472));
#219=EDGE_LOOP('',(#473,#474,#475,#476,#477,#478,#479,#480,#481,#482,#483,
#484,#485,#486,#487,#488,#489,#490,#491,#492));
#220=EDGE_LOOP('',(#493));
#221=EDGE_LOOP('',(#494,#495,#496,#497,#498,#499));
#222=EDGE_LOOP('',(#500,#501,#502,#503,#504,#505,#506,#507,#508,#509,#510,
#511));
#223=EDGE_LOOP('',(#512,#513,#514,#515,#516,#517,#518,#519));
#224=EDGE_LOOP('',(#520,#521,#522,#523));
#225=EDGE_LOOP('',(#524,#525,#526,#527));
#226=EDGE_LOOP('',(#528,#529,#530,#531));
#227=EDGE_LOOP('',(#532));
#228=EDGE_LOOP('',(#533,#534,#535,#536));
#229=EDGE_LOOP('',(#537,#538,#539,#540));
#230=EDGE_LOOP('',(#541,#542,#543,#544,#545,#546));
#231=EDGE_LOOP('',(#547,#548,#549,#550,#551,#552,#553,#554));
#232=EDGE_LOOP('',(#555,#556,#557,#558,#559,#560,#561,#562));
#233=EDGE_LOOP('',(#563));
#234=EDGE_LOOP('',(#564));
#235=EDGE_LOOP('',(#565));
#236=EDGE_LOOP('',(#566));
#237=EDGE_LOOP('',(#567,#568,#569,#570));
#238=EDGE_LOOP('',(#571,#572,#573,#574));
#239=EDGE_LOOP('',(#575,#576,#577,#578,#579,#580,#581,#582,#583,#584,#585,
#586));
#240=EDGE_LOOP('',(#587));
#241=EDGE_LOOP('',(#588,#589,#590,#591,#592,#593,#594,#595));
#242=EDGE_LOOP('',(#596,#597,#598,#599,#600,#601));
#243=EDGE_LOOP('',(#602,#603,#604,#605,#606,#607));
#244=EDGE_LOOP('',(#608));
#245=EDGE_LOOP('',(#609,#610,#611,#612,#613,#614));
#246=EDGE_LOOP('',(#615,#616,#617,#618));
#247=EDGE_LOOP('',(#619,#620,#621,#622));
#248=EDGE_LOOP('',(#623,#624,#625,#626));
#249=EDGE_LOOP('',(#627,#628,#629,#630));
#250=EDGE_LOOP('',(#631));
#251=EDGE_LOOP('',(#632));
#252=EDGE_LOOP('',(#633));
#253=EDGE_LOOP('',(#634));
#254=EDGE_LOOP('',(#635,#636,#637,#638));
#255=EDGE_LOOP('',(#639,#640,#641,#642));
#256=EDGE_LOOP('',(#643,#644,#645,#646));
#257=EDGE_LOOP('',(#647));
#258=EDGE_LOOP('',(#648));
#259=EDGE_LOOP('',(#649,#650,#651,#652));
#260=EDGE_LOOP('',(#653));
#261=EDGE_LOOP('',(#654,#655,#656,#657));
#262=EDGE_LOOP('',(#658,#659,#660,#661));
#263=EDGE_LOOP('',(#662,#663,#664,#665));
#264=EDGE_LOOP('',(#666));
#265=EDGE_LOOP('',(#667));
#266=EDGE_LOOP('',(#668,#669,#670,#671));
#267=EDGE_LOOP('',(#672));
#268=EDGE_LOOP('',(#673,#674,#675,#676));
#269=EDGE_LOOP('',(#677,#678,#679,#680));
#270=EDGE_LOOP('',(#681,#682,#683,#684));
#271=EDGE_LOOP('',(#685));
#272=EDGE_LOOP('',(#686));
#273=EDGE_LOOP('',(#687,#688,#689,#690));
#274=EDGE_LOOP('',(#691));
#275=EDGE_LOOP('',(#692));
#276=EDGE_LOOP('',(#693));
#277=EDGE_LOOP('',(#694,#695,#696,#697));
#278=EDGE_LOOP('',(#698,#699,#700,#701));
#279=EDGE_LOOP('',(#702,#703,#704,#705));
#280=EDGE_LOOP('',(#706));
#281=EDGE_LOOP('',(#707));
#282=EDGE_LOOP('',(#708,#709,#710,#711));
#283=EDGE_LOOP('',(#712));
#284=EDGE_LOOP('',(#713));
#285=EDGE_LOOP('',(#714));
#286=EDGE_LOOP('',(#715));
#287=EDGE_LOOP('',(#716));
#288=EDGE_LOOP('',(#717));
#289=EDGE_LOOP('',(#718));
#290=EDGE_LOOP('',(#719));
#291=EDGE_LOOP('',(#720,#721,#722,#723));
#292=LINE('',#1317,#379);
#293=LINE('',#1319,#380);
#294=LINE('',#1321,#381);
#295=LINE('',#1329,#382);
#296=LINE('',#1334,#383);
#297=LINE('',#1338,#384);
#298=LINE('',#1340,#385);
#299=LINE('',#1342,#386);
#300=LINE('',#1346,#387);
#301=LINE('',#1348,#388);
#302=LINE('',#1350,#389);
#303=LINE('',#1354,#390);
#304=LINE('',#1356,#391);
#305=LINE('',#1358,#392);
#306=LINE('',#1362,#393);
#307=LINE('',#1364,#394);
#308=LINE('',#1366,#395);
#309=LINE('',#1372,#396);
#310=LINE('',#1375,#397);
#311=LINE('',#1377,#398);
#312=LINE('',#1381,#399);
#313=LINE('',#1388,#400);
#314=LINE('',#1389,#401);
#315=LINE('',#1393,#402);
#316=LINE('',#1394,#403);
#317=LINE('',#1395,#404);
#318=LINE('',#1396,#405);
#319=LINE('',#1401,#406);
#320=LINE('',#1402,#407);
#321=LINE('',#1403,#408);
#322=LINE('',#1404,#409);
#323=LINE('',#1406,#410);
#324=LINE('',#1409,#411);
#325=LINE('',#1411,#412);
#326=LINE('',#1413,#413);
#327=LINE('',#1414,#414);
#328=LINE('',#1417,#415);
#329=LINE('',#1419,#416);
#330=LINE('',#1421,#417);
#331=LINE('',#1423,#418);
#332=LINE('',#1424,#419);
#333=LINE('',#1428,#420);
#334=LINE('',#1429,#421);
#335=LINE('',#1432,#422);
#336=LINE('',#1436,#423);
#337=LINE('',#1440,#424);
#338=LINE('',#1447,#425);
#339=LINE('',#1452,#426);
#340=LINE('',#1690,#427);
#341=LINE('',#1695,#428);
#342=LINE('',#1696,#429);
#343=LINE('',#1698,#430);
#344=LINE('',#1700,#431);
#345=LINE('',#1704,#432);
#346=LINE('',#1708,#433);
#347=LINE('',#1709,#434);
#348=LINE('',#1713,#435);
#349=LINE('',#1719,#436);
#350=LINE('',#1720,#437);
#351=LINE('',#1721,#438);
#352=LINE('',#1723,#439);
#353=LINE('',#1725,#440);
#354=LINE('',#1727,#441);
#355=LINE('',#1729,#442);
#356=LINE('',#1731,#443);
#357=LINE('',#1732,#444);
#358=LINE('',#1734,#445);
#359=LINE('',#1735,#446);
#360=LINE('',#1739,#447);
#361=LINE('',#1740,#448);
#362=LINE('',#1748,#449);
#363=LINE('',#1750,#450);
#364=LINE('',#1752,#451);
#365=LINE('',#1754,#452);
#366=LINE('',#1756,#453);
#367=LINE('',#1762,#454);
#368=LINE('',#1764,#455);
#369=LINE('',#1766,#456);
#370=LINE('',#1768,#457);
#371=LINE('',#1770,#458);
#372=LINE('',#1776,#459);
#373=LINE('',#1778,#460);
#374=LINE('',#1780,#461);
#375=LINE('',#1782,#462);
#376=LINE('',#1784,#463);
#377=LINE('',#1908,#464);
#378=LINE('',#1911,#465);
#379=VECTOR('',#1064,1.);
#380=VECTOR('',#1065,1.);
#381=VECTOR('',#1066,1.);
#382=VECTOR('',#1075,1.);
#383=VECTOR('',#1078,1.);
#384=VECTOR('',#1081,1.);
#385=VECTOR('',#1082,1.);
#386=VECTOR('',#1083,1.);
#387=VECTOR('',#1086,1.);
#388=VECTOR('',#1087,1.);
#389=VECTOR('',#1088,1.);
#390=VECTOR('',#1091,1.);
#391=VECTOR('',#1092,1.);
#392=VECTOR('',#1093,1.);
#393=VECTOR('',#1096,1.);
#394=VECTOR('',#1097,1.);
#395=VECTOR('',#1098,1.);
#396=VECTOR('',#1105,1.);
#397=VECTOR('',#1106,1.);
#398=VECTOR('',#1107,1.);
#399=VECTOR('',#1110,1.);
#400=VECTOR('',#1117,1.);
#401=VECTOR('',#1118,1.);
#402=VECTOR('',#1121,1.);
#403=VECTOR('',#1122,1.);
#404=VECTOR('',#1123,1.);
#405=VECTOR('',#1124,1.);
#406=VECTOR('',#1129,1.);
#407=VECTOR('',#1130,1.);
#408=VECTOR('',#1131,1.);
#409=VECTOR('',#1132,1.);
#410=VECTOR('',#1135,1.);
#411=VECTOR('',#1136,1.);
#412=VECTOR('',#1137,1.);
#413=VECTOR('',#1138,1.);
#414=VECTOR('',#1139,1.);
#415=VECTOR('',#1140,1.);
#416=VECTOR('',#1141,1.);
#417=VECTOR('',#1142,1.);
#418=VECTOR('',#1145,1.);
#419=VECTOR('',#1146,1.);
#420=VECTOR('',#1151,1.);
#421=VECTOR('',#1152,1.);
#422=VECTOR('',#1157,1.);
#423=VECTOR('',#1162,1.);
#424=VECTOR('',#1165,1.);
#425=VECTOR('',#1172,1.);
#426=VECTOR('',#1177,1.);
#427=VECTOR('',#1180,1.);
#428=VECTOR('',#1185,1.);
#429=VECTOR('',#1186,1.);
#430=VECTOR('',#1189,1.);
#431=VECTOR('',#1190,1.);
#432=VECTOR('',#1193,1.);
#433=VECTOR('',#1196,1.);
#434=VECTOR('',#1197,1.);
#435=VECTOR('',#1200,1.);
#436=VECTOR('',#1207,1.);
#437=VECTOR('',#1208,1.);
#438=VECTOR('',#1209,1.);
#439=VECTOR('',#1210,1.);
#440=VECTOR('',#1211,1.);
#441=VECTOR('',#1214,1.);
#442=VECTOR('',#1215,1.);
#443=VECTOR('',#1216,1.);
#444=VECTOR('',#1217,1.);
#445=VECTOR('',#1220,1.);
#446=VECTOR('',#1221,1.);
#447=VECTOR('',#1226,1.);
#448=VECTOR('',#1227,1.);
#449=VECTOR('',#1242,1.);
#450=VECTOR('',#1243,1.);
#451=VECTOR('',#1246,1.);
#452=VECTOR('',#1247,1.);
#453=VECTOR('',#1250,1.);
#454=VECTOR('',#1259,1.);
#455=VECTOR('',#1260,1.);
#456=VECTOR('',#1263,1.);
#457=VECTOR('',#1264,1.);
#458=VECTOR('',#1267,1.);
#459=VECTOR('',#1276,1.);
#460=VECTOR('',#1277,1.);
#461=VECTOR('',#1280,1.);
#462=VECTOR('',#1281,1.);
#463=VECTOR('',#1284,1.);
#464=VECTOR('',#1293,1.);
#465=VECTOR('',#1298,1.);
#466=ORIENTED_EDGE('',*,*,#814,.T.);
#467=ORIENTED_EDGE('',*,*,#815,.T.);
#468=ORIENTED_EDGE('',*,*,#816,.F.);
#469=ORIENTED_EDGE('',*,*,#817,.T.);
#470=ORIENTED_EDGE('',*,*,#818,.F.);
#471=ORIENTED_EDGE('',*,*,#819,.F.);
#472=ORIENTED_EDGE('',*,*,#820,.F.);
#473=ORIENTED_EDGE('',*,*,#821,.T.);
#474=ORIENTED_EDGE('',*,*,#822,.T.);
#475=ORIENTED_EDGE('',*,*,#823,.T.);
#476=ORIENTED_EDGE('',*,*,#824,.F.);
#477=ORIENTED_EDGE('',*,*,#825,.T.);
#478=ORIENTED_EDGE('',*,*,#826,.T.);
#479=ORIENTED_EDGE('',*,*,#827,.T.);
#480=ORIENTED_EDGE('',*,*,#828,.F.);
#481=ORIENTED_EDGE('',*,*,#829,.F.);
#482=ORIENTED_EDGE('',*,*,#830,.F.);
#483=ORIENTED_EDGE('',*,*,#831,.F.);
#484=ORIENTED_EDGE('',*,*,#832,.F.);
#485=ORIENTED_EDGE('',*,*,#833,.T.);
#486=ORIENTED_EDGE('',*,*,#834,.T.);
#487=ORIENTED_EDGE('',*,*,#835,.T.);
#488=ORIENTED_EDGE('',*,*,#836,.F.);
#489=ORIENTED_EDGE('',*,*,#837,.T.);
#490=ORIENTED_EDGE('',*,*,#838,.T.);
#491=ORIENTED_EDGE('',*,*,#839,.T.);
#492=ORIENTED_EDGE('',*,*,#840,.F.);
#493=ORIENTED_EDGE('',*,*,#841,.T.);
#494=ORIENTED_EDGE('',*,*,#842,.T.);
#495=ORIENTED_EDGE('',*,*,#843,.T.);
#496=ORIENTED_EDGE('',*,*,#844,.T.);
#497=ORIENTED_EDGE('',*,*,#845,.T.);
#498=ORIENTED_EDGE('',*,*,#846,.F.);
#499=ORIENTED_EDGE('',*,*,#847,.T.);
#500=ORIENTED_EDGE('',*,*,#848,.F.);
#501=ORIENTED_EDGE('',*,*,#849,.T.);
#502=ORIENTED_EDGE('',*,*,#836,.T.);
#503=ORIENTED_EDGE('',*,*,#850,.F.);
#504=ORIENTED_EDGE('',*,*,#851,.F.);
#505=ORIENTED_EDGE('',*,*,#852,.T.);
#506=ORIENTED_EDGE('',*,*,#832,.T.);
#507=ORIENTED_EDGE('',*,*,#853,.F.);
#508=ORIENTED_EDGE('',*,*,#847,.F.);
#509=ORIENTED_EDGE('',*,*,#854,.T.);
#510=ORIENTED_EDGE('',*,*,#840,.T.);
#511=ORIENTED_EDGE('',*,*,#855,.F.);
#512=ORIENTED_EDGE('',*,*,#856,.F.);
#513=ORIENTED_EDGE('',*,*,#857,.T.);
#514=ORIENTED_EDGE('',*,*,#824,.T.);
#515=ORIENTED_EDGE('',*,*,#858,.F.);
#516=ORIENTED_EDGE('',*,*,#845,.F.);
#517=ORIENTED_EDGE('',*,*,#859,.T.);
#518=ORIENTED_EDGE('',*,*,#828,.T.);
#519=ORIENTED_EDGE('',*,*,#860,.F.);
#520=ORIENTED_EDGE('',*,*,#861,.T.);
#521=ORIENTED_EDGE('',*,*,#862,.T.);
#522=ORIENTED_EDGE('',*,*,#863,.F.);
#523=ORIENTED_EDGE('',*,*,#864,.F.);
#524=ORIENTED_EDGE('',*,*,#865,.F.);
#525=ORIENTED_EDGE('',*,*,#866,.F.);
#526=ORIENTED_EDGE('',*,*,#867,.T.);
#527=ORIENTED_EDGE('',*,*,#868,.T.);
#528=ORIENTED_EDGE('',*,*,#866,.T.);
#529=ORIENTED_EDGE('',*,*,#869,.T.);
#530=ORIENTED_EDGE('',*,*,#854,.F.);
#531=ORIENTED_EDGE('',*,*,#870,.T.);
#532=ORIENTED_EDGE('',*,*,#871,.T.);
#533=ORIENTED_EDGE('',*,*,#858,.T.);
#534=ORIENTED_EDGE('',*,*,#872,.T.);
#535=ORIENTED_EDGE('',*,*,#868,.F.);
#536=ORIENTED_EDGE('',*,*,#873,.T.);
#537=ORIENTED_EDGE('',*,*,#870,.F.);
#538=ORIENTED_EDGE('',*,*,#846,.T.);
#539=ORIENTED_EDGE('',*,*,#873,.F.);
#540=ORIENTED_EDGE('',*,*,#867,.F.);
#541=ORIENTED_EDGE('',*,*,#869,.F.);
#542=ORIENTED_EDGE('',*,*,#865,.T.);
#543=ORIENTED_EDGE('',*,*,#872,.F.);
#544=ORIENTED_EDGE('',*,*,#823,.F.);
#545=ORIENTED_EDGE('',*,*,#874,.T.);
#546=ORIENTED_EDGE('',*,*,#821,.F.);
#547=ORIENTED_EDGE('',*,*,#831,.T.);
#548=ORIENTED_EDGE('',*,*,#875,.T.);
#549=ORIENTED_EDGE('',*,*,#876,.T.);
#550=ORIENTED_EDGE('',*,*,#877,.T.);
#551=ORIENTED_EDGE('',*,*,#878,.T.);
#552=ORIENTED_EDGE('',*,*,#879,.T.);
#553=ORIENTED_EDGE('',*,*,#842,.F.);
#554=ORIENTED_EDGE('',*,*,#853,.T.);
#555=ORIENTED_EDGE('',*,*,#880,.F.);
#556=ORIENTED_EDGE('',*,*,#881,.T.);
#557=ORIENTED_EDGE('',*,*,#882,.T.);
#558=ORIENTED_EDGE('',*,*,#829,.T.);
#559=ORIENTED_EDGE('',*,*,#859,.F.);
#560=ORIENTED_EDGE('',*,*,#844,.F.);
#561=ORIENTED_EDGE('',*,*,#883,.T.);
#562=ORIENTED_EDGE('',*,*,#884,.T.);
#563=ORIENTED_EDGE('',*,*,#885,.T.);
#564=ORIENTED_EDGE('',*,*,#886,.T.);
#565=ORIENTED_EDGE('',*,*,#887,.F.);
#566=ORIENTED_EDGE('',*,*,#888,.F.);
#567=ORIENTED_EDGE('',*,*,#889,.F.);
#568=ORIENTED_EDGE('',*,*,#890,.T.);
#569=ORIENTED_EDGE('',*,*,#816,.T.);
#570=ORIENTED_EDGE('',*,*,#891,.T.);
#571=ORIENTED_EDGE('',*,*,#877,.F.);
#572=ORIENTED_EDGE('',*,*,#892,.T.);
#573=ORIENTED_EDGE('',*,*,#880,.T.);
#574=ORIENTED_EDGE('',*,*,#893,.F.);
#575=ORIENTED_EDGE('',*,*,#894,.T.);
#576=ORIENTED_EDGE('',*,*,#814,.F.);
#577=ORIENTED_EDGE('',*,*,#895,.F.);
#578=ORIENTED_EDGE('',*,*,#896,.T.);
#579=ORIENTED_EDGE('',*,*,#897,.T.);
#580=ORIENTED_EDGE('',*,*,#898,.F.);
#581=ORIENTED_EDGE('',*,*,#899,.T.);
#582=ORIENTED_EDGE('',*,*,#822,.F.);
#583=ORIENTED_EDGE('',*,*,#900,.T.);
#584=ORIENTED_EDGE('',*,*,#901,.F.);
#585=ORIENTED_EDGE('',*,*,#902,.F.);
#586=ORIENTED_EDGE('',*,*,#903,.T.);
#587=ORIENTED_EDGE('',*,*,#904,.T.);
#588=ORIENTED_EDGE('',*,*,#896,.F.);
#589=ORIENTED_EDGE('',*,*,#905,.F.);
#590=ORIENTED_EDGE('',*,*,#889,.T.);
#591=ORIENTED_EDGE('',*,*,#906,.F.);
#592=ORIENTED_EDGE('',*,*,#903,.F.);
#593=ORIENTED_EDGE('',*,*,#907,.F.);
#594=ORIENTED_EDGE('',*,*,#908,.T.);
#595=ORIENTED_EDGE('',*,*,#909,.F.);
#596=ORIENTED_EDGE('',*,*,#898,.T.);
#597=ORIENTED_EDGE('',*,*,#910,.F.);
#598=ORIENTED_EDGE('',*,*,#911,.F.);
#599=ORIENTED_EDGE('',*,*,#912,.F.);
#600=ORIENTED_EDGE('',*,*,#901,.T.);
#601=ORIENTED_EDGE('',*,*,#913,.F.);
#602=ORIENTED_EDGE('',*,*,#861,.F.);
#603=ORIENTED_EDGE('',*,*,#914,.F.);
#604=ORIENTED_EDGE('',*,*,#907,.T.);
#605=ORIENTED_EDGE('',*,*,#902,.T.);
#606=ORIENTED_EDGE('',*,*,#912,.T.);
#607=ORIENTED_EDGE('',*,*,#915,.F.);
#608=ORIENTED_EDGE('',*,*,#916,.F.);
#609=ORIENTED_EDGE('',*,*,#897,.F.);
#610=ORIENTED_EDGE('',*,*,#909,.T.);
#611=ORIENTED_EDGE('',*,*,#917,.F.);
#612=ORIENTED_EDGE('',*,*,#863,.T.);
#613=ORIENTED_EDGE('',*,*,#918,.F.);
#614=ORIENTED_EDGE('',*,*,#910,.T.);
#615=ORIENTED_EDGE('',*,*,#914,.T.);
#616=ORIENTED_EDGE('',*,*,#864,.T.);
#617=ORIENTED_EDGE('',*,*,#917,.T.);
#618=ORIENTED_EDGE('',*,*,#908,.F.);
#619=ORIENTED_EDGE('',*,*,#915,.T.);
#620=ORIENTED_EDGE('',*,*,#911,.T.);
#621=ORIENTED_EDGE('',*,*,#918,.T.);
#622=ORIENTED_EDGE('',*,*,#862,.F.);
#623=ORIENTED_EDGE('',*,*,#891,.F.);
#624=ORIENTED_EDGE('',*,*,#815,.F.);
#625=ORIENTED_EDGE('',*,*,#894,.F.);
#626=ORIENTED_EDGE('',*,*,#906,.T.);
#627=ORIENTED_EDGE('',*,*,#895,.T.);
#628=ORIENTED_EDGE('',*,*,#817,.F.);
#629=ORIENTED_EDGE('',*,*,#890,.F.);
#630=ORIENTED_EDGE('',*,*,#905,.T.);
#631=ORIENTED_EDGE('',*,*,#841,.F.);
#632=ORIENTED_EDGE('',*,*,#904,.F.);
#633=ORIENTED_EDGE('',*,*,#916,.T.);
#634=ORIENTED_EDGE('',*,*,#871,.F.);
#635=ORIENTED_EDGE('',*,*,#825,.F.);
#636=ORIENTED_EDGE('',*,*,#857,.F.);
#637=ORIENTED_EDGE('',*,*,#919,.T.);
#638=ORIENTED_EDGE('',*,*,#920,.T.);
#639=ORIENTED_EDGE('',*,*,#826,.F.);
#640=ORIENTED_EDGE('',*,*,#920,.F.);
#641=ORIENTED_EDGE('',*,*,#921,.T.);
#642=ORIENTED_EDGE('',*,*,#922,.T.);
#643=ORIENTED_EDGE('',*,*,#827,.F.);
#644=ORIENTED_EDGE('',*,*,#922,.F.);
#645=ORIENTED_EDGE('',*,*,#923,.T.);
#646=ORIENTED_EDGE('',*,*,#860,.T.);
#647=ORIENTED_EDGE('',*,*,#924,.F.);
#648=ORIENTED_EDGE('',*,*,#819,.T.);
#649=ORIENTED_EDGE('',*,*,#919,.F.);
#650=ORIENTED_EDGE('',*,*,#856,.T.);
#651=ORIENTED_EDGE('',*,*,#923,.F.);
#652=ORIENTED_EDGE('',*,*,#921,.F.);
#653=ORIENTED_EDGE('',*,*,#924,.T.);
#654=ORIENTED_EDGE('',*,*,#833,.F.);
#655=ORIENTED_EDGE('',*,*,#852,.F.);
#656=ORIENTED_EDGE('',*,*,#925,.T.);
#657=ORIENTED_EDGE('',*,*,#926,.T.);
#658=ORIENTED_EDGE('',*,*,#834,.F.);
#659=ORIENTED_EDGE('',*,*,#926,.F.);
#660=ORIENTED_EDGE('',*,*,#927,.T.);
#661=ORIENTED_EDGE('',*,*,#928,.T.);
#662=ORIENTED_EDGE('',*,*,#835,.F.);
#663=ORIENTED_EDGE('',*,*,#928,.F.);
#664=ORIENTED_EDGE('',*,*,#929,.T.);
#665=ORIENTED_EDGE('',*,*,#850,.T.);
#666=ORIENTED_EDGE('',*,*,#930,.F.);
#667=ORIENTED_EDGE('',*,*,#820,.T.);
#668=ORIENTED_EDGE('',*,*,#925,.F.);
#669=ORIENTED_EDGE('',*,*,#851,.T.);
#670=ORIENTED_EDGE('',*,*,#929,.F.);
#671=ORIENTED_EDGE('',*,*,#927,.F.);
#672=ORIENTED_EDGE('',*,*,#930,.T.);
#673=ORIENTED_EDGE('',*,*,#837,.F.);
#674=ORIENTED_EDGE('',*,*,#849,.F.);
#675=ORIENTED_EDGE('',*,*,#931,.T.);
#676=ORIENTED_EDGE('',*,*,#932,.T.);
#677=ORIENTED_EDGE('',*,*,#838,.F.);
#678=ORIENTED_EDGE('',*,*,#932,.F.);
#679=ORIENTED_EDGE('',*,*,#933,.T.);
#680=ORIENTED_EDGE('',*,*,#934,.T.);
#681=ORIENTED_EDGE('',*,*,#839,.F.);
#682=ORIENTED_EDGE('',*,*,#934,.F.);
#683=ORIENTED_EDGE('',*,*,#935,.T.);
#684=ORIENTED_EDGE('',*,*,#855,.T.);
#685=ORIENTED_EDGE('',*,*,#936,.F.);
#686=ORIENTED_EDGE('',*,*,#818,.T.);
#687=ORIENTED_EDGE('',*,*,#931,.F.);
#688=ORIENTED_EDGE('',*,*,#848,.T.);
#689=ORIENTED_EDGE('',*,*,#935,.F.);
#690=ORIENTED_EDGE('',*,*,#933,.F.);
#691=ORIENTED_EDGE('',*,*,#936,.T.);
#692=ORIENTED_EDGE('',*,*,#937,.F.);
#693=ORIENTED_EDGE('',*,*,#938,.F.);
#694=ORIENTED_EDGE('',*,*,#879,.F.);
#695=ORIENTED_EDGE('',*,*,#939,.T.);
#696=ORIENTED_EDGE('',*,*,#883,.F.);
#697=ORIENTED_EDGE('',*,*,#843,.F.);
#698=ORIENTED_EDGE('',*,*,#878,.F.);
#699=ORIENTED_EDGE('',*,*,#893,.T.);
#700=ORIENTED_EDGE('',*,*,#884,.F.);
#701=ORIENTED_EDGE('',*,*,#939,.F.);
#702=ORIENTED_EDGE('',*,*,#876,.F.);
#703=ORIENTED_EDGE('',*,*,#940,.T.);
#704=ORIENTED_EDGE('',*,*,#881,.F.);
#705=ORIENTED_EDGE('',*,*,#892,.F.);
#706=ORIENTED_EDGE('',*,*,#941,.F.);
#707=ORIENTED_EDGE('',*,*,#942,.F.);
#708=ORIENTED_EDGE('',*,*,#875,.F.);
#709=ORIENTED_EDGE('',*,*,#830,.T.);
#710=ORIENTED_EDGE('',*,*,#882,.F.);
#711=ORIENTED_EDGE('',*,*,#940,.F.);
#712=ORIENTED_EDGE('',*,*,#942,.T.);
#713=ORIENTED_EDGE('',*,*,#888,.T.);
#714=ORIENTED_EDGE('',*,*,#941,.T.);
#715=ORIENTED_EDGE('',*,*,#887,.T.);
#716=ORIENTED_EDGE('',*,*,#938,.T.);
#717=ORIENTED_EDGE('',*,*,#886,.F.);
#718=ORIENTED_EDGE('',*,*,#937,.T.);
#719=ORIENTED_EDGE('',*,*,#885,.F.);
#720=ORIENTED_EDGE('',*,*,#899,.F.);
#721=ORIENTED_EDGE('',*,*,#913,.T.);
#722=ORIENTED_EDGE('',*,*,#900,.F.);
#723=ORIENTED_EDGE('',*,*,#874,.F.);
#724=VERTEX_POINT('',#1315);
#725=VERTEX_POINT('',#1316);
#726=VERTEX_POINT('',#1318);
#727=VERTEX_POINT('',#1320);
#728=VERTEX_POINT('',#1324);
#729=VERTEX_POINT('',#1326);
#730=VERTEX_POINT('',#1328);
#731=VERTEX_POINT('',#1330);
#732=VERTEX_POINT('',#1331);
#733=VERTEX_POINT('',#1333);
#734=VERTEX_POINT('',#1335);
#735=VERTEX_POINT('',#1337);
#736=VERTEX_POINT('',#1339);
#737=VERTEX_POINT('',#1341);
#738=VERTEX_POINT('',#1343);
#739=VERTEX_POINT('',#1345);
#740=VERTEX_POINT('',#1347);
#741=VERTEX_POINT('',#1349);
#742=VERTEX_POINT('',#1351);
#743=VERTEX_POINT('',#1353);
#744=VERTEX_POINT('',#1355);
#745=VERTEX_POINT('',#1357);
#746=VERTEX_POINT('',#1359);
#747=VERTEX_POINT('',#1361);
#748=VERTEX_POINT('',#1363);
#749=VERTEX_POINT('',#1365);
#750=VERTEX_POINT('',#1367);
#751=VERTEX_POINT('',#1371);
#752=VERTEX_POINT('',#1373);
#753=VERTEX_POINT('',#1374);
#754=VERTEX_POINT('',#1376);
#755=VERTEX_POINT('',#1378);
#756=VERTEX_POINT('',#1380);
#757=VERTEX_POINT('',#1382);
#758=VERTEX_POINT('',#1386);
#759=VERTEX_POINT('',#1387);
#760=VERTEX_POINT('',#1390);
#761=VERTEX_POINT('',#1392);
#762=VERTEX_POINT('',#1399);
#763=VERTEX_POINT('',#1400);
#764=VERTEX_POINT('',#1407);
#765=VERTEX_POINT('',#1408);
#766=VERTEX_POINT('',#1410);
#767=VERTEX_POINT('',#1412);
#768=VERTEX_POINT('',#1415);
#769=VERTEX_POINT('',#1416);
#770=VERTEX_POINT('',#1418);
#771=VERTEX_POINT('',#1420);
#772=VERTEX_POINT('',#1427);
#773=VERTEX_POINT('',#1435);
#774=VERTEX_POINT('',#1437);
#775=VERTEX_POINT('',#1439);
#776=VERTEX_POINT('',#1441);
#777=VERTEX_POINT('',#1445);
#778=VERTEX_POINT('',#1446);
#779=VERTEX_POINT('',#1448);
#780=VERTEX_POINT('',#1451);
#781=VERTEX_POINT('',#1512);
#782=VERTEX_POINT('',#1571);
#783=VERTEX_POINT('',#1630);
#784=VERTEX_POINT('',#1689);
#785=VERTEX_POINT('',#1691);
#786=VERTEX_POINT('',#1692);
#787=VERTEX_POINT('',#1699);
#788=VERTEX_POINT('',#1701);
#789=VERTEX_POINT('',#1703);
#790=VERTEX_POINT('',#1705);
#791=VERTEX_POINT('',#1707);
#792=VERTEX_POINT('',#1710);
#793=VERTEX_POINT('',#1712);
#794=VERTEX_POINT('',#1714);
#795=VERTEX_POINT('',#1718);
#796=VERTEX_POINT('',#1722);
#797=VERTEX_POINT('',#1724);
#798=VERTEX_POINT('',#1728);
#799=VERTEX_POINT('',#1730);
#800=VERTEX_POINT('',#1738);
#801=VERTEX_POINT('',#1749);
#802=VERTEX_POINT('',#1753);
#803=VERTEX_POINT('',#1759);
#804=VERTEX_POINT('',#1763);
#805=VERTEX_POINT('',#1767);
#806=VERTEX_POINT('',#1773);
#807=VERTEX_POINT('',#1777);
#808=VERTEX_POINT('',#1781);
#809=VERTEX_POINT('',#1787);
#810=VERTEX_POINT('',#1848);
#811=VERTEX_POINT('',#1907);
#812=VERTEX_POINT('',#1971);
#813=VERTEX_POINT('',#2030);
#814=EDGE_CURVE('',#724,#725,#943,.T.);
#815=EDGE_CURVE('',#725,#726,#292,.T.);
#816=EDGE_CURVE('',#727,#726,#293,.T.);
#817=EDGE_CURVE('',#727,#724,#294,.T.);
#818=EDGE_CURVE('',#728,#728,#944,.T.);
#819=EDGE_CURVE('',#729,#729,#945,.T.);
#820=EDGE_CURVE('',#730,#730,#946,.T.);
#821=EDGE_CURVE('',#731,#732,#295,.T.);
#822=EDGE_CURVE('',#732,#733,#947,.T.);
#823=EDGE_CURVE('',#733,#734,#296,.T.);
#824=EDGE_CURVE('',#735,#734,#948,.T.);
#825=EDGE_CURVE('',#735,#736,#297,.T.);
#826=EDGE_CURVE('',#736,#737,#298,.T.);
#827=EDGE_CURVE('',#737,#738,#299,.T.);
#828=EDGE_CURVE('',#739,#738,#949,.T.);
#829=EDGE_CURVE('',#740,#739,#300,.T.);
#830=EDGE_CURVE('',#741,#740,#301,.T.);
#831=EDGE_CURVE('',#742,#741,#302,.T.);
#832=EDGE_CURVE('',#743,#742,#950,.T.);
#833=EDGE_CURVE('',#743,#744,#303,.T.);
#834=EDGE_CURVE('',#744,#745,#304,.T.);
#835=EDGE_CURVE('',#745,#746,#305,.T.);
#836=EDGE_CURVE('',#747,#746,#951,.T.);
#837=EDGE_CURVE('',#747,#748,#306,.T.);
#838=EDGE_CURVE('',#748,#749,#307,.T.);
#839=EDGE_CURVE('',#749,#750,#308,.T.);
#840=EDGE_CURVE('',#731,#750,#952,.T.);
#841=EDGE_CURVE('',#751,#751,#953,.T.);
#842=EDGE_CURVE('',#752,#753,#309,.T.);
#843=EDGE_CURVE('',#753,#754,#310,.T.);
#844=EDGE_CURVE('',#754,#755,#311,.T.);
#845=EDGE_CURVE('',#755,#756,#954,.T.);
#846=EDGE_CURVE('',#757,#756,#312,.T.);
#847=EDGE_CURVE('',#757,#752,#955,.T.);
#848=EDGE_CURVE('',#758,#759,#956,.T.);
#849=EDGE_CURVE('',#758,#747,#313,.T.);
#850=EDGE_CURVE('',#760,#746,#314,.T.);
#851=EDGE_CURVE('',#761,#760,#957,.T.);
#852=EDGE_CURVE('',#761,#743,#315,.T.);
#853=EDGE_CURVE('',#752,#742,#316,.T.);
#854=EDGE_CURVE('',#757,#731,#317,.T.);
#855=EDGE_CURVE('',#759,#750,#318,.T.);
#856=EDGE_CURVE('',#762,#763,#958,.T.);
#857=EDGE_CURVE('',#762,#735,#319,.T.);
#858=EDGE_CURVE('',#756,#734,#320,.T.);
#859=EDGE_CURVE('',#755,#739,#321,.T.);
#860=EDGE_CURVE('',#763,#738,#322,.T.);
#861=EDGE_CURVE('',#764,#765,#323,.T.);
#862=EDGE_CURVE('',#765,#766,#324,.T.);
#863=EDGE_CURVE('',#767,#766,#325,.T.);
#864=EDGE_CURVE('',#764,#767,#326,.T.);
#865=EDGE_CURVE('',#768,#769,#327,.T.);
#866=EDGE_CURVE('',#770,#768,#328,.T.);
#867=EDGE_CURVE('',#770,#771,#329,.T.);
#868=EDGE_CURVE('',#771,#769,#330,.T.);
#869=EDGE_CURVE('',#768,#731,#331,.T.);
#870=EDGE_CURVE('',#757,#770,#332,.T.);
#871=EDGE_CURVE('',#772,#772,#959,.T.);
#872=EDGE_CURVE('',#734,#769,#333,.T.);
#873=EDGE_CURVE('',#771,#756,#334,.T.);
#874=EDGE_CURVE('',#733,#732,#335,.T.);
#875=EDGE_CURVE('',#741,#773,#960,.T.);
#876=EDGE_CURVE('',#773,#774,#336,.T.);
#877=EDGE_CURVE('',#774,#775,#961,.T.);
#878=EDGE_CURVE('',#775,#776,#337,.T.);
#879=EDGE_CURVE('',#776,#753,#962,.T.);
#880=EDGE_CURVE('',#777,#778,#963,.T.);
#881=EDGE_CURVE('',#777,#779,#338,.T.);
#882=EDGE_CURVE('',#779,#740,#964,.T.);
#883=EDGE_CURVE('',#754,#780,#965,.T.);
#884=EDGE_CURVE('',#780,#778,#339,.T.);
#885=EDGE_CURVE('',#781,#781,#34,.T.);
#886=EDGE_CURVE('',#782,#782,#35,.T.);
#887=EDGE_CURVE('',#783,#783,#36,.T.);
#888=EDGE_CURVE('',#784,#784,#37,.T.);
#889=EDGE_CURVE('',#785,#786,#340,.T.);
#890=EDGE_CURVE('',#785,#727,#966,.T.);
#891=EDGE_CURVE('',#726,#786,#967,.T.);
#892=EDGE_CURVE('',#774,#777,#341,.T.);
#893=EDGE_CURVE('',#775,#778,#342,.T.);
#894=EDGE_CURVE('',#787,#725,#343,.T.);
#895=EDGE_CURVE('',#788,#724,#344,.T.);
#896=EDGE_CURVE('',#788,#789,#968,.T.);
#897=EDGE_CURVE('',#789,#790,#345,.T.);
#898=EDGE_CURVE('',#791,#790,#969,.T.);
#899=EDGE_CURVE('',#791,#733,#346,.T.);
#900=EDGE_CURVE('',#732,#792,#347,.T.);
#901=EDGE_CURVE('',#793,#792,#970,.T.);
#902=EDGE_CURVE('',#794,#793,#348,.T.);
#903=EDGE_CURVE('',#794,#787,#971,.T.);
#904=EDGE_CURVE('',#795,#795,#972,.T.);
#905=EDGE_CURVE('',#785,#788,#349,.T.);
#906=EDGE_CURVE('',#787,#786,#350,.T.);
#907=EDGE_CURVE('',#796,#794,#351,.T.);
#908=EDGE_CURVE('',#796,#797,#352,.T.);
#909=EDGE_CURVE('',#789,#797,#353,.T.);
#910=EDGE_CURVE('',#798,#790,#354,.T.);
#911=EDGE_CURVE('',#799,#798,#355,.T.);
#912=EDGE_CURVE('',#793,#799,#356,.T.);
#913=EDGE_CURVE('',#791,#792,#357,.T.);
#914=EDGE_CURVE('',#796,#764,#358,.T.);
#915=EDGE_CURVE('',#765,#799,#359,.T.);
#916=EDGE_CURVE('',#800,#800,#973,.T.);
#917=EDGE_CURVE('',#767,#797,#360,.T.);
#918=EDGE_CURVE('',#798,#766,#361,.T.);
#919=EDGE_CURVE('',#762,#801,#362,.T.);
#920=EDGE_CURVE('',#801,#736,#363,.T.);
#921=EDGE_CURVE('',#801,#802,#364,.T.);
#922=EDGE_CURVE('',#802,#737,#365,.T.);
#923=EDGE_CURVE('',#802,#763,#366,.T.);
#924=EDGE_CURVE('',#803,#803,#974,.T.);
#925=EDGE_CURVE('',#761,#804,#367,.T.);
#926=EDGE_CURVE('',#804,#744,#368,.T.);
#927=EDGE_CURVE('',#804,#805,#369,.T.);
#928=EDGE_CURVE('',#805,#745,#370,.T.);
#929=EDGE_CURVE('',#805,#760,#371,.T.);
#930=EDGE_CURVE('',#806,#806,#975,.T.);
#931=EDGE_CURVE('',#758,#807,#372,.T.);
#932=EDGE_CURVE('',#807,#748,#373,.T.);
#933=EDGE_CURVE('',#807,#808,#374,.T.);
#934=EDGE_CURVE('',#808,#749,#375,.T.);
#935=EDGE_CURVE('',#808,#759,#376,.T.);
#936=EDGE_CURVE('',#809,#809,#976,.T.);
#937=EDGE_CURVE('',#810,#810,#38,.T.);
#938=EDGE_CURVE('',#811,#811,#39,.T.);
#939=EDGE_CURVE('',#776,#780,#377,.T.);
#940=EDGE_CURVE('',#773,#779,#378,.T.);
#941=EDGE_CURVE('',#812,#812,#40,.T.);
#942=EDGE_CURVE('',#813,#813,#41,.T.);
#943=CIRCLE('',#978,60.);
#944=CIRCLE('',#980,2.);
#945=CIRCLE('',#981,2.);
#946=CIRCLE('',#982,2.);
#947=CIRCLE('',#983,60.);
#948=CIRCLE('',#984,65.);
#949=CIRCLE('',#985,65.);
#950=CIRCLE('',#986,65.);
#951=CIRCLE('',#987,65.);
#952=CIRCLE('',#988,65.);
#953=CIRCLE('',#990,10.);
#954=CIRCLE('',#991,65.);
#955=CIRCLE('',#992,65.);
#956=CIRCLE('',#994,65.);
#957=CIRCLE('',#995,65.);
#958=CIRCLE('',#997,65.);
#959=CIRCLE('',#1001,2.);
#960=CIRCLE('',#1005,82.);
#961=CIRCLE('',#1006,77.);
#962=CIRCLE('',#1007,82.);
#963=CIRCLE('',#1009,77.);
#964=CIRCLE('',#1010,82.);
#965=CIRCLE('',#1011,82.);
#966=CIRCLE('',#1013,77.);
#967=CIRCLE('',#1014,77.);
#968=CIRCLE('',#1016,60.);
#969=CIRCLE('',#1017,60.);
#970=CIRCLE('',#1018,60.);
#971=CIRCLE('',#1019,60.);
#972=CIRCLE('',#1021,10.);
#973=CIRCLE('',#1025,2.);
#974=CIRCLE('',#1036,2.);
#975=CIRCLE('',#1042,2.);
#976=CIRCLE('',#1048,2.);
#977=AXIS2_PLACEMENT_3D('',#1313,#1060,#1061);
#978=AXIS2_PLACEMENT_3D('',#1314,#1062,#1063);
#979=AXIS2_PLACEMENT_3D('',#1322,#1067,#1068);
#980=AXIS2_PLACEMENT_3D('',#1323,#1069,#1070);
#981=AXIS2_PLACEMENT_3D('',#1325,#1071,#1072);
#982=AXIS2_PLACEMENT_3D('',#1327,#1073,#1074);
#983=AXIS2_PLACEMENT_3D('',#1332,#1076,#1077);
#984=AXIS2_PLACEMENT_3D('',#1336,#1079,#1080);
#985=AXIS2_PLACEMENT_3D('',#1344,#1084,#1085);
#986=AXIS2_PLACEMENT_3D('',#1352,#1089,#1090);
#987=AXIS2_PLACEMENT_3D('',#1360,#1094,#1095);
#988=AXIS2_PLACEMENT_3D('',#1368,#1099,#1100);
#989=AXIS2_PLACEMENT_3D('',#1369,#1101,#1102);
#990=AXIS2_PLACEMENT_3D('',#1370,#1103,#1104);
#991=AXIS2_PLACEMENT_3D('',#1379,#1108,#1109);
#992=AXIS2_PLACEMENT_3D('',#1383,#1111,#1112);
#993=AXIS2_PLACEMENT_3D('',#1384,#1113,#1114);
#994=AXIS2_PLACEMENT_3D('',#1385,#1115,#1116);
#995=AXIS2_PLACEMENT_3D('',#1391,#1119,#1120);
#996=AXIS2_PLACEMENT_3D('',#1397,#1125,#1126);
#997=AXIS2_PLACEMENT_3D('',#1398,#1127,#1128);
#998=AXIS2_PLACEMENT_3D('',#1405,#1133,#1134);
#999=AXIS2_PLACEMENT_3D('',#1422,#1143,#1144);
#1000=AXIS2_PLACEMENT_3D('',#1425,#1147,#1148);
#1001=AXIS2_PLACEMENT_3D('',#1426,#1149,#1150);
#1002=AXIS2_PLACEMENT_3D('',#1430,#1153,#1154);
#1003=AXIS2_PLACEMENT_3D('',#1431,#1155,#1156);
#1004=AXIS2_PLACEMENT_3D('',#1433,#1158,#1159);
#1005=AXIS2_PLACEMENT_3D('',#1434,#1160,#1161);
#1006=AXIS2_PLACEMENT_3D('',#1438,#1163,#1164);
#1007=AXIS2_PLACEMENT_3D('',#1442,#1166,#1167);
#1008=AXIS2_PLACEMENT_3D('',#1443,#1168,#1169);
#1009=AXIS2_PLACEMENT_3D('',#1444,#1170,#1171);
#1010=AXIS2_PLACEMENT_3D('',#1449,#1173,#1174);
#1011=AXIS2_PLACEMENT_3D('',#1450,#1175,#1176);
#1012=AXIS2_PLACEMENT_3D('',#1453,#1178,#1179);
#1013=AXIS2_PLACEMENT_3D('',#1693,#1181,#1182);
#1014=AXIS2_PLACEMENT_3D('',#1694,#1183,#1184);
#1015=AXIS2_PLACEMENT_3D('',#1697,#1187,#1188);
#1016=AXIS2_PLACEMENT_3D('',#1702,#1191,#1192);
#1017=AXIS2_PLACEMENT_3D('',#1706,#1194,#1195);
#1018=AXIS2_PLACEMENT_3D('',#1711,#1198,#1199);
#1019=AXIS2_PLACEMENT_3D('',#1715,#1201,#1202);
#1020=AXIS2_PLACEMENT_3D('',#1716,#1203,#1204);
#1021=AXIS2_PLACEMENT_3D('',#1717,#1205,#1206);
#1022=AXIS2_PLACEMENT_3D('',#1726,#1212,#1213);
#1023=AXIS2_PLACEMENT_3D('',#1733,#1218,#1219);
#1024=AXIS2_PLACEMENT_3D('',#1736,#1222,#1223);
#1025=AXIS2_PLACEMENT_3D('',#1737,#1224,#1225);
#1026=AXIS2_PLACEMENT_3D('',#1741,#1228,#1229);
#1027=AXIS2_PLACEMENT_3D('',#1742,#1230,#1231);
#1028=AXIS2_PLACEMENT_3D('',#1743,#1232,#1233);
#1029=AXIS2_PLACEMENT_3D('',#1744,#1234,#1235);
#1030=AXIS2_PLACEMENT_3D('',#1745,#1236,#1237);
#1031=AXIS2_PLACEMENT_3D('',#1746,#1238,#1239);
#1032=AXIS2_PLACEMENT_3D('',#1747,#1240,#1241);
#1033=AXIS2_PLACEMENT_3D('',#1751,#1244,#1245);
#1034=AXIS2_PLACEMENT_3D('',#1755,#1248,#1249);
#1035=AXIS2_PLACEMENT_3D('',#1757,#1251,#1252);
#1036=AXIS2_PLACEMENT_3D('',#1758,#1253,#1254);
#1037=AXIS2_PLACEMENT_3D('',#1760,#1255,#1256);
#1038=AXIS2_PLACEMENT_3D('',#1761,#1257,#1258);
#1039=AXIS2_PLACEMENT_3D('',#1765,#1261,#1262);
#1040=AXIS2_PLACEMENT_3D('',#1769,#1265,#1266);
#1041=AXIS2_PLACEMENT_3D('',#1771,#1268,#1269);
#1042=AXIS2_PLACEMENT_3D('',#1772,#1270,#1271);
#1043=AXIS2_PLACEMENT_3D('',#1774,#1272,#1273);
#1044=AXIS2_PLACEMENT_3D('',#1775,#1274,#1275);
#1045=AXIS2_PLACEMENT_3D('',#1779,#1278,#1279);
#1046=AXIS2_PLACEMENT_3D('',#1783,#1282,#1283);
#1047=AXIS2_PLACEMENT_3D('',#1785,#1285,#1286);
#1048=AXIS2_PLACEMENT_3D('',#1786,#1287,#1288);
#1049=AXIS2_PLACEMENT_3D('',#1788,#1289,#1290);
#1050=AXIS2_PLACEMENT_3D('',#1789,#1291,#1292);
#1051=AXIS2_PLACEMENT_3D('',#1909,#1294,#1295);
#1052=AXIS2_PLACEMENT_3D('',#1910,#1296,#1297);
#1053=AXIS2_PLACEMENT_3D('',#1912,#1299,#1300);
#1054=AXIS2_PLACEMENT_3D('',#2031,#1301,#1302);
#1055=AXIS2_PLACEMENT_3D('',#2032,#1303,#1304);
#1056=AXIS2_PLACEMENT_3D('',#2033,#1305,#1306);
#1057=AXIS2_PLACEMENT_3D('',#2034,#1307,#1308);
#1058=AXIS2_PLACEMENT_3D('',#2035,#1309,#1310);
#1059=AXIS2_PLACEMENT_3D('',#2036,#1311,#1312);
#1060=DIRECTION('',(0.,0.,1.));
#1061=DIRECTION('',(1.,0.,0.));
#1062=DIRECTION('',(-1.,0.,0.));
#1063=DIRECTION('',(0.,1.,-6.12323399573677E-17));
#1064=DIRECTION('',(0.,0.965925826289069,-0.25881904510252));
#1065=DIRECTION('',(0.,-0.258819045102521,-0.965925826289068));
#1066=DIRECTION('',(0.,-0.965925826289068,0.258819045102521));
#1067=DIRECTION('',(1.,0.,0.));
#1068=DIRECTION('',(0.,0.,-1.));
#1069=DIRECTION('',(-1.,0.,0.));
#1070=DIRECTION('',(0.,0.5,-0.866025403784438));
#1071=DIRECTION('',(-1.,0.,0.));
#1072=DIRECTION('',(0.,-1.,0.));
#1073=DIRECTION('',(-1.,0.,0.));
#1074=DIRECTION('',(0.,0.499999999999999,0.866025403784443));
#1075=DIRECTION('',(0.,1.,0.));
#1076=DIRECTION('',(1.,0.,0.));
#1077=DIRECTION('',(0.,0.,-1.));
#1078=DIRECTION('',(0.,1.,0.));
#1079=DIRECTION('',(1.,0.,0.));
#1080=DIRECTION('',(0.,1.,-6.12323399573677E-17));
#1081=DIRECTION('',(0.,0.707106781186547,0.707106781186547));
#1082=DIRECTION('',(0.,0.707106781186547,-0.707106781186547));
#1083=DIRECTION('',(0.,-0.707106781186546,-0.707106781186549));
#1084=DIRECTION('',(1.,0.,0.));
#1085=DIRECTION('',(0.,1.,-6.12323399573677E-17));
#1086=DIRECTION('',(0.,-0.965925826289068,0.258819045102521));
#1087=DIRECTION('',(0.,0.258819045102521,0.965925826289068));
#1088=DIRECTION('',(0.,0.965925826289069,-0.25881904510252));
#1089=DIRECTION('',(1.,0.,0.));
#1090=DIRECTION('',(0.,1.,-6.12323399573677E-17));
#1091=DIRECTION('',(0.,0.258819045102522,-0.965925826289068));
#1092=DIRECTION('',(0.,-0.965925826289068,-0.258819045102522));
#1093=DIRECTION('',(0.,-0.258819045102524,0.965925826289067));
#1094=DIRECTION('',(1.,0.,0.));
#1095=DIRECTION('',(0.,1.,-6.12323399573677E-17));
#1096=DIRECTION('',(0.,-0.965925826289069,0.258819045102518));
#1097=DIRECTION('',(0.,0.258819045102518,0.965925826289069));
#1098=DIRECTION('',(0.,0.96592582628907,-0.258819045102516));
#1099=DIRECTION('',(1.,0.,0.));
#1100=DIRECTION('',(0.,1.,-6.12323399573677E-17));
#1101=DIRECTION('',(1.,0.,0.));
#1102=DIRECTION('',(0.,0.,-1.));
#1103=DIRECTION('',(-1.,0.,0.));
#1104=DIRECTION('',(0.,0.,1.));
#1105=DIRECTION('',(0.,0.965925826289069,-0.25881904510252));
#1106=DIRECTION('',(0.,0.258819045102521,0.965925826289068));
#1107=DIRECTION('',(0.,-0.965925826289068,0.258819045102521));
#1108=DIRECTION('',(1.,0.,0.));
#1109=DIRECTION('',(0.,1.,-6.12323399573677E-17));
#1110=DIRECTION('',(0.,1.,0.));
#1111=DIRECTION('',(1.,0.,0.));
#1112=DIRECTION('',(0.,1.,-6.12323399573677E-17));
#1113=DIRECTION('',(1.,0.,0.));
#1114=DIRECTION('',(0.,0.,-1.));
#1115=DIRECTION('',(-1.,0.,0.));
#1116=DIRECTION('',(0.,0.,1.));
#1117=DIRECTION('',(-1.,0.,0.));
#1118=DIRECTION('',(-1.,0.,0.));
#1119=DIRECTION('',(-1.,0.,0.));
#1120=DIRECTION('',(0.,0.,1.));
#1121=DIRECTION('',(-1.,0.,0.));
#1122=DIRECTION('',(-1.,0.,0.));
#1123=DIRECTION('',(-1.,0.,0.));
#1124=DIRECTION('',(-1.,0.,0.));
#1125=DIRECTION('',(-1.,0.,0.));
#1126=DIRECTION('',(0.,0.,1.));
#1127=DIRECTION('',(-1.,0.,0.));
#1128=DIRECTION('',(0.,0.,1.));
#1129=DIRECTION('',(-1.,0.,0.));
#1130=DIRECTION('',(-1.,0.,0.));
#1131=DIRECTION('',(-1.,0.,0.));
#1132=DIRECTION('',(-1.,0.,0.));
#1133=DIRECTION('',(-1.,0.,0.));
#1134=DIRECTION('',(0.,0.,1.));
#1135=DIRECTION('',(-1.,0.,0.));
#1136=DIRECTION('',(0.,1.,0.));
#1137=DIRECTION('',(-1.,0.,0.));
#1138=DIRECTION('',(0.,1.,0.));
#1139=DIRECTION('',(0.,1.,0.));
#1140=DIRECTION('',(-1.,0.,0.));
#1141=DIRECTION('',(0.,1.,0.));
#1142=DIRECTION('',(-1.,0.,0.));
#1143=DIRECTION('',(0.,0.,-1.));
#1144=DIRECTION('',(-1.,0.,0.));
#1145=DIRECTION('',(0.389281620635025,0.389281620635025,-0.834817129478988));
#1146=DIRECTION('',(0.389281620635025,-0.389281620635025,0.834817129478988));
#1147=DIRECTION('',(0.,0.90630778703665,0.4226182617407));
#1148=DIRECTION('',(0.,-0.4226182617407,0.90630778703665));
#1149=DIRECTION('',(0.,-0.965925826289068,0.258819045102521));
#1150=DIRECTION('',(0.,-0.258819045102519,-0.965925826289071));
#1151=DIRECTION('',(-0.410682057589797,0.235985671160821,0.880710514630425));
#1152=DIRECTION('',(-0.410682057589797,-0.235985671160821,-0.880710514630425));
#1153=DIRECTION('',(0.,-0.965925826289068,0.258819045102521));
#1154=DIRECTION('',(0.,-0.258819045102521,-0.965925826289068));
#1155=DIRECTION('',(-0.90630778703665,0.,0.4226182617407));
#1156=DIRECTION('',(0.4226182617407,0.,0.90630778703665));
#1157=DIRECTION('',(0.,-1.,0.));
#1158=DIRECTION('',(0.90630778703665,0.,0.4226182617407));
#1159=DIRECTION('',(0.4226182617407,0.,-0.90630778703665));
#1160=DIRECTION('',(0.,-0.25881904510252,-0.965925826289068));
#1161=DIRECTION('',(0.,-0.965925826289069,0.25881904510252));
#1162=DIRECTION('',(1.,3.46944695195361E-16,-9.29635508958587E-17));
#1163=DIRECTION('',(0.,0.258819045102521,0.965925826289068));
#1164=DIRECTION('',(1.,0.,0.));
#1165=DIRECTION('',(1.,0.,0.));
#1166=DIRECTION('',(0.,-0.25881904510252,-0.965925826289068));
#1167=DIRECTION('',(0.,-0.965925826289069,0.25881904510252));
#1168=DIRECTION('',(0.,0.25881904510252,0.965925826289068));
#1169=DIRECTION('',(0.,-0.965925826289069,0.25881904510252));
#1170=DIRECTION('',(0.,0.258819045102521,0.965925826289068));
#1171=DIRECTION('',(1.,0.,2.25288763113871E-17));
#1172=DIRECTION('',(-1.,-3.46944695195361E-16,9.2963550895859E-17));
#1173=DIRECTION('',(0.,0.258819045102521,0.965925826289068));
#1174=DIRECTION('',(0.,0.965925826289068,-0.258819045102521));
#1175=DIRECTION('',(0.,0.258819045102521,0.965925826289068));
#1176=DIRECTION('',(0.,0.965925826289069,-0.258819045102521));
#1177=DIRECTION('',(-1.,0.,0.));
#1178=DIRECTION('',(0.,-0.258819045102521,-0.965925826289068));
#1179=DIRECTION('',(0.,0.965925826289068,-0.258819045102521));
#1180=DIRECTION('',(0.,-0.258819045102521,-0.965925826289068));
#1181=DIRECTION('',(0.,-0.25881904510252,-0.965925826289069));
#1182=DIRECTION('',(0.,0.965925826289069,-0.25881904510252));
#1183=DIRECTION('',(0.,0.25881904510252,0.965925826289069));
#1184=DIRECTION('',(0.,-0.965925826289069,0.25881904510252));
#1185=DIRECTION('',(0.,0.258819045102521,0.965925826289068));
#1186=DIRECTION('',(0.,0.258819045102521,0.965925826289068));
#1187=DIRECTION('',(0.,-0.258819045102521,-0.965925826289068));
#1188=DIRECTION('',(0.,0.965925826289068,-0.258819045102521));
#1189=DIRECTION('',(-1.,0.,0.));
#1190=DIRECTION('',(-1.,0.,0.));
#1191=DIRECTION('',(1.,0.,0.));
#1192=DIRECTION('',(0.,0.,-1.));
#1193=DIRECTION('',(-1.,0.,0.));
#1194=DIRECTION('',(-1.,0.,0.));
#1195=DIRECTION('',(0.,1.,-6.12323399573677E-17));
#1196=DIRECTION('',(-1.,0.,0.));
#1197=DIRECTION('',(1.,0.,0.));
#1198=DIRECTION('',(-1.,0.,0.));
#1199=DIRECTION('',(0.,1.,-6.12323399573677E-17));
#1200=DIRECTION('',(-1.,0.,0.));
#1201=DIRECTION('',(1.,0.,0.));
#1202=DIRECTION('',(0.,0.,-1.));
#1203=DIRECTION('',(-1.,0.,0.));
#1204=DIRECTION('',(0.,0.,1.));
#1205=DIRECTION('',(1.,0.,0.));
#1206=DIRECTION('',(0.,0.,-1.));
#1207=DIRECTION('',(0.,-0.965925826289068,0.258819045102521));
#1208=DIRECTION('',(0.,0.965925826289069,-0.25881904510252));
#1209=DIRECTION('',(0.,0.4226182617407,-0.90630778703665));
#1210=DIRECTION('',(0.,1.,0.));
#1211=DIRECTION('',(0.,0.258819045102521,0.965925826289068));
#1212=DIRECTION('',(1.,0.,0.));
#1213=DIRECTION('',(0.,0.,-1.));
#1214=DIRECTION('',(0.,-0.258819045102521,-0.965925826289068));
#1215=DIRECTION('',(0.,1.,0.));
#1216=DIRECTION('',(0.,-0.4226182617407,0.90630778703665));
#1217=DIRECTION('',(0.,-1.,0.));
#1218=DIRECTION('',(1.,0.,0.));
#1219=DIRECTION('',(0.,0.,-1.));
#1220=DIRECTION('',(0.389281620635025,-0.389281620635025,0.834817129478988));
#1221=DIRECTION('',(0.389281620635025,0.389281620635025,-0.834817129478988));
#1222=DIRECTION('',(0.,0.90630778703665,0.4226182617407));
#1223=DIRECTION('',(0.,-0.4226182617407,0.90630778703665));
#1224=DIRECTION('',(0.,-0.965925826289068,0.258819045102521));
#1225=DIRECTION('',(0.,-0.258819045102519,-0.965925826289071));
#1226=DIRECTION('',(-0.410682057589797,-0.235985671160821,-0.880710514630425));
#1227=DIRECTION('',(-0.410682057589797,0.235985671160821,0.880710514630425));
#1228=DIRECTION('',(0.,-0.965925826289068,0.258819045102521));
#1229=DIRECTION('',(0.,-0.258819045102521,-0.965925826289068));
#1230=DIRECTION('',(-0.90630778703665,0.,0.4226182617407));
#1231=DIRECTION('',(0.4226182617407,0.,0.90630778703665));
#1232=DIRECTION('',(0.90630778703665,0.,0.4226182617407));
#1233=DIRECTION('',(0.4226182617407,0.,-0.90630778703665));
#1234=DIRECTION('',(0.,0.25881904510252,0.965925826289068));
#1235=DIRECTION('',(0.,-0.965925826289069,0.25881904510252));
#1236=DIRECTION('',(0.,-0.258819045102521,-0.965925826289068));
#1237=DIRECTION('',(0.,0.965925826289069,-0.258819045102521));
#1238=DIRECTION('',(-1.,0.,0.));
#1239=DIRECTION('',(0.,0.,1.));
#1240=DIRECTION('',(0.,-0.965925826289068,0.258819045102521));
#1241=DIRECTION('',(0.,-0.258819045102519,-0.965925826289071));
#1242=DIRECTION('',(0.,0.707106781186547,0.707106781186547));
#1243=DIRECTION('',(-1.,0.,0.));
#1244=DIRECTION('',(0.,-0.707106781186548,0.707106781186548));
#1245=DIRECTION('',(0.,-0.707106781186548,-0.707106781186548));
#1246=DIRECTION('',(0.,0.707106781186547,-0.707106781186547));
#1247=DIRECTION('',(-1.,0.,0.));
#1248=DIRECTION('',(0.,0.707106781186548,0.707106781186548));
#1249=DIRECTION('',(0.,-0.707106781186548,0.707106781186548));
#1250=DIRECTION('',(0.,-0.707106781186546,-0.707106781186549));
#1251=DIRECTION('',(0.,0.707106781186549,-0.707106781186546));
#1252=DIRECTION('',(0.,0.707106781186546,0.707106781186549));
#1253=DIRECTION('',(-1.,0.,0.));
#1254=DIRECTION('',(0.,-1.,0.));
#1255=DIRECTION('',(-1.,0.,0.));
#1256=DIRECTION('',(0.,0.,1.));
#1257=DIRECTION('',(-1.,0.,0.));
#1258=DIRECTION('',(0.,0.,1.));
#1259=DIRECTION('',(0.,0.258819045102522,-0.965925826289068));
#1260=DIRECTION('',(-1.,0.,0.));
#1261=DIRECTION('',(0.,0.965925826289068,0.258819045102522));
#1262=DIRECTION('',(0.,-0.258819045102522,0.965925826289068));
#1263=DIRECTION('',(0.,-0.965925826289068,-0.258819045102522));
#1264=DIRECTION('',(-1.,0.,0.));
#1265=DIRECTION('',(0.,0.258819045102522,-0.965925826289068));
#1266=DIRECTION('',(0.,0.965925826289068,0.258819045102522));
#1267=DIRECTION('',(0.,-0.258819045102524,0.965925826289067));
#1268=DIRECTION('',(0.,-0.965925826289067,-0.258819045102524));
#1269=DIRECTION('',(0.,0.258819045102524,-0.965925826289067));
#1270=DIRECTION('',(-1.,0.,0.));
#1271=DIRECTION('',(0.,0.499999999999999,0.866025403784443));
#1272=DIRECTION('',(-1.,0.,0.));
#1273=DIRECTION('',(0.,0.866025403784439,-0.5));
#1274=DIRECTION('',(-1.,0.,0.));
#1275=DIRECTION('',(0.,0.866025403784439,-0.499999999999999));
#1276=DIRECTION('',(0.,-0.965925826289069,0.258819045102518));
#1277=DIRECTION('',(-1.,0.,0.));
#1278=DIRECTION('',(0.,-0.258819045102518,-0.965925826289069));
#1279=DIRECTION('',(0.,0.965925826289069,-0.258819045102518));
#1280=DIRECTION('',(0.,0.258819045102518,0.965925826289069));
#1281=DIRECTION('',(-1.,0.,0.));
#1282=DIRECTION('',(0.,-0.965925826289069,0.258819045102518));
#1283=DIRECTION('',(0.,-0.258819045102518,-0.965925826289069));
#1284=DIRECTION('',(0.,0.96592582628907,-0.258819045102516));
#1285=DIRECTION('',(0.,0.258819045102516,0.96592582628907));
#1286=DIRECTION('',(0.,-0.96592582628907,0.258819045102516));
#1287=DIRECTION('',(-1.,0.,0.));
#1288=DIRECTION('',(0.,0.5,-0.866025403784438));
#1289=DIRECTION('',(-1.,0.,0.));
#1290=DIRECTION('',(0.,-0.866025403784436,-0.500000000000002));
#1291=DIRECTION('',(-1.,0.,0.));
#1292=DIRECTION('',(0.,-0.866025403784437,-0.500000000000003));
#1293=DIRECTION('',(0.,0.258819045102521,0.965925826289068));
#1294=DIRECTION('',(0.,0.258819045102521,0.965925826289068));
#1295=DIRECTION('',(0.,-0.965925826289068,0.258819045102521));
#1296=DIRECTION('',(0.,0.965925826289068,-0.258819045102521));
#1297=DIRECTION('',(0.,0.258819045102521,0.965925826289068));
#1298=DIRECTION('',(0.,0.258819045102521,0.965925826289068));
#1299=DIRECTION('',(-3.59183578855394E-16,0.965925826289068,-0.258819045102521));
#1300=DIRECTION('',(0.,0.258819045102521,0.965925826289068));
#1301=DIRECTION('',(0.,0.258819045102521,0.965925826289068));
#1302=DIRECTION('',(0.,-0.965925826289068,0.258819045102521));
#1303=DIRECTION('',(0.97621654520787,0.209410529003507,-0.0561113821330646));
#1304=DIRECTION('',(-0.20974097269242,0.977756986359102,0.));
#1305=DIRECTION('',(0.905997486275177,0.408860046307912,-0.109553719225557));
#1306=DIRECTION('',(-0.41133592810965,0.911483820068233,0.));
#1307=DIRECTION('',(-0.97621654520787,0.209410529003507,-0.0561113821330646));
#1308=DIRECTION('',(-0.20974097269242,-0.977756986359102,0.));
#1309=DIRECTION('',(-0.905997486275177,0.408860046307912,-0.109553719225557));
#1310=DIRECTION('',(-0.41133592810965,-0.911483820068233,0.));
#1311=DIRECTION('',(0.,0.,1.));
#1312=DIRECTION('',(1.,0.,0.));
#1313=CARTESIAN_POINT('',(0.,0.,0.));
#1314=CARTESIAN_POINT('',(-60.,0.,0.));
#1315=CARTESIAN_POINT('',(-60.,59.1555099429584,10.0312333931852));
#1316=CARTESIAN_POINT('',(-60.,46.2145576878323,-38.2650579212683));
#1317=CARTESIAN_POINT('',(-60.,49.2275241398759,-39.0723798489154));
#1318=CARTESIAN_POINT('',(-60.,84.0756870371433,-48.4099169549464));
#1319=CARTESIAN_POINT('',(-60.,98.310734517782,4.71600349095234));
#1320=CARTESIAN_POINT('',(-60.,97.0166392922694,-0.113625640493012));
#1321=CARTESIAN_POINT('',(-60.,103.758974621755,-1.92022894712856));
#1322=CARTESIAN_POINT('',(-60.,0.,0.));
#1323=CARTESIAN_POINT('',(-65.,-67.4287772721935,18.067486416702));
#1324=CARTESIAN_POINT('',(-65.,-66.4287772721935,16.3354356091332));
#1325=CARTESIAN_POINT('',(-65.,49.3612908554911,49.3612908554911));
#1326=CARTESIAN_POINT('',(-65.,47.3612908554911,49.3612908554911));
#1327=CARTESIAN_POINT('',(-65.,18.0674864167024,-67.4287772721934));
#1328=CARTESIAN_POINT('',(-65.,19.0674864167024,-65.6967264646245));
#1329=CARTESIAN_POINT('',(-65.,-238.175369588199,57.6628129733539));
#1330=CARTESIAN_POINT('',(-64.9999999999999,-30.,57.6628129733539));
#1331=CARTESIAN_POINT('',(-65.,-16.5831239517774,57.6628129733539));
#1332=CARTESIAN_POINT('',(-65.,0.,0.));
#1333=CARTESIAN_POINT('',(-65.,16.583123951777,57.662812973354));
#1334=CARTESIAN_POINT('',(-65.,-238.175369588199,57.6628129733539));
#1335=CARTESIAN_POINT('',(-65.,30.,57.662812973354));
#1336=CARTESIAN_POINT('',(-65.,0.,0.));
#1337=CARTESIAN_POINT('',(-65.,42.2902230436257,49.3612908554911));
#1338=CARTESIAN_POINT('',(-65.,42.2902230436257,49.3612908554911));
#1339=CARTESIAN_POINT('',(-65.,49.3612908554911,56.4323586673566));
#1340=CARTESIAN_POINT('',(-65.,49.3612908554911,56.4323586673566));
#1341=CARTESIAN_POINT('',(-65.,56.4323586673566,49.3612908554911));
#1342=CARTESIAN_POINT('',(-65.,56.4323586673566,49.3612908554911));
#1343=CARTESIAN_POINT('',(-65.,49.3612908554911,42.2902230436257));
#1344=CARTESIAN_POINT('',(-65.,0.,0.));
#1345=CARTESIAN_POINT('',(-65.,63.4625716205146,14.0535405969834));
#1346=CARTESIAN_POINT('',(-65.,105.053069847268,2.90940018431678));
#1347=CARTESIAN_POINT('',(-65.,96.639407596052,5.16383418991822));
#1348=CARTESIAN_POINT('',(-65.0000000000001,12.0055798475279,-310.693911006606));
#1349=CARTESIAN_POINT('',(-65.,81.1102648899007,-52.7917153874258));
#1350=CARTESIAN_POINT('',(-65.,47.9334289143633,-43.9020089803608));
#1351=CARTESIAN_POINT('',(-65.,47.9334289143633,-43.9020089803608));
#1352=CARTESIAN_POINT('',(-65.,0.,0.));
#1353=CARTESIAN_POINT('',(-65.,21.6030203226351,-61.3050529152354));
#1354=CARTESIAN_POINT('',(-65.,21.6030203226351,-61.3050529152354));
#1355=CARTESIAN_POINT('',(-65.,24.1912107736603,-70.9643111781261));
#1356=CARTESIAN_POINT('',(-65.,24.1912107736603,-70.9643111781261));
#1357=CARTESIAN_POINT('',(-65.,14.5319525107697,-73.5525016291513));
#1358=CARTESIAN_POINT('',(-65.,14.5319525107697,-73.5525016291513));
#1359=CARTESIAN_POINT('',(-65.,11.9437620597444,-63.8932433662606));
#1360=CARTESIAN_POINT('',(-65.,0.,0.));
#1361=CARTESIAN_POINT('',(-65.,-63.8932433662607,11.9437620597441));
#1362=CARTESIAN_POINT('',(-65.,-63.8932433662607,11.9437620597441));
#1363=CARTESIAN_POINT('',(-65.,-73.5525016291514,14.5319525107693));
#1364=CARTESIAN_POINT('',(-65.,-73.5525016291514,14.5319525107693));
#1365=CARTESIAN_POINT('',(-65.,-70.9643111781262,24.19121077366));
#1366=CARTESIAN_POINT('',(-65.,-70.9643111781262,24.19121077366));
#1367=CARTESIAN_POINT('',(-65.,-61.3050529152355,21.6030203226348));
#1368=CARTESIAN_POINT('',(-65.,0.,0.));
#1369=CARTESIAN_POINT('',(-65.,0.,0.));
#1370=CARTESIAN_POINT('',(65.,0.,0.));
#1371=CARTESIAN_POINT('',(65.,0.,10.));
#1372=CARTESIAN_POINT('',(65.,47.9334289143633,-43.9020089803608));
#1373=CARTESIAN_POINT('',(65.,47.9334289143633,-43.9020089803608));
#1374=CARTESIAN_POINT('',(65.,81.1102648899006,-52.7917153874258));
#1375=CARTESIAN_POINT('',(65.,12.0055798475278,-310.693911006606));
#1376=CARTESIAN_POINT('',(65.,96.639407596052,5.16383418991828));
#1377=CARTESIAN_POINT('',(65.,105.053069847268,2.90940018431678));
#1378=CARTESIAN_POINT('',(65.,63.4625716205146,14.0535405969834));
#1379=CARTESIAN_POINT('',(65.,0.,0.));
#1380=CARTESIAN_POINT('',(65.,30.0000000000001,57.6628129733539));
#1381=CARTESIAN_POINT('',(65.,-238.175369588199,57.662812973354));
#1382=CARTESIAN_POINT('',(65.,-30.0000000000001,57.6628129733539));
#1383=CARTESIAN_POINT('',(65.,0.,0.));
#1384=CARTESIAN_POINT('',(65.,0.,0.));
#1385=CARTESIAN_POINT('',(-60.,0.,0.));
#1386=CARTESIAN_POINT('',(-60.,-63.8932433662607,11.9437620597441));
#1387=CARTESIAN_POINT('',(-60.,-61.3050529152355,21.6030203226348));
#1388=CARTESIAN_POINT('',(-60.,-63.8932433662607,11.9437620597441));
#1389=CARTESIAN_POINT('',(-60.,11.9437620597444,-63.8932433662606));
#1390=CARTESIAN_POINT('',(-60.,11.9437620597444,-63.8932433662606));
#1391=CARTESIAN_POINT('',(-60.,0.,0.));
#1392=CARTESIAN_POINT('',(-60.,21.6030203226351,-61.3050529152354));
#1393=CARTESIAN_POINT('',(-60.,21.6030203226351,-61.3050529152354));
#1394=CARTESIAN_POINT('',(65.,47.9334289143633,-43.9020089803608));
#1395=CARTESIAN_POINT('',(400.,-30.,57.662812973354));
#1396=CARTESIAN_POINT('',(-60.,-61.3050529152355,21.6030203226348));
#1397=CARTESIAN_POINT('',(65.,0.,0.));
#1398=CARTESIAN_POINT('',(-60.,0.,0.));
#1399=CARTESIAN_POINT('',(-60.,42.2902230436257,49.3612908554911));
#1400=CARTESIAN_POINT('',(-60.,49.3612908554911,42.2902230436257));
#1401=CARTESIAN_POINT('',(-60.,42.2902230436257,49.3612908554911));
#1402=CARTESIAN_POINT('',(400.,30.,57.662812973354));
#1403=CARTESIAN_POINT('',(65.,63.4625716205146,14.0535405969834));
#1404=CARTESIAN_POINT('',(-60.,49.3612908554911,42.2902230436257));
#1405=CARTESIAN_POINT('',(65.,0.,0.));
#1406=CARTESIAN_POINT('',(400.,-211.006173667187,457.662812973354));
#1407=CARTESIAN_POINT('',(246.006173667187,-211.006173667187,457.662812973354));
#1408=CARTESIAN_POINT('',(-246.006173667187,-211.006173667187,457.662812973354));
#1409=CARTESIAN_POINT('',(-246.006173667187,-238.175369588199,457.662812973354));
#1410=CARTESIAN_POINT('',(-246.006173667187,132.003296070399,457.662812973354));
#1411=CARTESIAN_POINT('',(400.,132.003296070399,457.662812973354));
#1412=CARTESIAN_POINT('',(246.006173667187,132.003296070399,457.662812973354));
#1413=CARTESIAN_POINT('',(246.006173667187,137.179676972449,457.662812973354));
#1414=CARTESIAN_POINT('',(-251.523063262,-238.175369588199,457.662812973354));
#1415=CARTESIAN_POINT('',(-251.523063261999,-216.523063262,457.662812973354));
#1416=CARTESIAN_POINT('',(-251.523063262,137.179676972449,457.662812973354));
#1417=CARTESIAN_POINT('',(400.,-216.523063262,457.662812973354));
#1418=CARTESIAN_POINT('',(251.523063262,-216.523063262,457.662812973354));
#1419=CARTESIAN_POINT('',(251.523063262,-238.175369588199,457.662812973354));
#1420=CARTESIAN_POINT('',(251.523063262,137.179676972449,457.662812973354));
#1421=CARTESIAN_POINT('',(400.,137.179676972449,457.662812973354));
#1422=CARTESIAN_POINT('',(400.,137.179676972449,457.662812973354));
#1423=CARTESIAN_POINT('',(-152.791140874124,-117.791140874124,245.931522137342));
#1424=CARTESIAN_POINT('',(274.023285005509,-239.023285005509,505.91469421531));
#1425=CARTESIAN_POINT('',(400.,-216.523063262,457.662812973354));
#1426=CARTESIAN_POINT('',(-2.8421709430404E-14,85.4158679519449,264.47764771554));
#1427=CARTESIAN_POINT('',(-2.8421709430404E-14,84.8982298617399,262.545796062962));
#1428=CARTESIAN_POINT('',(13.4267848781782,-15.0655126622263,-110.523969951213));
#1429=CARTESIAN_POINT('',(121.501017062774,62.4665521330017,178.8296350803));
#1430=CARTESIAN_POINT('',(400.,30.,57.662812973354));
#1431=CARTESIAN_POINT('',(65.,-238.175369588199,57.662812973354));
#1432=CARTESIAN_POINT('',(-65.,-238.175369588199,57.662812973354));
#1433=CARTESIAN_POINT('',(-251.523063262,-238.175369588199,457.662812973354));
#1434=CARTESIAN_POINT('',(0.,129.396895979972,-65.73007919323));
#1435=CARTESIAN_POINT('',(-82.,129.396895979972,-65.7300791932299));
#1436=CARTESIAN_POINT('',(-77.,129.396895979972,-65.7300791932299));
#1437=CARTESIAN_POINT('',(-77.,129.396895979972,-65.7300791932299));
#1438=CARTESIAN_POINT('',(-2.77555756156289E-14,129.396895979972,-65.73007919323));
#1439=CARTESIAN_POINT('',(77.,129.396895979972,-65.7300791932299));
#1440=CARTESIAN_POINT('',(82.,129.396895979972,-65.7300791932299));
#1441=CARTESIAN_POINT('',(82.,129.396895979972,-65.73007919323));
#1442=CARTESIAN_POINT('',(0.,129.396895979972,-65.73007919323));
#1443=CARTESIAN_POINT('',(65.,47.9334289143633,-43.9020089803608));
#1444=CARTESIAN_POINT('',(-2.77555756156289E-14,144.926038686123,-7.77452961588586));
#1445=CARTESIAN_POINT('',(-77.,144.926038686123,-7.77452961588587));
#1446=CARTESIAN_POINT('',(77.,144.926038686123,-7.77452961588587));
#1447=CARTESIAN_POINT('',(-77.,144.926038686123,-7.77452961588587));
#1448=CARTESIAN_POINT('',(-82.,144.926038686123,-7.77452961588587));
#1449=CARTESIAN_POINT('',(0.,144.926038686123,-7.77452961588593));
#1450=CARTESIAN_POINT('',(0.,144.926038686123,-7.77452961588593));
#1451=CARTESIAN_POINT('',(82.,144.926038686123,-7.77452961588598));
#1452=CARTESIAN_POINT('',(82.,144.926038686123,-7.77452961588587));
#1453=CARTESIAN_POINT('',(65.,105.053069847268,2.90940018431678));
#1454=CARTESIAN_POINT('',(68.9169082982884,103.866306443574,-28.3193556393617));
#1455=CARTESIAN_POINT('',(68.9317160949811,103.859623956555,-28.4591046818453));
#1456=CARTESIAN_POINT('',(68.9530967131434,103.86644353726,-28.5995848182084));
#1457=CARTESIAN_POINT('',(68.9802717225523,103.886569255753,-28.7361505374408));
#1458=CARTESIAN_POINT('',(69.0235133213168,103.91859383506,-28.9534575472443));
#1459=CARTESIAN_POINT('',(69.0826568160372,103.985611101692,-29.1656231824274));
#1460=CARTESIAN_POINT('',(69.1523953220147,104.082254622828,-29.3551339120963));
#1461=CARTESIAN_POINT('',(69.2221132115674,104.178869573752,-29.5445886177129));
#1462=CARTESIAN_POINT('',(69.3043213816065,104.307766376868,-29.7166289929289));
#1463=CARTESIAN_POINT('',(69.3918109949215,104.458466998839,-29.8570676216808));
#1464=CARTESIAN_POINT('',(69.4792902923458,104.609149851716,-29.9974896913296));
#1465=CARTESIAN_POINT('',(69.5744456468881,104.785793902583,-30.1101897173102));
#1466=CARTESIAN_POINT('',(69.6691721606793,104.973881684993,-30.1858612507053));
#1467=CARTESIAN_POINT('',(69.7639217744375,105.162015334409,-30.261551237328));
#1468=CARTESIAN_POINT('',(69.8608512680466,105.366789981601,-30.3022817456895));
#1469=CARTESIAN_POINT('',(69.9519814213732,105.571216761969,-30.3046734079322));
#1470=CARTESIAN_POINT('',(70.0431320966864,105.775689578071,-30.3070656087634));
#1471=CARTESIAN_POINT('',(70.1310052760488,105.985452343165,-30.2711674995242));
#1472=CARTESIAN_POINT('',(70.2086317477836,106.182990621033,-30.1999210229611));
#1473=CARTESIAN_POINT('',(70.286246964069,106.380500256841,-30.1286848767802));
#1474=CARTESIAN_POINT('',(70.355778775311,106.571229396868,-30.0201447755661));
#1475=CARTESIAN_POINT('',(70.4119037625587,106.739199061009,-29.8832325982647));
#1476=CARTESIAN_POINT('',(70.4680125354747,106.907120199244,-29.7463599744591));
#1477=CARTESIAN_POINT('',(70.5122894091727,107.056915629122,-29.5773552924192));
#1478=CARTESIAN_POINT('',(70.5414328927997,107.176023005367,-29.3901551094658));
#1479=CARTESIAN_POINT('',(70.570576903253,107.295132534715,-29.2029515424979));
#1480=CARTESIAN_POINT('',(70.5854027024395,107.386829971215,-28.992387624024));
#1481=CARTESIAN_POINT('',(70.5848191974584,107.443456730414,-28.7758819694172));
#1482=CARTESIAN_POINT('',(70.5842355191697,107.500100308406,-28.5593120101626));
#1483=CARTESIAN_POINT('',(70.5682167829453,107.523214636213,-28.3308219912703));
#1484=CARTESIAN_POINT('',(70.5379428702944,107.510955140003,-28.1093618869058));
#1485=CARTESIAN_POINT('',(70.5076655602408,107.498694268007,-27.8878769298193));
#1486=CARTESIAN_POINT('',(70.462281727494,107.45072067057,-27.6673134120138));
#1487=CARTESIAN_POINT('',(70.405180906815,107.37117888756,-27.4659797791175));
#1488=CARTESIAN_POINT('',(70.3480942149673,107.291656786097,-27.2646959635253));
#1489=CARTESIAN_POINT('',(70.2777018762419,107.17839909754,-27.0770829226882));
#1490=CARTESIAN_POINT('',(70.1993987225869,107.0409698754,-26.9187173504945));
#1491=CARTESIAN_POINT('',(70.1211128647119,106.903571008941,-26.7603867584512));
#1492=CARTESIAN_POINT('',(70.032742611933,106.738231003491,-26.6269285220107));
#1493=CARTESIAN_POINT('',(69.9413003444108,106.558765708735,-26.5294286752779));
#1494=CARTESIAN_POINT('',(69.8498443364908,106.37927344697,-26.4319141779167));
#1495=CARTESIAN_POINT('',(69.7527844183176,106.180704931679,-26.3676822215248));
#1496=CARTESIAN_POINT('',(69.6581203868818,105.979526070771,-26.3420592300878));
#1497=CARTESIAN_POINT('',(69.5634291750351,105.778289446381,-26.3164288816492));
#1498=CARTESIAN_POINT('',(69.4685275460122,105.568886240232,-26.3287216643915));
#1499=CARTESIAN_POINT('',(69.3815156284893,105.368557992887,-26.3778850540465));
#1500=CARTESIAN_POINT('',(69.2945058155305,105.168234590896,-26.4270472545826));
#1501=CARTESIAN_POINT('',(69.2130009454578,104.971450943044,-26.5144309791484));
#1502=CARTESIAN_POINT('',(69.1441594335961,104.794310583135,-26.6327493379674));
#1503=CARTESIAN_POINT('',(69.075338418742,104.617222965346,-26.7510324684448));
#1504=CARTESIAN_POINT('',(69.0172960909878,104.454874071161,-26.9034905186224));
#1505=CARTESIAN_POINT('',(68.9752412436029,104.320515753845,-27.0774631825518));
#1506=CARTESIAN_POINT('',(68.9331901961405,104.186169576657,-27.2514201269464));
#1507=CARTESIAN_POINT('',(68.9059809405848,104.076098738909,-27.4516829376129));
#1508=CARTESIAN_POINT('',(68.8960892188114,103.999319872288,-27.6616480868678));
#1509=CARTESIAN_POINT('',(68.8861974817725,103.922540887176,-27.8716135601535));
#1510=CARTESIAN_POINT('',(68.8933549984096,103.876935615757,-28.0970706381764));
#1511=CARTESIAN_POINT('',(68.9169082982884,103.866306443574,-28.3193556393617));
#1512=CARTESIAN_POINT('',(68.9169082982884,103.866306443574,-28.3193556393617));
#1513=CARTESIAN_POINT('',(74.7254558410749,119.08643433451,-32.4330922992115));
#1514=CARTESIAN_POINT('',(74.7340484297158,119.084591117918,-32.5735139153403));
#1515=CARTESIAN_POINT('',(74.7461719235673,119.097343779998,-32.7146893336807));
#1516=CARTESIAN_POINT('',(74.7613462801011,119.124285084868,-32.8519459010969));
#1517=CARTESIAN_POINT('',(74.7854907794147,119.167152425931,-33.0703400775085));
#1518=CARTESIAN_POINT('',(74.8180366851175,119.247527000683,-33.2836071828234));
#1519=CARTESIAN_POINT('',(74.8558429818118,119.358847998294,-33.4741193910637));
#1520=CARTESIAN_POINT('',(74.8936379853191,119.470135743009,-33.6645746910585));
#1521=CARTESIAN_POINT('',(74.937709965419,119.615424557971,-33.8375420312555));
#1522=CARTESIAN_POINT('',(74.9839791973157,119.782789436486,-33.9787326872116));
#1523=CARTESIAN_POINT('',(75.0302438915522,119.950137901395,-34.1199094964883));
#1524=CARTESIAN_POINT('',(75.0799641144324,120.144176524595,-34.2332079115333));
#1525=CARTESIAN_POINT('',(75.1287921364602,120.348893715857,-34.3092573558725));
#1526=CARTESIAN_POINT('',(75.1776326433995,120.553663251571,-34.3853262454102));
#1527=CARTESIAN_POINT('',(75.2269235709601,120.774766324464,-34.4262244711689));
#1528=CARTESIAN_POINT('',(75.2726527654065,120.993868616599,-34.4285611752606));
#1529=CARTESIAN_POINT('',(75.3183915874014,121.213017037208,-34.4308983713079));
#1530=CARTESIAN_POINT('',(75.3618399432199,121.436208681619,-34.3947227040449));
#1531=CARTESIAN_POINT('',(75.3997435529124,121.644883253982,-34.3230165550775));
#1532=CARTESIAN_POINT('',(75.4376409743696,121.853523757628,-34.2513221130298));
#1533=CARTESIAN_POINT('',(75.4710616971452,122.053403418261,-34.1421314269722));
#1534=CARTESIAN_POINT('',(75.4977055765694,122.227881015003,-34.0044548521319));
#1535=CARTESIAN_POINT('',(75.5243419352856,122.402309362346,-33.8668171389488));
#1536=CARTESIAN_POINT('',(75.5449612225708,122.556154347329,-33.6969133193204));
#1537=CARTESIAN_POINT('',(75.5582393889833,122.676599896668,-33.5087765499371));
#1538=CARTESIAN_POINT('',(75.571518076851,122.797050176099,-33.3206323921163));
#1539=CARTESIAN_POINT('',(75.5778340530959,122.887415334588,-33.1090643941169));
#1540=CARTESIAN_POINT('',(75.5767966287925,122.940180564469,-32.8915843450201));
#1541=CARTESIAN_POINT('',(75.5757588935932,122.992961607057,-32.6740391214039));
#1542=CARTESIAN_POINT('',(75.5673335527213,123.009576112246,-32.444576502678));
#1543=CARTESIAN_POINT('',(75.5520436557706,122.98868913405,-32.2222191487129));
#1544=CARTESIAN_POINT('',(75.5367523490847,122.967800230065,-31.9998412933022));
#1545=CARTESIAN_POINT('',(75.5141586768872,122.908831254113,-31.7784346297173));
#1546=CARTESIAN_POINT('',(75.485726817092,122.816757321634,-31.5763551867914));
#1547=CARTESIAN_POINT('',(75.4573023176943,122.724707225117,-31.3743280578914));
#1548=CARTESIAN_POINT('',(75.4222367997152,122.597036357787,-31.186047064845));
#1549=CARTESIAN_POINT('',(75.3829712602737,122.444405761933,-31.0271186159512));
#1550=CARTESIAN_POINT('',(75.3437138065295,122.291806596305,-30.8682228941598));
#1551=CARTESIAN_POINT('',(75.2991560060817,122.11005438725,-30.7342888275932));
#1552=CARTESIAN_POINT('',(75.2526737167418,121.914255128796,-30.6364238665741));
#1553=CARTESIAN_POINT('',(75.2061836043233,121.718422916866,-30.5385424346515));
#1554=CARTESIAN_POINT('',(75.1564775161942,121.50313938369,-30.4740448050318));
#1555=CARTESIAN_POINT('',(75.1076462850522,121.286243472996,-30.4482759228931));
#1556=CARTESIAN_POINT('',(75.0588013770434,121.069286813138,-30.4224998232922));
#1557=CARTESIAN_POINT('',(75.0094902614419,120.844729246858,-30.4347622573416));
#1558=CARTESIAN_POINT('',(74.9640681858381,120.631116722618,-30.4840263329071));
#1559=CARTESIAN_POINT('',(74.9186481689876,120.417513880355,-30.5332881755809));
#1560=CARTESIAN_POINT('',(74.8758818685746,120.208957535671,-30.6209046604625));
#1561=CARTESIAN_POINT('',(74.8397577908228,120.022614570363,-30.7395943044253));
#1562=CARTESIAN_POINT('',(74.803644549794,119.836327505364,-30.8582483431386));
#1563=CARTESIAN_POINT('',(74.7731960452005,119.667098693406,-31.0112270741538));
#1564=CARTESIAN_POINT('',(74.7513627214858,119.528840201134,-31.1858515654389));
#1565=CARTESIAN_POINT('',(74.7295310603611,119.390592237133,-31.3604627592112));
#1566=CARTESIAN_POINT('',(74.7157283757546,119.27949589113,-31.5615306132743));
#1567=CARTESIAN_POINT('',(74.7113223024022,119.204704987919,-31.7723981007703));
#1568=CARTESIAN_POINT('',(74.7069162250488,119.129914016795,-31.9832657797418));
#1569=CARTESIAN_POINT('',(74.7117890698506,119.089366026055,-32.2097474862806));
#1570=CARTESIAN_POINT('',(74.7254558410749,119.08643433451,-32.4330922992115));
#1571=CARTESIAN_POINT('',(74.7254558410749,119.08643433451,-32.4330922992115));
#1572=CARTESIAN_POINT('',(-70.562252010727,107.512241723847,-28.3193556393617));
#1573=CARTESIAN_POINT('',(-70.5411075654242,107.521783824147,-28.0967111931345));
#1574=CARTESIAN_POINT('',(-70.5045997875009,107.495859099507,-27.8709026257441));
#1575=CARTESIAN_POINT('',(-70.4554390057813,107.436761770301,-27.6606660639793));
#1576=CARTESIAN_POINT('',(-70.4062786137228,107.377664909517,-27.4504311686047));
#1577=CARTESIAN_POINT('',(-70.3430908160939,107.283775613755,-27.2499708246795));
#1578=CARTESIAN_POINT('',(-70.2706736484478,107.163059709223,-27.0759268114002));
#1579=CARTESIAN_POINT('',(-70.1982454351518,107.042325392129,-26.9018562515257));
#1580=CARTESIAN_POINT('',(-70.1145663461367,106.891433540936,-26.7494108014932));
#1581=CARTESIAN_POINT('',(-70.0262058689061,106.723039181955,-26.6312628131585));
#1582=CARTESIAN_POINT('',(-69.9378575731519,106.554668038013,-26.5131311128404));
#1583=CARTESIAN_POINT('',(-69.8423790102454,106.364158787278,-26.4260308729608));
#1584=CARTESIAN_POINT('',(-69.7475513679528,106.16735334029,-26.3771975197283));
#1585=CARTESIAN_POINT('',(-69.652751310664,105.970605143265,-26.3283783719342));
#1586=CARTESIAN_POINT('',(-69.5559880528998,105.762138193736,-26.3164566696914));
#1587=CARTESIAN_POINT('',(-69.465430528664,105.559143955703,-26.3423967393815));
#1588=CARTESIAN_POINT('',(-69.3748720985011,105.356147686939,-26.3683370685731));
#1589=CARTESIAN_POINT('',(-69.2880359261556,105.153020963894,-26.4328518235205));
#1590=CARTESIAN_POINT('',(-69.2124802688498,104.966400871388,-26.530552892126));
#1591=CARTESIAN_POINT('',(-69.1369023004594,104.779725671207,-26.6282828112092));
#1592=CARTESIAN_POINT('',(-69.0705474680018,104.604409056769,-26.7619115898517));
#1593=CARTESIAN_POINT('',(-69.0193366195331,104.454768797746,-26.9203288825683));
#1594=CARTESIAN_POINT('',(-68.9681196294916,104.305110592789,-27.0787651738247));
#1595=CARTESIAN_POINT('',(-68.930656234591,104.176998482426,-27.2663662327677));
#1596=CARTESIAN_POINT('',(-68.9103467529711,104.080916314641,-27.4675590724937));
#1597=CARTESIAN_POINT('',(-68.8900422017217,103.984857471955,-27.6687030702431));
#1598=CARTESIAN_POINT('',(-68.8863317441196,103.918159926234,-27.888980489026));
#1599=CARTESIAN_POINT('',(-68.8995543338836,103.886335979166,-28.1101385397569));
#1600=CARTESIAN_POINT('',(-68.9127739279214,103.85451924217,-28.3312464846477));
#1601=CARTESIAN_POINT('',(-68.9432773307837,103.856684202541,-28.5593322435909));
#1602=CARTESIAN_POINT('',(-68.9882918418791,103.892757537645,-28.7755455503013));
#1603=CARTESIAN_POINT('',(-69.03331280611,103.928836044106,-28.9917898526555));
#1604=CARTESIAN_POINT('',(-69.0940730691251,103.99983383061,-29.2021232765635));
#1605=CARTESIAN_POINT('',(-69.1651298372771,104.100060917238,-29.3891944153187));
#1606=CARTESIAN_POINT('',(-69.2362071757401,104.200317018729,-29.5763197095277));
#1607=CARTESIAN_POINT('',(-69.3195270615898,104.332594878876,-29.7453331413312));
#1608=CARTESIAN_POINT('',(-69.4077901570106,104.486127287229,-29.8822877879633));
#1609=CARTESIAN_POINT('',(-69.4960518284145,104.639657218524,-30.0192402249999));
#1610=CARTESIAN_POINT('',(-69.5916763827264,104.818685172429,-30.1279141288009));
#1611=CARTESIAN_POINT('',(-69.6865282115563,105.008476799284,-30.1993270225687));
#1612=CARTESIAN_POINT('',(-69.7813519250031,105.198212169296,-30.2707187485751));
#1613=CARTESIAN_POINT('',(-69.8780152002167,105.403939892215,-30.3068411928039));
#1614=CARTESIAN_POINT('',(-69.9685805598845,105.608588711201,-30.3046958901184));
#1615=CARTESIAN_POINT('',(-70.0591355892497,105.813214186999,-30.302550832136));
#1616=CARTESIAN_POINT('',(-70.1461010712195,106.022398531076,-30.2620881197463));
#1617=CARTESIAN_POINT('',(-70.2226016619147,106.218686814013,-30.1866230975977));
#1618=CARTESIAN_POINT('',(-70.2991210879819,106.415023425502,-30.1111394950466));
#1619=CARTESIAN_POINT('',(-70.3672999433523,106.6038634799,-29.9985531316551));
#1620=CARTESIAN_POINT('',(-70.4219289092807,106.76938604155,-29.8581287053706));
#1621=CARTESIAN_POINT('',(-70.4765700270783,106.93494542265,-29.7176730425574));
#1622=CARTESIAN_POINT('',(-70.5191822792213,107.081734637614,-29.5454884817527));
#1623=CARTESIAN_POINT('',(-70.5465892961645,107.197433207983,-29.3557885875048));
#1624=CARTESIAN_POINT('',(-70.5739922420705,107.313114592491,-29.1661168712723));
#1625=CARTESIAN_POINT('',(-70.586962135101,107.400899657856,-28.9536998848763));
#1626=CARTESIAN_POINT('',(-70.5845443123223,107.453457655671,-28.7361216803081));
#1627=CARTESIAN_POINT('',(-70.5830268220123,107.486444462271,-28.5995637737511));
#1628=CARTESIAN_POINT('',(-70.5755228009753,107.506252859642,-28.4590929416882));
#1629=CARTESIAN_POINT('',(-70.562252010727,107.512241723847,-28.3193556393617));
#1630=CARTESIAN_POINT('',(-70.562252010727,107.512241723847,-28.3193556393617));
#1631=CARTESIAN_POINT('',(-75.5644197318447,122.997462279946,-32.4330922992115));
#1632=CARTESIAN_POINT('',(-75.5535287348368,122.999798533573,-32.2095168353753));
#1633=CARTESIAN_POINT('',(-75.5352531002654,122.964191954759,-31.9828143331026));
#1634=CARTESIAN_POINT('',(-75.5107566800334,122.893671790559,-31.7717766782555));
#1635=CARTESIAN_POINT('',(-75.4862604458709,122.823152162015,-31.5607406264048));
#1636=CARTESIAN_POINT('',(-75.4548472027522,122.715779860256,-31.3595486801396));
#1637=CARTESIAN_POINT('',(-75.4186506520314,122.580541647501,-31.1848783214474));
#1638=CARTESIAN_POINT('',(-75.3824489874941,122.445284328411,-31.0101832854821));
#1639=CARTESIAN_POINT('',(-75.3404422101452,122.278425165305,-30.8571996011853));
#1640=CARTESIAN_POINT('',(-75.295730966552,122.093860833874,-30.738623167046));
#1641=CARTESIAN_POINT('',(-75.2510267164713,121.909325371086,-30.6200652800485));
#1642=CARTESIAN_POINT('',(-75.202372603766,121.702001098037,-30.5326347842388));
#1643=CARTESIAN_POINT('',(-75.1536760625067,121.48909125717,-30.4835855630201));
#1644=CARTESIAN_POINT('',(-75.1049933902157,121.276242053871,-30.4345503112144));
#1645=CARTESIAN_POINT('',(-75.0549273120338,121.051940335462,-30.4225212509878));
#1646=CARTESIAN_POINT('',(-75.007807383241,120.834718979677,-30.4484796166402));
#1647=CARTESIAN_POINT('',(-74.9606859833153,120.617490842017,-30.4744387927397));
#1648=CARTESIAN_POINT('',(-74.9152267274733,120.40135060124,-30.5391009730067));
#1649=CARTESIAN_POINT('',(-74.8756017839588,120.204092323686,-30.6370877309588));
#1650=CARTESIAN_POINT('',(-74.8359650107473,120.006775156316,-30.7351037420417));
#1651=CARTESIAN_POINT('',(-74.8010949763963,119.822904311438,-30.8691664397598));
#1652=CARTESIAN_POINT('',(-74.7743370803333,119.667601432432,-31.0281548277921));
#1653=CARTESIAN_POINT('',(-74.7475765050951,119.512283003489,-31.1871591347794));
#1654=CARTESIAN_POINT('',(-74.7282111857566,119.381249923332,-31.3754812698607));
#1655=CARTESIAN_POINT('',(-74.7181516697898,119.285296269728,-31.5775060576857));
#1656=CARTESIAN_POINT('',(-74.7080947161771,119.189367057383,-31.7794793858738));
#1657=CARTESIAN_POINT('',(-74.7070697646138,119.125851886495,-32.0007198743665));
#1658=CARTESIAN_POINT('',(-74.7151789264647,119.100009350813,-32.2228981501723));
#1659=CARTESIAN_POINT('',(-74.7232863692183,119.074172293605,-32.4450293254159));
#1660=CARTESIAN_POINT('',(-74.7407405897688,119.085279482787,-32.6742232944598));
#1661=CARTESIAN_POINT('',(-74.7658177152742,119.132465778504,-32.891525237482));
#1662=CARTESIAN_POINT('',(-74.7908988958422,119.179659704417,-33.1088623190214));
#1663=CARTESIAN_POINT('',(-74.8242781873423,119.264248487355,-33.3202977338402));
#1664=CARTESIAN_POINT('',(-74.8627422196458,119.37932747082,-33.5083644375848));
#1665=CARTESIAN_POINT('',(-74.9012171366253,119.494439019708,-33.6964843610524));
#1666=CARTESIAN_POINT('',(-74.9458187877594,119.643238948691,-33.8664125027935));
#1667=CARTESIAN_POINT('',(-74.9924279899273,119.813501964236,-34.0041012145319));
#1668=CARTESIAN_POINT('',(-75.0390354520918,119.983758623564,-34.1417847861089));
#1669=CARTESIAN_POINT('',(-75.0889200215897,120.180178853102,-34.2510297752586));
#1670=CARTESIAN_POINT('',(-75.1377334197446,120.386536892864,-34.3227930182401));
#1671=CARTESIAN_POINT('',(-75.1865322121188,120.592833186867,-34.3945347884653));
#1672=CARTESIAN_POINT('',(-75.2356032806688,120.81475204656,-34.430796345417));
#1673=CARTESIAN_POINT('',(-75.280972817508,121.033893597048,-34.4285713446681));
#1674=CARTESIAN_POINT('',(-75.3263380844668,121.253014523385,-34.4263465533214));
#1675=CARTESIAN_POINT('',(-75.3692648599887,121.475397926277,-34.3855821895302));
#1676=CARTESIAN_POINT('',(-75.4065575653447,121.682565670564,-34.3096367001596));
#1677=CARTESIAN_POINT('',(-75.4438598844542,121.889786820997,-34.2336716326647));
#1678=CARTESIAN_POINT('',(-75.4765749326449,122.087494757204,-34.1204117723389));
#1679=CARTESIAN_POINT('',(-75.5024619843976,122.25922908717,-33.9792029194307));
#1680=CARTESIAN_POINT('',(-75.5283544098953,122.430999066482,-33.837964753785));
#1681=CARTESIAN_POINT('',(-75.5481514842949,122.581518101199,-33.6648670255717));
#1682=CARTESIAN_POINT('',(-75.560585003153,122.698235939545,-33.474220974612));
#1683=CARTESIAN_POINT('',(-75.57301644973,122.814934324657,-33.2836066984224));
#1684=CARTESIAN_POINT('',(-75.5784419660055,122.901058673686,-33.0701896731329));
#1685=CARTESIAN_POINT('',(-75.5765261256382,122.949446110674,-32.8516448453828));
#1686=CARTESIAN_POINT('',(-75.5753237010347,122.979815156929,-32.7144811848122));
#1687=CARTESIAN_POINT('',(-75.571254948575,122.995996041376,-32.5734088147513));
#1688=CARTESIAN_POINT('',(-75.5644197318447,122.997462279946,-32.4330922992115));
#1689=CARTESIAN_POINT('',(-75.5644197318447,122.997462279946,-32.4330922992115));
#1690=CARTESIAN_POINT('',(60.,98.310734517782,4.71600349095233));
#1691=CARTESIAN_POINT('',(60.,97.0166392922694,-0.113625640493028));
#1692=CARTESIAN_POINT('',(60.,84.0756870371434,-48.4099169549465));
#1693=CARTESIAN_POINT('',(-2.77555756156289E-14,143.631943460611,-12.6041587473312));
#1694=CARTESIAN_POINT('',(-2.77555756156289E-14,130.690991205485,-60.9004500617846));
#1695=CARTESIAN_POINT('',(-77.,60.2922109375992,-323.632274812411));
#1696=CARTESIAN_POINT('',(77.,60.2922109375992,-323.632274812411));
#1697=CARTESIAN_POINT('',(-2.77555756156289E-14,144.926038686123,-7.77452961588586));
#1698=CARTESIAN_POINT('',(60.,46.2145576878323,-38.2650579212683));
#1699=CARTESIAN_POINT('',(60.,46.2145576878323,-38.2650579212683));
#1700=CARTESIAN_POINT('',(60.,59.1555099429584,10.0312333931852));
#1701=CARTESIAN_POINT('',(60.,59.1555099429584,10.0312333931852));
#1702=CARTESIAN_POINT('',(60.,0.,0.));
#1703=CARTESIAN_POINT('',(60.,24.0963858321151,54.9487414763054));
#1704=CARTESIAN_POINT('',(65.,24.0963858321151,54.9487414763054));
#1705=CARTESIAN_POINT('',(-60.,24.0963858321151,54.9487414763054));
#1706=CARTESIAN_POINT('',(-60.,0.,0.));
#1707=CARTESIAN_POINT('',(-60.,16.583123951777,57.662812973354));
#1708=CARTESIAN_POINT('',(-270.6753695882,16.583123951777,57.662812973354));
#1709=CARTESIAN_POINT('',(-270.6753695882,-16.583123951777,57.662812973354));
#1710=CARTESIAN_POINT('',(-60.,-16.5831239517769,57.662812973354));
#1711=CARTESIAN_POINT('',(-60.,0.,0.));
#1712=CARTESIAN_POINT('',(-60.,-23.3644876608526,55.2639187566885));
#1713=CARTESIAN_POINT('',(65.,-23.3644876608526,55.2639187566885));
#1714=CARTESIAN_POINT('',(60.,-23.3644876608526,55.2639187566885));
#1715=CARTESIAN_POINT('',(60.,0.,0.));
#1716=CARTESIAN_POINT('',(65.,0.,0.));
#1717=CARTESIAN_POINT('',(60.,0.,0.));
#1718=CARTESIAN_POINT('',(60.,0.,-10.));
#1719=CARTESIAN_POINT('',(60.,103.758974621755,-1.92022894712856));
#1720=CARTESIAN_POINT('',(60.,49.2275241398759,-39.0723798489154));
#1721=CARTESIAN_POINT('',(60.,-211.991524326816,459.775904282058));
#1722=CARTESIAN_POINT('',(60.,-24.9999999999999,58.7712862865687));
#1723=CARTESIAN_POINT('',(60.,-238.175369588199,58.7712862865687));
#1724=CARTESIAN_POINT('',(60.,25.1206336270568,58.7712862865685));
#1725=CARTESIAN_POINT('',(60.,25.1703708685546,58.9569081988666));
#1726=CARTESIAN_POINT('',(60.,0.,0.));
#1727=CARTESIAN_POINT('',(-60.,8.74504868198272,-2.34322873210812));
#1728=CARTESIAN_POINT('',(-60.,25.1206336270569,58.7712862865687));
#1729=CARTESIAN_POINT('',(-60.,-238.175369588199,58.7712862865687));
#1730=CARTESIAN_POINT('',(-60.,-25.,58.7712862865689));
#1731=CARTESIAN_POINT('',(-60.,1.97586351630858,0.921360289123756));
#1732=CARTESIAN_POINT('',(-60.,16.583123951777,57.662812973354));
#1733=CARTESIAN_POINT('',(-60.,0.,0.));
#1734=CARTESIAN_POINT('',(270.178456296985,-235.178456296985,509.500440357469));
#1735=CARTESIAN_POINT('',(-148.9463121656,-113.9463121656,249.517268279501));
#1736=CARTESIAN_POINT('',(400.,-211.991524326816,459.775904282058));
#1737=CARTESIAN_POINT('',(-2.8421709430404E-14,80.5862388204994,265.771742941053));
#1738=CARTESIAN_POINT('',(-2.8421709430404E-14,80.0686007302944,263.839891288475));
#1739=CARTESIAN_POINT('',(117.416274075563,58.1131097356892,181.900883391487));
#1740=CARTESIAN_POINT('',(17.5115278653887,-19.4189550595389,-107.452721640027));
#1741=CARTESIAN_POINT('',(400.,25.1703708685546,58.9569081988666));
#1742=CARTESIAN_POINT('',(60.4684610648168,-238.175369588199,59.7759042820575));
#1743=CARTESIAN_POINT('',(-246.991524326816,-238.175369588199,459.775904282057));
#1744=CARTESIAN_POINT('',(65.,49.2275241398759,-39.0723798489154));
#1745=CARTESIAN_POINT('',(65.,103.758974621755,-1.92022894712856));
#1746=CARTESIAN_POINT('',(65.,0.,0.));
#1747=CARTESIAN_POINT('',(-2.8421709430404E-14,85.4158679519449,264.47764771554));
#1748=CARTESIAN_POINT('',(-60.,42.2902230436257,49.3612908554911));
#1749=CARTESIAN_POINT('',(-60.,49.3612908554911,56.4323586673566));
#1750=CARTESIAN_POINT('',(-60.,49.3612908554911,56.4323586673566));
#1751=CARTESIAN_POINT('',(-60.,42.2902230436257,49.3612908554911));
#1752=CARTESIAN_POINT('',(-60.,49.3612908554911,56.4323586673566));
#1753=CARTESIAN_POINT('',(-60.,56.4323586673566,49.3612908554911));
#1754=CARTESIAN_POINT('',(-60.,56.4323586673566,49.3612908554911));
#1755=CARTESIAN_POINT('',(-60.,49.3612908554911,56.4323586673566));
#1756=CARTESIAN_POINT('',(-60.,56.4323586673566,49.3612908554911));
#1757=CARTESIAN_POINT('',(-60.,56.4323586673566,49.3612908554911));
#1758=CARTESIAN_POINT('',(-60.,49.3612908554911,49.3612908554911));
#1759=CARTESIAN_POINT('',(-60.,47.3612908554911,49.3612908554911));
#1760=CARTESIAN_POINT('',(-60.,49.3612908554911,49.3612908554911));
#1761=CARTESIAN_POINT('',(-60.,49.3612908554911,49.3612908554911));
#1762=CARTESIAN_POINT('',(-60.,21.6030203226351,-61.3050529152354));
#1763=CARTESIAN_POINT('',(-60.,24.1912107736603,-70.9643111781261));
#1764=CARTESIAN_POINT('',(-60.,24.1912107736603,-70.9643111781261));
#1765=CARTESIAN_POINT('',(-60.,21.6030203226351,-61.3050529152354));
#1766=CARTESIAN_POINT('',(-60.,24.1912107736603,-70.9643111781261));
#1767=CARTESIAN_POINT('',(-60.,14.5319525107697,-73.5525016291513));
#1768=CARTESIAN_POINT('',(-60.,14.5319525107697,-73.5525016291513));
#1769=CARTESIAN_POINT('',(-60.,24.1912107736603,-70.9643111781261));
#1770=CARTESIAN_POINT('',(-60.,14.5319525107697,-73.5525016291513));
#1771=CARTESIAN_POINT('',(-60.,14.5319525107697,-73.5525016291513));
#1772=CARTESIAN_POINT('',(-60.,18.0674864167024,-67.4287772721934));
#1773=CARTESIAN_POINT('',(-60.,19.0674864167024,-65.6967264646245));
#1774=CARTESIAN_POINT('',(-60.,18.0674864167024,-67.4287772721934));
#1775=CARTESIAN_POINT('',(-60.,18.0674864167024,-67.4287772721934));
#1776=CARTESIAN_POINT('',(-60.,-63.8932433662607,11.9437620597441));
#1777=CARTESIAN_POINT('',(-60.,-73.5525016291514,14.5319525107693));
#1778=CARTESIAN_POINT('',(-60.,-73.5525016291514,14.5319525107693));
#1779=CARTESIAN_POINT('',(-60.,-63.8932433662607,11.9437620597441));
#1780=CARTESIAN_POINT('',(-60.,-73.5525016291514,14.5319525107693));
#1781=CARTESIAN_POINT('',(-60.,-70.9643111781262,24.19121077366));
#1782=CARTESIAN_POINT('',(-60.,-70.9643111781262,24.19121077366));
#1783=CARTESIAN_POINT('',(-60.,-73.5525016291514,14.5319525107693));
#1784=CARTESIAN_POINT('',(-60.,-70.9643111781262,24.19121077366));
#1785=CARTESIAN_POINT('',(-60.,-70.9643111781262,24.19121077366));
#1786=CARTESIAN_POINT('',(-60.,-67.4287772721935,18.067486416702));
#1787=CARTESIAN_POINT('',(-60.,-66.4287772721935,16.3354356091332));
#1788=CARTESIAN_POINT('',(-60.,-67.4287772721935,18.067486416702));
#1789=CARTESIAN_POINT('',(-60.,-67.4287772721935,18.067486416702));
#1790=CARTESIAN_POINT('',(73.4482513843792,101.821394429929,-27.7714231167129));
#1791=CARTESIAN_POINT('',(73.4717381376927,101.81079528899,-27.9937845493784));
#1792=CARTESIAN_POINT('',(73.5122193963315,101.834926943429,-28.2191135846384));
#1793=CARTESIAN_POINT('',(73.5660451202086,101.891919970564,-28.428787527736));
#1794=CARTESIAN_POINT('',(73.6198704679003,101.948912599376,-28.6384600054323));
#1795=CARTESIAN_POINT('',(73.6885064863671,102.040345240004,-28.8382636538556));
#1796=CARTESIAN_POINT('',(73.7658668672918,102.158832645287,-29.0117110001854));
#1797=CARTESIAN_POINT('',(73.8432376524966,102.277335986068,-29.1851816736336));
#1798=CARTESIAN_POINT('',(73.931451015631,102.426179978293,-29.337076334937));
#1799=CARTESIAN_POINT('',(74.0228649905898,102.593193381765,-29.4548530854824));
#1800=CARTESIAN_POINT('',(74.1142678535534,102.760186483613,-29.5726155194567));
#1801=CARTESIAN_POINT('',(74.2113806979037,102.949957642345,-29.6595176380254));
#1802=CARTESIAN_POINT('',(74.3060362672957,103.146840302308,-29.7083716211481));
#1803=CARTESIAN_POINT('',(74.4006675560833,103.343672458852,-29.7572130724753));
#1804=CARTESIAN_POINT('',(74.495453358793,103.553040444187,-29.7693734599169));
#1805=CARTESIAN_POINT('',(74.5826925455386,103.757540800794,-29.7438314459291));
#1806=CARTESIAN_POINT('',(74.6699325022529,103.962042962311,-29.7182892065088));
#1807=CARTESIAN_POINT('',(74.752044147564,104.167310554672,-29.6543395755097));
#1808=CARTESIAN_POINT('',(74.8225852374322,104.356199984593,-29.5572360842666));
#1809=CARTESIAN_POINT('',(74.8931446957906,104.545138600224,-29.4601073078384));
#1810=CARTESIAN_POINT('',(74.9540928266598,104.722892883567,-29.3271262364165));
#1811=CARTESIAN_POINT('',(75.0007866460892,104.874567624508,-29.1692500284613));
#1812=CARTESIAN_POINT('',(75.0474854019584,105.026258400402,-29.0113571299378));
#1813=CARTESIAN_POINT('',(75.0812320032825,105.156040426963,-28.8242045036096));
#1814=CARTESIAN_POINT('',(75.0995056301838,105.253034666487,-28.6232586781878));
#1815=CARTESIAN_POINT('',(75.1177753451826,105.350008142096,-28.4223558699793));
#1816=CARTESIAN_POINT('',(75.1210902349846,105.416878919817,-28.2021224018001));
#1817=CARTESIAN_POINT('',(75.109204654525,105.448093423892,-27.9807991912765));
#1818=CARTESIAN_POINT('',(75.0973214481674,105.479301692983,-27.7595201892697));
#1819=CARTESIAN_POINT('',(75.0699114885361,105.475731956487,-27.5310506962946));
#1820=CARTESIAN_POINT('',(75.029015143812,105.437788115806,-27.3143312524861));
#1821=CARTESIAN_POINT('',(74.9881136286838,105.399839477998,-27.0975844094785));
#1822=CARTESIAN_POINT('',(74.9325791231674,105.326469851644,-26.8866155412573));
#1823=CARTESIAN_POINT('',(74.8666187028147,105.223928444413,-26.6989277426255));
#1824=CARTESIAN_POINT('',(74.8006414463549,105.12136086394,-26.511192037509));
#1825=CARTESIAN_POINT('',(74.7223932877049,104.986785625561,-26.3415734605079));
#1826=CARTESIAN_POINT('',(74.6379742847394,104.831512628929,-26.2041633794912));
#1827=CARTESIAN_POINT('',(74.5535564861907,104.676241847598,-26.0667552589221));
#1828=CARTESIAN_POINT('',(74.460623938602,104.495995743967,-25.957766606382));
#1829=CARTESIAN_POINT('',(74.3666751109041,104.305795661406,-25.8862549415045));
#1830=CARTESIAN_POINT('',(74.2727508399592,104.11564529417,-25.8147619686568));
#1831=CARTESIAN_POINT('',(74.1752167111271,103.910302883096,-25.7787548334928));
#1832=CARTESIAN_POINT('',(74.0822156222499,103.706747084714,-25.7812064476085));
#1833=CARTESIAN_POINT('',(73.9892238835446,103.503211751487,-25.7836578152431));
#1834=CARTESIAN_POINT('',(73.8982093315679,103.29584628433,-25.8246251535289));
#1835=CARTESIAN_POINT('',(73.8170045816695,103.101676074923,-25.9006766026645));
#1836=CARTESIAN_POINT('',(73.7357821982645,102.907463701706,-25.9767445662741));
#1837=CARTESIAN_POINT('',(73.6621518342074,102.721088195325,-26.0900068383489));
#1838=CARTESIAN_POINT('',(73.6026124671842,102.557789789417,-26.231040702959));
#1839=CARTESIAN_POINT('',(73.5430614248155,102.394459361582,-26.3721022235416));
#1840=CARTESIAN_POINT('',(73.4959832961935,102.249701368826,-26.5448364422859));
#1841=CARTESIAN_POINT('',(73.4656117979642,102.135357134725,-26.7349008422039));
#1842=CARTESIAN_POINT('',(73.4352442798406,102.021027885138,-26.9249403346768));
#1843=CARTESIAN_POINT('',(73.4207531194918,101.933945982111,-27.1375476281398));
#1844=CARTESIAN_POINT('',(73.423453845954,101.8812770715,-27.3550954713812));
#1845=CARTESIAN_POINT('',(73.4251483379917,101.848231499907,-27.491589519682));
#1846=CARTESIAN_POINT('',(73.4335153361163,101.828044538198,-27.6319092060503));
#1847=CARTESIAN_POINT('',(73.4482513843792,101.821394429929,-27.7714231167129));
#1848=CARTESIAN_POINT('',(73.4482513843792,101.821394429929,-27.7714231167129));
#1849=CARTESIAN_POINT('',(79.6079863122409,118.039071130248,-32.1524521744473));
#1850=CARTESIAN_POINT('',(79.6215726062225,118.036156702067,-32.3758726388365));
#1851=CARTESIAN_POINT('',(79.6442700483544,118.070814734095,-32.6023216487516));
#1852=CARTESIAN_POINT('',(79.6738688860047,118.140241009056,-32.8130671975502));
#1853=CARTESIAN_POINT('',(79.7034675254146,118.209666819029,-33.0238113348648));
#1854=CARTESIAN_POINT('',(79.7407641623478,118.315778625854,-33.2246668682526));
#1855=CARTESIAN_POINT('',(79.7822340177123,118.449887337965,-33.3990349226371));
#1856=CARTESIAN_POINT('',(79.8237090390988,118.584012756394,-33.5734246985638));
#1857=CARTESIAN_POINT('',(79.8704825101979,118.749847581169,-33.726132022616));
#1858=CARTESIAN_POINT('',(79.9183264274353,118.933736873774,-33.8445266460752));
#1859=CARTESIAN_POINT('',(79.9661637461873,119.117600804935,-33.9629049409133));
#1860=CARTESIAN_POINT('',(80.0163790381302,119.324589937417,-34.0502455829771));
#1861=CARTESIAN_POINT('',(80.0646958886794,119.5375812096,-34.0993167034371));
#1862=CARTESIAN_POINT('',(80.1130006047407,119.750518990299,-34.1483754999789));
#1863=CARTESIAN_POINT('',(80.1607414915103,119.975327911282,-34.1605376115235));
#1864=CARTESIAN_POINT('',(80.2041387777841,120.193356194234,-34.1347897390278));
#1865=CARTESIAN_POINT('',(80.2475372590136,120.411390480652,-34.1090411575577));
#1866=CARTESIAN_POINT('',(80.2878029233681,120.628652782962,-34.0446711867663));
#1867=CARTESIAN_POINT('',(80.3219906508483,120.82708313182,-33.946988211708));
#1868=CARTESIAN_POINT('',(80.3561873784785,121.025565718807,-33.8492795209473));
#1869=CARTESIAN_POINT('',(80.3852669405849,121.210676291983,-33.7155440917152));
#1870=CARTESIAN_POINT('',(80.4072528640834,121.366998975671,-33.5568255373489));
#1871=CARTESIAN_POINT('',(80.4292407280441,121.52333545629,-33.3980929745944));
#1872=CARTESIAN_POINT('',(80.4447583637666,121.655187244521,-33.2099913769507));
#1873=CARTESIAN_POINT('',(80.4528057583162,121.751566558607,-33.0080833407817));
#1874=CARTESIAN_POINT('',(80.4608513453067,121.847924224531,-32.8062206560239));
#1875=CARTESIAN_POINT('',(80.4616595929862,121.911481273365,-32.5849885342303));
#1876=CARTESIAN_POINT('',(80.455179507414,121.936968832668,-32.3627128775295));
#1877=CARTESIAN_POINT('',(80.4487006329807,121.962451628303,-32.140478764528));
#1878=CARTESIAN_POINT('',(80.4347514710516,121.950584456089,-31.911073818691));
#1879=CARTESIAN_POINT('',(80.4142266451483,121.902410410073,-31.6935023534643));
#1880=CARTESIAN_POINT('',(80.3936988923583,121.854229494328,-31.4758998620536));
#1881=CARTESIAN_POINT('',(80.366010304549,121.768407601713,-31.2641346226631));
#1882=CARTESIAN_POINT('',(80.3330288789064,121.652139463138,-31.0757531504863));
#1883=CARTESIAN_POINT('',(80.3000392242204,121.535842315036,-30.8873246761174));
#1884=CARTESIAN_POINT('',(80.2608229638343,121.385879543304,-30.7170954971646));
#1885=CARTESIAN_POINT('',(80.218225841987,121.214750900227,-30.5791857199372));
#1886=CARTESIAN_POINT('',(80.1756301240448,121.043627897164,-30.4412804879047));
#1887=CARTESIAN_POINT('',(80.1284630517608,120.846621560597,-30.3318897988393));
#1888=CARTESIAN_POINT('',(80.0804299379472,120.640095042136,-30.260091835527));
#1889=CARTESIAN_POINT('',(80.0324094978284,120.433623016374,-30.188312816343));
#1890=CARTESIAN_POINT('',(79.9821960093544,120.211941612442,-30.1521269298732));
#1891=CARTESIAN_POINT('',(79.9340331417145,119.993393040893,-30.1545243745446));
#1892=CARTESIAN_POINT('',(79.8858742689056,119.774862596683,-30.1569216203619));
#1893=CARTESIAN_POINT('',(79.8384483929669,119.553436511706,-30.1979597468971));
#1894=CARTESIAN_POINT('',(79.7960145023447,119.347367172843,-30.2742183291782));
#1895=CARTESIAN_POINT('',(79.7535709641371,119.141250982949,-30.3504942492797));
#1896=CARTESIAN_POINT('',(79.7149707832089,118.944809920605,-30.4641085127827));
#1897=CARTESIAN_POINT('',(79.683846381888,118.774206939128,-30.6056332385829));
#1898=CARTESIAN_POINT('',(79.6527162851807,118.603572739382,-30.7471838616845));
#1899=CARTESIAN_POINT('',(79.6282262051879,118.454075114392,-30.9205601020712));
#1900=CARTESIAN_POINT('',(79.612755086342,118.338024114818,-31.1113859439367));
#1901=CARTESIAN_POINT('',(79.5972862421907,118.221990178043,-31.3021837289735));
#1902=CARTESIAN_POINT('',(79.590418872234,118.136190274195,-31.5156896758472));
#1903=CARTESIAN_POINT('',(79.592830076985,118.087711965589,-31.7342096842774));
#1904=CARTESIAN_POINT('',(79.5943429080755,118.057295845828,-31.8713128740937));
#1905=CARTESIAN_POINT('',(79.5994622798601,118.040899640673,-32.0122783142642));
#1906=CARTESIAN_POINT('',(79.6079863122409,118.039071130248,-32.1524521744473));
#1907=CARTESIAN_POINT('',(79.6079863122409,118.039071130248,-32.1524521744473));
#1908=CARTESIAN_POINT('',(82.,60.2922109375993,-323.632274812411));
#1909=CARTESIAN_POINT('',(0.,60.2922109375994,-323.632274812411));
#1910=CARTESIAN_POINT('',(82.,60.2922109375992,-323.632274812411));
#1911=CARTESIAN_POINT('',(-82.,60.2922109375992,-323.632274812411));
#1912=CARTESIAN_POINT('',(-77.,60.2922109375992,-323.632274812411));
#1913=CARTESIAN_POINT('',(-75.0935950968178,105.467329710202,-27.7714231167129));
#1914=CARTESIAN_POINT('',(-75.1148076007577,105.457756896287,-27.993999448906));
#1915=CARTESIAN_POINT('',(-75.1212072648544,105.412490608711,-28.2195557272527));
#1916=CARTESIAN_POINT('',(-75.1123199246083,105.335252757781,-28.4294060603695));
#1917=CARTESIAN_POINT('',(-75.1034325964583,105.258015011976,-28.6392561078673));
#1918=CARTESIAN_POINT('',(-75.0790096213475,105.146678257226,-28.8391874284012));
#1919=CARTESIAN_POINT('',(-75.0408671911201,105.010557232074,-29.0126749436337));
#1920=CARTESIAN_POINT('',(-75.0027217213754,104.874425359627,-29.1861762838459));
#1921=CARTESIAN_POINT('',(-74.9497882909401,104.709759250189,-29.3380164154508));
#1922=CARTESIAN_POINT('',(-74.8860677014171,104.530358141624,-29.4556795249198));
#1923=CARTESIAN_POINT('',(-74.8223303785598,104.350909921462,-29.573373533289));
#1924=CARTESIAN_POINT('',(-74.7460224611146,104.151777804241,-29.6601208937227));
#1925=CARTESIAN_POINT('',(-74.6630736520583,103.949620987884,-29.7087840864547));
#1926=CARTESIAN_POINT('',(-74.5801230760281,103.747459865187,-29.757448315809));
#1927=CARTESIAN_POINT('',(-74.4882268660467,103.536703086898,-29.769369780564));
#1928=CARTESIAN_POINT('',(-74.3947739918671,103.334911760282,-29.7435832409932));
#1929=CARTESIAN_POINT('',(-74.3013447725951,103.133171511338,-29.7178032285434));
#1930=CARTESIAN_POINT('',(-74.2037778216138,102.934829610003,-29.6536235797043));
#1931=CARTESIAN_POINT('',(-74.1101922905033,102.756297654168,-29.5563567034692));
#1932=CARTESIAN_POINT('',(-74.0166191552915,102.577789345836,-29.4591027107464));
#1933=CARTESIAN_POINT('',(-73.9244542275246,102.4141591892,-29.3260888772035));
#1934=CARTESIAN_POINT('',(-73.8416068832687,102.278820098077,-29.1682942802063));
#1935=CARTESIAN_POINT('',(-73.7587433960752,102.143454635916,-29.0104689366794));
#1936=CARTESIAN_POINT('',(-73.682933317015,102.032649954897,-28.823499408803));
#1937=CARTESIAN_POINT('',(-73.6208529155755,101.955392440308,-28.6228098348034));
#1938=CARTESIAN_POINT('',(-73.5587589678942,101.878118067759,-28.4220764693746));
#1939=CARTESIAN_POINT('',(-73.5087072301476,101.832266043837,-28.2020767157901));
#1940=CARTESIAN_POINT('',(-73.4751921424202,101.821480399495,-27.9809856038958));
#1941=CARTESIAN_POINT('',(-73.4416803728336,101.810695822978,-27.7599163809923));
#1942=CARTESIAN_POINT('',(-73.4237904097762,101.834668716797,-27.5316552578221));
#1943=CARTESIAN_POINT('',(-73.4231455837408,101.891352818909,-27.3150970811726));
#1944=CARTESIAN_POINT('',(-73.4225009265188,101.948022081308,-27.0985955987482));
#1945=CARTESIAN_POINT('',(-73.4390746088299,102.038947791143,-26.8878197221379));
#1946=CARTESIAN_POINT('',(-73.4713631921903,102.1566564394,-26.7002381817724));
#1947=CARTESIAN_POINT('',(-73.5036512629241,102.274363218866,-26.5126596195278));
#1948=CARTESIAN_POINT('',(-73.5525313450969,102.422101940621,-26.3431031398498));
#1949=CARTESIAN_POINT('',(-73.6136148688726,102.587798299511,-26.2056380816293));
#1950=CARTESIAN_POINT('',(-73.6747139580314,102.753536881363,-26.0681379943839));
#1951=CARTESIAN_POINT('',(-73.7496887390606,102.941821773639,-25.9589556509401));
#1952=CARTESIAN_POINT('',(-73.8319295131389,103.137252112667,-25.8871776050682));
#1953=CARTESIAN_POINT('',(-73.9141807979104,103.332707428458,-25.8153903856808));
#1954=CARTESIAN_POINT('',(-74.0059518064523,103.540710812639,-25.7790400080462));
#1955=CARTESIAN_POINT('',(-74.0993518857034,103.744164285222,-25.7811775007269));
#1956=CARTESIAN_POINT('',(-74.1927334176626,103.947577356222,-25.7833145689465));
#1957=CARTESIAN_POINT('',(-74.290310928612,104.152057675837,-25.8239850180884));
#1958=CARTESIAN_POINT('',(-74.3839525699404,104.34068659002,-25.8998265025741));
#1959=CARTESIAN_POINT('',(-74.477574084024,104.529274960485,-25.9756516857639));
#1960=CARTESIAN_POINT('',(-74.5698474839663,104.707217784691,-26.0887222046331));
#1961=CARTESIAN_POINT('',(-74.6533488511245,104.859689379225,-26.2296475548108));
#1962=CARTESIAN_POINT('',(-74.7368589083468,105.012176841617,-26.3705875712193));
#1963=CARTESIAN_POINT('',(-74.8139132830678,105.143386398589,-26.5432716739952));
#1964=CARTESIAN_POINT('',(-74.878519867137,105.242290243383,-26.7333623440694));
#1965=CARTESIAN_POINT('',(-74.9431432966147,105.341219876194,-26.9235025780546));
#1966=CARTESIAN_POINT('',(-74.9971143676336,105.410546515768,-27.1363011201129));
#1967=CARTESIAN_POINT('',(-75.0363481577987,105.444354494139,-27.3540952861807));
#1968=CARTESIAN_POINT('',(-75.0609925894809,105.465590739982,-27.490901172735));
#1969=CARTESIAN_POINT('',(-75.0802659904074,105.473344891421,-27.6315648696786));
#1970=CARTESIAN_POINT('',(-75.0935950968178,105.467329710202,-27.7714231167129));
#1971=CARTESIAN_POINT('',(-75.0935950968178,105.467329710202,-27.7714231167129));
#1972=CARTESIAN_POINT('',(-80.4469502030106,121.950099075684,-32.1524521744473));
#1973=CARTESIAN_POINT('',(-80.4579229351482,121.94774528886,-32.3759601670051));
#1974=CARTESIAN_POINT('',(-80.4617736251734,121.907413713107,-32.6025083074917));
#1975=CARTESIAN_POINT('',(-80.4582591068782,121.832426259024,-32.8133312042359));
#1976=CARTESIAN_POINT('',(-80.4547445913981,121.757438865005,-33.0241539321177));
#1977=CARTESIAN_POINT('',(-80.4437646383754,121.645729100292,-33.225065147762));
#1978=CARTESIAN_POINT('',(-80.426018974409,121.506594473904,-33.3994449941398));
#1979=CARTESIAN_POINT('',(-80.4082721186526,121.367450503303,-33.5738365517822));
#1980=CARTESIAN_POINT('',(-80.3832538824948,121.197045676549,-33.7265036010733));
#1981=CARTESIAN_POINT('',(-80.3526308958654,121.009569538292,-33.8448393145959));
#1982=CARTESIAN_POINT('',(-80.3219998068237,120.82204379648,-33.9632063380872));
#1983=CARTESIAN_POINT('',(-80.2848950300626,120.612269569869,-34.0504896107722));
#1984=CARTESIAN_POINT('',(-80.2439665221681,120.397702090048,-34.0994852590764));
#1985=CARTESIAN_POINT('',(-80.2030363795327,120.183126040106,-34.1484828643344));
#1986=CARTESIAN_POINT('',(-80.157135571695,119.957839600238,-34.1605411016553));
#1987=CARTESIAN_POINT('',(-80.1098125990245,119.740560545528,-34.1346708146863));
#1988=CARTESIAN_POINT('',(-80.0625013112518,119.523335140946,-34.1088069155591));
#1989=CARTESIAN_POINT('',(-80.0124576898136,119.308122464628,-34.0443198267646));
#1990=CARTESIAN_POINT('',(-79.9638520975824,119.112743843401,-33.9465503714324));
#1991=CARTESIAN_POINT('',(-79.9152537164015,118.917394208244,-33.8487954210248));
#1992=CARTESIAN_POINT('',(-79.8667609306309,118.736483720919,-33.7150732502915));
#1993=CARTESIAN_POINT('',(-79.8226796087057,118.584920530133,-33.5564392400835));
#1994=CARTESIAN_POINT('',(-79.7785902790705,118.433329806731,-33.3977764127916));
#1995=CARTESIAN_POINT('',(-79.7377165645927,118.306912198082,-33.2098170218514));
#1996=CARTESIAN_POINT('',(-79.7038726999003,118.216034831299,-33.0080909546151));
#1997=CARTESIAN_POINT('',(-79.6700211085425,118.125136716915,-32.8063188326553));
#1998=CARTESIAN_POINT('',(-79.642289675313,118.067283988016,-32.585205988849));
#1999=CARTESIAN_POINT('',(-79.6233582935028,118.047189260976,-32.3630389540215));
#2000=CARTESIAN_POINT('',(-79.6044284518799,118.027096168768,-32.1408899938821));
#2001=CARTESIAN_POINT('',(-79.5937892485641,118.044198908866,-31.9115571119856));
#2002=CARTESIAN_POINT('',(-79.5924879957582,118.097048561636,-31.6940313601939));
#2003=CARTESIAN_POINT('',(-79.5911870866826,118.149884253989,-31.4765630685748));
#2004=CARTESIAN_POINT('',(-79.5991842249565,118.239904593865,-31.264897659514));
#2005=CARTESIAN_POINT('',(-79.6156915833575,118.359679038616,-31.0765698864329));
#2006=CARTESIAN_POINT('',(-79.6321983712172,118.479449343622,-30.8882486224948));
#2007=CARTESIAN_POINT('',(-79.6576572159474,118.632275548145,-30.7180706265663));
#2008=CARTESIAN_POINT('',(-79.6896005681283,118.80558454551,-30.5801361778538));
#2009=CARTESIAN_POINT('',(-79.7215518734801,118.978936692889,-30.442167386589));
#2010=CARTESIAN_POINT('',(-79.76085175712,119.177566934809,-30.3326540991509));
#2011=CARTESIAN_POINT('',(-79.8038104914416,119.385129839485,-30.2606858559759));
#2012=CARTESIAN_POINT('',(-79.8467754083068,119.592722616239,-30.1887072552611));
#2013=CARTESIAN_POINT('',(-79.8945663760476,119.814982461588,-30.152301172052));
#2014=CARTESIAN_POINT('',(-79.942902286578,120.033569834452,-30.1545066608445));
#2015=CARTESIAN_POINT('',(-79.9912292229937,120.252116624069,-30.1567117401627));
#2016=CARTESIAN_POINT('',(-80.0414242029543,120.473023517043,-30.1975763530757));
#2017=CARTESIAN_POINT('',(-80.0892615962768,120.678003327753,-30.2737203969085));
#2018=CARTESIAN_POINT('',(-80.1370882084086,120.882936941833,-30.349847280035));
#2019=CARTESIAN_POINT('',(-80.1838810959978,121.077601596773,-30.463335830801));
#2020=CARTESIAN_POINT('',(-80.2259843546488,121.245836584465,-30.604774078349));
#2021=CARTESIAN_POINT('',(-80.268091258394,121.414086137119,-30.7462245709285));
#2022=CARTESIAN_POINT('',(-80.3066848229577,121.560538167265,-30.919527975394));
#2023=CARTESIAN_POINT('',(-80.3389793474282,121.672989400641,-31.1103182502086));
#2024=CARTESIAN_POINT('',(-80.371282380537,121.785470261543,-31.3011587925362));
#2025=CARTESIAN_POINT('',(-80.3981950420943,121.867030073268,-31.5147583909723));
#2026=CARTESIAN_POINT('',(-80.4179078280298,121.910824384352,-31.7334110996236));
#2027=CARTESIAN_POINT('',(-80.4302908835928,121.938334822971,-31.8707630015358));
#2028=CARTESIAN_POINT('',(-80.4400550961153,121.951578161436,-32.0120029698812));
#2029=CARTESIAN_POINT('',(-80.4469502030106,121.950099075684,-32.1524521744473));
#2030=CARTESIAN_POINT('',(-80.4469502030106,121.950099075684,-32.1524521744473));
#2031=CARTESIAN_POINT('',(0.,60.2922109375994,-323.632274812411));
#2032=CARTESIAN_POINT('',(-80.0497567070453,119.98980395476,-32.1511710696467));
#2033=CARTESIAN_POINT('',(-74.2917938745646,103.634943535799,-27.7688994280623));
#2034=CARTESIAN_POINT('',(80.0497567070453,119.98980395476,-32.1511710696467));
#2035=CARTESIAN_POINT('',(74.2917938745646,103.634943535799,-27.7688994280623));
#2036=CARTESIAN_POINT('',(-270.6753695882,16.583123951777,57.662812973354));
#2037=MECHANICAL_DESIGN_GEOMETRIC_PRESENTATION_REPRESENTATION('',(#24),
#2038);
#2038=(
GEOMETRIC_REPRESENTATION_CONTEXT(3)
GLOBAL_UNCERTAINTY_ASSIGNED_CONTEXT((#2039))
GLOBAL_UNIT_ASSIGNED_CONTEXT((#2045,#2041,#2040))
REPRESENTATION_CONTEXT('S_AC_M_03_feeder','TOP_LEVEL_ASSEMBLY_PART')
);
#2039=UNCERTAINTY_MEASURE_WITH_UNIT(LENGTH_MEASURE(0.0508),#2045,
'DISTANCE_ACCURACY_VALUE','Maximum Tolerance applied to model');
#2040=(
NAMED_UNIT(*)
SI_UNIT($,.STERADIAN.)
SOLID_ANGLE_UNIT()
);
#2041=(
CONVERSION_BASED_UNIT('DEGREE',#2043)
NAMED_UNIT(#2042)
PLANE_ANGLE_UNIT()
);
#2042=DIMENSIONAL_EXPONENTS(0.,0.,0.,0.,0.,0.,0.);
#2043=PLANE_ANGLE_MEASURE_WITH_UNIT(PLANE_ANGLE_MEASURE(0.0174532925),#2044);
#2044=(
NAMED_UNIT(*)
PLANE_ANGLE_UNIT()
SI_UNIT($,.RADIAN.)
);
#2045=(
LENGTH_UNIT()
NAMED_UNIT(*)
SI_UNIT(.MILLI.,.METRE.)
);
ENDSEC;
END-ISO-10303-21;
