ISO-10303-21;
HEADER;
/* Generated by software containing ST-Developer
 * from STEP Tools, Inc. (www.steptools.com) 
 */
/* OPTION: using custom schema-name function */

FILE_DESCRIPTION(
/* description */ (''),
/* implementation_level */ '2;1');

FILE_NAME(
/* name */ 'S_SF_M_02_frame.stp',
/* time_stamp */ '2025-12-15T16:58:22+01:00',
/* author */ (''),
/* organization */ (''),
/* preprocessor_version */ 'ST-DEVELOPER v18.1',
/* originating_system */ 'SIEMENS PLM Software NX 1988',
/* authorisation */ '');

FILE_SCHEMA (('AUTOMOTIVE_DESIGN { 1 0 10303 214 3 1 1 1 }'));
ENDSEC;

DATA;
#10=SHAPE_REPRESENTATION_RELATIONSHIP('None',
'relationship between S_SF_M_02_frame-None and S_SF_M_02_frame-None',#22,
#11);
#11=ADVANCED_BREP_SHAPE_REPRESENTATION('S_SF_M_02_frame-None',(#165,#166,
#167,#168,#169,#170,#171,#172,#173,#174,#175,#176,#177,#178,#179,#180,#181,
#182,#183,#184),#6026);
#12=SHAPE_DEFINITION_REPRESENTATION(#13,#22);
#13=PRODUCT_DEFINITION_SHAPE('','',#14);
#14=PRODUCT_DEFINITION(' ','',#16,#15);
#15=PRODUCT_DEFINITION_CONTEXT('part definition',#21,'design');
#16=PRODUCT_DEFINITION_FORMATION_WITH_SPECIFIED_SOURCE(' ',' ',#18,
 .NOT_KNOWN.);
#17=PRODUCT_RELATED_PRODUCT_CATEGORY('part','',(#18));
#18=PRODUCT('S_SF_M_02_frame','S_SF_M_02_frame',' ',(#19));
#19=PRODUCT_CONTEXT(' ',#21,'mechanical');
#20=APPLICATION_PROTOCOL_DEFINITION('international standard',
'automotive_design',2010,#21);
#21=APPLICATION_CONTEXT(
'core data for automotive mechanical design processes');
#22=SHAPE_REPRESENTATION('S_SF_M_02_frame-None',(#3763),#6026);
#23=PRESENTATION_LAYER_ASSIGNMENT('1','Layer 1',(#165,#166,#167,#168,#169,
#170,#171,#172,#173,#174,#175,#176,#177,#178,#179,#180,#181,#182,#183,#184));
#24=STYLED_ITEM('',(#44),#165);
#25=STYLED_ITEM('',(#45),#166);
#26=STYLED_ITEM('',(#46),#167);
#27=STYLED_ITEM('',(#47),#168);
#28=STYLED_ITEM('',(#48),#169);
#29=STYLED_ITEM('',(#49),#170);
#30=STYLED_ITEM('',(#50),#171);
#31=STYLED_ITEM('',(#51),#172);
#32=STYLED_ITEM('',(#52),#173);
#33=STYLED_ITEM('',(#53),#174);
#34=STYLED_ITEM('',(#54),#175);
#35=STYLED_ITEM('',(#55),#176);
#36=STYLED_ITEM('',(#56),#177);
#37=STYLED_ITEM('',(#57),#178);
#38=STYLED_ITEM('',(#58),#179);
#39=STYLED_ITEM('',(#59),#180);
#40=STYLED_ITEM('',(#60),#181);
#41=STYLED_ITEM('',(#61),#182);
#42=STYLED_ITEM('',(#62),#183);
#43=STYLED_ITEM('',(#63),#184);
#44=PRESENTATION_STYLE_ASSIGNMENT((#64));
#45=PRESENTATION_STYLE_ASSIGNMENT((#65));
#46=PRESENTATION_STYLE_ASSIGNMENT((#66));
#47=PRESENTATION_STYLE_ASSIGNMENT((#67));
#48=PRESENTATION_STYLE_ASSIGNMENT((#68));
#49=PRESENTATION_STYLE_ASSIGNMENT((#69));
#50=PRESENTATION_STYLE_ASSIGNMENT((#70));
#51=PRESENTATION_STYLE_ASSIGNMENT((#71));
#52=PRESENTATION_STYLE_ASSIGNMENT((#72));
#53=PRESENTATION_STYLE_ASSIGNMENT((#73));
#54=PRESENTATION_STYLE_ASSIGNMENT((#74));
#55=PRESENTATION_STYLE_ASSIGNMENT((#75));
#56=PRESENTATION_STYLE_ASSIGNMENT((#76));
#57=PRESENTATION_STYLE_ASSIGNMENT((#77));
#58=PRESENTATION_STYLE_ASSIGNMENT((#78));
#59=PRESENTATION_STYLE_ASSIGNMENT((#79));
#60=PRESENTATION_STYLE_ASSIGNMENT((#80));
#61=PRESENTATION_STYLE_ASSIGNMENT((#81));
#62=PRESENTATION_STYLE_ASSIGNMENT((#82));
#63=PRESENTATION_STYLE_ASSIGNMENT((#83));
#64=SURFACE_STYLE_USAGE(.BOTH.,#84);
#65=SURFACE_STYLE_USAGE(.BOTH.,#85);
#66=SURFACE_STYLE_USAGE(.BOTH.,#86);
#67=SURFACE_STYLE_USAGE(.BOTH.,#87);
#68=SURFACE_STYLE_USAGE(.BOTH.,#88);
#69=SURFACE_STYLE_USAGE(.BOTH.,#89);
#70=SURFACE_STYLE_USAGE(.BOTH.,#90);
#71=SURFACE_STYLE_USAGE(.BOTH.,#91);
#72=SURFACE_STYLE_USAGE(.BOTH.,#92);
#73=SURFACE_STYLE_USAGE(.BOTH.,#93);
#74=SURFACE_STYLE_USAGE(.BOTH.,#94);
#75=SURFACE_STYLE_USAGE(.BOTH.,#95);
#76=SURFACE_STYLE_USAGE(.BOTH.,#96);
#77=SURFACE_STYLE_USAGE(.BOTH.,#97);
#78=SURFACE_STYLE_USAGE(.BOTH.,#98);
#79=SURFACE_STYLE_USAGE(.BOTH.,#99);
#80=SURFACE_STYLE_USAGE(.BOTH.,#100);
#81=SURFACE_STYLE_USAGE(.BOTH.,#101);
#82=SURFACE_STYLE_USAGE(.BOTH.,#102);
#83=SURFACE_STYLE_USAGE(.BOTH.,#103);
#84=SURFACE_SIDE_STYLE('',(#104));
#85=SURFACE_SIDE_STYLE('',(#105));
#86=SURFACE_SIDE_STYLE('',(#106));
#87=SURFACE_SIDE_STYLE('',(#107));
#88=SURFACE_SIDE_STYLE('',(#108));
#89=SURFACE_SIDE_STYLE('',(#109));
#90=SURFACE_SIDE_STYLE('',(#110));
#91=SURFACE_SIDE_STYLE('',(#111));
#92=SURFACE_SIDE_STYLE('',(#112));
#93=SURFACE_SIDE_STYLE('',(#113));
#94=SURFACE_SIDE_STYLE('',(#114));
#95=SURFACE_SIDE_STYLE('',(#115));
#96=SURFACE_SIDE_STYLE('',(#116));
#97=SURFACE_SIDE_STYLE('',(#117));
#98=SURFACE_SIDE_STYLE('',(#118));
#99=SURFACE_SIDE_STYLE('',(#119));
#100=SURFACE_SIDE_STYLE('',(#120));
#101=SURFACE_SIDE_STYLE('',(#121));
#102=SURFACE_SIDE_STYLE('',(#122));
#103=SURFACE_SIDE_STYLE('',(#123));
#104=SURFACE_STYLE_FILL_AREA(#124);
#105=SURFACE_STYLE_FILL_AREA(#125);
#106=SURFACE_STYLE_FILL_AREA(#126);
#107=SURFACE_STYLE_FILL_AREA(#127);
#108=SURFACE_STYLE_FILL_AREA(#128);
#109=SURFACE_STYLE_FILL_AREA(#129);
#110=SURFACE_STYLE_FILL_AREA(#130);
#111=SURFACE_STYLE_FILL_AREA(#131);
#112=SURFACE_STYLE_FILL_AREA(#132);
#113=SURFACE_STYLE_FILL_AREA(#133);
#114=SURFACE_STYLE_FILL_AREA(#134);
#115=SURFACE_STYLE_FILL_AREA(#135);
#116=SURFACE_STYLE_FILL_AREA(#136);
#117=SURFACE_STYLE_FILL_AREA(#137);
#118=SURFACE_STYLE_FILL_AREA(#138);
#119=SURFACE_STYLE_FILL_AREA(#139);
#120=SURFACE_STYLE_FILL_AREA(#140);
#121=SURFACE_STYLE_FILL_AREA(#141);
#122=SURFACE_STYLE_FILL_AREA(#142);
#123=SURFACE_STYLE_FILL_AREA(#143);
#124=FILL_AREA_STYLE('',(#144));
#125=FILL_AREA_STYLE('',(#145));
#126=FILL_AREA_STYLE('',(#146));
#127=FILL_AREA_STYLE('',(#147));
#128=FILL_AREA_STYLE('',(#148));
#129=FILL_AREA_STYLE('',(#149));
#130=FILL_AREA_STYLE('',(#150));
#131=FILL_AREA_STYLE('',(#151));
#132=FILL_AREA_STYLE('',(#152));
#133=FILL_AREA_STYLE('',(#153));
#134=FILL_AREA_STYLE('',(#154));
#135=FILL_AREA_STYLE('',(#155));
#136=FILL_AREA_STYLE('',(#156));
#137=FILL_AREA_STYLE('',(#157));
#138=FILL_AREA_STYLE('',(#158));
#139=FILL_AREA_STYLE('',(#159));
#140=FILL_AREA_STYLE('',(#160));
#141=FILL_AREA_STYLE('',(#161));
#142=FILL_AREA_STYLE('',(#162));
#143=FILL_AREA_STYLE('',(#163));
#144=FILL_AREA_STYLE_COLOUR('',#164);
#145=FILL_AREA_STYLE_COLOUR('',#164);
#146=FILL_AREA_STYLE_COLOUR('',#164);
#147=FILL_AREA_STYLE_COLOUR('',#164);
#148=FILL_AREA_STYLE_COLOUR('',#164);
#149=FILL_AREA_STYLE_COLOUR('',#164);
#150=FILL_AREA_STYLE_COLOUR('',#164);
#151=FILL_AREA_STYLE_COLOUR('',#164);
#152=FILL_AREA_STYLE_COLOUR('',#164);
#153=FILL_AREA_STYLE_COLOUR('',#164);
#154=FILL_AREA_STYLE_COLOUR('',#164);
#155=FILL_AREA_STYLE_COLOUR('',#164);
#156=FILL_AREA_STYLE_COLOUR('',#164);
#157=FILL_AREA_STYLE_COLOUR('',#164);
#158=FILL_AREA_STYLE_COLOUR('',#164);
#159=FILL_AREA_STYLE_COLOUR('',#164);
#160=FILL_AREA_STYLE_COLOUR('',#164);
#161=FILL_AREA_STYLE_COLOUR('',#164);
#162=FILL_AREA_STYLE_COLOUR('',#164);
#163=FILL_AREA_STYLE_COLOUR('',#164);
#164=COLOUR_RGB('medium steel',0.596078431372549,0.666666666666667,0.686274509803922);
#165=MANIFOLD_SOLID_BREP('',#185);
#166=MANIFOLD_SOLID_BREP('',#186);
#167=MANIFOLD_SOLID_BREP('',#187);
#168=MANIFOLD_SOLID_BREP('',#188);
#169=MANIFOLD_SOLID_BREP('',#189);
#170=MANIFOLD_SOLID_BREP('',#190);
#171=MANIFOLD_SOLID_BREP('',#191);
#172=MANIFOLD_SOLID_BREP('',#192);
#173=MANIFOLD_SOLID_BREP('',#193);
#174=MANIFOLD_SOLID_BREP('',#194);
#175=MANIFOLD_SOLID_BREP('',#195);
#176=MANIFOLD_SOLID_BREP('',#196);
#177=MANIFOLD_SOLID_BREP('',#197);
#178=MANIFOLD_SOLID_BREP('',#198);
#179=MANIFOLD_SOLID_BREP('',#199);
#180=MANIFOLD_SOLID_BREP('',#200);
#181=MANIFOLD_SOLID_BREP('',#201);
#182=MANIFOLD_SOLID_BREP('',#202);
#183=MANIFOLD_SOLID_BREP('',#203);
#184=MANIFOLD_SOLID_BREP('',#204);
#185=CLOSED_SHELL('',(#374,#375,#376,#377,#378,#379,#380,#381,#382,#383,
#384,#385,#386,#387,#388,#389,#390,#391,#392,#393));
#186=CLOSED_SHELL('',(#394,#395,#396,#397,#398,#399,#400,#401,#402,#403,
#404,#405,#406,#407,#408,#409,#410,#411,#412,#413));
#187=CLOSED_SHELL('',(#414,#415,#416,#417,#418,#419,#420,#421,#422,#423,
#424,#425,#426,#427,#428,#429,#430,#431,#432,#433));
#188=CLOSED_SHELL('',(#434,#435,#436,#437,#438,#439,#440,#441,#442,#443,
#444,#445,#446,#447,#448,#449,#450,#451,#452,#453));
#189=CLOSED_SHELL('',(#454,#455,#456,#457,#458,#459,#460,#461,#462,#463,
#464,#465,#466,#467,#468,#469));
#190=CLOSED_SHELL('',(#470,#471,#472,#473,#474,#475,#476,#477,#478,#479,
#480,#481,#482,#483,#484,#485));
#191=CLOSED_SHELL('',(#486,#487,#488,#489,#490,#491,#492,#493,#494,#495,
#496,#497,#498,#499,#500,#501));
#192=CLOSED_SHELL('',(#502,#503,#504,#505,#506,#507,#508,#509,#510,#511,
#512,#513,#514,#515,#516,#517));
#193=CLOSED_SHELL('',(#518,#519,#520,#521,#522,#523));
#194=CLOSED_SHELL('',(#524,#525,#526,#527,#528,#529));
#195=CLOSED_SHELL('',(#530,#531,#532,#533,#534,#535));
#196=CLOSED_SHELL('',(#536,#537,#538,#539,#540,#541));
#197=CLOSED_SHELL('',(#542,#543,#544,#545,#546,#547));
#198=CLOSED_SHELL('',(#548,#549,#550,#551,#552,#553));
#199=CLOSED_SHELL('',(#554,#555,#556,#557,#558,#559));
#200=CLOSED_SHELL('',(#560,#561,#562,#563,#564,#565,#566,#567));
#201=CLOSED_SHELL('',(#568,#569,#570,#571,#572,#573));
#202=CLOSED_SHELL('',(#574,#575,#576,#577,#578,#579));
#203=CLOSED_SHELL('',(#580,#581,#582,#583,#584,#585));
#204=CLOSED_SHELL('',(#586,#587,#588,#589,#590,#591));
#205=CYLINDRICAL_SURFACE('',#3779,3.);
#206=CYLINDRICAL_SURFACE('',#3781,3.);
#207=CYLINDRICAL_SURFACE('',#3794,3.);
#208=CYLINDRICAL_SURFACE('',#3795,3.);
#209=CYLINDRICAL_SURFACE('',#3796,3.);
#210=CYLINDRICAL_SURFACE('',#3797,3.);
#211=CYLINDRICAL_SURFACE('',#3798,3.);
#212=CYLINDRICAL_SURFACE('',#3799,3.);
#213=CYLINDRICAL_SURFACE('',#3815,3.);
#214=CYLINDRICAL_SURFACE('',#3817,3.);
#215=CYLINDRICAL_SURFACE('',#3830,3.);
#216=CYLINDRICAL_SURFACE('',#3831,3.);
#217=CYLINDRICAL_SURFACE('',#3832,3.);
#218=CYLINDRICAL_SURFACE('',#3833,3.);
#219=CYLINDRICAL_SURFACE('',#3834,3.);
#220=CYLINDRICAL_SURFACE('',#3835,3.);
#221=CYLINDRICAL_SURFACE('',#3851,3.);
#222=CYLINDRICAL_SURFACE('',#3853,3.);
#223=CYLINDRICAL_SURFACE('',#3866,3.);
#224=CYLINDRICAL_SURFACE('',#3867,3.);
#225=CYLINDRICAL_SURFACE('',#3868,3.);
#226=CYLINDRICAL_SURFACE('',#3869,3.);
#227=CYLINDRICAL_SURFACE('',#3870,3.);
#228=CYLINDRICAL_SURFACE('',#3871,3.);
#229=CYLINDRICAL_SURFACE('',#3887,3.);
#230=CYLINDRICAL_SURFACE('',#3889,3.);
#231=CYLINDRICAL_SURFACE('',#3902,3.);
#232=CYLINDRICAL_SURFACE('',#3903,3.);
#233=CYLINDRICAL_SURFACE('',#3904,3.);
#234=CYLINDRICAL_SURFACE('',#3905,3.);
#235=CYLINDRICAL_SURFACE('',#3906,3.);
#236=CYLINDRICAL_SURFACE('',#3907,3.);
#237=CYLINDRICAL_SURFACE('',#3919,3.);
#238=CYLINDRICAL_SURFACE('',#3921,3.);
#239=CYLINDRICAL_SURFACE('',#3930,3.);
#240=CYLINDRICAL_SURFACE('',#3931,3.);
#241=CYLINDRICAL_SURFACE('',#3943,3.);
#242=CYLINDRICAL_SURFACE('',#3945,3.);
#243=CYLINDRICAL_SURFACE('',#3954,3.);
#244=CYLINDRICAL_SURFACE('',#3955,3.);
#245=CYLINDRICAL_SURFACE('',#3967,3.);
#246=CYLINDRICAL_SURFACE('',#3969,3.);
#247=CYLINDRICAL_SURFACE('',#3978,3.);
#248=CYLINDRICAL_SURFACE('',#3979,3.);
#249=CYLINDRICAL_SURFACE('',#3991,3.);
#250=CYLINDRICAL_SURFACE('',#3993,3.);
#251=CYLINDRICAL_SURFACE('',#4002,3.);
#252=CYLINDRICAL_SURFACE('',#4003,3.);
#253=CYLINDRICAL_SURFACE('',#4055,1.5);
#254=FACE_OUTER_BOUND('',#1689,.T.);
#255=FACE_OUTER_BOUND('',#1690,.T.);
#256=FACE_OUTER_BOUND('',#1707,.T.);
#257=FACE_OUTER_BOUND('',#1708,.T.);
#258=FACE_OUTER_BOUND('',#1733,.T.);
#259=FACE_OUTER_BOUND('',#1734,.T.);
#260=FACE_OUTER_BOUND('',#1751,.T.);
#261=FACE_OUTER_BOUND('',#1752,.T.);
#262=FACE_OUTER_BOUND('',#1777,.T.);
#263=FACE_OUTER_BOUND('',#1778,.T.);
#264=FACE_OUTER_BOUND('',#1795,.T.);
#265=FACE_OUTER_BOUND('',#1796,.T.);
#266=FACE_OUTER_BOUND('',#1821,.T.);
#267=FACE_OUTER_BOUND('',#1822,.T.);
#268=FACE_OUTER_BOUND('',#1839,.T.);
#269=FACE_OUTER_BOUND('',#1840,.T.);
#270=FACE_OUTER_BOUND('',#1853,.T.);
#271=FACE_OUTER_BOUND('',#1857,.T.);
#272=FACE_OUTER_BOUND('',#1861,.T.);
#273=FACE_OUTER_BOUND('',#1862,.T.);
#274=FACE_OUTER_BOUND('',#1867,.T.);
#275=FACE_OUTER_BOUND('',#1871,.T.);
#276=FACE_OUTER_BOUND('',#1875,.T.);
#277=FACE_OUTER_BOUND('',#1876,.T.);
#278=FACE_OUTER_BOUND('',#1881,.T.);
#279=FACE_OUTER_BOUND('',#1885,.T.);
#280=FACE_OUTER_BOUND('',#1889,.T.);
#281=FACE_OUTER_BOUND('',#1890,.T.);
#282=FACE_OUTER_BOUND('',#1895,.T.);
#283=FACE_OUTER_BOUND('',#1899,.T.);
#284=FACE_OUTER_BOUND('',#1903,.T.);
#285=FACE_OUTER_BOUND('',#1904,.T.);
#286=FACE_OUTER_BOUND('',#1909,.T.);
#287=FACE_OUTER_BOUND('',#1913,.T.);
#288=FACE_OUTER_BOUND('',#1917,.T.);
#289=FACE_OUTER_BOUND('',#1918,.T.);
#290=FACE_OUTER_BOUND('',#1923,.T.);
#291=FACE_OUTER_BOUND('',#1927,.T.);
#292=FACE_OUTER_BOUND('',#1931,.T.);
#293=FACE_OUTER_BOUND('',#1932,.T.);
#294=FACE_OUTER_BOUND('',#1937,.T.);
#295=FACE_OUTER_BOUND('',#1941,.T.);
#296=FACE_OUTER_BOUND('',#1945,.T.);
#297=FACE_OUTER_BOUND('',#1946,.T.);
#298=FACE_OUTER_BOUND('',#1951,.T.);
#299=FACE_OUTER_BOUND('',#1955,.T.);
#300=FACE_OUTER_BOUND('',#1959,.T.);
#301=FACE_OUTER_BOUND('',#1960,.T.);
#302=FACE_OUTER_BOUND('',#1965,.T.);
#303=FACE_OUTER_BOUND('',#1966,.T.);
#304=FACE_OUTER_BOUND('',#1967,.T.);
#305=FACE_OUTER_BOUND('',#1968,.T.);
#306=FACE_OUTER_BOUND('',#1969,.T.);
#307=FACE_OUTER_BOUND('',#1970,.T.);
#308=FACE_OUTER_BOUND('',#1971,.T.);
#309=FACE_OUTER_BOUND('',#1972,.T.);
#310=FACE_OUTER_BOUND('',#1973,.T.);
#311=FACE_OUTER_BOUND('',#1974,.T.);
#312=FACE_OUTER_BOUND('',#1975,.T.);
#313=FACE_OUTER_BOUND('',#1976,.T.);
#314=FACE_OUTER_BOUND('',#1977,.T.);
#315=FACE_OUTER_BOUND('',#1978,.T.);
#316=FACE_OUTER_BOUND('',#1979,.T.);
#317=FACE_OUTER_BOUND('',#1980,.T.);
#318=FACE_OUTER_BOUND('',#1981,.T.);
#319=FACE_OUTER_BOUND('',#1982,.T.);
#320=FACE_OUTER_BOUND('',#1983,.T.);
#321=FACE_OUTER_BOUND('',#1984,.T.);
#322=FACE_OUTER_BOUND('',#1985,.T.);
#323=FACE_OUTER_BOUND('',#1986,.T.);
#324=FACE_OUTER_BOUND('',#1987,.T.);
#325=FACE_OUTER_BOUND('',#1988,.T.);
#326=FACE_OUTER_BOUND('',#1989,.T.);
#327=FACE_OUTER_BOUND('',#1990,.T.);
#328=FACE_OUTER_BOUND('',#1991,.T.);
#329=FACE_OUTER_BOUND('',#1992,.T.);
#330=FACE_OUTER_BOUND('',#1993,.T.);
#331=FACE_OUTER_BOUND('',#1994,.T.);
#332=FACE_OUTER_BOUND('',#1995,.T.);
#333=FACE_OUTER_BOUND('',#1996,.T.);
#334=FACE_OUTER_BOUND('',#1997,.T.);
#335=FACE_OUTER_BOUND('',#1998,.T.);
#336=FACE_OUTER_BOUND('',#1999,.T.);
#337=FACE_OUTER_BOUND('',#2000,.T.);
#338=FACE_OUTER_BOUND('',#2001,.T.);
#339=FACE_OUTER_BOUND('',#2002,.T.);
#340=FACE_OUTER_BOUND('',#2003,.T.);
#341=FACE_OUTER_BOUND('',#2004,.T.);
#342=FACE_OUTER_BOUND('',#2005,.T.);
#343=FACE_OUTER_BOUND('',#2006,.T.);
#344=FACE_OUTER_BOUND('',#2009,.T.);
#345=FACE_OUTER_BOUND('',#2010,.T.);
#346=FACE_OUTER_BOUND('',#2011,.T.);
#347=FACE_OUTER_BOUND('',#2012,.T.);
#348=FACE_OUTER_BOUND('',#2013,.T.);
#349=FACE_OUTER_BOUND('',#2014,.T.);
#350=FACE_OUTER_BOUND('',#2017,.T.);
#351=FACE_OUTER_BOUND('',#2018,.T.);
#352=FACE_OUTER_BOUND('',#2019,.T.);
#353=FACE_OUTER_BOUND('',#2020,.T.);
#354=FACE_OUTER_BOUND('',#2021,.T.);
#355=FACE_OUTER_BOUND('',#2022,.T.);
#356=FACE_OUTER_BOUND('',#2023,.T.);
#357=FACE_OUTER_BOUND('',#2024,.T.);
#358=FACE_OUTER_BOUND('',#2025,.T.);
#359=FACE_OUTER_BOUND('',#2026,.T.);
#360=FACE_OUTER_BOUND('',#2027,.T.);
#361=FACE_OUTER_BOUND('',#2028,.T.);
#362=FACE_OUTER_BOUND('',#2029,.T.);
#363=FACE_OUTER_BOUND('',#2030,.T.);
#364=FACE_OUTER_BOUND('',#2031,.T.);
#365=FACE_OUTER_BOUND('',#2032,.T.);
#366=FACE_OUTER_BOUND('',#2033,.T.);
#367=FACE_OUTER_BOUND('',#2034,.T.);
#368=FACE_OUTER_BOUND('',#2035,.T.);
#369=FACE_OUTER_BOUND('',#2036,.T.);
#370=FACE_OUTER_BOUND('',#2037,.T.);
#371=FACE_OUTER_BOUND('',#2038,.T.);
#372=FACE_OUTER_BOUND('',#2039,.T.);
#373=FACE_OUTER_BOUND('',#2040,.T.);
#374=ADVANCED_FACE('',(#1433,#1434,#1435),#592,.F.);
#375=ADVANCED_FACE('',(#1436,#1437,#1438),#593,.F.);
#376=ADVANCED_FACE('',(#1439,#1440,#1441),#594,.F.);
#377=ADVANCED_FACE('',(#1442,#1443,#1444),#595,.F.);
#378=ADVANCED_FACE('',(#254),#596,.T.);
#379=ADVANCED_FACE('',(#255),#597,.F.);
#380=ADVANCED_FACE('',(#1445,#1446),#205,.F.);
#381=ADVANCED_FACE('',(#1447,#1448),#206,.F.);
#382=ADVANCED_FACE('',(#1449,#1450,#1451),#598,.T.);
#383=ADVANCED_FACE('',(#1452,#1453,#1454),#599,.T.);
#384=ADVANCED_FACE('',(#1455,#1456,#1457),#600,.T.);
#385=ADVANCED_FACE('',(#1458,#1459,#1460),#601,.T.);
#386=ADVANCED_FACE('',(#256),#602,.F.);
#387=ADVANCED_FACE('',(#257),#603,.T.);
#388=ADVANCED_FACE('',(#1461,#1462),#207,.F.);
#389=ADVANCED_FACE('',(#1463,#1464),#208,.F.);
#390=ADVANCED_FACE('',(#1465,#1466),#209,.F.);
#391=ADVANCED_FACE('',(#1467,#1468),#210,.F.);
#392=ADVANCED_FACE('',(#1469,#1470),#211,.F.);
#393=ADVANCED_FACE('',(#1471,#1472),#212,.F.);
#394=ADVANCED_FACE('',(#1473,#1474,#1475),#604,.F.);
#395=ADVANCED_FACE('',(#1476,#1477,#1478),#605,.F.);
#396=ADVANCED_FACE('',(#1479,#1480,#1481),#606,.F.);
#397=ADVANCED_FACE('',(#1482,#1483,#1484),#607,.F.);
#398=ADVANCED_FACE('',(#258),#608,.T.);
#399=ADVANCED_FACE('',(#259),#609,.F.);
#400=ADVANCED_FACE('',(#1485,#1486),#213,.F.);
#401=ADVANCED_FACE('',(#1487,#1488),#214,.F.);
#402=ADVANCED_FACE('',(#1489,#1490,#1491),#610,.T.);
#403=ADVANCED_FACE('',(#1492,#1493,#1494),#611,.T.);
#404=ADVANCED_FACE('',(#1495,#1496,#1497),#612,.T.);
#405=ADVANCED_FACE('',(#1498,#1499,#1500),#613,.T.);
#406=ADVANCED_FACE('',(#260),#614,.F.);
#407=ADVANCED_FACE('',(#261),#615,.T.);
#408=ADVANCED_FACE('',(#1501,#1502),#215,.F.);
#409=ADVANCED_FACE('',(#1503,#1504),#216,.F.);
#410=ADVANCED_FACE('',(#1505,#1506),#217,.F.);
#411=ADVANCED_FACE('',(#1507,#1508),#218,.F.);
#412=ADVANCED_FACE('',(#1509,#1510),#219,.F.);
#413=ADVANCED_FACE('',(#1511,#1512),#220,.F.);
#414=ADVANCED_FACE('',(#1513,#1514,#1515),#616,.F.);
#415=ADVANCED_FACE('',(#1516,#1517,#1518),#617,.F.);
#416=ADVANCED_FACE('',(#1519,#1520,#1521),#618,.F.);
#417=ADVANCED_FACE('',(#1522,#1523,#1524),#619,.F.);
#418=ADVANCED_FACE('',(#262),#620,.T.);
#419=ADVANCED_FACE('',(#263),#621,.F.);
#420=ADVANCED_FACE('',(#1525,#1526),#221,.F.);
#421=ADVANCED_FACE('',(#1527,#1528),#222,.F.);
#422=ADVANCED_FACE('',(#1529,#1530,#1531),#622,.T.);
#423=ADVANCED_FACE('',(#1532,#1533,#1534),#623,.T.);
#424=ADVANCED_FACE('',(#1535,#1536,#1537),#624,.T.);
#425=ADVANCED_FACE('',(#1538,#1539,#1540),#625,.T.);
#426=ADVANCED_FACE('',(#264),#626,.F.);
#427=ADVANCED_FACE('',(#265),#627,.T.);
#428=ADVANCED_FACE('',(#1541,#1542),#223,.F.);
#429=ADVANCED_FACE('',(#1543,#1544),#224,.F.);
#430=ADVANCED_FACE('',(#1545,#1546),#225,.F.);
#431=ADVANCED_FACE('',(#1547,#1548),#226,.F.);
#432=ADVANCED_FACE('',(#1549,#1550),#227,.F.);
#433=ADVANCED_FACE('',(#1551,#1552),#228,.F.);
#434=ADVANCED_FACE('',(#1553,#1554,#1555),#628,.F.);
#435=ADVANCED_FACE('',(#1556,#1557,#1558),#629,.F.);
#436=ADVANCED_FACE('',(#1559,#1560,#1561),#630,.F.);
#437=ADVANCED_FACE('',(#1562,#1563,#1564),#631,.F.);
#438=ADVANCED_FACE('',(#266),#632,.T.);
#439=ADVANCED_FACE('',(#267),#633,.F.);
#440=ADVANCED_FACE('',(#1565,#1566),#229,.F.);
#441=ADVANCED_FACE('',(#1567,#1568),#230,.F.);
#442=ADVANCED_FACE('',(#1569,#1570,#1571),#634,.T.);
#443=ADVANCED_FACE('',(#1572,#1573,#1574),#635,.T.);
#444=ADVANCED_FACE('',(#1575,#1576,#1577),#636,.T.);
#445=ADVANCED_FACE('',(#1578,#1579,#1580),#637,.T.);
#446=ADVANCED_FACE('',(#268),#638,.F.);
#447=ADVANCED_FACE('',(#269),#639,.T.);
#448=ADVANCED_FACE('',(#1581,#1582),#231,.F.);
#449=ADVANCED_FACE('',(#1583,#1584),#232,.F.);
#450=ADVANCED_FACE('',(#1585,#1586),#233,.F.);
#451=ADVANCED_FACE('',(#1587,#1588),#234,.F.);
#452=ADVANCED_FACE('',(#1589,#1590),#235,.F.);
#453=ADVANCED_FACE('',(#1591,#1592),#236,.F.);
#454=ADVANCED_FACE('',(#270),#640,.T.);
#455=ADVANCED_FACE('',(#1593,#1594,#1595),#641,.T.);
#456=ADVANCED_FACE('',(#271),#642,.T.);
#457=ADVANCED_FACE('',(#1596,#1597,#1598),#643,.T.);
#458=ADVANCED_FACE('',(#272),#644,.F.);
#459=ADVANCED_FACE('',(#273),#645,.T.);
#460=ADVANCED_FACE('',(#1599,#1600),#237,.F.);
#461=ADVANCED_FACE('',(#1601,#1602),#238,.F.);
#462=ADVANCED_FACE('',(#274),#646,.F.);
#463=ADVANCED_FACE('',(#1603,#1604,#1605),#647,.F.);
#464=ADVANCED_FACE('',(#275),#648,.F.);
#465=ADVANCED_FACE('',(#1606,#1607,#1608),#649,.F.);
#466=ADVANCED_FACE('',(#276),#650,.T.);
#467=ADVANCED_FACE('',(#277),#651,.F.);
#468=ADVANCED_FACE('',(#1609,#1610),#239,.F.);
#469=ADVANCED_FACE('',(#1611,#1612),#240,.F.);
#470=ADVANCED_FACE('',(#278),#652,.F.);
#471=ADVANCED_FACE('',(#1613,#1614,#1615),#653,.F.);
#472=ADVANCED_FACE('',(#279),#654,.F.);
#473=ADVANCED_FACE('',(#1616,#1617,#1618),#655,.F.);
#474=ADVANCED_FACE('',(#280),#656,.T.);
#475=ADVANCED_FACE('',(#281),#657,.F.);
#476=ADVANCED_FACE('',(#1619,#1620),#241,.F.);
#477=ADVANCED_FACE('',(#1621,#1622),#242,.F.);
#478=ADVANCED_FACE('',(#282),#658,.T.);
#479=ADVANCED_FACE('',(#1623,#1624,#1625),#659,.T.);
#480=ADVANCED_FACE('',(#283),#660,.T.);
#481=ADVANCED_FACE('',(#1626,#1627,#1628),#661,.T.);
#482=ADVANCED_FACE('',(#284),#662,.F.);
#483=ADVANCED_FACE('',(#285),#663,.T.);
#484=ADVANCED_FACE('',(#1629,#1630),#243,.F.);
#485=ADVANCED_FACE('',(#1631,#1632),#244,.F.);
#486=ADVANCED_FACE('',(#286),#664,.T.);
#487=ADVANCED_FACE('',(#1633,#1634,#1635),#665,.T.);
#488=ADVANCED_FACE('',(#287),#666,.T.);
#489=ADVANCED_FACE('',(#1636,#1637,#1638),#667,.T.);
#490=ADVANCED_FACE('',(#288),#668,.F.);
#491=ADVANCED_FACE('',(#289),#669,.T.);
#492=ADVANCED_FACE('',(#1639,#1640),#245,.F.);
#493=ADVANCED_FACE('',(#1641,#1642),#246,.F.);
#494=ADVANCED_FACE('',(#290),#670,.F.);
#495=ADVANCED_FACE('',(#1643,#1644,#1645),#671,.F.);
#496=ADVANCED_FACE('',(#291),#672,.F.);
#497=ADVANCED_FACE('',(#1646,#1647,#1648),#673,.F.);
#498=ADVANCED_FACE('',(#292),#674,.T.);
#499=ADVANCED_FACE('',(#293),#675,.F.);
#500=ADVANCED_FACE('',(#1649,#1650),#247,.F.);
#501=ADVANCED_FACE('',(#1651,#1652),#248,.F.);
#502=ADVANCED_FACE('',(#294),#676,.T.);
#503=ADVANCED_FACE('',(#1653,#1654,#1655),#677,.T.);
#504=ADVANCED_FACE('',(#295),#678,.T.);
#505=ADVANCED_FACE('',(#1656,#1657,#1658),#679,.T.);
#506=ADVANCED_FACE('',(#296),#680,.F.);
#507=ADVANCED_FACE('',(#297),#681,.T.);
#508=ADVANCED_FACE('',(#1659,#1660),#249,.F.);
#509=ADVANCED_FACE('',(#1661,#1662),#250,.F.);
#510=ADVANCED_FACE('',(#298),#682,.F.);
#511=ADVANCED_FACE('',(#1663,#1664,#1665),#683,.F.);
#512=ADVANCED_FACE('',(#299),#684,.F.);
#513=ADVANCED_FACE('',(#1666,#1667,#1668),#685,.F.);
#514=ADVANCED_FACE('',(#300),#686,.T.);
#515=ADVANCED_FACE('',(#301),#687,.F.);
#516=ADVANCED_FACE('',(#1669,#1670),#251,.F.);
#517=ADVANCED_FACE('',(#1671,#1672),#252,.F.);
#518=ADVANCED_FACE('',(#302),#688,.F.);
#519=ADVANCED_FACE('',(#303),#689,.F.);
#520=ADVANCED_FACE('',(#304),#690,.F.);
#521=ADVANCED_FACE('',(#305),#691,.F.);
#522=ADVANCED_FACE('',(#306),#692,.T.);
#523=ADVANCED_FACE('',(#307),#693,.F.);
#524=ADVANCED_FACE('',(#308),#694,.F.);
#525=ADVANCED_FACE('',(#309),#695,.F.);
#526=ADVANCED_FACE('',(#310),#696,.F.);
#527=ADVANCED_FACE('',(#311),#697,.F.);
#528=ADVANCED_FACE('',(#312),#698,.T.);
#529=ADVANCED_FACE('',(#313),#699,.F.);
#530=ADVANCED_FACE('',(#314),#700,.F.);
#531=ADVANCED_FACE('',(#315),#701,.F.);
#532=ADVANCED_FACE('',(#316),#702,.F.);
#533=ADVANCED_FACE('',(#317),#703,.F.);
#534=ADVANCED_FACE('',(#318),#704,.T.);
#535=ADVANCED_FACE('',(#319),#705,.F.);
#536=ADVANCED_FACE('',(#320),#706,.F.);
#537=ADVANCED_FACE('',(#321),#707,.F.);
#538=ADVANCED_FACE('',(#322),#708,.F.);
#539=ADVANCED_FACE('',(#323),#709,.F.);
#540=ADVANCED_FACE('',(#324),#710,.T.);
#541=ADVANCED_FACE('',(#325),#711,.F.);
#542=ADVANCED_FACE('',(#326),#712,.F.);
#543=ADVANCED_FACE('',(#327),#713,.F.);
#544=ADVANCED_FACE('',(#328),#714,.F.);
#545=ADVANCED_FACE('',(#329),#715,.F.);
#546=ADVANCED_FACE('',(#330),#716,.T.);
#547=ADVANCED_FACE('',(#331),#717,.F.);
#548=ADVANCED_FACE('',(#332),#718,.F.);
#549=ADVANCED_FACE('',(#333),#719,.F.);
#550=ADVANCED_FACE('',(#334),#720,.F.);
#551=ADVANCED_FACE('',(#335),#721,.F.);
#552=ADVANCED_FACE('',(#336),#722,.T.);
#553=ADVANCED_FACE('',(#337),#723,.F.);
#554=ADVANCED_FACE('',(#338),#724,.F.);
#555=ADVANCED_FACE('',(#339),#725,.F.);
#556=ADVANCED_FACE('',(#340),#726,.F.);
#557=ADVANCED_FACE('',(#341),#727,.F.);
#558=ADVANCED_FACE('',(#342),#728,.T.);
#559=ADVANCED_FACE('',(#343),#729,.F.);
#560=ADVANCED_FACE('',(#1673,#1674),#730,.F.);
#561=ADVANCED_FACE('',(#344),#731,.F.);
#562=ADVANCED_FACE('',(#345),#732,.F.);
#563=ADVANCED_FACE('',(#346),#733,.F.);
#564=ADVANCED_FACE('',(#347),#734,.T.);
#565=ADVANCED_FACE('',(#348),#735,.F.);
#566=ADVANCED_FACE('',(#349),#736,.F.);
#567=ADVANCED_FACE('',(#1675,#1676),#253,.T.);
#568=ADVANCED_FACE('',(#350),#737,.F.);
#569=ADVANCED_FACE('',(#351),#738,.F.);
#570=ADVANCED_FACE('',(#352),#739,.F.);
#571=ADVANCED_FACE('',(#353),#740,.F.);
#572=ADVANCED_FACE('',(#354),#741,.T.);
#573=ADVANCED_FACE('',(#355),#742,.F.);
#574=ADVANCED_FACE('',(#356),#743,.F.);
#575=ADVANCED_FACE('',(#357),#744,.F.);
#576=ADVANCED_FACE('',(#358),#745,.F.);
#577=ADVANCED_FACE('',(#359),#746,.F.);
#578=ADVANCED_FACE('',(#360),#747,.T.);
#579=ADVANCED_FACE('',(#361),#748,.F.);
#580=ADVANCED_FACE('',(#362),#749,.F.);
#581=ADVANCED_FACE('',(#363),#750,.F.);
#582=ADVANCED_FACE('',(#364),#751,.F.);
#583=ADVANCED_FACE('',(#365),#752,.F.);
#584=ADVANCED_FACE('',(#366),#753,.T.);
#585=ADVANCED_FACE('',(#367),#754,.F.);
#586=ADVANCED_FACE('',(#368),#755,.F.);
#587=ADVANCED_FACE('',(#369),#756,.F.);
#588=ADVANCED_FACE('',(#370),#757,.F.);
#589=ADVANCED_FACE('',(#371),#758,.F.);
#590=ADVANCED_FACE('',(#372),#759,.T.);
#591=ADVANCED_FACE('',(#373),#760,.F.);
#592=PLANE('',#3766);
#593=PLANE('',#3769);
#594=PLANE('',#3772);
#595=PLANE('',#3775);
#596=PLANE('',#3776);
#597=PLANE('',#3777);
#598=PLANE('',#3783);
#599=PLANE('',#3786);
#600=PLANE('',#3788);
#601=PLANE('',#3791);
#602=PLANE('',#3792);
#603=PLANE('',#3793);
#604=PLANE('',#3802);
#605=PLANE('',#3805);
#606=PLANE('',#3808);
#607=PLANE('',#3811);
#608=PLANE('',#3812);
#609=PLANE('',#3813);
#610=PLANE('',#3820);
#611=PLANE('',#3822);
#612=PLANE('',#3825);
#613=PLANE('',#3827);
#614=PLANE('',#3828);
#615=PLANE('',#3829);
#616=PLANE('',#3838);
#617=PLANE('',#3841);
#618=PLANE('',#3844);
#619=PLANE('',#3847);
#620=PLANE('',#3848);
#621=PLANE('',#3849);
#622=PLANE('',#3855);
#623=PLANE('',#3858);
#624=PLANE('',#3860);
#625=PLANE('',#3863);
#626=PLANE('',#3864);
#627=PLANE('',#3865);
#628=PLANE('',#3874);
#629=PLANE('',#3877);
#630=PLANE('',#3880);
#631=PLANE('',#3883);
#632=PLANE('',#3884);
#633=PLANE('',#3885);
#634=PLANE('',#3891);
#635=PLANE('',#3894);
#636=PLANE('',#3896);
#637=PLANE('',#3899);
#638=PLANE('',#3900);
#639=PLANE('',#3901);
#640=PLANE('',#3908);
#641=PLANE('',#3911);
#642=PLANE('',#3912);
#643=PLANE('',#3915);
#644=PLANE('',#3916);
#645=PLANE('',#3917);
#646=PLANE('',#3922);
#647=PLANE('',#3924);
#648=PLANE('',#3925);
#649=PLANE('',#3927);
#650=PLANE('',#3928);
#651=PLANE('',#3929);
#652=PLANE('',#3932);
#653=PLANE('',#3935);
#654=PLANE('',#3936);
#655=PLANE('',#3939);
#656=PLANE('',#3940);
#657=PLANE('',#3941);
#658=PLANE('',#3946);
#659=PLANE('',#3948);
#660=PLANE('',#3949);
#661=PLANE('',#3951);
#662=PLANE('',#3952);
#663=PLANE('',#3953);
#664=PLANE('',#3956);
#665=PLANE('',#3959);
#666=PLANE('',#3960);
#667=PLANE('',#3963);
#668=PLANE('',#3964);
#669=PLANE('',#3965);
#670=PLANE('',#3970);
#671=PLANE('',#3972);
#672=PLANE('',#3973);
#673=PLANE('',#3975);
#674=PLANE('',#3976);
#675=PLANE('',#3977);
#676=PLANE('',#3980);
#677=PLANE('',#3983);
#678=PLANE('',#3984);
#679=PLANE('',#3987);
#680=PLANE('',#3988);
#681=PLANE('',#3989);
#682=PLANE('',#3994);
#683=PLANE('',#3996);
#684=PLANE('',#3997);
#685=PLANE('',#3999);
#686=PLANE('',#4000);
#687=PLANE('',#4001);
#688=PLANE('',#4004);
#689=PLANE('',#4005);
#690=PLANE('',#4006);
#691=PLANE('',#4007);
#692=PLANE('',#4008);
#693=PLANE('',#4009);
#694=PLANE('',#4010);
#695=PLANE('',#4011);
#696=PLANE('',#4012);
#697=PLANE('',#4013);
#698=PLANE('',#4014);
#699=PLANE('',#4015);
#700=PLANE('',#4016);
#701=PLANE('',#4017);
#702=PLANE('',#4018);
#703=PLANE('',#4019);
#704=PLANE('',#4020);
#705=PLANE('',#4021);
#706=PLANE('',#4022);
#707=PLANE('',#4023);
#708=PLANE('',#4024);
#709=PLANE('',#4025);
#710=PLANE('',#4026);
#711=PLANE('',#4027);
#712=PLANE('',#4028);
#713=PLANE('',#4029);
#714=PLANE('',#4030);
#715=PLANE('',#4031);
#716=PLANE('',#4032);
#717=PLANE('',#4033);
#718=PLANE('',#4034);
#719=PLANE('',#4035);
#720=PLANE('',#4036);
#721=PLANE('',#4037);
#722=PLANE('',#4038);
#723=PLANE('',#4039);
#724=PLANE('',#4040);
#725=PLANE('',#4041);
#726=PLANE('',#4042);
#727=PLANE('',#4043);
#728=PLANE('',#4044);
#729=PLANE('',#4045);
#730=PLANE('',#4047);
#731=PLANE('',#4048);
#732=PLANE('',#4049);
#733=PLANE('',#4050);
#734=PLANE('',#4051);
#735=PLANE('',#4052);
#736=PLANE('',#4054);
#737=PLANE('',#4056);
#738=PLANE('',#4057);
#739=PLANE('',#4058);
#740=PLANE('',#4059);
#741=PLANE('',#4060);
#742=PLANE('',#4061);
#743=PLANE('',#4062);
#744=PLANE('',#4063);
#745=PLANE('',#4064);
#746=PLANE('',#4065);
#747=PLANE('',#4066);
#748=PLANE('',#4067);
#749=PLANE('',#4068);
#750=PLANE('',#4069);
#751=PLANE('',#4070);
#752=PLANE('',#4071);
#753=PLANE('',#4072);
#754=PLANE('',#4073);
#755=PLANE('',#4074);
#756=PLANE('',#4075);
#757=PLANE('',#4076);
#758=PLANE('',#4077);
#759=PLANE('',#4078);
#760=PLANE('',#4079);
#761=LINE('',#5055,#1097);
#762=LINE('',#5058,#1098);
#763=LINE('',#5060,#1099);
#764=LINE('',#5062,#1100);
#765=LINE('',#5068,#1101);
#766=LINE('',#5070,#1102);
#767=LINE('',#5072,#1103);
#768=LINE('',#5078,#1104);
#769=LINE('',#5080,#1105);
#770=LINE('',#5082,#1106);
#771=LINE('',#5088,#1107);
#772=LINE('',#5089,#1108);
#773=LINE('',#5101,#1109);
#774=LINE('',#5104,#1110);
#775=LINE('',#5106,#1111);
#776=LINE('',#5108,#1112);
#777=LINE('',#5114,#1113);
#778=LINE('',#5116,#1114);
#779=LINE('',#5118,#1115);
#780=LINE('',#5122,#1116);
#781=LINE('',#5124,#1117);
#782=LINE('',#5126,#1118);
#783=LINE('',#5132,#1119);
#784=LINE('',#5133,#1120);
#785=LINE('',#5147,#1121);
#786=LINE('',#5150,#1122);
#787=LINE('',#5152,#1123);
#788=LINE('',#5154,#1124);
#789=LINE('',#5160,#1125);
#790=LINE('',#5162,#1126);
#791=LINE('',#5164,#1127);
#792=LINE('',#5170,#1128);
#793=LINE('',#5172,#1129);
#794=LINE('',#5174,#1130);
#795=LINE('',#5180,#1131);
#796=LINE('',#5181,#1132);
#797=LINE('',#5195,#1133);
#798=LINE('',#5198,#1134);
#799=LINE('',#5200,#1135);
#800=LINE('',#5202,#1136);
#801=LINE('',#5206,#1137);
#802=LINE('',#5208,#1138);
#803=LINE('',#5210,#1139);
#804=LINE('',#5216,#1140);
#805=LINE('',#5218,#1141);
#806=LINE('',#5220,#1142);
#807=LINE('',#5224,#1143);
#808=LINE('',#5225,#1144);
#809=LINE('',#5239,#1145);
#810=LINE('',#5242,#1146);
#811=LINE('',#5244,#1147);
#812=LINE('',#5246,#1148);
#813=LINE('',#5252,#1149);
#814=LINE('',#5254,#1150);
#815=LINE('',#5256,#1151);
#816=LINE('',#5262,#1152);
#817=LINE('',#5264,#1153);
#818=LINE('',#5266,#1154);
#819=LINE('',#5272,#1155);
#820=LINE('',#5273,#1156);
#821=LINE('',#5285,#1157);
#822=LINE('',#5288,#1158);
#823=LINE('',#5290,#1159);
#824=LINE('',#5292,#1160);
#825=LINE('',#5298,#1161);
#826=LINE('',#5300,#1162);
#827=LINE('',#5302,#1163);
#828=LINE('',#5306,#1164);
#829=LINE('',#5308,#1165);
#830=LINE('',#5310,#1166);
#831=LINE('',#5316,#1167);
#832=LINE('',#5317,#1168);
#833=LINE('',#5331,#1169);
#834=LINE('',#5334,#1170);
#835=LINE('',#5336,#1171);
#836=LINE('',#5338,#1172);
#837=LINE('',#5344,#1173);
#838=LINE('',#5346,#1174);
#839=LINE('',#5348,#1175);
#840=LINE('',#5354,#1176);
#841=LINE('',#5356,#1177);
#842=LINE('',#5358,#1178);
#843=LINE('',#5364,#1179);
#844=LINE('',#5365,#1180);
#845=LINE('',#5377,#1181);
#846=LINE('',#5380,#1182);
#847=LINE('',#5382,#1183);
#848=LINE('',#5384,#1184);
#849=LINE('',#5390,#1185);
#850=LINE('',#5392,#1186);
#851=LINE('',#5394,#1187);
#852=LINE('',#5398,#1188);
#853=LINE('',#5400,#1189);
#854=LINE('',#5402,#1190);
#855=LINE('',#5408,#1191);
#856=LINE('',#5409,#1192);
#857=LINE('',#5419,#1193);
#858=LINE('',#5422,#1194);
#859=LINE('',#5424,#1195);
#860=LINE('',#5426,#1196);
#861=LINE('',#5432,#1197);
#862=LINE('',#5434,#1198);
#863=LINE('',#5436,#1199);
#864=LINE('',#5438,#1200);
#865=LINE('',#5440,#1201);
#866=LINE('',#5442,#1202);
#867=LINE('',#5448,#1203);
#868=LINE('',#5449,#1204);
#869=LINE('',#5459,#1205);
#870=LINE('',#5462,#1206);
#871=LINE('',#5464,#1207);
#872=LINE('',#5466,#1208);
#873=LINE('',#5470,#1209);
#874=LINE('',#5472,#1210);
#875=LINE('',#5474,#1211);
#876=LINE('',#5476,#1212);
#877=LINE('',#5478,#1213);
#878=LINE('',#5480,#1214);
#879=LINE('',#5484,#1215);
#880=LINE('',#5485,#1216);
#881=LINE('',#5491,#1217);
#882=LINE('',#5494,#1218);
#883=LINE('',#5496,#1219);
#884=LINE('',#5498,#1220);
#885=LINE('',#5504,#1221);
#886=LINE('',#5506,#1222);
#887=LINE('',#5508,#1223);
#888=LINE('',#5510,#1224);
#889=LINE('',#5512,#1225);
#890=LINE('',#5514,#1226);
#891=LINE('',#5520,#1227);
#892=LINE('',#5521,#1228);
#893=LINE('',#5531,#1229);
#894=LINE('',#5534,#1230);
#895=LINE('',#5536,#1231);
#896=LINE('',#5538,#1232);
#897=LINE('',#5542,#1233);
#898=LINE('',#5544,#1234);
#899=LINE('',#5546,#1235);
#900=LINE('',#5548,#1236);
#901=LINE('',#5550,#1237);
#902=LINE('',#5552,#1238);
#903=LINE('',#5556,#1239);
#904=LINE('',#5557,#1240);
#905=LINE('',#5563,#1241);
#906=LINE('',#5566,#1242);
#907=LINE('',#5568,#1243);
#908=LINE('',#5570,#1244);
#909=LINE('',#5576,#1245);
#910=LINE('',#5578,#1246);
#911=LINE('',#5580,#1247);
#912=LINE('',#5582,#1248);
#913=LINE('',#5584,#1249);
#914=LINE('',#5586,#1250);
#915=LINE('',#5592,#1251);
#916=LINE('',#5593,#1252);
#917=LINE('',#5603,#1253);
#918=LINE('',#5606,#1254);
#919=LINE('',#5608,#1255);
#920=LINE('',#5610,#1256);
#921=LINE('',#5614,#1257);
#922=LINE('',#5616,#1258);
#923=LINE('',#5618,#1259);
#924=LINE('',#5620,#1260);
#925=LINE('',#5622,#1261);
#926=LINE('',#5624,#1262);
#927=LINE('',#5628,#1263);
#928=LINE('',#5629,#1264);
#929=LINE('',#5635,#1265);
#930=LINE('',#5638,#1266);
#931=LINE('',#5640,#1267);
#932=LINE('',#5642,#1268);
#933=LINE('',#5648,#1269);
#934=LINE('',#5650,#1270);
#935=LINE('',#5652,#1271);
#936=LINE('',#5654,#1272);
#937=LINE('',#5656,#1273);
#938=LINE('',#5658,#1274);
#939=LINE('',#5664,#1275);
#940=LINE('',#5665,#1276);
#941=LINE('',#5675,#1277);
#942=LINE('',#5678,#1278);
#943=LINE('',#5680,#1279);
#944=LINE('',#5682,#1280);
#945=LINE('',#5686,#1281);
#946=LINE('',#5688,#1282);
#947=LINE('',#5690,#1283);
#948=LINE('',#5692,#1284);
#949=LINE('',#5694,#1285);
#950=LINE('',#5696,#1286);
#951=LINE('',#5700,#1287);
#952=LINE('',#5701,#1288);
#953=LINE('',#5707,#1289);
#954=LINE('',#5710,#1290);
#955=LINE('',#5712,#1291);
#956=LINE('',#5714,#1292);
#957=LINE('',#5716,#1293);
#958=LINE('',#5718,#1294);
#959=LINE('',#5720,#1295);
#960=LINE('',#5722,#1296);
#961=LINE('',#5724,#1297);
#962=LINE('',#5726,#1298);
#963=LINE('',#5728,#1299);
#964=LINE('',#5729,#1300);
#965=LINE('',#5733,#1301);
#966=LINE('',#5736,#1302);
#967=LINE('',#5738,#1303);
#968=LINE('',#5740,#1304);
#969=LINE('',#5742,#1305);
#970=LINE('',#5744,#1306);
#971=LINE('',#5746,#1307);
#972=LINE('',#5748,#1308);
#973=LINE('',#5750,#1309);
#974=LINE('',#5752,#1310);
#975=LINE('',#5754,#1311);
#976=LINE('',#5755,#1312);
#977=LINE('',#5759,#1313);
#978=LINE('',#5762,#1314);
#979=LINE('',#5764,#1315);
#980=LINE('',#5766,#1316);
#981=LINE('',#5768,#1317);
#982=LINE('',#5770,#1318);
#983=LINE('',#5772,#1319);
#984=LINE('',#5774,#1320);
#985=LINE('',#5776,#1321);
#986=LINE('',#5778,#1322);
#987=LINE('',#5780,#1323);
#988=LINE('',#5781,#1324);
#989=LINE('',#5785,#1325);
#990=LINE('',#5788,#1326);
#991=LINE('',#5790,#1327);
#992=LINE('',#5792,#1328);
#993=LINE('',#5794,#1329);
#994=LINE('',#5796,#1330);
#995=LINE('',#5798,#1331);
#996=LINE('',#5800,#1332);
#997=LINE('',#5802,#1333);
#998=LINE('',#5804,#1334);
#999=LINE('',#5806,#1335);
#1000=LINE('',#5807,#1336);
#1001=LINE('',#5811,#1337);
#1002=LINE('',#5814,#1338);
#1003=LINE('',#5816,#1339);
#1004=LINE('',#5818,#1340);
#1005=LINE('',#5820,#1341);
#1006=LINE('',#5822,#1342);
#1007=LINE('',#5824,#1343);
#1008=LINE('',#5826,#1344);
#1009=LINE('',#5828,#1345);
#1010=LINE('',#5830,#1346);
#1011=LINE('',#5832,#1347);
#1012=LINE('',#5833,#1348);
#1013=LINE('',#5837,#1349);
#1014=LINE('',#5840,#1350);
#1015=LINE('',#5842,#1351);
#1016=LINE('',#5844,#1352);
#1017=LINE('',#5846,#1353);
#1018=LINE('',#5848,#1354);
#1019=LINE('',#5850,#1355);
#1020=LINE('',#5852,#1356);
#1021=LINE('',#5854,#1357);
#1022=LINE('',#5856,#1358);
#1023=LINE('',#5858,#1359);
#1024=LINE('',#5859,#1360);
#1025=LINE('',#5863,#1361);
#1026=LINE('',#5866,#1362);
#1027=LINE('',#5868,#1363);
#1028=LINE('',#5870,#1364);
#1029=LINE('',#5872,#1365);
#1030=LINE('',#5874,#1366);
#1031=LINE('',#5876,#1367);
#1032=LINE('',#5878,#1368);
#1033=LINE('',#5880,#1369);
#1034=LINE('',#5882,#1370);
#1035=LINE('',#5884,#1371);
#1036=LINE('',#5885,#1372);
#1037=LINE('',#5891,#1373);
#1038=LINE('',#5894,#1374);
#1039=LINE('',#5896,#1375);
#1040=LINE('',#5898,#1376);
#1041=LINE('',#5900,#1377);
#1042=LINE('',#5902,#1378);
#1043=LINE('',#5904,#1379);
#1044=LINE('',#5906,#1380);
#1045=LINE('',#5908,#1381);
#1046=LINE('',#5910,#1382);
#1047=LINE('',#5912,#1383);
#1048=LINE('',#5913,#1384);
#1049=LINE('',#5921,#1385);
#1050=LINE('',#5924,#1386);
#1051=LINE('',#5926,#1387);
#1052=LINE('',#5928,#1388);
#1053=LINE('',#5930,#1389);
#1054=LINE('',#5932,#1390);
#1055=LINE('',#5934,#1391);
#1056=LINE('',#5936,#1392);
#1057=LINE('',#5938,#1393);
#1058=LINE('',#5940,#1394);
#1059=LINE('',#5942,#1395);
#1060=LINE('',#5943,#1396);
#1061=LINE('',#5947,#1397);
#1062=LINE('',#5950,#1398);
#1063=LINE('',#5952,#1399);
#1064=LINE('',#5954,#1400);
#1065=LINE('',#5956,#1401);
#1066=LINE('',#5958,#1402);
#1067=LINE('',#5960,#1403);
#1068=LINE('',#5962,#1404);
#1069=LINE('',#5964,#1405);
#1070=LINE('',#5966,#1406);
#1071=LINE('',#5968,#1407);
#1072=LINE('',#5969,#1408);
#1073=LINE('',#5973,#1409);
#1074=LINE('',#5976,#1410);
#1075=LINE('',#5978,#1411);
#1076=LINE('',#5980,#1412);
#1077=LINE('',#5982,#1413);
#1078=LINE('',#5984,#1414);
#1079=LINE('',#5986,#1415);
#1080=LINE('',#5988,#1416);
#1081=LINE('',#5990,#1417);
#1082=LINE('',#5992,#1418);
#1083=LINE('',#5994,#1419);
#1084=LINE('',#5995,#1420);
#1085=LINE('',#5999,#1421);
#1086=LINE('',#6002,#1422);
#1087=LINE('',#6004,#1423);
#1088=LINE('',#6006,#1424);
#1089=LINE('',#6008,#1425);
#1090=LINE('',#6010,#1426);
#1091=LINE('',#6012,#1427);
#1092=LINE('',#6014,#1428);
#1093=LINE('',#6016,#1429);
#1094=LINE('',#6018,#1430);
#1095=LINE('',#6020,#1431);
#1096=LINE('',#6021,#1432);
#1097=VECTOR('',#4086,1.);
#1098=VECTOR('',#4087,1.);
#1099=VECTOR('',#4088,1.);
#1100=VECTOR('',#4089,1.);
#1101=VECTOR('',#4096,1.);
#1102=VECTOR('',#4097,1.);
#1103=VECTOR('',#4098,1.);
#1104=VECTOR('',#4105,1.);
#1105=VECTOR('',#4106,1.);
#1106=VECTOR('',#4107,1.);
#1107=VECTOR('',#4114,1.);
#1108=VECTOR('',#4115,1.);
#1109=VECTOR('',#4132,1.);
#1110=VECTOR('',#4133,1.);
#1111=VECTOR('',#4134,1.);
#1112=VECTOR('',#4135,1.);
#1113=VECTOR('',#4142,1.);
#1114=VECTOR('',#4143,1.);
#1115=VECTOR('',#4144,1.);
#1116=VECTOR('',#4149,1.);
#1117=VECTOR('',#4150,1.);
#1118=VECTOR('',#4151,1.);
#1119=VECTOR('',#4158,1.);
#1120=VECTOR('',#4159,1.);
#1121=VECTOR('',#4182,1.);
#1122=VECTOR('',#4183,1.);
#1123=VECTOR('',#4184,1.);
#1124=VECTOR('',#4185,1.);
#1125=VECTOR('',#4192,1.);
#1126=VECTOR('',#4193,1.);
#1127=VECTOR('',#4194,1.);
#1128=VECTOR('',#4201,1.);
#1129=VECTOR('',#4202,1.);
#1130=VECTOR('',#4203,1.);
#1131=VECTOR('',#4210,1.);
#1132=VECTOR('',#4211,1.);
#1133=VECTOR('',#4230,1.);
#1134=VECTOR('',#4231,1.);
#1135=VECTOR('',#4232,1.);
#1136=VECTOR('',#4233,1.);
#1137=VECTOR('',#4238,1.);
#1138=VECTOR('',#4239,1.);
#1139=VECTOR('',#4240,1.);
#1140=VECTOR('',#4247,1.);
#1141=VECTOR('',#4248,1.);
#1142=VECTOR('',#4249,1.);
#1143=VECTOR('',#4254,1.);
#1144=VECTOR('',#4255,1.);
#1145=VECTOR('',#4278,1.);
#1146=VECTOR('',#4279,1.);
#1147=VECTOR('',#4280,1.);
#1148=VECTOR('',#4281,1.);
#1149=VECTOR('',#4288,1.);
#1150=VECTOR('',#4289,1.);
#1151=VECTOR('',#4290,1.);
#1152=VECTOR('',#4297,1.);
#1153=VECTOR('',#4298,1.);
#1154=VECTOR('',#4299,1.);
#1155=VECTOR('',#4306,1.);
#1156=VECTOR('',#4307,1.);
#1157=VECTOR('',#4324,1.);
#1158=VECTOR('',#4325,1.);
#1159=VECTOR('',#4326,1.);
#1160=VECTOR('',#4327,1.);
#1161=VECTOR('',#4334,1.);
#1162=VECTOR('',#4335,1.);
#1163=VECTOR('',#4336,1.);
#1164=VECTOR('',#4341,1.);
#1165=VECTOR('',#4342,1.);
#1166=VECTOR('',#4343,1.);
#1167=VECTOR('',#4350,1.);
#1168=VECTOR('',#4351,1.);
#1169=VECTOR('',#4374,1.);
#1170=VECTOR('',#4375,1.);
#1171=VECTOR('',#4376,1.);
#1172=VECTOR('',#4377,1.);
#1173=VECTOR('',#4384,1.);
#1174=VECTOR('',#4385,1.);
#1175=VECTOR('',#4386,1.);
#1176=VECTOR('',#4393,1.);
#1177=VECTOR('',#4394,1.);
#1178=VECTOR('',#4395,1.);
#1179=VECTOR('',#4402,1.);
#1180=VECTOR('',#4403,1.);
#1181=VECTOR('',#4420,1.);
#1182=VECTOR('',#4421,1.);
#1183=VECTOR('',#4422,1.);
#1184=VECTOR('',#4423,1.);
#1185=VECTOR('',#4430,1.);
#1186=VECTOR('',#4431,1.);
#1187=VECTOR('',#4432,1.);
#1188=VECTOR('',#4437,1.);
#1189=VECTOR('',#4438,1.);
#1190=VECTOR('',#4439,1.);
#1191=VECTOR('',#4446,1.);
#1192=VECTOR('',#4447,1.);
#1193=VECTOR('',#4466,1.);
#1194=VECTOR('',#4467,1.);
#1195=VECTOR('',#4468,1.);
#1196=VECTOR('',#4469,1.);
#1197=VECTOR('',#4476,1.);
#1198=VECTOR('',#4477,1.);
#1199=VECTOR('',#4478,1.);
#1200=VECTOR('',#4481,1.);
#1201=VECTOR('',#4482,1.);
#1202=VECTOR('',#4483,1.);
#1203=VECTOR('',#4490,1.);
#1204=VECTOR('',#4491,1.);
#1205=VECTOR('',#4506,1.);
#1206=VECTOR('',#4507,1.);
#1207=VECTOR('',#4508,1.);
#1208=VECTOR('',#4509,1.);
#1209=VECTOR('',#4514,1.);
#1210=VECTOR('',#4515,1.);
#1211=VECTOR('',#4516,1.);
#1212=VECTOR('',#4519,1.);
#1213=VECTOR('',#4520,1.);
#1214=VECTOR('',#4521,1.);
#1215=VECTOR('',#4526,1.);
#1216=VECTOR('',#4527,1.);
#1217=VECTOR('',#4538,1.);
#1218=VECTOR('',#4539,1.);
#1219=VECTOR('',#4540,1.);
#1220=VECTOR('',#4541,1.);
#1221=VECTOR('',#4548,1.);
#1222=VECTOR('',#4549,1.);
#1223=VECTOR('',#4550,1.);
#1224=VECTOR('',#4553,1.);
#1225=VECTOR('',#4554,1.);
#1226=VECTOR('',#4555,1.);
#1227=VECTOR('',#4562,1.);
#1228=VECTOR('',#4563,1.);
#1229=VECTOR('',#4578,1.);
#1230=VECTOR('',#4579,1.);
#1231=VECTOR('',#4580,1.);
#1232=VECTOR('',#4581,1.);
#1233=VECTOR('',#4586,1.);
#1234=VECTOR('',#4587,1.);
#1235=VECTOR('',#4588,1.);
#1236=VECTOR('',#4591,1.);
#1237=VECTOR('',#4592,1.);
#1238=VECTOR('',#4593,1.);
#1239=VECTOR('',#4598,1.);
#1240=VECTOR('',#4599,1.);
#1241=VECTOR('',#4610,1.);
#1242=VECTOR('',#4611,1.);
#1243=VECTOR('',#4612,1.);
#1244=VECTOR('',#4613,1.);
#1245=VECTOR('',#4620,1.);
#1246=VECTOR('',#4621,1.);
#1247=VECTOR('',#4622,1.);
#1248=VECTOR('',#4625,1.);
#1249=VECTOR('',#4626,1.);
#1250=VECTOR('',#4627,1.);
#1251=VECTOR('',#4634,1.);
#1252=VECTOR('',#4635,1.);
#1253=VECTOR('',#4650,1.);
#1254=VECTOR('',#4651,1.);
#1255=VECTOR('',#4652,1.);
#1256=VECTOR('',#4653,1.);
#1257=VECTOR('',#4658,1.);
#1258=VECTOR('',#4659,1.);
#1259=VECTOR('',#4660,1.);
#1260=VECTOR('',#4663,1.);
#1261=VECTOR('',#4664,1.);
#1262=VECTOR('',#4665,1.);
#1263=VECTOR('',#4670,1.);
#1264=VECTOR('',#4671,1.);
#1265=VECTOR('',#4682,1.);
#1266=VECTOR('',#4683,1.);
#1267=VECTOR('',#4684,1.);
#1268=VECTOR('',#4685,1.);
#1269=VECTOR('',#4692,1.);
#1270=VECTOR('',#4693,1.);
#1271=VECTOR('',#4694,1.);
#1272=VECTOR('',#4697,1.);
#1273=VECTOR('',#4698,1.);
#1274=VECTOR('',#4699,1.);
#1275=VECTOR('',#4706,1.);
#1276=VECTOR('',#4707,1.);
#1277=VECTOR('',#4722,1.);
#1278=VECTOR('',#4723,1.);
#1279=VECTOR('',#4724,1.);
#1280=VECTOR('',#4725,1.);
#1281=VECTOR('',#4730,1.);
#1282=VECTOR('',#4731,1.);
#1283=VECTOR('',#4732,1.);
#1284=VECTOR('',#4735,1.);
#1285=VECTOR('',#4736,1.);
#1286=VECTOR('',#4737,1.);
#1287=VECTOR('',#4742,1.);
#1288=VECTOR('',#4743,1.);
#1289=VECTOR('',#4754,1.);
#1290=VECTOR('',#4755,1.);
#1291=VECTOR('',#4756,1.);
#1292=VECTOR('',#4757,1.);
#1293=VECTOR('',#4760,1.);
#1294=VECTOR('',#4761,1.);
#1295=VECTOR('',#4762,1.);
#1296=VECTOR('',#4765,1.);
#1297=VECTOR('',#4766,1.);
#1298=VECTOR('',#4767,1.);
#1299=VECTOR('',#4770,1.);
#1300=VECTOR('',#4771,1.);
#1301=VECTOR('',#4778,1.);
#1302=VECTOR('',#4779,1.);
#1303=VECTOR('',#4780,1.);
#1304=VECTOR('',#4781,1.);
#1305=VECTOR('',#4784,1.);
#1306=VECTOR('',#4785,1.);
#1307=VECTOR('',#4786,1.);
#1308=VECTOR('',#4789,1.);
#1309=VECTOR('',#4790,1.);
#1310=VECTOR('',#4791,1.);
#1311=VECTOR('',#4794,1.);
#1312=VECTOR('',#4795,1.);
#1313=VECTOR('',#4802,1.);
#1314=VECTOR('',#4803,1.);
#1315=VECTOR('',#4804,1.);
#1316=VECTOR('',#4805,1.);
#1317=VECTOR('',#4808,1.);
#1318=VECTOR('',#4809,1.);
#1319=VECTOR('',#4810,1.);
#1320=VECTOR('',#4813,1.);
#1321=VECTOR('',#4814,1.);
#1322=VECTOR('',#4815,1.);
#1323=VECTOR('',#4818,1.);
#1324=VECTOR('',#4819,1.);
#1325=VECTOR('',#4826,1.);
#1326=VECTOR('',#4827,1.);
#1327=VECTOR('',#4828,1.);
#1328=VECTOR('',#4829,1.);
#1329=VECTOR('',#4832,1.);
#1330=VECTOR('',#4833,1.);
#1331=VECTOR('',#4834,1.);
#1332=VECTOR('',#4837,1.);
#1333=VECTOR('',#4838,1.);
#1334=VECTOR('',#4839,1.);
#1335=VECTOR('',#4842,1.);
#1336=VECTOR('',#4843,1.);
#1337=VECTOR('',#4850,1.);
#1338=VECTOR('',#4851,1.);
#1339=VECTOR('',#4852,1.);
#1340=VECTOR('',#4853,1.);
#1341=VECTOR('',#4856,1.);
#1342=VECTOR('',#4857,1.);
#1343=VECTOR('',#4858,1.);
#1344=VECTOR('',#4861,1.);
#1345=VECTOR('',#4862,1.);
#1346=VECTOR('',#4863,1.);
#1347=VECTOR('',#4866,1.);
#1348=VECTOR('',#4867,1.);
#1349=VECTOR('',#4874,1.);
#1350=VECTOR('',#4875,1.);
#1351=VECTOR('',#4876,1.);
#1352=VECTOR('',#4877,1.);
#1353=VECTOR('',#4880,1.);
#1354=VECTOR('',#4881,1.);
#1355=VECTOR('',#4882,1.);
#1356=VECTOR('',#4885,1.);
#1357=VECTOR('',#4886,1.);
#1358=VECTOR('',#4887,1.);
#1359=VECTOR('',#4890,1.);
#1360=VECTOR('',#4891,1.);
#1361=VECTOR('',#4898,1.);
#1362=VECTOR('',#4899,1.);
#1363=VECTOR('',#4900,1.);
#1364=VECTOR('',#4901,1.);
#1365=VECTOR('',#4904,1.);
#1366=VECTOR('',#4905,1.);
#1367=VECTOR('',#4906,1.);
#1368=VECTOR('',#4909,1.);
#1369=VECTOR('',#4910,1.);
#1370=VECTOR('',#4911,1.);
#1371=VECTOR('',#4914,1.);
#1372=VECTOR('',#4915,1.);
#1373=VECTOR('',#4924,1.);
#1374=VECTOR('',#4925,1.);
#1375=VECTOR('',#4926,1.);
#1376=VECTOR('',#4927,1.);
#1377=VECTOR('',#4930,1.);
#1378=VECTOR('',#4931,1.);
#1379=VECTOR('',#4932,1.);
#1380=VECTOR('',#4935,1.);
#1381=VECTOR('',#4936,1.);
#1382=VECTOR('',#4937,1.);
#1383=VECTOR('',#4940,1.);
#1384=VECTOR('',#4941,1.);
#1385=VECTOR('',#4954,1.);
#1386=VECTOR('',#4955,1.);
#1387=VECTOR('',#4956,1.);
#1388=VECTOR('',#4957,1.);
#1389=VECTOR('',#4960,1.);
#1390=VECTOR('',#4961,1.);
#1391=VECTOR('',#4962,1.);
#1392=VECTOR('',#4965,1.);
#1393=VECTOR('',#4966,1.);
#1394=VECTOR('',#4967,1.);
#1395=VECTOR('',#4970,1.);
#1396=VECTOR('',#4971,1.);
#1397=VECTOR('',#4978,1.);
#1398=VECTOR('',#4979,1.);
#1399=VECTOR('',#4980,1.);
#1400=VECTOR('',#4981,1.);
#1401=VECTOR('',#4984,1.);
#1402=VECTOR('',#4985,1.);
#1403=VECTOR('',#4986,1.);
#1404=VECTOR('',#4989,1.);
#1405=VECTOR('',#4990,1.);
#1406=VECTOR('',#4991,1.);
#1407=VECTOR('',#4994,1.);
#1408=VECTOR('',#4995,1.);
#1409=VECTOR('',#5002,1.);
#1410=VECTOR('',#5003,1.);
#1411=VECTOR('',#5004,1.);
#1412=VECTOR('',#5005,1.);
#1413=VECTOR('',#5008,1.);
#1414=VECTOR('',#5009,1.);
#1415=VECTOR('',#5010,1.);
#1416=VECTOR('',#5013,1.);
#1417=VECTOR('',#5014,1.);
#1418=VECTOR('',#5015,1.);
#1419=VECTOR('',#5018,1.);
#1420=VECTOR('',#5019,1.);
#1421=VECTOR('',#5026,1.);
#1422=VECTOR('',#5027,1.);
#1423=VECTOR('',#5028,1.);
#1424=VECTOR('',#5029,1.);
#1425=VECTOR('',#5032,1.);
#1426=VECTOR('',#5033,1.);
#1427=VECTOR('',#5034,1.);
#1428=VECTOR('',#5037,1.);
#1429=VECTOR('',#5038,1.);
#1430=VECTOR('',#5039,1.);
#1431=VECTOR('',#5042,1.);
#1432=VECTOR('',#5043,1.);
#1433=FACE_BOUND('',#1677,.T.);
#1434=FACE_BOUND('',#1678,.T.);
#1435=FACE_BOUND('',#1679,.T.);
#1436=FACE_BOUND('',#1680,.T.);
#1437=FACE_BOUND('',#1681,.T.);
#1438=FACE_BOUND('',#1682,.T.);
#1439=FACE_BOUND('',#1683,.T.);
#1440=FACE_BOUND('',#1684,.T.);
#1441=FACE_BOUND('',#1685,.T.);
#1442=FACE_BOUND('',#1686,.T.);
#1443=FACE_BOUND('',#1687,.T.);
#1444=FACE_BOUND('',#1688,.T.);
#1445=FACE_BOUND('',#1691,.T.);
#1446=FACE_BOUND('',#1692,.T.);
#1447=FACE_BOUND('',#1693,.T.);
#1448=FACE_BOUND('',#1694,.T.);
#1449=FACE_BOUND('',#1695,.T.);
#1450=FACE_BOUND('',#1696,.T.);
#1451=FACE_BOUND('',#1697,.T.);
#1452=FACE_BOUND('',#1698,.T.);
#1453=FACE_BOUND('',#1699,.T.);
#1454=FACE_BOUND('',#1700,.T.);
#1455=FACE_BOUND('',#1701,.T.);
#1456=FACE_BOUND('',#1702,.T.);
#1457=FACE_BOUND('',#1703,.T.);
#1458=FACE_BOUND('',#1704,.T.);
#1459=FACE_BOUND('',#1705,.T.);
#1460=FACE_BOUND('',#1706,.T.);
#1461=FACE_BOUND('',#1709,.T.);
#1462=FACE_BOUND('',#1710,.T.);
#1463=FACE_BOUND('',#1711,.T.);
#1464=FACE_BOUND('',#1712,.T.);
#1465=FACE_BOUND('',#1713,.T.);
#1466=FACE_BOUND('',#1714,.T.);
#1467=FACE_BOUND('',#1715,.T.);
#1468=FACE_BOUND('',#1716,.T.);
#1469=FACE_BOUND('',#1717,.T.);
#1470=FACE_BOUND('',#1718,.T.);
#1471=FACE_BOUND('',#1719,.T.);
#1472=FACE_BOUND('',#1720,.T.);
#1473=FACE_BOUND('',#1721,.T.);
#1474=FACE_BOUND('',#1722,.T.);
#1475=FACE_BOUND('',#1723,.T.);
#1476=FACE_BOUND('',#1724,.T.);
#1477=FACE_BOUND('',#1725,.T.);
#1478=FACE_BOUND('',#1726,.T.);
#1479=FACE_BOUND('',#1727,.T.);
#1480=FACE_BOUND('',#1728,.T.);
#1481=FACE_BOUND('',#1729,.T.);
#1482=FACE_BOUND('',#1730,.T.);
#1483=FACE_BOUND('',#1731,.T.);
#1484=FACE_BOUND('',#1732,.T.);
#1485=FACE_BOUND('',#1735,.T.);
#1486=FACE_BOUND('',#1736,.T.);
#1487=FACE_BOUND('',#1737,.T.);
#1488=FACE_BOUND('',#1738,.T.);
#1489=FACE_BOUND('',#1739,.T.);
#1490=FACE_BOUND('',#1740,.T.);
#1491=FACE_BOUND('',#1741,.T.);
#1492=FACE_BOUND('',#1742,.T.);
#1493=FACE_BOUND('',#1743,.T.);
#1494=FACE_BOUND('',#1744,.T.);
#1495=FACE_BOUND('',#1745,.T.);
#1496=FACE_BOUND('',#1746,.T.);
#1497=FACE_BOUND('',#1747,.T.);
#1498=FACE_BOUND('',#1748,.T.);
#1499=FACE_BOUND('',#1749,.T.);
#1500=FACE_BOUND('',#1750,.T.);
#1501=FACE_BOUND('',#1753,.T.);
#1502=FACE_BOUND('',#1754,.T.);
#1503=FACE_BOUND('',#1755,.T.);
#1504=FACE_BOUND('',#1756,.T.);
#1505=FACE_BOUND('',#1757,.T.);
#1506=FACE_BOUND('',#1758,.T.);
#1507=FACE_BOUND('',#1759,.T.);
#1508=FACE_BOUND('',#1760,.T.);
#1509=FACE_BOUND('',#1761,.T.);
#1510=FACE_BOUND('',#1762,.T.);
#1511=FACE_BOUND('',#1763,.T.);
#1512=FACE_BOUND('',#1764,.T.);
#1513=FACE_BOUND('',#1765,.T.);
#1514=FACE_BOUND('',#1766,.T.);
#1515=FACE_BOUND('',#1767,.T.);
#1516=FACE_BOUND('',#1768,.T.);
#1517=FACE_BOUND('',#1769,.T.);
#1518=FACE_BOUND('',#1770,.T.);
#1519=FACE_BOUND('',#1771,.T.);
#1520=FACE_BOUND('',#1772,.T.);
#1521=FACE_BOUND('',#1773,.T.);
#1522=FACE_BOUND('',#1774,.T.);
#1523=FACE_BOUND('',#1775,.T.);
#1524=FACE_BOUND('',#1776,.T.);
#1525=FACE_BOUND('',#1779,.T.);
#1526=FACE_BOUND('',#1780,.T.);
#1527=FACE_BOUND('',#1781,.T.);
#1528=FACE_BOUND('',#1782,.T.);
#1529=FACE_BOUND('',#1783,.T.);
#1530=FACE_BOUND('',#1784,.T.);
#1531=FACE_BOUND('',#1785,.T.);
#1532=FACE_BOUND('',#1786,.T.);
#1533=FACE_BOUND('',#1787,.T.);
#1534=FACE_BOUND('',#1788,.T.);
#1535=FACE_BOUND('',#1789,.T.);
#1536=FACE_BOUND('',#1790,.T.);
#1537=FACE_BOUND('',#1791,.T.);
#1538=FACE_BOUND('',#1792,.T.);
#1539=FACE_BOUND('',#1793,.T.);
#1540=FACE_BOUND('',#1794,.T.);
#1541=FACE_BOUND('',#1797,.T.);
#1542=FACE_BOUND('',#1798,.T.);
#1543=FACE_BOUND('',#1799,.T.);
#1544=FACE_BOUND('',#1800,.T.);
#1545=FACE_BOUND('',#1801,.T.);
#1546=FACE_BOUND('',#1802,.T.);
#1547=FACE_BOUND('',#1803,.T.);
#1548=FACE_BOUND('',#1804,.T.);
#1549=FACE_BOUND('',#1805,.T.);
#1550=FACE_BOUND('',#1806,.T.);
#1551=FACE_BOUND('',#1807,.T.);
#1552=FACE_BOUND('',#1808,.T.);
#1553=FACE_BOUND('',#1809,.T.);
#1554=FACE_BOUND('',#1810,.T.);
#1555=FACE_BOUND('',#1811,.T.);
#1556=FACE_BOUND('',#1812,.T.);
#1557=FACE_BOUND('',#1813,.T.);
#1558=FACE_BOUND('',#1814,.T.);
#1559=FACE_BOUND('',#1815,.T.);
#1560=FACE_BOUND('',#1816,.T.);
#1561=FACE_BOUND('',#1817,.T.);
#1562=FACE_BOUND('',#1818,.T.);
#1563=FACE_BOUND('',#1819,.T.);
#1564=FACE_BOUND('',#1820,.T.);
#1565=FACE_BOUND('',#1823,.T.);
#1566=FACE_BOUND('',#1824,.T.);
#1567=FACE_BOUND('',#1825,.T.);
#1568=FACE_BOUND('',#1826,.T.);
#1569=FACE_BOUND('',#1827,.T.);
#1570=FACE_BOUND('',#1828,.T.);
#1571=FACE_BOUND('',#1829,.T.);
#1572=FACE_BOUND('',#1830,.T.);
#1573=FACE_BOUND('',#1831,.T.);
#1574=FACE_BOUND('',#1832,.T.);
#1575=FACE_BOUND('',#1833,.T.);
#1576=FACE_BOUND('',#1834,.T.);
#1577=FACE_BOUND('',#1835,.T.);
#1578=FACE_BOUND('',#1836,.T.);
#1579=FACE_BOUND('',#1837,.T.);
#1580=FACE_BOUND('',#1838,.T.);
#1581=FACE_BOUND('',#1841,.T.);
#1582=FACE_BOUND('',#1842,.T.);
#1583=FACE_BOUND('',#1843,.T.);
#1584=FACE_BOUND('',#1844,.T.);
#1585=FACE_BOUND('',#1845,.T.);
#1586=FACE_BOUND('',#1846,.T.);
#1587=FACE_BOUND('',#1847,.T.);
#1588=FACE_BOUND('',#1848,.T.);
#1589=FACE_BOUND('',#1849,.T.);
#1590=FACE_BOUND('',#1850,.T.);
#1591=FACE_BOUND('',#1851,.T.);
#1592=FACE_BOUND('',#1852,.T.);
#1593=FACE_BOUND('',#1854,.T.);
#1594=FACE_BOUND('',#1855,.T.);
#1595=FACE_BOUND('',#1856,.T.);
#1596=FACE_BOUND('',#1858,.T.);
#1597=FACE_BOUND('',#1859,.T.);
#1598=FACE_BOUND('',#1860,.T.);
#1599=FACE_BOUND('',#1863,.T.);
#1600=FACE_BOUND('',#1864,.T.);
#1601=FACE_BOUND('',#1865,.T.);
#1602=FACE_BOUND('',#1866,.T.);
#1603=FACE_BOUND('',#1868,.T.);
#1604=FACE_BOUND('',#1869,.T.);
#1605=FACE_BOUND('',#1870,.T.);
#1606=FACE_BOUND('',#1872,.T.);
#1607=FACE_BOUND('',#1873,.T.);
#1608=FACE_BOUND('',#1874,.T.);
#1609=FACE_BOUND('',#1877,.T.);
#1610=FACE_BOUND('',#1878,.T.);
#1611=FACE_BOUND('',#1879,.T.);
#1612=FACE_BOUND('',#1880,.T.);
#1613=FACE_BOUND('',#1882,.T.);
#1614=FACE_BOUND('',#1883,.T.);
#1615=FACE_BOUND('',#1884,.T.);
#1616=FACE_BOUND('',#1886,.T.);
#1617=FACE_BOUND('',#1887,.T.);
#1618=FACE_BOUND('',#1888,.T.);
#1619=FACE_BOUND('',#1891,.T.);
#1620=FACE_BOUND('',#1892,.T.);
#1621=FACE_BOUND('',#1893,.T.);
#1622=FACE_BOUND('',#1894,.T.);
#1623=FACE_BOUND('',#1896,.T.);
#1624=FACE_BOUND('',#1897,.T.);
#1625=FACE_BOUND('',#1898,.T.);
#1626=FACE_BOUND('',#1900,.T.);
#1627=FACE_BOUND('',#1901,.T.);
#1628=FACE_BOUND('',#1902,.T.);
#1629=FACE_BOUND('',#1905,.T.);
#1630=FACE_BOUND('',#1906,.T.);
#1631=FACE_BOUND('',#1907,.T.);
#1632=FACE_BOUND('',#1908,.T.);
#1633=FACE_BOUND('',#1910,.T.);
#1634=FACE_BOUND('',#1911,.T.);
#1635=FACE_BOUND('',#1912,.T.);
#1636=FACE_BOUND('',#1914,.T.);
#1637=FACE_BOUND('',#1915,.T.);
#1638=FACE_BOUND('',#1916,.T.);
#1639=FACE_BOUND('',#1919,.T.);
#1640=FACE_BOUND('',#1920,.T.);
#1641=FACE_BOUND('',#1921,.T.);
#1642=FACE_BOUND('',#1922,.T.);
#1643=FACE_BOUND('',#1924,.T.);
#1644=FACE_BOUND('',#1925,.T.);
#1645=FACE_BOUND('',#1926,.T.);
#1646=FACE_BOUND('',#1928,.T.);
#1647=FACE_BOUND('',#1929,.T.);
#1648=FACE_BOUND('',#1930,.T.);
#1649=FACE_BOUND('',#1933,.T.);
#1650=FACE_BOUND('',#1934,.T.);
#1651=FACE_BOUND('',#1935,.T.);
#1652=FACE_BOUND('',#1936,.T.);
#1653=FACE_BOUND('',#1938,.T.);
#1654=FACE_BOUND('',#1939,.T.);
#1655=FACE_BOUND('',#1940,.T.);
#1656=FACE_BOUND('',#1942,.T.);
#1657=FACE_BOUND('',#1943,.T.);
#1658=FACE_BOUND('',#1944,.T.);
#1659=FACE_BOUND('',#1947,.T.);
#1660=FACE_BOUND('',#1948,.T.);
#1661=FACE_BOUND('',#1949,.T.);
#1662=FACE_BOUND('',#1950,.T.);
#1663=FACE_BOUND('',#1952,.T.);
#1664=FACE_BOUND('',#1953,.T.);
#1665=FACE_BOUND('',#1954,.T.);
#1666=FACE_BOUND('',#1956,.T.);
#1667=FACE_BOUND('',#1957,.T.);
#1668=FACE_BOUND('',#1958,.T.);
#1669=FACE_BOUND('',#1961,.T.);
#1670=FACE_BOUND('',#1962,.T.);
#1671=FACE_BOUND('',#1963,.T.);
#1672=FACE_BOUND('',#1964,.T.);
#1673=FACE_BOUND('',#2007,.T.);
#1674=FACE_BOUND('',#2008,.T.);
#1675=FACE_BOUND('',#2015,.T.);
#1676=FACE_BOUND('',#2016,.T.);
#1677=EDGE_LOOP('',(#2041));
#1678=EDGE_LOOP('',(#2042));
#1679=EDGE_LOOP('',(#2043,#2044,#2045,#2046));
#1680=EDGE_LOOP('',(#2047));
#1681=EDGE_LOOP('',(#2048));
#1682=EDGE_LOOP('',(#2049,#2050,#2051,#2052));
#1683=EDGE_LOOP('',(#2053));
#1684=EDGE_LOOP('',(#2054));
#1685=EDGE_LOOP('',(#2055,#2056,#2057,#2058));
#1686=EDGE_LOOP('',(#2059));
#1687=EDGE_LOOP('',(#2060));
#1688=EDGE_LOOP('',(#2061,#2062,#2063,#2064));
#1689=EDGE_LOOP('',(#2065,#2066,#2067,#2068));
#1690=EDGE_LOOP('',(#2069,#2070,#2071,#2072));
#1691=EDGE_LOOP('',(#2073));
#1692=EDGE_LOOP('',(#2074));
#1693=EDGE_LOOP('',(#2075));
#1694=EDGE_LOOP('',(#2076));
#1695=EDGE_LOOP('',(#2077));
#1696=EDGE_LOOP('',(#2078));
#1697=EDGE_LOOP('',(#2079,#2080,#2081,#2082));
#1698=EDGE_LOOP('',(#2083));
#1699=EDGE_LOOP('',(#2084));
#1700=EDGE_LOOP('',(#2085,#2086,#2087,#2088));
#1701=EDGE_LOOP('',(#2089));
#1702=EDGE_LOOP('',(#2090));
#1703=EDGE_LOOP('',(#2091,#2092,#2093,#2094));
#1704=EDGE_LOOP('',(#2095));
#1705=EDGE_LOOP('',(#2096));
#1706=EDGE_LOOP('',(#2097,#2098,#2099,#2100));
#1707=EDGE_LOOP('',(#2101,#2102,#2103,#2104));
#1708=EDGE_LOOP('',(#2105,#2106,#2107,#2108));
#1709=EDGE_LOOP('',(#2109));
#1710=EDGE_LOOP('',(#2110));
#1711=EDGE_LOOP('',(#2111));
#1712=EDGE_LOOP('',(#2112));
#1713=EDGE_LOOP('',(#2113));
#1714=EDGE_LOOP('',(#2114));
#1715=EDGE_LOOP('',(#2115));
#1716=EDGE_LOOP('',(#2116));
#1717=EDGE_LOOP('',(#2117));
#1718=EDGE_LOOP('',(#2118));
#1719=EDGE_LOOP('',(#2119));
#1720=EDGE_LOOP('',(#2120));
#1721=EDGE_LOOP('',(#2121));
#1722=EDGE_LOOP('',(#2122));
#1723=EDGE_LOOP('',(#2123,#2124,#2125,#2126));
#1724=EDGE_LOOP('',(#2127));
#1725=EDGE_LOOP('',(#2128));
#1726=EDGE_LOOP('',(#2129,#2130,#2131,#2132));
#1727=EDGE_LOOP('',(#2133));
#1728=EDGE_LOOP('',(#2134));
#1729=EDGE_LOOP('',(#2135,#2136,#2137,#2138));
#1730=EDGE_LOOP('',(#2139));
#1731=EDGE_LOOP('',(#2140));
#1732=EDGE_LOOP('',(#2141,#2142,#2143,#2144));
#1733=EDGE_LOOP('',(#2145,#2146,#2147,#2148));
#1734=EDGE_LOOP('',(#2149,#2150,#2151,#2152));
#1735=EDGE_LOOP('',(#2153));
#1736=EDGE_LOOP('',(#2154));
#1737=EDGE_LOOP('',(#2155));
#1738=EDGE_LOOP('',(#2156));
#1739=EDGE_LOOP('',(#2157));
#1740=EDGE_LOOP('',(#2158));
#1741=EDGE_LOOP('',(#2159,#2160,#2161,#2162));
#1742=EDGE_LOOP('',(#2163));
#1743=EDGE_LOOP('',(#2164));
#1744=EDGE_LOOP('',(#2165,#2166,#2167,#2168));
#1745=EDGE_LOOP('',(#2169));
#1746=EDGE_LOOP('',(#2170));
#1747=EDGE_LOOP('',(#2171,#2172,#2173,#2174));
#1748=EDGE_LOOP('',(#2175));
#1749=EDGE_LOOP('',(#2176));
#1750=EDGE_LOOP('',(#2177,#2178,#2179,#2180));
#1751=EDGE_LOOP('',(#2181,#2182,#2183,#2184));
#1752=EDGE_LOOP('',(#2185,#2186,#2187,#2188));
#1753=EDGE_LOOP('',(#2189));
#1754=EDGE_LOOP('',(#2190));
#1755=EDGE_LOOP('',(#2191));
#1756=EDGE_LOOP('',(#2192));
#1757=EDGE_LOOP('',(#2193));
#1758=EDGE_LOOP('',(#2194));
#1759=EDGE_LOOP('',(#2195));
#1760=EDGE_LOOP('',(#2196));
#1761=EDGE_LOOP('',(#2197));
#1762=EDGE_LOOP('',(#2198));
#1763=EDGE_LOOP('',(#2199));
#1764=EDGE_LOOP('',(#2200));
#1765=EDGE_LOOP('',(#2201));
#1766=EDGE_LOOP('',(#2202));
#1767=EDGE_LOOP('',(#2203,#2204,#2205,#2206));
#1768=EDGE_LOOP('',(#2207));
#1769=EDGE_LOOP('',(#2208));
#1770=EDGE_LOOP('',(#2209,#2210,#2211,#2212));
#1771=EDGE_LOOP('',(#2213));
#1772=EDGE_LOOP('',(#2214));
#1773=EDGE_LOOP('',(#2215,#2216,#2217,#2218));
#1774=EDGE_LOOP('',(#2219));
#1775=EDGE_LOOP('',(#2220));
#1776=EDGE_LOOP('',(#2221,#2222,#2223,#2224));
#1777=EDGE_LOOP('',(#2225,#2226,#2227,#2228));
#1778=EDGE_LOOP('',(#2229,#2230,#2231,#2232));
#1779=EDGE_LOOP('',(#2233));
#1780=EDGE_LOOP('',(#2234));
#1781=EDGE_LOOP('',(#2235));
#1782=EDGE_LOOP('',(#2236));
#1783=EDGE_LOOP('',(#2237));
#1784=EDGE_LOOP('',(#2238));
#1785=EDGE_LOOP('',(#2239,#2240,#2241,#2242));
#1786=EDGE_LOOP('',(#2243));
#1787=EDGE_LOOP('',(#2244));
#1788=EDGE_LOOP('',(#2245,#2246,#2247,#2248));
#1789=EDGE_LOOP('',(#2249));
#1790=EDGE_LOOP('',(#2250));
#1791=EDGE_LOOP('',(#2251,#2252,#2253,#2254));
#1792=EDGE_LOOP('',(#2255));
#1793=EDGE_LOOP('',(#2256));
#1794=EDGE_LOOP('',(#2257,#2258,#2259,#2260));
#1795=EDGE_LOOP('',(#2261,#2262,#2263,#2264));
#1796=EDGE_LOOP('',(#2265,#2266,#2267,#2268));
#1797=EDGE_LOOP('',(#2269));
#1798=EDGE_LOOP('',(#2270));
#1799=EDGE_LOOP('',(#2271));
#1800=EDGE_LOOP('',(#2272));
#1801=EDGE_LOOP('',(#2273));
#1802=EDGE_LOOP('',(#2274));
#1803=EDGE_LOOP('',(#2275));
#1804=EDGE_LOOP('',(#2276));
#1805=EDGE_LOOP('',(#2277));
#1806=EDGE_LOOP('',(#2278));
#1807=EDGE_LOOP('',(#2279));
#1808=EDGE_LOOP('',(#2280));
#1809=EDGE_LOOP('',(#2281));
#1810=EDGE_LOOP('',(#2282));
#1811=EDGE_LOOP('',(#2283,#2284,#2285,#2286));
#1812=EDGE_LOOP('',(#2287));
#1813=EDGE_LOOP('',(#2288));
#1814=EDGE_LOOP('',(#2289,#2290,#2291,#2292));
#1815=EDGE_LOOP('',(#2293));
#1816=EDGE_LOOP('',(#2294));
#1817=EDGE_LOOP('',(#2295,#2296,#2297,#2298));
#1818=EDGE_LOOP('',(#2299));
#1819=EDGE_LOOP('',(#2300));
#1820=EDGE_LOOP('',(#2301,#2302,#2303,#2304));
#1821=EDGE_LOOP('',(#2305,#2306,#2307,#2308));
#1822=EDGE_LOOP('',(#2309,#2310,#2311,#2312));
#1823=EDGE_LOOP('',(#2313));
#1824=EDGE_LOOP('',(#2314));
#1825=EDGE_LOOP('',(#2315));
#1826=EDGE_LOOP('',(#2316));
#1827=EDGE_LOOP('',(#2317));
#1828=EDGE_LOOP('',(#2318));
#1829=EDGE_LOOP('',(#2319,#2320,#2321,#2322));
#1830=EDGE_LOOP('',(#2323));
#1831=EDGE_LOOP('',(#2324));
#1832=EDGE_LOOP('',(#2325,#2326,#2327,#2328));
#1833=EDGE_LOOP('',(#2329));
#1834=EDGE_LOOP('',(#2330));
#1835=EDGE_LOOP('',(#2331,#2332,#2333,#2334));
#1836=EDGE_LOOP('',(#2335));
#1837=EDGE_LOOP('',(#2336));
#1838=EDGE_LOOP('',(#2337,#2338,#2339,#2340));
#1839=EDGE_LOOP('',(#2341,#2342,#2343,#2344));
#1840=EDGE_LOOP('',(#2345,#2346,#2347,#2348));
#1841=EDGE_LOOP('',(#2349));
#1842=EDGE_LOOP('',(#2350));
#1843=EDGE_LOOP('',(#2351));
#1844=EDGE_LOOP('',(#2352));
#1845=EDGE_LOOP('',(#2353));
#1846=EDGE_LOOP('',(#2354));
#1847=EDGE_LOOP('',(#2355));
#1848=EDGE_LOOP('',(#2356));
#1849=EDGE_LOOP('',(#2357));
#1850=EDGE_LOOP('',(#2358));
#1851=EDGE_LOOP('',(#2359));
#1852=EDGE_LOOP('',(#2360));
#1853=EDGE_LOOP('',(#2361,#2362,#2363,#2364));
#1854=EDGE_LOOP('',(#2365));
#1855=EDGE_LOOP('',(#2366));
#1856=EDGE_LOOP('',(#2367,#2368,#2369,#2370));
#1857=EDGE_LOOP('',(#2371,#2372,#2373,#2374));
#1858=EDGE_LOOP('',(#2375));
#1859=EDGE_LOOP('',(#2376));
#1860=EDGE_LOOP('',(#2377,#2378,#2379,#2380));
#1861=EDGE_LOOP('',(#2381,#2382,#2383,#2384));
#1862=EDGE_LOOP('',(#2385,#2386,#2387,#2388));
#1863=EDGE_LOOP('',(#2389));
#1864=EDGE_LOOP('',(#2390));
#1865=EDGE_LOOP('',(#2391));
#1866=EDGE_LOOP('',(#2392));
#1867=EDGE_LOOP('',(#2393,#2394,#2395,#2396));
#1868=EDGE_LOOP('',(#2397));
#1869=EDGE_LOOP('',(#2398));
#1870=EDGE_LOOP('',(#2399,#2400,#2401,#2402));
#1871=EDGE_LOOP('',(#2403,#2404,#2405,#2406));
#1872=EDGE_LOOP('',(#2407));
#1873=EDGE_LOOP('',(#2408));
#1874=EDGE_LOOP('',(#2409,#2410,#2411,#2412));
#1875=EDGE_LOOP('',(#2413,#2414,#2415,#2416));
#1876=EDGE_LOOP('',(#2417,#2418,#2419,#2420));
#1877=EDGE_LOOP('',(#2421));
#1878=EDGE_LOOP('',(#2422));
#1879=EDGE_LOOP('',(#2423));
#1880=EDGE_LOOP('',(#2424));
#1881=EDGE_LOOP('',(#2425,#2426,#2427,#2428));
#1882=EDGE_LOOP('',(#2429));
#1883=EDGE_LOOP('',(#2430));
#1884=EDGE_LOOP('',(#2431,#2432,#2433,#2434));
#1885=EDGE_LOOP('',(#2435,#2436,#2437,#2438));
#1886=EDGE_LOOP('',(#2439));
#1887=EDGE_LOOP('',(#2440));
#1888=EDGE_LOOP('',(#2441,#2442,#2443,#2444));
#1889=EDGE_LOOP('',(#2445,#2446,#2447,#2448));
#1890=EDGE_LOOP('',(#2449,#2450,#2451,#2452));
#1891=EDGE_LOOP('',(#2453));
#1892=EDGE_LOOP('',(#2454));
#1893=EDGE_LOOP('',(#2455));
#1894=EDGE_LOOP('',(#2456));
#1895=EDGE_LOOP('',(#2457,#2458,#2459,#2460));
#1896=EDGE_LOOP('',(#2461));
#1897=EDGE_LOOP('',(#2462));
#1898=EDGE_LOOP('',(#2463,#2464,#2465,#2466));
#1899=EDGE_LOOP('',(#2467,#2468,#2469,#2470));
#1900=EDGE_LOOP('',(#2471));
#1901=EDGE_LOOP('',(#2472));
#1902=EDGE_LOOP('',(#2473,#2474,#2475,#2476));
#1903=EDGE_LOOP('',(#2477,#2478,#2479,#2480));
#1904=EDGE_LOOP('',(#2481,#2482,#2483,#2484));
#1905=EDGE_LOOP('',(#2485));
#1906=EDGE_LOOP('',(#2486));
#1907=EDGE_LOOP('',(#2487));
#1908=EDGE_LOOP('',(#2488));
#1909=EDGE_LOOP('',(#2489,#2490,#2491,#2492));
#1910=EDGE_LOOP('',(#2493));
#1911=EDGE_LOOP('',(#2494));
#1912=EDGE_LOOP('',(#2495,#2496,#2497,#2498));
#1913=EDGE_LOOP('',(#2499,#2500,#2501,#2502));
#1914=EDGE_LOOP('',(#2503));
#1915=EDGE_LOOP('',(#2504));
#1916=EDGE_LOOP('',(#2505,#2506,#2507,#2508));
#1917=EDGE_LOOP('',(#2509,#2510,#2511,#2512));
#1918=EDGE_LOOP('',(#2513,#2514,#2515,#2516));
#1919=EDGE_LOOP('',(#2517));
#1920=EDGE_LOOP('',(#2518));
#1921=EDGE_LOOP('',(#2519));
#1922=EDGE_LOOP('',(#2520));
#1923=EDGE_LOOP('',(#2521,#2522,#2523,#2524));
#1924=EDGE_LOOP('',(#2525));
#1925=EDGE_LOOP('',(#2526));
#1926=EDGE_LOOP('',(#2527,#2528,#2529,#2530));
#1927=EDGE_LOOP('',(#2531,#2532,#2533,#2534));
#1928=EDGE_LOOP('',(#2535));
#1929=EDGE_LOOP('',(#2536));
#1930=EDGE_LOOP('',(#2537,#2538,#2539,#2540));
#1931=EDGE_LOOP('',(#2541,#2542,#2543,#2544));
#1932=EDGE_LOOP('',(#2545,#2546,#2547,#2548));
#1933=EDGE_LOOP('',(#2549));
#1934=EDGE_LOOP('',(#2550));
#1935=EDGE_LOOP('',(#2551));
#1936=EDGE_LOOP('',(#2552));
#1937=EDGE_LOOP('',(#2553,#2554,#2555,#2556));
#1938=EDGE_LOOP('',(#2557));
#1939=EDGE_LOOP('',(#2558));
#1940=EDGE_LOOP('',(#2559,#2560,#2561,#2562));
#1941=EDGE_LOOP('',(#2563,#2564,#2565,#2566));
#1942=EDGE_LOOP('',(#2567));
#1943=EDGE_LOOP('',(#2568));
#1944=EDGE_LOOP('',(#2569,#2570,#2571,#2572));
#1945=EDGE_LOOP('',(#2573,#2574,#2575,#2576));
#1946=EDGE_LOOP('',(#2577,#2578,#2579,#2580));
#1947=EDGE_LOOP('',(#2581));
#1948=EDGE_LOOP('',(#2582));
#1949=EDGE_LOOP('',(#2583));
#1950=EDGE_LOOP('',(#2584));
#1951=EDGE_LOOP('',(#2585,#2586,#2587,#2588));
#1952=EDGE_LOOP('',(#2589));
#1953=EDGE_LOOP('',(#2590));
#1954=EDGE_LOOP('',(#2591,#2592,#2593,#2594));
#1955=EDGE_LOOP('',(#2595,#2596,#2597,#2598));
#1956=EDGE_LOOP('',(#2599));
#1957=EDGE_LOOP('',(#2600));
#1958=EDGE_LOOP('',(#2601,#2602,#2603,#2604));
#1959=EDGE_LOOP('',(#2605,#2606,#2607,#2608));
#1960=EDGE_LOOP('',(#2609,#2610,#2611,#2612));
#1961=EDGE_LOOP('',(#2613));
#1962=EDGE_LOOP('',(#2614));
#1963=EDGE_LOOP('',(#2615));
#1964=EDGE_LOOP('',(#2616));
#1965=EDGE_LOOP('',(#2617,#2618,#2619,#2620));
#1966=EDGE_LOOP('',(#2621,#2622,#2623,#2624));
#1967=EDGE_LOOP('',(#2625,#2626,#2627,#2628));
#1968=EDGE_LOOP('',(#2629,#2630,#2631,#2632));
#1969=EDGE_LOOP('',(#2633,#2634,#2635,#2636));
#1970=EDGE_LOOP('',(#2637,#2638,#2639,#2640));
#1971=EDGE_LOOP('',(#2641,#2642,#2643,#2644));
#1972=EDGE_LOOP('',(#2645,#2646,#2647,#2648));
#1973=EDGE_LOOP('',(#2649,#2650,#2651,#2652));
#1974=EDGE_LOOP('',(#2653,#2654,#2655,#2656));
#1975=EDGE_LOOP('',(#2657,#2658,#2659,#2660));
#1976=EDGE_LOOP('',(#2661,#2662,#2663,#2664));
#1977=EDGE_LOOP('',(#2665,#2666,#2667,#2668));
#1978=EDGE_LOOP('',(#2669,#2670,#2671,#2672));
#1979=EDGE_LOOP('',(#2673,#2674,#2675,#2676));
#1980=EDGE_LOOP('',(#2677,#2678,#2679,#2680));
#1981=EDGE_LOOP('',(#2681,#2682,#2683,#2684));
#1982=EDGE_LOOP('',(#2685,#2686,#2687,#2688));
#1983=EDGE_LOOP('',(#2689,#2690,#2691,#2692));
#1984=EDGE_LOOP('',(#2693,#2694,#2695,#2696));
#1985=EDGE_LOOP('',(#2697,#2698,#2699,#2700));
#1986=EDGE_LOOP('',(#2701,#2702,#2703,#2704));
#1987=EDGE_LOOP('',(#2705,#2706,#2707,#2708));
#1988=EDGE_LOOP('',(#2709,#2710,#2711,#2712));
#1989=EDGE_LOOP('',(#2713,#2714,#2715,#2716));
#1990=EDGE_LOOP('',(#2717,#2718,#2719,#2720));
#1991=EDGE_LOOP('',(#2721,#2722,#2723,#2724));
#1992=EDGE_LOOP('',(#2725,#2726,#2727,#2728));
#1993=EDGE_LOOP('',(#2729,#2730,#2731,#2732));
#1994=EDGE_LOOP('',(#2733,#2734,#2735,#2736));
#1995=EDGE_LOOP('',(#2737,#2738,#2739,#2740));
#1996=EDGE_LOOP('',(#2741,#2742,#2743,#2744));
#1997=EDGE_LOOP('',(#2745,#2746,#2747,#2748));
#1998=EDGE_LOOP('',(#2749,#2750,#2751,#2752));
#1999=EDGE_LOOP('',(#2753,#2754,#2755,#2756));
#2000=EDGE_LOOP('',(#2757,#2758,#2759,#2760));
#2001=EDGE_LOOP('',(#2761,#2762,#2763,#2764));
#2002=EDGE_LOOP('',(#2765,#2766,#2767,#2768));
#2003=EDGE_LOOP('',(#2769,#2770,#2771,#2772));
#2004=EDGE_LOOP('',(#2773,#2774,#2775,#2776));
#2005=EDGE_LOOP('',(#2777,#2778,#2779,#2780));
#2006=EDGE_LOOP('',(#2781,#2782,#2783,#2784));
#2007=EDGE_LOOP('',(#2785));
#2008=EDGE_LOOP('',(#2786,#2787,#2788,#2789));
#2009=EDGE_LOOP('',(#2790,#2791,#2792,#2793));
#2010=EDGE_LOOP('',(#2794,#2795,#2796,#2797));
#2011=EDGE_LOOP('',(#2798,#2799,#2800,#2801));
#2012=EDGE_LOOP('',(#2802,#2803,#2804,#2805));
#2013=EDGE_LOOP('',(#2806,#2807,#2808,#2809));
#2014=EDGE_LOOP('',(#2810));
#2015=EDGE_LOOP('',(#2811));
#2016=EDGE_LOOP('',(#2812));
#2017=EDGE_LOOP('',(#2813,#2814,#2815,#2816));
#2018=EDGE_LOOP('',(#2817,#2818,#2819,#2820));
#2019=EDGE_LOOP('',(#2821,#2822,#2823,#2824));
#2020=EDGE_LOOP('',(#2825,#2826,#2827,#2828));
#2021=EDGE_LOOP('',(#2829,#2830,#2831,#2832));
#2022=EDGE_LOOP('',(#2833,#2834,#2835,#2836));
#2023=EDGE_LOOP('',(#2837,#2838,#2839,#2840));
#2024=EDGE_LOOP('',(#2841,#2842,#2843,#2844));
#2025=EDGE_LOOP('',(#2845,#2846,#2847,#2848));
#2026=EDGE_LOOP('',(#2849,#2850,#2851,#2852));
#2027=EDGE_LOOP('',(#2853,#2854,#2855,#2856));
#2028=EDGE_LOOP('',(#2857,#2858,#2859,#2860));
#2029=EDGE_LOOP('',(#2861,#2862,#2863,#2864));
#2030=EDGE_LOOP('',(#2865,#2866,#2867,#2868));
#2031=EDGE_LOOP('',(#2869,#2870,#2871,#2872));
#2032=EDGE_LOOP('',(#2873,#2874,#2875,#2876));
#2033=EDGE_LOOP('',(#2877,#2878,#2879,#2880));
#2034=EDGE_LOOP('',(#2881,#2882,#2883,#2884));
#2035=EDGE_LOOP('',(#2885,#2886,#2887,#2888));
#2036=EDGE_LOOP('',(#2889,#2890,#2891,#2892));
#2037=EDGE_LOOP('',(#2893,#2894,#2895,#2896));
#2038=EDGE_LOOP('',(#2897,#2898,#2899,#2900));
#2039=EDGE_LOOP('',(#2901,#2902,#2903,#2904));
#2040=EDGE_LOOP('',(#2905,#2906,#2907,#2908));
#2041=ORIENTED_EDGE('',*,*,#3231,.T.);
#2042=ORIENTED_EDGE('',*,*,#3232,.T.);
#2043=ORIENTED_EDGE('',*,*,#3233,.T.);
#2044=ORIENTED_EDGE('',*,*,#3234,.F.);
#2045=ORIENTED_EDGE('',*,*,#3235,.F.);
#2046=ORIENTED_EDGE('',*,*,#3236,.T.);
#2047=ORIENTED_EDGE('',*,*,#3237,.T.);
#2048=ORIENTED_EDGE('',*,*,#3238,.T.);
#2049=ORIENTED_EDGE('',*,*,#3239,.T.);
#2050=ORIENTED_EDGE('',*,*,#3240,.F.);
#2051=ORIENTED_EDGE('',*,*,#3241,.F.);
#2052=ORIENTED_EDGE('',*,*,#3234,.T.);
#2053=ORIENTED_EDGE('',*,*,#3242,.T.);
#2054=ORIENTED_EDGE('',*,*,#3243,.T.);
#2055=ORIENTED_EDGE('',*,*,#3244,.T.);
#2056=ORIENTED_EDGE('',*,*,#3245,.F.);
#2057=ORIENTED_EDGE('',*,*,#3246,.F.);
#2058=ORIENTED_EDGE('',*,*,#3240,.T.);
#2059=ORIENTED_EDGE('',*,*,#3247,.T.);
#2060=ORIENTED_EDGE('',*,*,#3248,.T.);
#2061=ORIENTED_EDGE('',*,*,#3249,.T.);
#2062=ORIENTED_EDGE('',*,*,#3236,.F.);
#2063=ORIENTED_EDGE('',*,*,#3250,.F.);
#2064=ORIENTED_EDGE('',*,*,#3245,.T.);
#2065=ORIENTED_EDGE('',*,*,#3235,.T.);
#2066=ORIENTED_EDGE('',*,*,#3241,.T.);
#2067=ORIENTED_EDGE('',*,*,#3246,.T.);
#2068=ORIENTED_EDGE('',*,*,#3250,.T.);
#2069=ORIENTED_EDGE('',*,*,#3233,.F.);
#2070=ORIENTED_EDGE('',*,*,#3249,.F.);
#2071=ORIENTED_EDGE('',*,*,#3244,.F.);
#2072=ORIENTED_EDGE('',*,*,#3239,.F.);
#2073=ORIENTED_EDGE('',*,*,#3251,.T.);
#2074=ORIENTED_EDGE('',*,*,#3243,.F.);
#2075=ORIENTED_EDGE('',*,*,#3252,.F.);
#2076=ORIENTED_EDGE('',*,*,#3232,.F.);
#2077=ORIENTED_EDGE('',*,*,#3253,.T.);
#2078=ORIENTED_EDGE('',*,*,#3252,.T.);
#2079=ORIENTED_EDGE('',*,*,#3254,.F.);
#2080=ORIENTED_EDGE('',*,*,#3255,.F.);
#2081=ORIENTED_EDGE('',*,*,#3256,.T.);
#2082=ORIENTED_EDGE('',*,*,#3257,.T.);
#2083=ORIENTED_EDGE('',*,*,#3258,.F.);
#2084=ORIENTED_EDGE('',*,*,#3259,.F.);
#2085=ORIENTED_EDGE('',*,*,#3260,.F.);
#2086=ORIENTED_EDGE('',*,*,#3257,.F.);
#2087=ORIENTED_EDGE('',*,*,#3261,.T.);
#2088=ORIENTED_EDGE('',*,*,#3262,.T.);
#2089=ORIENTED_EDGE('',*,*,#3263,.F.);
#2090=ORIENTED_EDGE('',*,*,#3251,.F.);
#2091=ORIENTED_EDGE('',*,*,#3264,.F.);
#2092=ORIENTED_EDGE('',*,*,#3262,.F.);
#2093=ORIENTED_EDGE('',*,*,#3265,.T.);
#2094=ORIENTED_EDGE('',*,*,#3266,.T.);
#2095=ORIENTED_EDGE('',*,*,#3267,.T.);
#2096=ORIENTED_EDGE('',*,*,#3268,.T.);
#2097=ORIENTED_EDGE('',*,*,#3269,.F.);
#2098=ORIENTED_EDGE('',*,*,#3266,.F.);
#2099=ORIENTED_EDGE('',*,*,#3270,.T.);
#2100=ORIENTED_EDGE('',*,*,#3255,.T.);
#2101=ORIENTED_EDGE('',*,*,#3256,.F.);
#2102=ORIENTED_EDGE('',*,*,#3270,.F.);
#2103=ORIENTED_EDGE('',*,*,#3265,.F.);
#2104=ORIENTED_EDGE('',*,*,#3261,.F.);
#2105=ORIENTED_EDGE('',*,*,#3254,.T.);
#2106=ORIENTED_EDGE('',*,*,#3260,.T.);
#2107=ORIENTED_EDGE('',*,*,#3264,.T.);
#2108=ORIENTED_EDGE('',*,*,#3269,.T.);
#2109=ORIENTED_EDGE('',*,*,#3268,.F.);
#2110=ORIENTED_EDGE('',*,*,#3248,.F.);
#2111=ORIENTED_EDGE('',*,*,#3259,.T.);
#2112=ORIENTED_EDGE('',*,*,#3238,.F.);
#2113=ORIENTED_EDGE('',*,*,#3263,.T.);
#2114=ORIENTED_EDGE('',*,*,#3242,.F.);
#2115=ORIENTED_EDGE('',*,*,#3253,.F.);
#2116=ORIENTED_EDGE('',*,*,#3231,.F.);
#2117=ORIENTED_EDGE('',*,*,#3267,.F.);
#2118=ORIENTED_EDGE('',*,*,#3247,.F.);
#2119=ORIENTED_EDGE('',*,*,#3258,.T.);
#2120=ORIENTED_EDGE('',*,*,#3237,.F.);
#2121=ORIENTED_EDGE('',*,*,#3271,.T.);
#2122=ORIENTED_EDGE('',*,*,#3272,.T.);
#2123=ORIENTED_EDGE('',*,*,#3273,.T.);
#2124=ORIENTED_EDGE('',*,*,#3274,.F.);
#2125=ORIENTED_EDGE('',*,*,#3275,.F.);
#2126=ORIENTED_EDGE('',*,*,#3276,.T.);
#2127=ORIENTED_EDGE('',*,*,#3277,.T.);
#2128=ORIENTED_EDGE('',*,*,#3278,.T.);
#2129=ORIENTED_EDGE('',*,*,#3279,.T.);
#2130=ORIENTED_EDGE('',*,*,#3280,.F.);
#2131=ORIENTED_EDGE('',*,*,#3281,.F.);
#2132=ORIENTED_EDGE('',*,*,#3274,.T.);
#2133=ORIENTED_EDGE('',*,*,#3282,.T.);
#2134=ORIENTED_EDGE('',*,*,#3283,.T.);
#2135=ORIENTED_EDGE('',*,*,#3284,.T.);
#2136=ORIENTED_EDGE('',*,*,#3285,.F.);
#2137=ORIENTED_EDGE('',*,*,#3286,.F.);
#2138=ORIENTED_EDGE('',*,*,#3280,.T.);
#2139=ORIENTED_EDGE('',*,*,#3287,.T.);
#2140=ORIENTED_EDGE('',*,*,#3288,.T.);
#2141=ORIENTED_EDGE('',*,*,#3289,.T.);
#2142=ORIENTED_EDGE('',*,*,#3276,.F.);
#2143=ORIENTED_EDGE('',*,*,#3290,.F.);
#2144=ORIENTED_EDGE('',*,*,#3285,.T.);
#2145=ORIENTED_EDGE('',*,*,#3275,.T.);
#2146=ORIENTED_EDGE('',*,*,#3281,.T.);
#2147=ORIENTED_EDGE('',*,*,#3286,.T.);
#2148=ORIENTED_EDGE('',*,*,#3290,.T.);
#2149=ORIENTED_EDGE('',*,*,#3273,.F.);
#2150=ORIENTED_EDGE('',*,*,#3289,.F.);
#2151=ORIENTED_EDGE('',*,*,#3284,.F.);
#2152=ORIENTED_EDGE('',*,*,#3279,.F.);
#2153=ORIENTED_EDGE('',*,*,#3291,.T.);
#2154=ORIENTED_EDGE('',*,*,#3288,.F.);
#2155=ORIENTED_EDGE('',*,*,#3292,.F.);
#2156=ORIENTED_EDGE('',*,*,#3278,.F.);
#2157=ORIENTED_EDGE('',*,*,#3293,.T.);
#2158=ORIENTED_EDGE('',*,*,#3294,.T.);
#2159=ORIENTED_EDGE('',*,*,#3295,.F.);
#2160=ORIENTED_EDGE('',*,*,#3296,.F.);
#2161=ORIENTED_EDGE('',*,*,#3297,.T.);
#2162=ORIENTED_EDGE('',*,*,#3298,.T.);
#2163=ORIENTED_EDGE('',*,*,#3299,.T.);
#2164=ORIENTED_EDGE('',*,*,#3292,.T.);
#2165=ORIENTED_EDGE('',*,*,#3300,.F.);
#2166=ORIENTED_EDGE('',*,*,#3298,.F.);
#2167=ORIENTED_EDGE('',*,*,#3301,.T.);
#2168=ORIENTED_EDGE('',*,*,#3302,.T.);
#2169=ORIENTED_EDGE('',*,*,#3303,.F.);
#2170=ORIENTED_EDGE('',*,*,#3304,.F.);
#2171=ORIENTED_EDGE('',*,*,#3305,.F.);
#2172=ORIENTED_EDGE('',*,*,#3302,.F.);
#2173=ORIENTED_EDGE('',*,*,#3306,.T.);
#2174=ORIENTED_EDGE('',*,*,#3307,.T.);
#2175=ORIENTED_EDGE('',*,*,#3308,.F.);
#2176=ORIENTED_EDGE('',*,*,#3291,.F.);
#2177=ORIENTED_EDGE('',*,*,#3309,.F.);
#2178=ORIENTED_EDGE('',*,*,#3307,.F.);
#2179=ORIENTED_EDGE('',*,*,#3310,.T.);
#2180=ORIENTED_EDGE('',*,*,#3296,.T.);
#2181=ORIENTED_EDGE('',*,*,#3297,.F.);
#2182=ORIENTED_EDGE('',*,*,#3310,.F.);
#2183=ORIENTED_EDGE('',*,*,#3306,.F.);
#2184=ORIENTED_EDGE('',*,*,#3301,.F.);
#2185=ORIENTED_EDGE('',*,*,#3295,.T.);
#2186=ORIENTED_EDGE('',*,*,#3300,.T.);
#2187=ORIENTED_EDGE('',*,*,#3305,.T.);
#2188=ORIENTED_EDGE('',*,*,#3309,.T.);
#2189=ORIENTED_EDGE('',*,*,#3304,.T.);
#2190=ORIENTED_EDGE('',*,*,#3283,.F.);
#2191=ORIENTED_EDGE('',*,*,#3294,.F.);
#2192=ORIENTED_EDGE('',*,*,#3272,.F.);
#2193=ORIENTED_EDGE('',*,*,#3308,.T.);
#2194=ORIENTED_EDGE('',*,*,#3287,.F.);
#2195=ORIENTED_EDGE('',*,*,#3299,.F.);
#2196=ORIENTED_EDGE('',*,*,#3277,.F.);
#2197=ORIENTED_EDGE('',*,*,#3303,.T.);
#2198=ORIENTED_EDGE('',*,*,#3282,.F.);
#2199=ORIENTED_EDGE('',*,*,#3293,.F.);
#2200=ORIENTED_EDGE('',*,*,#3271,.F.);
#2201=ORIENTED_EDGE('',*,*,#3311,.T.);
#2202=ORIENTED_EDGE('',*,*,#3312,.T.);
#2203=ORIENTED_EDGE('',*,*,#3313,.T.);
#2204=ORIENTED_EDGE('',*,*,#3314,.F.);
#2205=ORIENTED_EDGE('',*,*,#3315,.F.);
#2206=ORIENTED_EDGE('',*,*,#3316,.T.);
#2207=ORIENTED_EDGE('',*,*,#3317,.T.);
#2208=ORIENTED_EDGE('',*,*,#3318,.T.);
#2209=ORIENTED_EDGE('',*,*,#3319,.T.);
#2210=ORIENTED_EDGE('',*,*,#3320,.F.);
#2211=ORIENTED_EDGE('',*,*,#3321,.F.);
#2212=ORIENTED_EDGE('',*,*,#3314,.T.);
#2213=ORIENTED_EDGE('',*,*,#3322,.T.);
#2214=ORIENTED_EDGE('',*,*,#3323,.T.);
#2215=ORIENTED_EDGE('',*,*,#3324,.T.);
#2216=ORIENTED_EDGE('',*,*,#3325,.F.);
#2217=ORIENTED_EDGE('',*,*,#3326,.F.);
#2218=ORIENTED_EDGE('',*,*,#3320,.T.);
#2219=ORIENTED_EDGE('',*,*,#3327,.T.);
#2220=ORIENTED_EDGE('',*,*,#3328,.T.);
#2221=ORIENTED_EDGE('',*,*,#3329,.T.);
#2222=ORIENTED_EDGE('',*,*,#3316,.F.);
#2223=ORIENTED_EDGE('',*,*,#3330,.F.);
#2224=ORIENTED_EDGE('',*,*,#3325,.T.);
#2225=ORIENTED_EDGE('',*,*,#3315,.T.);
#2226=ORIENTED_EDGE('',*,*,#3321,.T.);
#2227=ORIENTED_EDGE('',*,*,#3326,.T.);
#2228=ORIENTED_EDGE('',*,*,#3330,.T.);
#2229=ORIENTED_EDGE('',*,*,#3313,.F.);
#2230=ORIENTED_EDGE('',*,*,#3329,.F.);
#2231=ORIENTED_EDGE('',*,*,#3324,.F.);
#2232=ORIENTED_EDGE('',*,*,#3319,.F.);
#2233=ORIENTED_EDGE('',*,*,#3331,.F.);
#2234=ORIENTED_EDGE('',*,*,#3323,.F.);
#2235=ORIENTED_EDGE('',*,*,#3332,.T.);
#2236=ORIENTED_EDGE('',*,*,#3312,.F.);
#2237=ORIENTED_EDGE('',*,*,#3333,.F.);
#2238=ORIENTED_EDGE('',*,*,#3332,.F.);
#2239=ORIENTED_EDGE('',*,*,#3334,.F.);
#2240=ORIENTED_EDGE('',*,*,#3335,.F.);
#2241=ORIENTED_EDGE('',*,*,#3336,.T.);
#2242=ORIENTED_EDGE('',*,*,#3337,.T.);
#2243=ORIENTED_EDGE('',*,*,#3338,.F.);
#2244=ORIENTED_EDGE('',*,*,#3339,.F.);
#2245=ORIENTED_EDGE('',*,*,#3340,.F.);
#2246=ORIENTED_EDGE('',*,*,#3337,.F.);
#2247=ORIENTED_EDGE('',*,*,#3341,.T.);
#2248=ORIENTED_EDGE('',*,*,#3342,.T.);
#2249=ORIENTED_EDGE('',*,*,#3343,.T.);
#2250=ORIENTED_EDGE('',*,*,#3331,.T.);
#2251=ORIENTED_EDGE('',*,*,#3344,.F.);
#2252=ORIENTED_EDGE('',*,*,#3342,.F.);
#2253=ORIENTED_EDGE('',*,*,#3345,.T.);
#2254=ORIENTED_EDGE('',*,*,#3346,.T.);
#2255=ORIENTED_EDGE('',*,*,#3347,.T.);
#2256=ORIENTED_EDGE('',*,*,#3348,.T.);
#2257=ORIENTED_EDGE('',*,*,#3349,.F.);
#2258=ORIENTED_EDGE('',*,*,#3346,.F.);
#2259=ORIENTED_EDGE('',*,*,#3350,.T.);
#2260=ORIENTED_EDGE('',*,*,#3335,.T.);
#2261=ORIENTED_EDGE('',*,*,#3336,.F.);
#2262=ORIENTED_EDGE('',*,*,#3350,.F.);
#2263=ORIENTED_EDGE('',*,*,#3345,.F.);
#2264=ORIENTED_EDGE('',*,*,#3341,.F.);
#2265=ORIENTED_EDGE('',*,*,#3334,.T.);
#2266=ORIENTED_EDGE('',*,*,#3340,.T.);
#2267=ORIENTED_EDGE('',*,*,#3344,.T.);
#2268=ORIENTED_EDGE('',*,*,#3349,.T.);
#2269=ORIENTED_EDGE('',*,*,#3343,.F.);
#2270=ORIENTED_EDGE('',*,*,#3322,.F.);
#2271=ORIENTED_EDGE('',*,*,#3333,.T.);
#2272=ORIENTED_EDGE('',*,*,#3311,.F.);
#2273=ORIENTED_EDGE('',*,*,#3348,.F.);
#2274=ORIENTED_EDGE('',*,*,#3328,.F.);
#2275=ORIENTED_EDGE('',*,*,#3339,.T.);
#2276=ORIENTED_EDGE('',*,*,#3318,.F.);
#2277=ORIENTED_EDGE('',*,*,#3347,.F.);
#2278=ORIENTED_EDGE('',*,*,#3327,.F.);
#2279=ORIENTED_EDGE('',*,*,#3338,.T.);
#2280=ORIENTED_EDGE('',*,*,#3317,.F.);
#2281=ORIENTED_EDGE('',*,*,#3351,.T.);
#2282=ORIENTED_EDGE('',*,*,#3352,.T.);
#2283=ORIENTED_EDGE('',*,*,#3353,.T.);
#2284=ORIENTED_EDGE('',*,*,#3354,.F.);
#2285=ORIENTED_EDGE('',*,*,#3355,.F.);
#2286=ORIENTED_EDGE('',*,*,#3356,.T.);
#2287=ORIENTED_EDGE('',*,*,#3357,.T.);
#2288=ORIENTED_EDGE('',*,*,#3358,.T.);
#2289=ORIENTED_EDGE('',*,*,#3359,.T.);
#2290=ORIENTED_EDGE('',*,*,#3360,.F.);
#2291=ORIENTED_EDGE('',*,*,#3361,.F.);
#2292=ORIENTED_EDGE('',*,*,#3354,.T.);
#2293=ORIENTED_EDGE('',*,*,#3362,.T.);
#2294=ORIENTED_EDGE('',*,*,#3363,.T.);
#2295=ORIENTED_EDGE('',*,*,#3364,.T.);
#2296=ORIENTED_EDGE('',*,*,#3365,.F.);
#2297=ORIENTED_EDGE('',*,*,#3366,.F.);
#2298=ORIENTED_EDGE('',*,*,#3360,.T.);
#2299=ORIENTED_EDGE('',*,*,#3367,.T.);
#2300=ORIENTED_EDGE('',*,*,#3368,.T.);
#2301=ORIENTED_EDGE('',*,*,#3369,.T.);
#2302=ORIENTED_EDGE('',*,*,#3356,.F.);
#2303=ORIENTED_EDGE('',*,*,#3370,.F.);
#2304=ORIENTED_EDGE('',*,*,#3365,.T.);
#2305=ORIENTED_EDGE('',*,*,#3355,.T.);
#2306=ORIENTED_EDGE('',*,*,#3361,.T.);
#2307=ORIENTED_EDGE('',*,*,#3366,.T.);
#2308=ORIENTED_EDGE('',*,*,#3370,.T.);
#2309=ORIENTED_EDGE('',*,*,#3353,.F.);
#2310=ORIENTED_EDGE('',*,*,#3369,.F.);
#2311=ORIENTED_EDGE('',*,*,#3364,.F.);
#2312=ORIENTED_EDGE('',*,*,#3359,.F.);
#2313=ORIENTED_EDGE('',*,*,#3371,.F.);
#2314=ORIENTED_EDGE('',*,*,#3363,.F.);
#2315=ORIENTED_EDGE('',*,*,#3372,.T.);
#2316=ORIENTED_EDGE('',*,*,#3352,.F.);
#2317=ORIENTED_EDGE('',*,*,#3373,.F.);
#2318=ORIENTED_EDGE('',*,*,#3372,.F.);
#2319=ORIENTED_EDGE('',*,*,#3374,.F.);
#2320=ORIENTED_EDGE('',*,*,#3375,.F.);
#2321=ORIENTED_EDGE('',*,*,#3376,.T.);
#2322=ORIENTED_EDGE('',*,*,#3377,.T.);
#2323=ORIENTED_EDGE('',*,*,#3378,.T.);
#2324=ORIENTED_EDGE('',*,*,#3379,.T.);
#2325=ORIENTED_EDGE('',*,*,#3380,.F.);
#2326=ORIENTED_EDGE('',*,*,#3377,.F.);
#2327=ORIENTED_EDGE('',*,*,#3381,.T.);
#2328=ORIENTED_EDGE('',*,*,#3382,.T.);
#2329=ORIENTED_EDGE('',*,*,#3383,.T.);
#2330=ORIENTED_EDGE('',*,*,#3371,.T.);
#2331=ORIENTED_EDGE('',*,*,#3384,.F.);
#2332=ORIENTED_EDGE('',*,*,#3382,.F.);
#2333=ORIENTED_EDGE('',*,*,#3385,.T.);
#2334=ORIENTED_EDGE('',*,*,#3386,.T.);
#2335=ORIENTED_EDGE('',*,*,#3387,.F.);
#2336=ORIENTED_EDGE('',*,*,#3388,.F.);
#2337=ORIENTED_EDGE('',*,*,#3389,.F.);
#2338=ORIENTED_EDGE('',*,*,#3386,.F.);
#2339=ORIENTED_EDGE('',*,*,#3390,.T.);
#2340=ORIENTED_EDGE('',*,*,#3375,.T.);
#2341=ORIENTED_EDGE('',*,*,#3376,.F.);
#2342=ORIENTED_EDGE('',*,*,#3390,.F.);
#2343=ORIENTED_EDGE('',*,*,#3385,.F.);
#2344=ORIENTED_EDGE('',*,*,#3381,.F.);
#2345=ORIENTED_EDGE('',*,*,#3374,.T.);
#2346=ORIENTED_EDGE('',*,*,#3380,.T.);
#2347=ORIENTED_EDGE('',*,*,#3384,.T.);
#2348=ORIENTED_EDGE('',*,*,#3389,.T.);
#2349=ORIENTED_EDGE('',*,*,#3388,.T.);
#2350=ORIENTED_EDGE('',*,*,#3368,.F.);
#2351=ORIENTED_EDGE('',*,*,#3379,.F.);
#2352=ORIENTED_EDGE('',*,*,#3358,.F.);
#2353=ORIENTED_EDGE('',*,*,#3383,.F.);
#2354=ORIENTED_EDGE('',*,*,#3362,.F.);
#2355=ORIENTED_EDGE('',*,*,#3373,.T.);
#2356=ORIENTED_EDGE('',*,*,#3351,.F.);
#2357=ORIENTED_EDGE('',*,*,#3387,.T.);
#2358=ORIENTED_EDGE('',*,*,#3367,.F.);
#2359=ORIENTED_EDGE('',*,*,#3378,.F.);
#2360=ORIENTED_EDGE('',*,*,#3357,.F.);
#2361=ORIENTED_EDGE('',*,*,#3391,.F.);
#2362=ORIENTED_EDGE('',*,*,#3392,.F.);
#2363=ORIENTED_EDGE('',*,*,#3393,.T.);
#2364=ORIENTED_EDGE('',*,*,#3394,.T.);
#2365=ORIENTED_EDGE('',*,*,#3395,.F.);
#2366=ORIENTED_EDGE('',*,*,#3396,.F.);
#2367=ORIENTED_EDGE('',*,*,#3397,.F.);
#2368=ORIENTED_EDGE('',*,*,#3394,.F.);
#2369=ORIENTED_EDGE('',*,*,#3398,.T.);
#2370=ORIENTED_EDGE('',*,*,#3399,.T.);
#2371=ORIENTED_EDGE('',*,*,#3400,.F.);
#2372=ORIENTED_EDGE('',*,*,#3399,.F.);
#2373=ORIENTED_EDGE('',*,*,#3401,.T.);
#2374=ORIENTED_EDGE('',*,*,#3402,.T.);
#2375=ORIENTED_EDGE('',*,*,#3403,.F.);
#2376=ORIENTED_EDGE('',*,*,#3404,.F.);
#2377=ORIENTED_EDGE('',*,*,#3405,.F.);
#2378=ORIENTED_EDGE('',*,*,#3402,.F.);
#2379=ORIENTED_EDGE('',*,*,#3406,.T.);
#2380=ORIENTED_EDGE('',*,*,#3392,.T.);
#2381=ORIENTED_EDGE('',*,*,#3393,.F.);
#2382=ORIENTED_EDGE('',*,*,#3406,.F.);
#2383=ORIENTED_EDGE('',*,*,#3401,.F.);
#2384=ORIENTED_EDGE('',*,*,#3398,.F.);
#2385=ORIENTED_EDGE('',*,*,#3391,.T.);
#2386=ORIENTED_EDGE('',*,*,#3397,.T.);
#2387=ORIENTED_EDGE('',*,*,#3400,.T.);
#2388=ORIENTED_EDGE('',*,*,#3405,.T.);
#2389=ORIENTED_EDGE('',*,*,#3404,.T.);
#2390=ORIENTED_EDGE('',*,*,#3407,.F.);
#2391=ORIENTED_EDGE('',*,*,#3396,.T.);
#2392=ORIENTED_EDGE('',*,*,#3408,.F.);
#2393=ORIENTED_EDGE('',*,*,#3409,.T.);
#2394=ORIENTED_EDGE('',*,*,#3410,.F.);
#2395=ORIENTED_EDGE('',*,*,#3411,.F.);
#2396=ORIENTED_EDGE('',*,*,#3412,.T.);
#2397=ORIENTED_EDGE('',*,*,#3413,.T.);
#2398=ORIENTED_EDGE('',*,*,#3408,.T.);
#2399=ORIENTED_EDGE('',*,*,#3414,.T.);
#2400=ORIENTED_EDGE('',*,*,#3415,.F.);
#2401=ORIENTED_EDGE('',*,*,#3416,.F.);
#2402=ORIENTED_EDGE('',*,*,#3410,.T.);
#2403=ORIENTED_EDGE('',*,*,#3417,.T.);
#2404=ORIENTED_EDGE('',*,*,#3418,.F.);
#2405=ORIENTED_EDGE('',*,*,#3419,.F.);
#2406=ORIENTED_EDGE('',*,*,#3415,.T.);
#2407=ORIENTED_EDGE('',*,*,#3420,.T.);
#2408=ORIENTED_EDGE('',*,*,#3407,.T.);
#2409=ORIENTED_EDGE('',*,*,#3421,.T.);
#2410=ORIENTED_EDGE('',*,*,#3412,.F.);
#2411=ORIENTED_EDGE('',*,*,#3422,.F.);
#2412=ORIENTED_EDGE('',*,*,#3418,.T.);
#2413=ORIENTED_EDGE('',*,*,#3411,.T.);
#2414=ORIENTED_EDGE('',*,*,#3416,.T.);
#2415=ORIENTED_EDGE('',*,*,#3419,.T.);
#2416=ORIENTED_EDGE('',*,*,#3422,.T.);
#2417=ORIENTED_EDGE('',*,*,#3409,.F.);
#2418=ORIENTED_EDGE('',*,*,#3421,.F.);
#2419=ORIENTED_EDGE('',*,*,#3417,.F.);
#2420=ORIENTED_EDGE('',*,*,#3414,.F.);
#2421=ORIENTED_EDGE('',*,*,#3403,.T.);
#2422=ORIENTED_EDGE('',*,*,#3420,.F.);
#2423=ORIENTED_EDGE('',*,*,#3395,.T.);
#2424=ORIENTED_EDGE('',*,*,#3413,.F.);
#2425=ORIENTED_EDGE('',*,*,#3423,.T.);
#2426=ORIENTED_EDGE('',*,*,#3424,.F.);
#2427=ORIENTED_EDGE('',*,*,#3425,.F.);
#2428=ORIENTED_EDGE('',*,*,#3426,.T.);
#2429=ORIENTED_EDGE('',*,*,#3427,.T.);
#2430=ORIENTED_EDGE('',*,*,#3428,.T.);
#2431=ORIENTED_EDGE('',*,*,#3429,.T.);
#2432=ORIENTED_EDGE('',*,*,#3430,.F.);
#2433=ORIENTED_EDGE('',*,*,#3431,.F.);
#2434=ORIENTED_EDGE('',*,*,#3424,.T.);
#2435=ORIENTED_EDGE('',*,*,#3432,.T.);
#2436=ORIENTED_EDGE('',*,*,#3433,.F.);
#2437=ORIENTED_EDGE('',*,*,#3434,.F.);
#2438=ORIENTED_EDGE('',*,*,#3430,.T.);
#2439=ORIENTED_EDGE('',*,*,#3435,.T.);
#2440=ORIENTED_EDGE('',*,*,#3436,.T.);
#2441=ORIENTED_EDGE('',*,*,#3437,.T.);
#2442=ORIENTED_EDGE('',*,*,#3426,.F.);
#2443=ORIENTED_EDGE('',*,*,#3438,.F.);
#2444=ORIENTED_EDGE('',*,*,#3433,.T.);
#2445=ORIENTED_EDGE('',*,*,#3425,.T.);
#2446=ORIENTED_EDGE('',*,*,#3431,.T.);
#2447=ORIENTED_EDGE('',*,*,#3434,.T.);
#2448=ORIENTED_EDGE('',*,*,#3438,.T.);
#2449=ORIENTED_EDGE('',*,*,#3423,.F.);
#2450=ORIENTED_EDGE('',*,*,#3437,.F.);
#2451=ORIENTED_EDGE('',*,*,#3432,.F.);
#2452=ORIENTED_EDGE('',*,*,#3429,.F.);
#2453=ORIENTED_EDGE('',*,*,#3439,.T.);
#2454=ORIENTED_EDGE('',*,*,#3436,.F.);
#2455=ORIENTED_EDGE('',*,*,#3440,.F.);
#2456=ORIENTED_EDGE('',*,*,#3428,.F.);
#2457=ORIENTED_EDGE('',*,*,#3441,.F.);
#2458=ORIENTED_EDGE('',*,*,#3442,.F.);
#2459=ORIENTED_EDGE('',*,*,#3443,.T.);
#2460=ORIENTED_EDGE('',*,*,#3444,.T.);
#2461=ORIENTED_EDGE('',*,*,#3445,.T.);
#2462=ORIENTED_EDGE('',*,*,#3440,.T.);
#2463=ORIENTED_EDGE('',*,*,#3446,.F.);
#2464=ORIENTED_EDGE('',*,*,#3444,.F.);
#2465=ORIENTED_EDGE('',*,*,#3447,.T.);
#2466=ORIENTED_EDGE('',*,*,#3448,.T.);
#2467=ORIENTED_EDGE('',*,*,#3449,.F.);
#2468=ORIENTED_EDGE('',*,*,#3448,.F.);
#2469=ORIENTED_EDGE('',*,*,#3450,.T.);
#2470=ORIENTED_EDGE('',*,*,#3451,.T.);
#2471=ORIENTED_EDGE('',*,*,#3452,.F.);
#2472=ORIENTED_EDGE('',*,*,#3439,.F.);
#2473=ORIENTED_EDGE('',*,*,#3453,.F.);
#2474=ORIENTED_EDGE('',*,*,#3451,.F.);
#2475=ORIENTED_EDGE('',*,*,#3454,.T.);
#2476=ORIENTED_EDGE('',*,*,#3442,.T.);
#2477=ORIENTED_EDGE('',*,*,#3443,.F.);
#2478=ORIENTED_EDGE('',*,*,#3454,.F.);
#2479=ORIENTED_EDGE('',*,*,#3450,.F.);
#2480=ORIENTED_EDGE('',*,*,#3447,.F.);
#2481=ORIENTED_EDGE('',*,*,#3441,.T.);
#2482=ORIENTED_EDGE('',*,*,#3446,.T.);
#2483=ORIENTED_EDGE('',*,*,#3449,.T.);
#2484=ORIENTED_EDGE('',*,*,#3453,.T.);
#2485=ORIENTED_EDGE('',*,*,#3452,.T.);
#2486=ORIENTED_EDGE('',*,*,#3435,.F.);
#2487=ORIENTED_EDGE('',*,*,#3445,.F.);
#2488=ORIENTED_EDGE('',*,*,#3427,.F.);
#2489=ORIENTED_EDGE('',*,*,#3455,.F.);
#2490=ORIENTED_EDGE('',*,*,#3456,.F.);
#2491=ORIENTED_EDGE('',*,*,#3457,.T.);
#2492=ORIENTED_EDGE('',*,*,#3458,.T.);
#2493=ORIENTED_EDGE('',*,*,#3459,.F.);
#2494=ORIENTED_EDGE('',*,*,#3460,.F.);
#2495=ORIENTED_EDGE('',*,*,#3461,.F.);
#2496=ORIENTED_EDGE('',*,*,#3458,.F.);
#2497=ORIENTED_EDGE('',*,*,#3462,.T.);
#2498=ORIENTED_EDGE('',*,*,#3463,.T.);
#2499=ORIENTED_EDGE('',*,*,#3464,.F.);
#2500=ORIENTED_EDGE('',*,*,#3463,.F.);
#2501=ORIENTED_EDGE('',*,*,#3465,.T.);
#2502=ORIENTED_EDGE('',*,*,#3466,.T.);
#2503=ORIENTED_EDGE('',*,*,#3467,.F.);
#2504=ORIENTED_EDGE('',*,*,#3468,.F.);
#2505=ORIENTED_EDGE('',*,*,#3469,.F.);
#2506=ORIENTED_EDGE('',*,*,#3466,.F.);
#2507=ORIENTED_EDGE('',*,*,#3470,.T.);
#2508=ORIENTED_EDGE('',*,*,#3456,.T.);
#2509=ORIENTED_EDGE('',*,*,#3457,.F.);
#2510=ORIENTED_EDGE('',*,*,#3470,.F.);
#2511=ORIENTED_EDGE('',*,*,#3465,.F.);
#2512=ORIENTED_EDGE('',*,*,#3462,.F.);
#2513=ORIENTED_EDGE('',*,*,#3455,.T.);
#2514=ORIENTED_EDGE('',*,*,#3461,.T.);
#2515=ORIENTED_EDGE('',*,*,#3464,.T.);
#2516=ORIENTED_EDGE('',*,*,#3469,.T.);
#2517=ORIENTED_EDGE('',*,*,#3468,.T.);
#2518=ORIENTED_EDGE('',*,*,#3471,.F.);
#2519=ORIENTED_EDGE('',*,*,#3460,.T.);
#2520=ORIENTED_EDGE('',*,*,#3472,.F.);
#2521=ORIENTED_EDGE('',*,*,#3473,.T.);
#2522=ORIENTED_EDGE('',*,*,#3474,.F.);
#2523=ORIENTED_EDGE('',*,*,#3475,.F.);
#2524=ORIENTED_EDGE('',*,*,#3476,.T.);
#2525=ORIENTED_EDGE('',*,*,#3477,.T.);
#2526=ORIENTED_EDGE('',*,*,#3472,.T.);
#2527=ORIENTED_EDGE('',*,*,#3478,.T.);
#2528=ORIENTED_EDGE('',*,*,#3479,.F.);
#2529=ORIENTED_EDGE('',*,*,#3480,.F.);
#2530=ORIENTED_EDGE('',*,*,#3474,.T.);
#2531=ORIENTED_EDGE('',*,*,#3481,.T.);
#2532=ORIENTED_EDGE('',*,*,#3482,.F.);
#2533=ORIENTED_EDGE('',*,*,#3483,.F.);
#2534=ORIENTED_EDGE('',*,*,#3479,.T.);
#2535=ORIENTED_EDGE('',*,*,#3484,.T.);
#2536=ORIENTED_EDGE('',*,*,#3471,.T.);
#2537=ORIENTED_EDGE('',*,*,#3485,.T.);
#2538=ORIENTED_EDGE('',*,*,#3476,.F.);
#2539=ORIENTED_EDGE('',*,*,#3486,.F.);
#2540=ORIENTED_EDGE('',*,*,#3482,.T.);
#2541=ORIENTED_EDGE('',*,*,#3475,.T.);
#2542=ORIENTED_EDGE('',*,*,#3480,.T.);
#2543=ORIENTED_EDGE('',*,*,#3483,.T.);
#2544=ORIENTED_EDGE('',*,*,#3486,.T.);
#2545=ORIENTED_EDGE('',*,*,#3473,.F.);
#2546=ORIENTED_EDGE('',*,*,#3485,.F.);
#2547=ORIENTED_EDGE('',*,*,#3481,.F.);
#2548=ORIENTED_EDGE('',*,*,#3478,.F.);
#2549=ORIENTED_EDGE('',*,*,#3467,.T.);
#2550=ORIENTED_EDGE('',*,*,#3484,.F.);
#2551=ORIENTED_EDGE('',*,*,#3459,.T.);
#2552=ORIENTED_EDGE('',*,*,#3477,.F.);
#2553=ORIENTED_EDGE('',*,*,#3487,.F.);
#2554=ORIENTED_EDGE('',*,*,#3488,.F.);
#2555=ORIENTED_EDGE('',*,*,#3489,.T.);
#2556=ORIENTED_EDGE('',*,*,#3490,.T.);
#2557=ORIENTED_EDGE('',*,*,#3491,.F.);
#2558=ORIENTED_EDGE('',*,*,#3492,.F.);
#2559=ORIENTED_EDGE('',*,*,#3493,.F.);
#2560=ORIENTED_EDGE('',*,*,#3490,.F.);
#2561=ORIENTED_EDGE('',*,*,#3494,.T.);
#2562=ORIENTED_EDGE('',*,*,#3495,.T.);
#2563=ORIENTED_EDGE('',*,*,#3496,.F.);
#2564=ORIENTED_EDGE('',*,*,#3495,.F.);
#2565=ORIENTED_EDGE('',*,*,#3497,.T.);
#2566=ORIENTED_EDGE('',*,*,#3498,.T.);
#2567=ORIENTED_EDGE('',*,*,#3499,.F.);
#2568=ORIENTED_EDGE('',*,*,#3500,.F.);
#2569=ORIENTED_EDGE('',*,*,#3501,.F.);
#2570=ORIENTED_EDGE('',*,*,#3498,.F.);
#2571=ORIENTED_EDGE('',*,*,#3502,.T.);
#2572=ORIENTED_EDGE('',*,*,#3488,.T.);
#2573=ORIENTED_EDGE('',*,*,#3489,.F.);
#2574=ORIENTED_EDGE('',*,*,#3502,.F.);
#2575=ORIENTED_EDGE('',*,*,#3497,.F.);
#2576=ORIENTED_EDGE('',*,*,#3494,.F.);
#2577=ORIENTED_EDGE('',*,*,#3487,.T.);
#2578=ORIENTED_EDGE('',*,*,#3493,.T.);
#2579=ORIENTED_EDGE('',*,*,#3496,.T.);
#2580=ORIENTED_EDGE('',*,*,#3501,.T.);
#2581=ORIENTED_EDGE('',*,*,#3500,.T.);
#2582=ORIENTED_EDGE('',*,*,#3503,.F.);
#2583=ORIENTED_EDGE('',*,*,#3492,.T.);
#2584=ORIENTED_EDGE('',*,*,#3504,.F.);
#2585=ORIENTED_EDGE('',*,*,#3505,.T.);
#2586=ORIENTED_EDGE('',*,*,#3506,.F.);
#2587=ORIENTED_EDGE('',*,*,#3507,.F.);
#2588=ORIENTED_EDGE('',*,*,#3508,.T.);
#2589=ORIENTED_EDGE('',*,*,#3509,.T.);
#2590=ORIENTED_EDGE('',*,*,#3504,.T.);
#2591=ORIENTED_EDGE('',*,*,#3510,.T.);
#2592=ORIENTED_EDGE('',*,*,#3511,.F.);
#2593=ORIENTED_EDGE('',*,*,#3512,.F.);
#2594=ORIENTED_EDGE('',*,*,#3506,.T.);
#2595=ORIENTED_EDGE('',*,*,#3513,.T.);
#2596=ORIENTED_EDGE('',*,*,#3514,.F.);
#2597=ORIENTED_EDGE('',*,*,#3515,.F.);
#2598=ORIENTED_EDGE('',*,*,#3511,.T.);
#2599=ORIENTED_EDGE('',*,*,#3516,.T.);
#2600=ORIENTED_EDGE('',*,*,#3503,.T.);
#2601=ORIENTED_EDGE('',*,*,#3517,.T.);
#2602=ORIENTED_EDGE('',*,*,#3508,.F.);
#2603=ORIENTED_EDGE('',*,*,#3518,.F.);
#2604=ORIENTED_EDGE('',*,*,#3514,.T.);
#2605=ORIENTED_EDGE('',*,*,#3507,.T.);
#2606=ORIENTED_EDGE('',*,*,#3512,.T.);
#2607=ORIENTED_EDGE('',*,*,#3515,.T.);
#2608=ORIENTED_EDGE('',*,*,#3518,.T.);
#2609=ORIENTED_EDGE('',*,*,#3505,.F.);
#2610=ORIENTED_EDGE('',*,*,#3517,.F.);
#2611=ORIENTED_EDGE('',*,*,#3513,.F.);
#2612=ORIENTED_EDGE('',*,*,#3510,.F.);
#2613=ORIENTED_EDGE('',*,*,#3499,.T.);
#2614=ORIENTED_EDGE('',*,*,#3516,.F.);
#2615=ORIENTED_EDGE('',*,*,#3491,.T.);
#2616=ORIENTED_EDGE('',*,*,#3509,.F.);
#2617=ORIENTED_EDGE('',*,*,#3519,.T.);
#2618=ORIENTED_EDGE('',*,*,#3520,.F.);
#2619=ORIENTED_EDGE('',*,*,#3521,.F.);
#2620=ORIENTED_EDGE('',*,*,#3522,.T.);
#2621=ORIENTED_EDGE('',*,*,#3523,.T.);
#2622=ORIENTED_EDGE('',*,*,#3524,.F.);
#2623=ORIENTED_EDGE('',*,*,#3525,.F.);
#2624=ORIENTED_EDGE('',*,*,#3520,.T.);
#2625=ORIENTED_EDGE('',*,*,#3526,.T.);
#2626=ORIENTED_EDGE('',*,*,#3527,.F.);
#2627=ORIENTED_EDGE('',*,*,#3528,.F.);
#2628=ORIENTED_EDGE('',*,*,#3524,.T.);
#2629=ORIENTED_EDGE('',*,*,#3529,.T.);
#2630=ORIENTED_EDGE('',*,*,#3522,.F.);
#2631=ORIENTED_EDGE('',*,*,#3530,.F.);
#2632=ORIENTED_EDGE('',*,*,#3527,.T.);
#2633=ORIENTED_EDGE('',*,*,#3521,.T.);
#2634=ORIENTED_EDGE('',*,*,#3525,.T.);
#2635=ORIENTED_EDGE('',*,*,#3528,.T.);
#2636=ORIENTED_EDGE('',*,*,#3530,.T.);
#2637=ORIENTED_EDGE('',*,*,#3519,.F.);
#2638=ORIENTED_EDGE('',*,*,#3529,.F.);
#2639=ORIENTED_EDGE('',*,*,#3526,.F.);
#2640=ORIENTED_EDGE('',*,*,#3523,.F.);
#2641=ORIENTED_EDGE('',*,*,#3531,.T.);
#2642=ORIENTED_EDGE('',*,*,#3532,.F.);
#2643=ORIENTED_EDGE('',*,*,#3533,.F.);
#2644=ORIENTED_EDGE('',*,*,#3534,.T.);
#2645=ORIENTED_EDGE('',*,*,#3535,.T.);
#2646=ORIENTED_EDGE('',*,*,#3536,.F.);
#2647=ORIENTED_EDGE('',*,*,#3537,.F.);
#2648=ORIENTED_EDGE('',*,*,#3532,.T.);
#2649=ORIENTED_EDGE('',*,*,#3538,.T.);
#2650=ORIENTED_EDGE('',*,*,#3539,.F.);
#2651=ORIENTED_EDGE('',*,*,#3540,.F.);
#2652=ORIENTED_EDGE('',*,*,#3536,.T.);
#2653=ORIENTED_EDGE('',*,*,#3541,.T.);
#2654=ORIENTED_EDGE('',*,*,#3534,.F.);
#2655=ORIENTED_EDGE('',*,*,#3542,.F.);
#2656=ORIENTED_EDGE('',*,*,#3539,.T.);
#2657=ORIENTED_EDGE('',*,*,#3533,.T.);
#2658=ORIENTED_EDGE('',*,*,#3537,.T.);
#2659=ORIENTED_EDGE('',*,*,#3540,.T.);
#2660=ORIENTED_EDGE('',*,*,#3542,.T.);
#2661=ORIENTED_EDGE('',*,*,#3531,.F.);
#2662=ORIENTED_EDGE('',*,*,#3541,.F.);
#2663=ORIENTED_EDGE('',*,*,#3538,.F.);
#2664=ORIENTED_EDGE('',*,*,#3535,.F.);
#2665=ORIENTED_EDGE('',*,*,#3543,.T.);
#2666=ORIENTED_EDGE('',*,*,#3544,.F.);
#2667=ORIENTED_EDGE('',*,*,#3545,.F.);
#2668=ORIENTED_EDGE('',*,*,#3546,.T.);
#2669=ORIENTED_EDGE('',*,*,#3547,.T.);
#2670=ORIENTED_EDGE('',*,*,#3548,.F.);
#2671=ORIENTED_EDGE('',*,*,#3549,.F.);
#2672=ORIENTED_EDGE('',*,*,#3544,.T.);
#2673=ORIENTED_EDGE('',*,*,#3550,.T.);
#2674=ORIENTED_EDGE('',*,*,#3551,.F.);
#2675=ORIENTED_EDGE('',*,*,#3552,.F.);
#2676=ORIENTED_EDGE('',*,*,#3548,.T.);
#2677=ORIENTED_EDGE('',*,*,#3553,.T.);
#2678=ORIENTED_EDGE('',*,*,#3546,.F.);
#2679=ORIENTED_EDGE('',*,*,#3554,.F.);
#2680=ORIENTED_EDGE('',*,*,#3551,.T.);
#2681=ORIENTED_EDGE('',*,*,#3545,.T.);
#2682=ORIENTED_EDGE('',*,*,#3549,.T.);
#2683=ORIENTED_EDGE('',*,*,#3552,.T.);
#2684=ORIENTED_EDGE('',*,*,#3554,.T.);
#2685=ORIENTED_EDGE('',*,*,#3543,.F.);
#2686=ORIENTED_EDGE('',*,*,#3553,.F.);
#2687=ORIENTED_EDGE('',*,*,#3550,.F.);
#2688=ORIENTED_EDGE('',*,*,#3547,.F.);
#2689=ORIENTED_EDGE('',*,*,#3555,.T.);
#2690=ORIENTED_EDGE('',*,*,#3556,.F.);
#2691=ORIENTED_EDGE('',*,*,#3557,.F.);
#2692=ORIENTED_EDGE('',*,*,#3558,.T.);
#2693=ORIENTED_EDGE('',*,*,#3559,.T.);
#2694=ORIENTED_EDGE('',*,*,#3560,.F.);
#2695=ORIENTED_EDGE('',*,*,#3561,.F.);
#2696=ORIENTED_EDGE('',*,*,#3556,.T.);
#2697=ORIENTED_EDGE('',*,*,#3562,.T.);
#2698=ORIENTED_EDGE('',*,*,#3563,.F.);
#2699=ORIENTED_EDGE('',*,*,#3564,.F.);
#2700=ORIENTED_EDGE('',*,*,#3560,.T.);
#2701=ORIENTED_EDGE('',*,*,#3565,.T.);
#2702=ORIENTED_EDGE('',*,*,#3558,.F.);
#2703=ORIENTED_EDGE('',*,*,#3566,.F.);
#2704=ORIENTED_EDGE('',*,*,#3563,.T.);
#2705=ORIENTED_EDGE('',*,*,#3557,.T.);
#2706=ORIENTED_EDGE('',*,*,#3561,.T.);
#2707=ORIENTED_EDGE('',*,*,#3564,.T.);
#2708=ORIENTED_EDGE('',*,*,#3566,.T.);
#2709=ORIENTED_EDGE('',*,*,#3555,.F.);
#2710=ORIENTED_EDGE('',*,*,#3565,.F.);
#2711=ORIENTED_EDGE('',*,*,#3562,.F.);
#2712=ORIENTED_EDGE('',*,*,#3559,.F.);
#2713=ORIENTED_EDGE('',*,*,#3567,.T.);
#2714=ORIENTED_EDGE('',*,*,#3568,.F.);
#2715=ORIENTED_EDGE('',*,*,#3569,.F.);
#2716=ORIENTED_EDGE('',*,*,#3570,.T.);
#2717=ORIENTED_EDGE('',*,*,#3571,.T.);
#2718=ORIENTED_EDGE('',*,*,#3572,.F.);
#2719=ORIENTED_EDGE('',*,*,#3573,.F.);
#2720=ORIENTED_EDGE('',*,*,#3568,.T.);
#2721=ORIENTED_EDGE('',*,*,#3574,.T.);
#2722=ORIENTED_EDGE('',*,*,#3575,.F.);
#2723=ORIENTED_EDGE('',*,*,#3576,.F.);
#2724=ORIENTED_EDGE('',*,*,#3572,.T.);
#2725=ORIENTED_EDGE('',*,*,#3577,.T.);
#2726=ORIENTED_EDGE('',*,*,#3570,.F.);
#2727=ORIENTED_EDGE('',*,*,#3578,.F.);
#2728=ORIENTED_EDGE('',*,*,#3575,.T.);
#2729=ORIENTED_EDGE('',*,*,#3569,.T.);
#2730=ORIENTED_EDGE('',*,*,#3573,.T.);
#2731=ORIENTED_EDGE('',*,*,#3576,.T.);
#2732=ORIENTED_EDGE('',*,*,#3578,.T.);
#2733=ORIENTED_EDGE('',*,*,#3567,.F.);
#2734=ORIENTED_EDGE('',*,*,#3577,.F.);
#2735=ORIENTED_EDGE('',*,*,#3574,.F.);
#2736=ORIENTED_EDGE('',*,*,#3571,.F.);
#2737=ORIENTED_EDGE('',*,*,#3579,.T.);
#2738=ORIENTED_EDGE('',*,*,#3580,.F.);
#2739=ORIENTED_EDGE('',*,*,#3581,.F.);
#2740=ORIENTED_EDGE('',*,*,#3582,.T.);
#2741=ORIENTED_EDGE('',*,*,#3583,.T.);
#2742=ORIENTED_EDGE('',*,*,#3584,.F.);
#2743=ORIENTED_EDGE('',*,*,#3585,.F.);
#2744=ORIENTED_EDGE('',*,*,#3580,.T.);
#2745=ORIENTED_EDGE('',*,*,#3586,.T.);
#2746=ORIENTED_EDGE('',*,*,#3587,.F.);
#2747=ORIENTED_EDGE('',*,*,#3588,.F.);
#2748=ORIENTED_EDGE('',*,*,#3584,.T.);
#2749=ORIENTED_EDGE('',*,*,#3589,.T.);
#2750=ORIENTED_EDGE('',*,*,#3582,.F.);
#2751=ORIENTED_EDGE('',*,*,#3590,.F.);
#2752=ORIENTED_EDGE('',*,*,#3587,.T.);
#2753=ORIENTED_EDGE('',*,*,#3581,.T.);
#2754=ORIENTED_EDGE('',*,*,#3585,.T.);
#2755=ORIENTED_EDGE('',*,*,#3588,.T.);
#2756=ORIENTED_EDGE('',*,*,#3590,.T.);
#2757=ORIENTED_EDGE('',*,*,#3579,.F.);
#2758=ORIENTED_EDGE('',*,*,#3589,.F.);
#2759=ORIENTED_EDGE('',*,*,#3586,.F.);
#2760=ORIENTED_EDGE('',*,*,#3583,.F.);
#2761=ORIENTED_EDGE('',*,*,#3591,.T.);
#2762=ORIENTED_EDGE('',*,*,#3592,.F.);
#2763=ORIENTED_EDGE('',*,*,#3593,.F.);
#2764=ORIENTED_EDGE('',*,*,#3594,.T.);
#2765=ORIENTED_EDGE('',*,*,#3595,.T.);
#2766=ORIENTED_EDGE('',*,*,#3596,.F.);
#2767=ORIENTED_EDGE('',*,*,#3597,.F.);
#2768=ORIENTED_EDGE('',*,*,#3592,.T.);
#2769=ORIENTED_EDGE('',*,*,#3598,.T.);
#2770=ORIENTED_EDGE('',*,*,#3599,.F.);
#2771=ORIENTED_EDGE('',*,*,#3600,.F.);
#2772=ORIENTED_EDGE('',*,*,#3596,.T.);
#2773=ORIENTED_EDGE('',*,*,#3601,.T.);
#2774=ORIENTED_EDGE('',*,*,#3594,.F.);
#2775=ORIENTED_EDGE('',*,*,#3602,.F.);
#2776=ORIENTED_EDGE('',*,*,#3599,.T.);
#2777=ORIENTED_EDGE('',*,*,#3593,.T.);
#2778=ORIENTED_EDGE('',*,*,#3597,.T.);
#2779=ORIENTED_EDGE('',*,*,#3600,.T.);
#2780=ORIENTED_EDGE('',*,*,#3602,.T.);
#2781=ORIENTED_EDGE('',*,*,#3591,.F.);
#2782=ORIENTED_EDGE('',*,*,#3601,.F.);
#2783=ORIENTED_EDGE('',*,*,#3598,.F.);
#2784=ORIENTED_EDGE('',*,*,#3595,.F.);
#2785=ORIENTED_EDGE('',*,*,#3603,.T.);
#2786=ORIENTED_EDGE('',*,*,#3604,.T.);
#2787=ORIENTED_EDGE('',*,*,#3605,.F.);
#2788=ORIENTED_EDGE('',*,*,#3606,.F.);
#2789=ORIENTED_EDGE('',*,*,#3607,.T.);
#2790=ORIENTED_EDGE('',*,*,#3608,.T.);
#2791=ORIENTED_EDGE('',*,*,#3609,.F.);
#2792=ORIENTED_EDGE('',*,*,#3610,.F.);
#2793=ORIENTED_EDGE('',*,*,#3605,.T.);
#2794=ORIENTED_EDGE('',*,*,#3611,.T.);
#2795=ORIENTED_EDGE('',*,*,#3612,.F.);
#2796=ORIENTED_EDGE('',*,*,#3613,.F.);
#2797=ORIENTED_EDGE('',*,*,#3609,.T.);
#2798=ORIENTED_EDGE('',*,*,#3614,.T.);
#2799=ORIENTED_EDGE('',*,*,#3607,.F.);
#2800=ORIENTED_EDGE('',*,*,#3615,.F.);
#2801=ORIENTED_EDGE('',*,*,#3612,.T.);
#2802=ORIENTED_EDGE('',*,*,#3606,.T.);
#2803=ORIENTED_EDGE('',*,*,#3610,.T.);
#2804=ORIENTED_EDGE('',*,*,#3613,.T.);
#2805=ORIENTED_EDGE('',*,*,#3615,.T.);
#2806=ORIENTED_EDGE('',*,*,#3604,.F.);
#2807=ORIENTED_EDGE('',*,*,#3614,.F.);
#2808=ORIENTED_EDGE('',*,*,#3611,.F.);
#2809=ORIENTED_EDGE('',*,*,#3608,.F.);
#2810=ORIENTED_EDGE('',*,*,#3616,.F.);
#2811=ORIENTED_EDGE('',*,*,#3616,.T.);
#2812=ORIENTED_EDGE('',*,*,#3603,.F.);
#2813=ORIENTED_EDGE('',*,*,#3617,.T.);
#2814=ORIENTED_EDGE('',*,*,#3618,.F.);
#2815=ORIENTED_EDGE('',*,*,#3619,.F.);
#2816=ORIENTED_EDGE('',*,*,#3620,.T.);
#2817=ORIENTED_EDGE('',*,*,#3621,.T.);
#2818=ORIENTED_EDGE('',*,*,#3622,.F.);
#2819=ORIENTED_EDGE('',*,*,#3623,.F.);
#2820=ORIENTED_EDGE('',*,*,#3618,.T.);
#2821=ORIENTED_EDGE('',*,*,#3624,.T.);
#2822=ORIENTED_EDGE('',*,*,#3625,.F.);
#2823=ORIENTED_EDGE('',*,*,#3626,.F.);
#2824=ORIENTED_EDGE('',*,*,#3622,.T.);
#2825=ORIENTED_EDGE('',*,*,#3627,.T.);
#2826=ORIENTED_EDGE('',*,*,#3620,.F.);
#2827=ORIENTED_EDGE('',*,*,#3628,.F.);
#2828=ORIENTED_EDGE('',*,*,#3625,.T.);
#2829=ORIENTED_EDGE('',*,*,#3619,.T.);
#2830=ORIENTED_EDGE('',*,*,#3623,.T.);
#2831=ORIENTED_EDGE('',*,*,#3626,.T.);
#2832=ORIENTED_EDGE('',*,*,#3628,.T.);
#2833=ORIENTED_EDGE('',*,*,#3617,.F.);
#2834=ORIENTED_EDGE('',*,*,#3627,.F.);
#2835=ORIENTED_EDGE('',*,*,#3624,.F.);
#2836=ORIENTED_EDGE('',*,*,#3621,.F.);
#2837=ORIENTED_EDGE('',*,*,#3629,.T.);
#2838=ORIENTED_EDGE('',*,*,#3630,.F.);
#2839=ORIENTED_EDGE('',*,*,#3631,.F.);
#2840=ORIENTED_EDGE('',*,*,#3632,.T.);
#2841=ORIENTED_EDGE('',*,*,#3633,.T.);
#2842=ORIENTED_EDGE('',*,*,#3634,.F.);
#2843=ORIENTED_EDGE('',*,*,#3635,.F.);
#2844=ORIENTED_EDGE('',*,*,#3630,.T.);
#2845=ORIENTED_EDGE('',*,*,#3636,.T.);
#2846=ORIENTED_EDGE('',*,*,#3637,.F.);
#2847=ORIENTED_EDGE('',*,*,#3638,.F.);
#2848=ORIENTED_EDGE('',*,*,#3634,.T.);
#2849=ORIENTED_EDGE('',*,*,#3639,.T.);
#2850=ORIENTED_EDGE('',*,*,#3632,.F.);
#2851=ORIENTED_EDGE('',*,*,#3640,.F.);
#2852=ORIENTED_EDGE('',*,*,#3637,.T.);
#2853=ORIENTED_EDGE('',*,*,#3631,.T.);
#2854=ORIENTED_EDGE('',*,*,#3635,.T.);
#2855=ORIENTED_EDGE('',*,*,#3638,.T.);
#2856=ORIENTED_EDGE('',*,*,#3640,.T.);
#2857=ORIENTED_EDGE('',*,*,#3629,.F.);
#2858=ORIENTED_EDGE('',*,*,#3639,.F.);
#2859=ORIENTED_EDGE('',*,*,#3636,.F.);
#2860=ORIENTED_EDGE('',*,*,#3633,.F.);
#2861=ORIENTED_EDGE('',*,*,#3641,.T.);
#2862=ORIENTED_EDGE('',*,*,#3642,.F.);
#2863=ORIENTED_EDGE('',*,*,#3643,.F.);
#2864=ORIENTED_EDGE('',*,*,#3644,.T.);
#2865=ORIENTED_EDGE('',*,*,#3645,.T.);
#2866=ORIENTED_EDGE('',*,*,#3646,.F.);
#2867=ORIENTED_EDGE('',*,*,#3647,.F.);
#2868=ORIENTED_EDGE('',*,*,#3642,.T.);
#2869=ORIENTED_EDGE('',*,*,#3648,.T.);
#2870=ORIENTED_EDGE('',*,*,#3649,.F.);
#2871=ORIENTED_EDGE('',*,*,#3650,.F.);
#2872=ORIENTED_EDGE('',*,*,#3646,.T.);
#2873=ORIENTED_EDGE('',*,*,#3651,.T.);
#2874=ORIENTED_EDGE('',*,*,#3644,.F.);
#2875=ORIENTED_EDGE('',*,*,#3652,.F.);
#2876=ORIENTED_EDGE('',*,*,#3649,.T.);
#2877=ORIENTED_EDGE('',*,*,#3643,.T.);
#2878=ORIENTED_EDGE('',*,*,#3647,.T.);
#2879=ORIENTED_EDGE('',*,*,#3650,.T.);
#2880=ORIENTED_EDGE('',*,*,#3652,.T.);
#2881=ORIENTED_EDGE('',*,*,#3641,.F.);
#2882=ORIENTED_EDGE('',*,*,#3651,.F.);
#2883=ORIENTED_EDGE('',*,*,#3648,.F.);
#2884=ORIENTED_EDGE('',*,*,#3645,.F.);
#2885=ORIENTED_EDGE('',*,*,#3653,.T.);
#2886=ORIENTED_EDGE('',*,*,#3654,.F.);
#2887=ORIENTED_EDGE('',*,*,#3655,.F.);
#2888=ORIENTED_EDGE('',*,*,#3656,.T.);
#2889=ORIENTED_EDGE('',*,*,#3657,.T.);
#2890=ORIENTED_EDGE('',*,*,#3658,.F.);
#2891=ORIENTED_EDGE('',*,*,#3659,.F.);
#2892=ORIENTED_EDGE('',*,*,#3654,.T.);
#2893=ORIENTED_EDGE('',*,*,#3660,.T.);
#2894=ORIENTED_EDGE('',*,*,#3661,.F.);
#2895=ORIENTED_EDGE('',*,*,#3662,.F.);
#2896=ORIENTED_EDGE('',*,*,#3658,.T.);
#2897=ORIENTED_EDGE('',*,*,#3663,.T.);
#2898=ORIENTED_EDGE('',*,*,#3656,.F.);
#2899=ORIENTED_EDGE('',*,*,#3664,.F.);
#2900=ORIENTED_EDGE('',*,*,#3661,.T.);
#2901=ORIENTED_EDGE('',*,*,#3655,.T.);
#2902=ORIENTED_EDGE('',*,*,#3659,.T.);
#2903=ORIENTED_EDGE('',*,*,#3662,.T.);
#2904=ORIENTED_EDGE('',*,*,#3664,.T.);
#2905=ORIENTED_EDGE('',*,*,#3653,.F.);
#2906=ORIENTED_EDGE('',*,*,#3663,.F.);
#2907=ORIENTED_EDGE('',*,*,#3660,.F.);
#2908=ORIENTED_EDGE('',*,*,#3657,.F.);
#2909=VERTEX_POINT('',#5052);
#2910=VERTEX_POINT('',#5054);
#2911=VERTEX_POINT('',#5056);
#2912=VERTEX_POINT('',#5057);
#2913=VERTEX_POINT('',#5059);
#2914=VERTEX_POINT('',#5061);
#2915=VERTEX_POINT('',#5065);
#2916=VERTEX_POINT('',#5067);
#2917=VERTEX_POINT('',#5069);
#2918=VERTEX_POINT('',#5071);
#2919=VERTEX_POINT('',#5075);
#2920=VERTEX_POINT('',#5077);
#2921=VERTEX_POINT('',#5079);
#2922=VERTEX_POINT('',#5081);
#2923=VERTEX_POINT('',#5085);
#2924=VERTEX_POINT('',#5087);
#2925=VERTEX_POINT('',#5094);
#2926=VERTEX_POINT('',#5097);
#2927=VERTEX_POINT('',#5100);
#2928=VERTEX_POINT('',#5102);
#2929=VERTEX_POINT('',#5103);
#2930=VERTEX_POINT('',#5105);
#2931=VERTEX_POINT('',#5107);
#2932=VERTEX_POINT('',#5111);
#2933=VERTEX_POINT('',#5113);
#2934=VERTEX_POINT('',#5115);
#2935=VERTEX_POINT('',#5117);
#2936=VERTEX_POINT('',#5121);
#2937=VERTEX_POINT('',#5123);
#2938=VERTEX_POINT('',#5125);
#2939=VERTEX_POINT('',#5129);
#2940=VERTEX_POINT('',#5131);
#2941=VERTEX_POINT('',#5144);
#2942=VERTEX_POINT('',#5146);
#2943=VERTEX_POINT('',#5148);
#2944=VERTEX_POINT('',#5149);
#2945=VERTEX_POINT('',#5151);
#2946=VERTEX_POINT('',#5153);
#2947=VERTEX_POINT('',#5157);
#2948=VERTEX_POINT('',#5159);
#2949=VERTEX_POINT('',#5161);
#2950=VERTEX_POINT('',#5163);
#2951=VERTEX_POINT('',#5167);
#2952=VERTEX_POINT('',#5169);
#2953=VERTEX_POINT('',#5171);
#2954=VERTEX_POINT('',#5173);
#2955=VERTEX_POINT('',#5177);
#2956=VERTEX_POINT('',#5179);
#2957=VERTEX_POINT('',#5186);
#2958=VERTEX_POINT('',#5189);
#2959=VERTEX_POINT('',#5192);
#2960=VERTEX_POINT('',#5194);
#2961=VERTEX_POINT('',#5196);
#2962=VERTEX_POINT('',#5197);
#2963=VERTEX_POINT('',#5199);
#2964=VERTEX_POINT('',#5201);
#2965=VERTEX_POINT('',#5205);
#2966=VERTEX_POINT('',#5207);
#2967=VERTEX_POINT('',#5209);
#2968=VERTEX_POINT('',#5213);
#2969=VERTEX_POINT('',#5215);
#2970=VERTEX_POINT('',#5217);
#2971=VERTEX_POINT('',#5219);
#2972=VERTEX_POINT('',#5223);
#2973=VERTEX_POINT('',#5236);
#2974=VERTEX_POINT('',#5238);
#2975=VERTEX_POINT('',#5240);
#2976=VERTEX_POINT('',#5241);
#2977=VERTEX_POINT('',#5243);
#2978=VERTEX_POINT('',#5245);
#2979=VERTEX_POINT('',#5249);
#2980=VERTEX_POINT('',#5251);
#2981=VERTEX_POINT('',#5253);
#2982=VERTEX_POINT('',#5255);
#2983=VERTEX_POINT('',#5259);
#2984=VERTEX_POINT('',#5261);
#2985=VERTEX_POINT('',#5263);
#2986=VERTEX_POINT('',#5265);
#2987=VERTEX_POINT('',#5269);
#2988=VERTEX_POINT('',#5271);
#2989=VERTEX_POINT('',#5278);
#2990=VERTEX_POINT('',#5281);
#2991=VERTEX_POINT('',#5284);
#2992=VERTEX_POINT('',#5286);
#2993=VERTEX_POINT('',#5287);
#2994=VERTEX_POINT('',#5289);
#2995=VERTEX_POINT('',#5291);
#2996=VERTEX_POINT('',#5295);
#2997=VERTEX_POINT('',#5297);
#2998=VERTEX_POINT('',#5299);
#2999=VERTEX_POINT('',#5301);
#3000=VERTEX_POINT('',#5305);
#3001=VERTEX_POINT('',#5307);
#3002=VERTEX_POINT('',#5309);
#3003=VERTEX_POINT('',#5313);
#3004=VERTEX_POINT('',#5315);
#3005=VERTEX_POINT('',#5328);
#3006=VERTEX_POINT('',#5330);
#3007=VERTEX_POINT('',#5332);
#3008=VERTEX_POINT('',#5333);
#3009=VERTEX_POINT('',#5335);
#3010=VERTEX_POINT('',#5337);
#3011=VERTEX_POINT('',#5341);
#3012=VERTEX_POINT('',#5343);
#3013=VERTEX_POINT('',#5345);
#3014=VERTEX_POINT('',#5347);
#3015=VERTEX_POINT('',#5351);
#3016=VERTEX_POINT('',#5353);
#3017=VERTEX_POINT('',#5355);
#3018=VERTEX_POINT('',#5357);
#3019=VERTEX_POINT('',#5361);
#3020=VERTEX_POINT('',#5363);
#3021=VERTEX_POINT('',#5370);
#3022=VERTEX_POINT('',#5373);
#3023=VERTEX_POINT('',#5376);
#3024=VERTEX_POINT('',#5378);
#3025=VERTEX_POINT('',#5379);
#3026=VERTEX_POINT('',#5381);
#3027=VERTEX_POINT('',#5383);
#3028=VERTEX_POINT('',#5387);
#3029=VERTEX_POINT('',#5389);
#3030=VERTEX_POINT('',#5391);
#3031=VERTEX_POINT('',#5393);
#3032=VERTEX_POINT('',#5397);
#3033=VERTEX_POINT('',#5399);
#3034=VERTEX_POINT('',#5401);
#3035=VERTEX_POINT('',#5405);
#3036=VERTEX_POINT('',#5407);
#3037=VERTEX_POINT('',#5420);
#3038=VERTEX_POINT('',#5421);
#3039=VERTEX_POINT('',#5423);
#3040=VERTEX_POINT('',#5425);
#3041=VERTEX_POINT('',#5429);
#3042=VERTEX_POINT('',#5431);
#3043=VERTEX_POINT('',#5433);
#3044=VERTEX_POINT('',#5435);
#3045=VERTEX_POINT('',#5439);
#3046=VERTEX_POINT('',#5441);
#3047=VERTEX_POINT('',#5445);
#3048=VERTEX_POINT('',#5447);
#3049=VERTEX_POINT('',#5454);
#3050=VERTEX_POINT('',#5457);
#3051=VERTEX_POINT('',#5460);
#3052=VERTEX_POINT('',#5461);
#3053=VERTEX_POINT('',#5463);
#3054=VERTEX_POINT('',#5465);
#3055=VERTEX_POINT('',#5469);
#3056=VERTEX_POINT('',#5471);
#3057=VERTEX_POINT('',#5473);
#3058=VERTEX_POINT('',#5477);
#3059=VERTEX_POINT('',#5479);
#3060=VERTEX_POINT('',#5483);
#3061=VERTEX_POINT('',#5492);
#3062=VERTEX_POINT('',#5493);
#3063=VERTEX_POINT('',#5495);
#3064=VERTEX_POINT('',#5497);
#3065=VERTEX_POINT('',#5501);
#3066=VERTEX_POINT('',#5503);
#3067=VERTEX_POINT('',#5505);
#3068=VERTEX_POINT('',#5507);
#3069=VERTEX_POINT('',#5511);
#3070=VERTEX_POINT('',#5513);
#3071=VERTEX_POINT('',#5517);
#3072=VERTEX_POINT('',#5519);
#3073=VERTEX_POINT('',#5526);
#3074=VERTEX_POINT('',#5529);
#3075=VERTEX_POINT('',#5532);
#3076=VERTEX_POINT('',#5533);
#3077=VERTEX_POINT('',#5535);
#3078=VERTEX_POINT('',#5537);
#3079=VERTEX_POINT('',#5541);
#3080=VERTEX_POINT('',#5543);
#3081=VERTEX_POINT('',#5545);
#3082=VERTEX_POINT('',#5549);
#3083=VERTEX_POINT('',#5551);
#3084=VERTEX_POINT('',#5555);
#3085=VERTEX_POINT('',#5564);
#3086=VERTEX_POINT('',#5565);
#3087=VERTEX_POINT('',#5567);
#3088=VERTEX_POINT('',#5569);
#3089=VERTEX_POINT('',#5573);
#3090=VERTEX_POINT('',#5575);
#3091=VERTEX_POINT('',#5577);
#3092=VERTEX_POINT('',#5579);
#3093=VERTEX_POINT('',#5583);
#3094=VERTEX_POINT('',#5585);
#3095=VERTEX_POINT('',#5589);
#3096=VERTEX_POINT('',#5591);
#3097=VERTEX_POINT('',#5598);
#3098=VERTEX_POINT('',#5601);
#3099=VERTEX_POINT('',#5604);
#3100=VERTEX_POINT('',#5605);
#3101=VERTEX_POINT('',#5607);
#3102=VERTEX_POINT('',#5609);
#3103=VERTEX_POINT('',#5613);
#3104=VERTEX_POINT('',#5615);
#3105=VERTEX_POINT('',#5617);
#3106=VERTEX_POINT('',#5621);
#3107=VERTEX_POINT('',#5623);
#3108=VERTEX_POINT('',#5627);
#3109=VERTEX_POINT('',#5636);
#3110=VERTEX_POINT('',#5637);
#3111=VERTEX_POINT('',#5639);
#3112=VERTEX_POINT('',#5641);
#3113=VERTEX_POINT('',#5645);
#3114=VERTEX_POINT('',#5647);
#3115=VERTEX_POINT('',#5649);
#3116=VERTEX_POINT('',#5651);
#3117=VERTEX_POINT('',#5655);
#3118=VERTEX_POINT('',#5657);
#3119=VERTEX_POINT('',#5661);
#3120=VERTEX_POINT('',#5663);
#3121=VERTEX_POINT('',#5670);
#3122=VERTEX_POINT('',#5673);
#3123=VERTEX_POINT('',#5676);
#3124=VERTEX_POINT('',#5677);
#3125=VERTEX_POINT('',#5679);
#3126=VERTEX_POINT('',#5681);
#3127=VERTEX_POINT('',#5685);
#3128=VERTEX_POINT('',#5687);
#3129=VERTEX_POINT('',#5689);
#3130=VERTEX_POINT('',#5693);
#3131=VERTEX_POINT('',#5695);
#3132=VERTEX_POINT('',#5699);
#3133=VERTEX_POINT('',#5708);
#3134=VERTEX_POINT('',#5709);
#3135=VERTEX_POINT('',#5711);
#3136=VERTEX_POINT('',#5713);
#3137=VERTEX_POINT('',#5717);
#3138=VERTEX_POINT('',#5719);
#3139=VERTEX_POINT('',#5723);
#3140=VERTEX_POINT('',#5725);
#3141=VERTEX_POINT('',#5734);
#3142=VERTEX_POINT('',#5735);
#3143=VERTEX_POINT('',#5737);
#3144=VERTEX_POINT('',#5739);
#3145=VERTEX_POINT('',#5743);
#3146=VERTEX_POINT('',#5745);
#3147=VERTEX_POINT('',#5749);
#3148=VERTEX_POINT('',#5751);
#3149=VERTEX_POINT('',#5760);
#3150=VERTEX_POINT('',#5761);
#3151=VERTEX_POINT('',#5763);
#3152=VERTEX_POINT('',#5765);
#3153=VERTEX_POINT('',#5769);
#3154=VERTEX_POINT('',#5771);
#3155=VERTEX_POINT('',#5775);
#3156=VERTEX_POINT('',#5777);
#3157=VERTEX_POINT('',#5786);
#3158=VERTEX_POINT('',#5787);
#3159=VERTEX_POINT('',#5789);
#3160=VERTEX_POINT('',#5791);
#3161=VERTEX_POINT('',#5795);
#3162=VERTEX_POINT('',#5797);
#3163=VERTEX_POINT('',#5801);
#3164=VERTEX_POINT('',#5803);
#3165=VERTEX_POINT('',#5812);
#3166=VERTEX_POINT('',#5813);
#3167=VERTEX_POINT('',#5815);
#3168=VERTEX_POINT('',#5817);
#3169=VERTEX_POINT('',#5821);
#3170=VERTEX_POINT('',#5823);
#3171=VERTEX_POINT('',#5827);
#3172=VERTEX_POINT('',#5829);
#3173=VERTEX_POINT('',#5838);
#3174=VERTEX_POINT('',#5839);
#3175=VERTEX_POINT('',#5841);
#3176=VERTEX_POINT('',#5843);
#3177=VERTEX_POINT('',#5847);
#3178=VERTEX_POINT('',#5849);
#3179=VERTEX_POINT('',#5853);
#3180=VERTEX_POINT('',#5855);
#3181=VERTEX_POINT('',#5864);
#3182=VERTEX_POINT('',#5865);
#3183=VERTEX_POINT('',#5867);
#3184=VERTEX_POINT('',#5869);
#3185=VERTEX_POINT('',#5873);
#3186=VERTEX_POINT('',#5875);
#3187=VERTEX_POINT('',#5879);
#3188=VERTEX_POINT('',#5881);
#3189=VERTEX_POINT('',#5890);
#3190=VERTEX_POINT('',#5892);
#3191=VERTEX_POINT('',#5893);
#3192=VERTEX_POINT('',#5895);
#3193=VERTEX_POINT('',#5897);
#3194=VERTEX_POINT('',#5901);
#3195=VERTEX_POINT('',#5903);
#3196=VERTEX_POINT('',#5907);
#3197=VERTEX_POINT('',#5909);
#3198=VERTEX_POINT('',#5918);
#3199=VERTEX_POINT('',#5922);
#3200=VERTEX_POINT('',#5923);
#3201=VERTEX_POINT('',#5925);
#3202=VERTEX_POINT('',#5927);
#3203=VERTEX_POINT('',#5931);
#3204=VERTEX_POINT('',#5933);
#3205=VERTEX_POINT('',#5937);
#3206=VERTEX_POINT('',#5939);
#3207=VERTEX_POINT('',#5948);
#3208=VERTEX_POINT('',#5949);
#3209=VERTEX_POINT('',#5951);
#3210=VERTEX_POINT('',#5953);
#3211=VERTEX_POINT('',#5957);
#3212=VERTEX_POINT('',#5959);
#3213=VERTEX_POINT('',#5963);
#3214=VERTEX_POINT('',#5965);
#3215=VERTEX_POINT('',#5974);
#3216=VERTEX_POINT('',#5975);
#3217=VERTEX_POINT('',#5977);
#3218=VERTEX_POINT('',#5979);
#3219=VERTEX_POINT('',#5983);
#3220=VERTEX_POINT('',#5985);
#3221=VERTEX_POINT('',#5989);
#3222=VERTEX_POINT('',#5991);
#3223=VERTEX_POINT('',#6000);
#3224=VERTEX_POINT('',#6001);
#3225=VERTEX_POINT('',#6003);
#3226=VERTEX_POINT('',#6005);
#3227=VERTEX_POINT('',#6009);
#3228=VERTEX_POINT('',#6011);
#3229=VERTEX_POINT('',#6015);
#3230=VERTEX_POINT('',#6017);
#3231=EDGE_CURVE('',#2909,#2909,#3665,.T.);
#3232=EDGE_CURVE('',#2910,#2910,#3666,.T.);
#3233=EDGE_CURVE('',#2911,#2912,#761,.T.);
#3234=EDGE_CURVE('',#2913,#2912,#762,.T.);
#3235=EDGE_CURVE('',#2914,#2913,#763,.T.);
#3236=EDGE_CURVE('',#2914,#2911,#764,.T.);
#3237=EDGE_CURVE('',#2915,#2915,#3667,.T.);
#3238=EDGE_CURVE('',#2916,#2916,#3668,.T.);
#3239=EDGE_CURVE('',#2912,#2917,#765,.T.);
#3240=EDGE_CURVE('',#2918,#2917,#766,.T.);
#3241=EDGE_CURVE('',#2913,#2918,#767,.T.);
#3242=EDGE_CURVE('',#2919,#2919,#3669,.T.);
#3243=EDGE_CURVE('',#2920,#2920,#3670,.T.);
#3244=EDGE_CURVE('',#2917,#2921,#768,.T.);
#3245=EDGE_CURVE('',#2922,#2921,#769,.T.);
#3246=EDGE_CURVE('',#2918,#2922,#770,.T.);
#3247=EDGE_CURVE('',#2923,#2923,#3671,.T.);
#3248=EDGE_CURVE('',#2924,#2924,#3672,.T.);
#3249=EDGE_CURVE('',#2921,#2911,#771,.T.);
#3250=EDGE_CURVE('',#2922,#2914,#772,.T.);
#3251=EDGE_CURVE('',#2925,#2925,#3673,.T.);
#3252=EDGE_CURVE('',#2926,#2926,#3674,.T.);
#3253=EDGE_CURVE('',#2927,#2927,#3675,.T.);
#3254=EDGE_CURVE('',#2928,#2929,#773,.T.);
#3255=EDGE_CURVE('',#2930,#2928,#774,.T.);
#3256=EDGE_CURVE('',#2930,#2931,#775,.T.);
#3257=EDGE_CURVE('',#2931,#2929,#776,.T.);
#3258=EDGE_CURVE('',#2932,#2932,#3676,.T.);
#3259=EDGE_CURVE('',#2933,#2933,#3677,.T.);
#3260=EDGE_CURVE('',#2929,#2934,#777,.T.);
#3261=EDGE_CURVE('',#2931,#2935,#778,.T.);
#3262=EDGE_CURVE('',#2935,#2934,#779,.T.);
#3263=EDGE_CURVE('',#2936,#2936,#3678,.T.);
#3264=EDGE_CURVE('',#2934,#2937,#780,.T.);
#3265=EDGE_CURVE('',#2935,#2938,#781,.T.);
#3266=EDGE_CURVE('',#2938,#2937,#782,.T.);
#3267=EDGE_CURVE('',#2939,#2939,#3679,.T.);
#3268=EDGE_CURVE('',#2940,#2940,#3680,.T.);
#3269=EDGE_CURVE('',#2937,#2928,#783,.T.);
#3270=EDGE_CURVE('',#2938,#2930,#784,.T.);
#3271=EDGE_CURVE('',#2941,#2941,#3681,.T.);
#3272=EDGE_CURVE('',#2942,#2942,#3682,.T.);
#3273=EDGE_CURVE('',#2943,#2944,#785,.T.);
#3274=EDGE_CURVE('',#2945,#2944,#786,.T.);
#3275=EDGE_CURVE('',#2946,#2945,#787,.T.);
#3276=EDGE_CURVE('',#2946,#2943,#788,.T.);
#3277=EDGE_CURVE('',#2947,#2947,#3683,.T.);
#3278=EDGE_CURVE('',#2948,#2948,#3684,.T.);
#3279=EDGE_CURVE('',#2944,#2949,#789,.T.);
#3280=EDGE_CURVE('',#2950,#2949,#790,.T.);
#3281=EDGE_CURVE('',#2945,#2950,#791,.T.);
#3282=EDGE_CURVE('',#2951,#2951,#3685,.T.);
#3283=EDGE_CURVE('',#2952,#2952,#3686,.T.);
#3284=EDGE_CURVE('',#2949,#2953,#792,.T.);
#3285=EDGE_CURVE('',#2954,#2953,#793,.T.);
#3286=EDGE_CURVE('',#2950,#2954,#794,.T.);
#3287=EDGE_CURVE('',#2955,#2955,#3687,.T.);
#3288=EDGE_CURVE('',#2956,#2956,#3688,.T.);
#3289=EDGE_CURVE('',#2953,#2943,#795,.T.);
#3290=EDGE_CURVE('',#2954,#2946,#796,.T.);
#3291=EDGE_CURVE('',#2957,#2957,#3689,.T.);
#3292=EDGE_CURVE('',#2958,#2958,#3690,.T.);
#3293=EDGE_CURVE('',#2959,#2959,#3691,.T.);
#3294=EDGE_CURVE('',#2960,#2960,#3692,.T.);
#3295=EDGE_CURVE('',#2961,#2962,#797,.T.);
#3296=EDGE_CURVE('',#2963,#2961,#798,.T.);
#3297=EDGE_CURVE('',#2963,#2964,#799,.T.);
#3298=EDGE_CURVE('',#2964,#2962,#800,.T.);
#3299=EDGE_CURVE('',#2965,#2965,#3693,.T.);
#3300=EDGE_CURVE('',#2962,#2966,#801,.T.);
#3301=EDGE_CURVE('',#2964,#2967,#802,.T.);
#3302=EDGE_CURVE('',#2967,#2966,#803,.T.);
#3303=EDGE_CURVE('',#2968,#2968,#3694,.T.);
#3304=EDGE_CURVE('',#2969,#2969,#3695,.T.);
#3305=EDGE_CURVE('',#2966,#2970,#804,.T.);
#3306=EDGE_CURVE('',#2967,#2971,#805,.T.);
#3307=EDGE_CURVE('',#2971,#2970,#806,.T.);
#3308=EDGE_CURVE('',#2972,#2972,#3696,.T.);
#3309=EDGE_CURVE('',#2970,#2961,#807,.T.);
#3310=EDGE_CURVE('',#2971,#2963,#808,.T.);
#3311=EDGE_CURVE('',#2973,#2973,#3697,.T.);
#3312=EDGE_CURVE('',#2974,#2974,#3698,.T.);
#3313=EDGE_CURVE('',#2975,#2976,#809,.T.);
#3314=EDGE_CURVE('',#2977,#2976,#810,.T.);
#3315=EDGE_CURVE('',#2978,#2977,#811,.T.);
#3316=EDGE_CURVE('',#2978,#2975,#812,.T.);
#3317=EDGE_CURVE('',#2979,#2979,#3699,.T.);
#3318=EDGE_CURVE('',#2980,#2980,#3700,.T.);
#3319=EDGE_CURVE('',#2976,#2981,#813,.T.);
#3320=EDGE_CURVE('',#2982,#2981,#814,.T.);
#3321=EDGE_CURVE('',#2977,#2982,#815,.T.);
#3322=EDGE_CURVE('',#2983,#2983,#3701,.T.);
#3323=EDGE_CURVE('',#2984,#2984,#3702,.T.);
#3324=EDGE_CURVE('',#2981,#2985,#816,.T.);
#3325=EDGE_CURVE('',#2986,#2985,#817,.T.);
#3326=EDGE_CURVE('',#2982,#2986,#818,.T.);
#3327=EDGE_CURVE('',#2987,#2987,#3703,.T.);
#3328=EDGE_CURVE('',#2988,#2988,#3704,.T.);
#3329=EDGE_CURVE('',#2985,#2975,#819,.T.);
#3330=EDGE_CURVE('',#2986,#2978,#820,.T.);
#3331=EDGE_CURVE('',#2989,#2989,#3705,.T.);
#3332=EDGE_CURVE('',#2990,#2990,#3706,.T.);
#3333=EDGE_CURVE('',#2991,#2991,#3707,.T.);
#3334=EDGE_CURVE('',#2992,#2993,#821,.T.);
#3335=EDGE_CURVE('',#2994,#2992,#822,.T.);
#3336=EDGE_CURVE('',#2994,#2995,#823,.T.);
#3337=EDGE_CURVE('',#2995,#2993,#824,.T.);
#3338=EDGE_CURVE('',#2996,#2996,#3708,.T.);
#3339=EDGE_CURVE('',#2997,#2997,#3709,.T.);
#3340=EDGE_CURVE('',#2993,#2998,#825,.T.);
#3341=EDGE_CURVE('',#2995,#2999,#826,.T.);
#3342=EDGE_CURVE('',#2999,#2998,#827,.T.);
#3343=EDGE_CURVE('',#3000,#3000,#3710,.T.);
#3344=EDGE_CURVE('',#2998,#3001,#828,.T.);
#3345=EDGE_CURVE('',#2999,#3002,#829,.T.);
#3346=EDGE_CURVE('',#3002,#3001,#830,.T.);
#3347=EDGE_CURVE('',#3003,#3003,#3711,.T.);
#3348=EDGE_CURVE('',#3004,#3004,#3712,.T.);
#3349=EDGE_CURVE('',#3001,#2992,#831,.T.);
#3350=EDGE_CURVE('',#3002,#2994,#832,.T.);
#3351=EDGE_CURVE('',#3005,#3005,#3713,.T.);
#3352=EDGE_CURVE('',#3006,#3006,#3714,.T.);
#3353=EDGE_CURVE('',#3007,#3008,#833,.T.);
#3354=EDGE_CURVE('',#3009,#3008,#834,.T.);
#3355=EDGE_CURVE('',#3010,#3009,#835,.T.);
#3356=EDGE_CURVE('',#3010,#3007,#836,.T.);
#3357=EDGE_CURVE('',#3011,#3011,#3715,.T.);
#3358=EDGE_CURVE('',#3012,#3012,#3716,.T.);
#3359=EDGE_CURVE('',#3008,#3013,#837,.T.);
#3360=EDGE_CURVE('',#3014,#3013,#838,.T.);
#3361=EDGE_CURVE('',#3009,#3014,#839,.T.);
#3362=EDGE_CURVE('',#3015,#3015,#3717,.T.);
#3363=EDGE_CURVE('',#3016,#3016,#3718,.T.);
#3364=EDGE_CURVE('',#3013,#3017,#840,.T.);
#3365=EDGE_CURVE('',#3018,#3017,#841,.T.);
#3366=EDGE_CURVE('',#3014,#3018,#842,.T.);
#3367=EDGE_CURVE('',#3019,#3019,#3719,.T.);
#3368=EDGE_CURVE('',#3020,#3020,#3720,.T.);
#3369=EDGE_CURVE('',#3017,#3007,#843,.T.);
#3370=EDGE_CURVE('',#3018,#3010,#844,.T.);
#3371=EDGE_CURVE('',#3021,#3021,#3721,.T.);
#3372=EDGE_CURVE('',#3022,#3022,#3722,.T.);
#3373=EDGE_CURVE('',#3023,#3023,#3723,.T.);
#3374=EDGE_CURVE('',#3024,#3025,#845,.T.);
#3375=EDGE_CURVE('',#3026,#3024,#846,.T.);
#3376=EDGE_CURVE('',#3026,#3027,#847,.T.);
#3377=EDGE_CURVE('',#3027,#3025,#848,.T.);
#3378=EDGE_CURVE('',#3028,#3028,#3724,.T.);
#3379=EDGE_CURVE('',#3029,#3029,#3725,.T.);
#3380=EDGE_CURVE('',#3025,#3030,#849,.T.);
#3381=EDGE_CURVE('',#3027,#3031,#850,.T.);
#3382=EDGE_CURVE('',#3031,#3030,#851,.T.);
#3383=EDGE_CURVE('',#3032,#3032,#3726,.T.);
#3384=EDGE_CURVE('',#3030,#3033,#852,.T.);
#3385=EDGE_CURVE('',#3031,#3034,#853,.T.);
#3386=EDGE_CURVE('',#3034,#3033,#854,.T.);
#3387=EDGE_CURVE('',#3035,#3035,#3727,.T.);
#3388=EDGE_CURVE('',#3036,#3036,#3728,.T.);
#3389=EDGE_CURVE('',#3033,#3024,#855,.T.);
#3390=EDGE_CURVE('',#3034,#3026,#856,.T.);
#3391=EDGE_CURVE('',#3037,#3038,#857,.T.);
#3392=EDGE_CURVE('',#3039,#3037,#858,.T.);
#3393=EDGE_CURVE('',#3039,#3040,#859,.T.);
#3394=EDGE_CURVE('',#3040,#3038,#860,.T.);
#3395=EDGE_CURVE('',#3041,#3041,#3729,.T.);
#3396=EDGE_CURVE('',#3042,#3042,#3730,.T.);
#3397=EDGE_CURVE('',#3038,#3043,#861,.T.);
#3398=EDGE_CURVE('',#3040,#3044,#862,.T.);
#3399=EDGE_CURVE('',#3044,#3043,#863,.T.);
#3400=EDGE_CURVE('',#3043,#3045,#864,.T.);
#3401=EDGE_CURVE('',#3044,#3046,#865,.T.);
#3402=EDGE_CURVE('',#3046,#3045,#866,.T.);
#3403=EDGE_CURVE('',#3047,#3047,#3731,.T.);
#3404=EDGE_CURVE('',#3048,#3048,#3732,.T.);
#3405=EDGE_CURVE('',#3045,#3037,#867,.T.);
#3406=EDGE_CURVE('',#3046,#3039,#868,.T.);
#3407=EDGE_CURVE('',#3049,#3049,#3733,.T.);
#3408=EDGE_CURVE('',#3050,#3050,#3734,.T.);
#3409=EDGE_CURVE('',#3051,#3052,#869,.T.);
#3410=EDGE_CURVE('',#3053,#3052,#870,.T.);
#3411=EDGE_CURVE('',#3054,#3053,#871,.T.);
#3412=EDGE_CURVE('',#3054,#3051,#872,.T.);
#3413=EDGE_CURVE('',#3055,#3055,#3735,.T.);
#3414=EDGE_CURVE('',#3052,#3056,#873,.T.);
#3415=EDGE_CURVE('',#3057,#3056,#874,.T.);
#3416=EDGE_CURVE('',#3053,#3057,#875,.T.);
#3417=EDGE_CURVE('',#3056,#3058,#876,.T.);
#3418=EDGE_CURVE('',#3059,#3058,#877,.T.);
#3419=EDGE_CURVE('',#3057,#3059,#878,.T.);
#3420=EDGE_CURVE('',#3060,#3060,#3736,.T.);
#3421=EDGE_CURVE('',#3058,#3051,#879,.T.);
#3422=EDGE_CURVE('',#3059,#3054,#880,.T.);
#3423=EDGE_CURVE('',#3061,#3062,#881,.T.);
#3424=EDGE_CURVE('',#3063,#3062,#882,.T.);
#3425=EDGE_CURVE('',#3064,#3063,#883,.T.);
#3426=EDGE_CURVE('',#3064,#3061,#884,.T.);
#3427=EDGE_CURVE('',#3065,#3065,#3737,.T.);
#3428=EDGE_CURVE('',#3066,#3066,#3738,.T.);
#3429=EDGE_CURVE('',#3062,#3067,#885,.T.);
#3430=EDGE_CURVE('',#3068,#3067,#886,.T.);
#3431=EDGE_CURVE('',#3063,#3068,#887,.T.);
#3432=EDGE_CURVE('',#3067,#3069,#888,.T.);
#3433=EDGE_CURVE('',#3070,#3069,#889,.T.);
#3434=EDGE_CURVE('',#3068,#3070,#890,.T.);
#3435=EDGE_CURVE('',#3071,#3071,#3739,.T.);
#3436=EDGE_CURVE('',#3072,#3072,#3740,.T.);
#3437=EDGE_CURVE('',#3069,#3061,#891,.T.);
#3438=EDGE_CURVE('',#3070,#3064,#892,.T.);
#3439=EDGE_CURVE('',#3073,#3073,#3741,.T.);
#3440=EDGE_CURVE('',#3074,#3074,#3742,.T.);
#3441=EDGE_CURVE('',#3075,#3076,#893,.T.);
#3442=EDGE_CURVE('',#3077,#3075,#894,.T.);
#3443=EDGE_CURVE('',#3077,#3078,#895,.T.);
#3444=EDGE_CURVE('',#3078,#3076,#896,.T.);
#3445=EDGE_CURVE('',#3079,#3079,#3743,.T.);
#3446=EDGE_CURVE('',#3076,#3080,#897,.T.);
#3447=EDGE_CURVE('',#3078,#3081,#898,.T.);
#3448=EDGE_CURVE('',#3081,#3080,#899,.T.);
#3449=EDGE_CURVE('',#3080,#3082,#900,.T.);
#3450=EDGE_CURVE('',#3081,#3083,#901,.T.);
#3451=EDGE_CURVE('',#3083,#3082,#902,.T.);
#3452=EDGE_CURVE('',#3084,#3084,#3744,.T.);
#3453=EDGE_CURVE('',#3082,#3075,#903,.T.);
#3454=EDGE_CURVE('',#3083,#3077,#904,.T.);
#3455=EDGE_CURVE('',#3085,#3086,#905,.T.);
#3456=EDGE_CURVE('',#3087,#3085,#906,.T.);
#3457=EDGE_CURVE('',#3087,#3088,#907,.T.);
#3458=EDGE_CURVE('',#3088,#3086,#908,.T.);
#3459=EDGE_CURVE('',#3089,#3089,#3745,.T.);
#3460=EDGE_CURVE('',#3090,#3090,#3746,.T.);
#3461=EDGE_CURVE('',#3086,#3091,#909,.T.);
#3462=EDGE_CURVE('',#3088,#3092,#910,.T.);
#3463=EDGE_CURVE('',#3092,#3091,#911,.T.);
#3464=EDGE_CURVE('',#3091,#3093,#912,.T.);
#3465=EDGE_CURVE('',#3092,#3094,#913,.T.);
#3466=EDGE_CURVE('',#3094,#3093,#914,.T.);
#3467=EDGE_CURVE('',#3095,#3095,#3747,.T.);
#3468=EDGE_CURVE('',#3096,#3096,#3748,.T.);
#3469=EDGE_CURVE('',#3093,#3085,#915,.T.);
#3470=EDGE_CURVE('',#3094,#3087,#916,.T.);
#3471=EDGE_CURVE('',#3097,#3097,#3749,.T.);
#3472=EDGE_CURVE('',#3098,#3098,#3750,.T.);
#3473=EDGE_CURVE('',#3099,#3100,#917,.T.);
#3474=EDGE_CURVE('',#3101,#3100,#918,.T.);
#3475=EDGE_CURVE('',#3102,#3101,#919,.T.);
#3476=EDGE_CURVE('',#3102,#3099,#920,.T.);
#3477=EDGE_CURVE('',#3103,#3103,#3751,.T.);
#3478=EDGE_CURVE('',#3100,#3104,#921,.T.);
#3479=EDGE_CURVE('',#3105,#3104,#922,.T.);
#3480=EDGE_CURVE('',#3101,#3105,#923,.T.);
#3481=EDGE_CURVE('',#3104,#3106,#924,.T.);
#3482=EDGE_CURVE('',#3107,#3106,#925,.T.);
#3483=EDGE_CURVE('',#3105,#3107,#926,.T.);
#3484=EDGE_CURVE('',#3108,#3108,#3752,.T.);
#3485=EDGE_CURVE('',#3106,#3099,#927,.T.);
#3486=EDGE_CURVE('',#3107,#3102,#928,.T.);
#3487=EDGE_CURVE('',#3109,#3110,#929,.T.);
#3488=EDGE_CURVE('',#3111,#3109,#930,.T.);
#3489=EDGE_CURVE('',#3111,#3112,#931,.T.);
#3490=EDGE_CURVE('',#3112,#3110,#932,.T.);
#3491=EDGE_CURVE('',#3113,#3113,#3753,.T.);
#3492=EDGE_CURVE('',#3114,#3114,#3754,.T.);
#3493=EDGE_CURVE('',#3110,#3115,#933,.T.);
#3494=EDGE_CURVE('',#3112,#3116,#934,.T.);
#3495=EDGE_CURVE('',#3116,#3115,#935,.T.);
#3496=EDGE_CURVE('',#3115,#3117,#936,.T.);
#3497=EDGE_CURVE('',#3116,#3118,#937,.T.);
#3498=EDGE_CURVE('',#3118,#3117,#938,.T.);
#3499=EDGE_CURVE('',#3119,#3119,#3755,.T.);
#3500=EDGE_CURVE('',#3120,#3120,#3756,.T.);
#3501=EDGE_CURVE('',#3117,#3109,#939,.T.);
#3502=EDGE_CURVE('',#3118,#3111,#940,.T.);
#3503=EDGE_CURVE('',#3121,#3121,#3757,.T.);
#3504=EDGE_CURVE('',#3122,#3122,#3758,.T.);
#3505=EDGE_CURVE('',#3123,#3124,#941,.T.);
#3506=EDGE_CURVE('',#3125,#3124,#942,.T.);
#3507=EDGE_CURVE('',#3126,#3125,#943,.T.);
#3508=EDGE_CURVE('',#3126,#3123,#944,.T.);
#3509=EDGE_CURVE('',#3127,#3127,#3759,.T.);
#3510=EDGE_CURVE('',#3124,#3128,#945,.T.);
#3511=EDGE_CURVE('',#3129,#3128,#946,.T.);
#3512=EDGE_CURVE('',#3125,#3129,#947,.T.);
#3513=EDGE_CURVE('',#3128,#3130,#948,.T.);
#3514=EDGE_CURVE('',#3131,#3130,#949,.T.);
#3515=EDGE_CURVE('',#3129,#3131,#950,.T.);
#3516=EDGE_CURVE('',#3132,#3132,#3760,.T.);
#3517=EDGE_CURVE('',#3130,#3123,#951,.T.);
#3518=EDGE_CURVE('',#3131,#3126,#952,.T.);
#3519=EDGE_CURVE('',#3133,#3134,#953,.T.);
#3520=EDGE_CURVE('',#3135,#3134,#954,.T.);
#3521=EDGE_CURVE('',#3136,#3135,#955,.T.);
#3522=EDGE_CURVE('',#3136,#3133,#956,.T.);
#3523=EDGE_CURVE('',#3134,#3137,#957,.T.);
#3524=EDGE_CURVE('',#3138,#3137,#958,.T.);
#3525=EDGE_CURVE('',#3135,#3138,#959,.T.);
#3526=EDGE_CURVE('',#3137,#3139,#960,.T.);
#3527=EDGE_CURVE('',#3140,#3139,#961,.T.);
#3528=EDGE_CURVE('',#3138,#3140,#962,.T.);
#3529=EDGE_CURVE('',#3139,#3133,#963,.T.);
#3530=EDGE_CURVE('',#3140,#3136,#964,.T.);
#3531=EDGE_CURVE('',#3141,#3142,#965,.T.);
#3532=EDGE_CURVE('',#3143,#3142,#966,.T.);
#3533=EDGE_CURVE('',#3144,#3143,#967,.T.);
#3534=EDGE_CURVE('',#3144,#3141,#968,.T.);
#3535=EDGE_CURVE('',#3142,#3145,#969,.T.);
#3536=EDGE_CURVE('',#3146,#3145,#970,.T.);
#3537=EDGE_CURVE('',#3143,#3146,#971,.T.);
#3538=EDGE_CURVE('',#3145,#3147,#972,.T.);
#3539=EDGE_CURVE('',#3148,#3147,#973,.T.);
#3540=EDGE_CURVE('',#3146,#3148,#974,.T.);
#3541=EDGE_CURVE('',#3147,#3141,#975,.T.);
#3542=EDGE_CURVE('',#3148,#3144,#976,.T.);
#3543=EDGE_CURVE('',#3149,#3150,#977,.T.);
#3544=EDGE_CURVE('',#3151,#3150,#978,.T.);
#3545=EDGE_CURVE('',#3152,#3151,#979,.T.);
#3546=EDGE_CURVE('',#3152,#3149,#980,.T.);
#3547=EDGE_CURVE('',#3150,#3153,#981,.T.);
#3548=EDGE_CURVE('',#3154,#3153,#982,.T.);
#3549=EDGE_CURVE('',#3151,#3154,#983,.T.);
#3550=EDGE_CURVE('',#3153,#3155,#984,.T.);
#3551=EDGE_CURVE('',#3156,#3155,#985,.T.);
#3552=EDGE_CURVE('',#3154,#3156,#986,.T.);
#3553=EDGE_CURVE('',#3155,#3149,#987,.T.);
#3554=EDGE_CURVE('',#3156,#3152,#988,.T.);
#3555=EDGE_CURVE('',#3157,#3158,#989,.T.);
#3556=EDGE_CURVE('',#3159,#3158,#990,.T.);
#3557=EDGE_CURVE('',#3160,#3159,#991,.T.);
#3558=EDGE_CURVE('',#3160,#3157,#992,.T.);
#3559=EDGE_CURVE('',#3158,#3161,#993,.T.);
#3560=EDGE_CURVE('',#3162,#3161,#994,.T.);
#3561=EDGE_CURVE('',#3159,#3162,#995,.T.);
#3562=EDGE_CURVE('',#3161,#3163,#996,.T.);
#3563=EDGE_CURVE('',#3164,#3163,#997,.T.);
#3564=EDGE_CURVE('',#3162,#3164,#998,.T.);
#3565=EDGE_CURVE('',#3163,#3157,#999,.T.);
#3566=EDGE_CURVE('',#3164,#3160,#1000,.T.);
#3567=EDGE_CURVE('',#3165,#3166,#1001,.T.);
#3568=EDGE_CURVE('',#3167,#3166,#1002,.T.);
#3569=EDGE_CURVE('',#3168,#3167,#1003,.T.);
#3570=EDGE_CURVE('',#3168,#3165,#1004,.T.);
#3571=EDGE_CURVE('',#3166,#3169,#1005,.T.);
#3572=EDGE_CURVE('',#3170,#3169,#1006,.T.);
#3573=EDGE_CURVE('',#3167,#3170,#1007,.T.);
#3574=EDGE_CURVE('',#3169,#3171,#1008,.T.);
#3575=EDGE_CURVE('',#3172,#3171,#1009,.T.);
#3576=EDGE_CURVE('',#3170,#3172,#1010,.T.);
#3577=EDGE_CURVE('',#3171,#3165,#1011,.T.);
#3578=EDGE_CURVE('',#3172,#3168,#1012,.T.);
#3579=EDGE_CURVE('',#3173,#3174,#1013,.T.);
#3580=EDGE_CURVE('',#3175,#3174,#1014,.T.);
#3581=EDGE_CURVE('',#3176,#3175,#1015,.T.);
#3582=EDGE_CURVE('',#3176,#3173,#1016,.T.);
#3583=EDGE_CURVE('',#3174,#3177,#1017,.T.);
#3584=EDGE_CURVE('',#3178,#3177,#1018,.T.);
#3585=EDGE_CURVE('',#3175,#3178,#1019,.T.);
#3586=EDGE_CURVE('',#3177,#3179,#1020,.T.);
#3587=EDGE_CURVE('',#3180,#3179,#1021,.T.);
#3588=EDGE_CURVE('',#3178,#3180,#1022,.T.);
#3589=EDGE_CURVE('',#3179,#3173,#1023,.T.);
#3590=EDGE_CURVE('',#3180,#3176,#1024,.T.);
#3591=EDGE_CURVE('',#3181,#3182,#1025,.T.);
#3592=EDGE_CURVE('',#3183,#3182,#1026,.T.);
#3593=EDGE_CURVE('',#3184,#3183,#1027,.T.);
#3594=EDGE_CURVE('',#3184,#3181,#1028,.T.);
#3595=EDGE_CURVE('',#3182,#3185,#1029,.T.);
#3596=EDGE_CURVE('',#3186,#3185,#1030,.T.);
#3597=EDGE_CURVE('',#3183,#3186,#1031,.T.);
#3598=EDGE_CURVE('',#3185,#3187,#1032,.T.);
#3599=EDGE_CURVE('',#3188,#3187,#1033,.T.);
#3600=EDGE_CURVE('',#3186,#3188,#1034,.T.);
#3601=EDGE_CURVE('',#3187,#3181,#1035,.T.);
#3602=EDGE_CURVE('',#3188,#3184,#1036,.T.);
#3603=EDGE_CURVE('',#3189,#3189,#3761,.T.);
#3604=EDGE_CURVE('',#3190,#3191,#1037,.T.);
#3605=EDGE_CURVE('',#3192,#3191,#1038,.T.);
#3606=EDGE_CURVE('',#3193,#3192,#1039,.T.);
#3607=EDGE_CURVE('',#3193,#3190,#1040,.T.);
#3608=EDGE_CURVE('',#3191,#3194,#1041,.T.);
#3609=EDGE_CURVE('',#3195,#3194,#1042,.T.);
#3610=EDGE_CURVE('',#3192,#3195,#1043,.T.);
#3611=EDGE_CURVE('',#3194,#3196,#1044,.T.);
#3612=EDGE_CURVE('',#3197,#3196,#1045,.T.);
#3613=EDGE_CURVE('',#3195,#3197,#1046,.T.);
#3614=EDGE_CURVE('',#3196,#3190,#1047,.T.);
#3615=EDGE_CURVE('',#3197,#3193,#1048,.T.);
#3616=EDGE_CURVE('',#3198,#3198,#3762,.T.);
#3617=EDGE_CURVE('',#3199,#3200,#1049,.T.);
#3618=EDGE_CURVE('',#3201,#3200,#1050,.T.);
#3619=EDGE_CURVE('',#3202,#3201,#1051,.T.);
#3620=EDGE_CURVE('',#3202,#3199,#1052,.T.);
#3621=EDGE_CURVE('',#3200,#3203,#1053,.T.);
#3622=EDGE_CURVE('',#3204,#3203,#1054,.T.);
#3623=EDGE_CURVE('',#3201,#3204,#1055,.T.);
#3624=EDGE_CURVE('',#3203,#3205,#1056,.T.);
#3625=EDGE_CURVE('',#3206,#3205,#1057,.T.);
#3626=EDGE_CURVE('',#3204,#3206,#1058,.T.);
#3627=EDGE_CURVE('',#3205,#3199,#1059,.T.);
#3628=EDGE_CURVE('',#3206,#3202,#1060,.T.);
#3629=EDGE_CURVE('',#3207,#3208,#1061,.T.);
#3630=EDGE_CURVE('',#3209,#3208,#1062,.T.);
#3631=EDGE_CURVE('',#3210,#3209,#1063,.T.);
#3632=EDGE_CURVE('',#3210,#3207,#1064,.T.);
#3633=EDGE_CURVE('',#3208,#3211,#1065,.T.);
#3634=EDGE_CURVE('',#3212,#3211,#1066,.T.);
#3635=EDGE_CURVE('',#3209,#3212,#1067,.T.);
#3636=EDGE_CURVE('',#3211,#3213,#1068,.T.);
#3637=EDGE_CURVE('',#3214,#3213,#1069,.T.);
#3638=EDGE_CURVE('',#3212,#3214,#1070,.T.);
#3639=EDGE_CURVE('',#3213,#3207,#1071,.T.);
#3640=EDGE_CURVE('',#3214,#3210,#1072,.T.);
#3641=EDGE_CURVE('',#3215,#3216,#1073,.T.);
#3642=EDGE_CURVE('',#3217,#3216,#1074,.T.);
#3643=EDGE_CURVE('',#3218,#3217,#1075,.T.);
#3644=EDGE_CURVE('',#3218,#3215,#1076,.T.);
#3645=EDGE_CURVE('',#3216,#3219,#1077,.T.);
#3646=EDGE_CURVE('',#3220,#3219,#1078,.T.);
#3647=EDGE_CURVE('',#3217,#3220,#1079,.T.);
#3648=EDGE_CURVE('',#3219,#3221,#1080,.T.);
#3649=EDGE_CURVE('',#3222,#3221,#1081,.T.);
#3650=EDGE_CURVE('',#3220,#3222,#1082,.T.);
#3651=EDGE_CURVE('',#3221,#3215,#1083,.T.);
#3652=EDGE_CURVE('',#3222,#3218,#1084,.T.);
#3653=EDGE_CURVE('',#3223,#3224,#1085,.T.);
#3654=EDGE_CURVE('',#3225,#3224,#1086,.T.);
#3655=EDGE_CURVE('',#3226,#3225,#1087,.T.);
#3656=EDGE_CURVE('',#3226,#3223,#1088,.T.);
#3657=EDGE_CURVE('',#3224,#3227,#1089,.T.);
#3658=EDGE_CURVE('',#3228,#3227,#1090,.T.);
#3659=EDGE_CURVE('',#3225,#3228,#1091,.T.);
#3660=EDGE_CURVE('',#3227,#3229,#1092,.T.);
#3661=EDGE_CURVE('',#3230,#3229,#1093,.T.);
#3662=EDGE_CURVE('',#3228,#3230,#1094,.T.);
#3663=EDGE_CURVE('',#3229,#3223,#1095,.T.);
#3664=EDGE_CURVE('',#3230,#3226,#1096,.T.);
#3665=CIRCLE('',#3764,3.);
#3666=CIRCLE('',#3765,3.);
#3667=CIRCLE('',#3767,3.);
#3668=CIRCLE('',#3768,3.);
#3669=CIRCLE('',#3770,3.);
#3670=CIRCLE('',#3771,3.);
#3671=CIRCLE('',#3773,3.);
#3672=CIRCLE('',#3774,3.);
#3673=CIRCLE('',#3778,3.);
#3674=CIRCLE('',#3780,3.);
#3675=CIRCLE('',#3782,3.);
#3676=CIRCLE('',#3784,3.);
#3677=CIRCLE('',#3785,3.);
#3678=CIRCLE('',#3787,3.);
#3679=CIRCLE('',#3789,3.);
#3680=CIRCLE('',#3790,3.);
#3681=CIRCLE('',#3800,3.);
#3682=CIRCLE('',#3801,3.);
#3683=CIRCLE('',#3803,3.);
#3684=CIRCLE('',#3804,3.);
#3685=CIRCLE('',#3806,3.);
#3686=CIRCLE('',#3807,3.);
#3687=CIRCLE('',#3809,3.);
#3688=CIRCLE('',#3810,3.);
#3689=CIRCLE('',#3814,3.);
#3690=CIRCLE('',#3816,3.);
#3691=CIRCLE('',#3818,3.);
#3692=CIRCLE('',#3819,3.);
#3693=CIRCLE('',#3821,3.);
#3694=CIRCLE('',#3823,3.);
#3695=CIRCLE('',#3824,3.);
#3696=CIRCLE('',#3826,3.);
#3697=CIRCLE('',#3836,3.);
#3698=CIRCLE('',#3837,3.);
#3699=CIRCLE('',#3839,3.);
#3700=CIRCLE('',#3840,3.);
#3701=CIRCLE('',#3842,3.);
#3702=CIRCLE('',#3843,3.);
#3703=CIRCLE('',#3845,3.);
#3704=CIRCLE('',#3846,3.);
#3705=CIRCLE('',#3850,3.);
#3706=CIRCLE('',#3852,3.);
#3707=CIRCLE('',#3854,3.);
#3708=CIRCLE('',#3856,3.);
#3709=CIRCLE('',#3857,3.);
#3710=CIRCLE('',#3859,3.);
#3711=CIRCLE('',#3861,3.);
#3712=CIRCLE('',#3862,3.);
#3713=CIRCLE('',#3872,3.);
#3714=CIRCLE('',#3873,3.);
#3715=CIRCLE('',#3875,3.);
#3716=CIRCLE('',#3876,3.);
#3717=CIRCLE('',#3878,3.);
#3718=CIRCLE('',#3879,3.);
#3719=CIRCLE('',#3881,3.);
#3720=CIRCLE('',#3882,3.);
#3721=CIRCLE('',#3886,3.);
#3722=CIRCLE('',#3888,3.);
#3723=CIRCLE('',#3890,3.);
#3724=CIRCLE('',#3892,3.);
#3725=CIRCLE('',#3893,3.);
#3726=CIRCLE('',#3895,3.);
#3727=CIRCLE('',#3897,3.);
#3728=CIRCLE('',#3898,3.);
#3729=CIRCLE('',#3909,3.);
#3730=CIRCLE('',#3910,3.);
#3731=CIRCLE('',#3913,3.);
#3732=CIRCLE('',#3914,3.);
#3733=CIRCLE('',#3918,3.);
#3734=CIRCLE('',#3920,3.);
#3735=CIRCLE('',#3923,3.);
#3736=CIRCLE('',#3926,3.);
#3737=CIRCLE('',#3933,3.);
#3738=CIRCLE('',#3934,3.);
#3739=CIRCLE('',#3937,3.);
#3740=CIRCLE('',#3938,3.);
#3741=CIRCLE('',#3942,3.);
#3742=CIRCLE('',#3944,3.);
#3743=CIRCLE('',#3947,3.);
#3744=CIRCLE('',#3950,3.);
#3745=CIRCLE('',#3957,3.);
#3746=CIRCLE('',#3958,3.);
#3747=CIRCLE('',#3961,3.);
#3748=CIRCLE('',#3962,3.);
#3749=CIRCLE('',#3966,3.);
#3750=CIRCLE('',#3968,3.);
#3751=CIRCLE('',#3971,3.);
#3752=CIRCLE('',#3974,3.);
#3753=CIRCLE('',#3981,3.);
#3754=CIRCLE('',#3982,3.);
#3755=CIRCLE('',#3985,3.);
#3756=CIRCLE('',#3986,3.);
#3757=CIRCLE('',#3990,3.);
#3758=CIRCLE('',#3992,3.);
#3759=CIRCLE('',#3995,3.);
#3760=CIRCLE('',#3998,3.);
#3761=CIRCLE('',#4046,1.5);
#3762=CIRCLE('',#4053,1.5);
#3763=AXIS2_PLACEMENT_3D('',#5050,#4080,#4081);
#3764=AXIS2_PLACEMENT_3D('',#5051,#4082,#4083);
#3765=AXIS2_PLACEMENT_3D('',#5053,#4084,#4085);
#3766=AXIS2_PLACEMENT_3D('',#5063,#4090,#4091);
#3767=AXIS2_PLACEMENT_3D('',#5064,#4092,#4093);
#3768=AXIS2_PLACEMENT_3D('',#5066,#4094,#4095);
#3769=AXIS2_PLACEMENT_3D('',#5073,#4099,#4100);
#3770=AXIS2_PLACEMENT_3D('',#5074,#4101,#4102);
#3771=AXIS2_PLACEMENT_3D('',#5076,#4103,#4104);
#3772=AXIS2_PLACEMENT_3D('',#5083,#4108,#4109);
#3773=AXIS2_PLACEMENT_3D('',#5084,#4110,#4111);
#3774=AXIS2_PLACEMENT_3D('',#5086,#4112,#4113);
#3775=AXIS2_PLACEMENT_3D('',#5090,#4116,#4117);
#3776=AXIS2_PLACEMENT_3D('',#5091,#4118,#4119);
#3777=AXIS2_PLACEMENT_3D('',#5092,#4120,#4121);
#3778=AXIS2_PLACEMENT_3D('',#5093,#4122,#4123);
#3779=AXIS2_PLACEMENT_3D('',#5095,#4124,#4125);
#3780=AXIS2_PLACEMENT_3D('',#5096,#4126,#4127);
#3781=AXIS2_PLACEMENT_3D('',#5098,#4128,#4129);
#3782=AXIS2_PLACEMENT_3D('',#5099,#4130,#4131);
#3783=AXIS2_PLACEMENT_3D('',#5109,#4136,#4137);
#3784=AXIS2_PLACEMENT_3D('',#5110,#4138,#4139);
#3785=AXIS2_PLACEMENT_3D('',#5112,#4140,#4141);
#3786=AXIS2_PLACEMENT_3D('',#5119,#4145,#4146);
#3787=AXIS2_PLACEMENT_3D('',#5120,#4147,#4148);
#3788=AXIS2_PLACEMENT_3D('',#5127,#4152,#4153);
#3789=AXIS2_PLACEMENT_3D('',#5128,#4154,#4155);
#3790=AXIS2_PLACEMENT_3D('',#5130,#4156,#4157);
#3791=AXIS2_PLACEMENT_3D('',#5134,#4160,#4161);
#3792=AXIS2_PLACEMENT_3D('',#5135,#4162,#4163);
#3793=AXIS2_PLACEMENT_3D('',#5136,#4164,#4165);
#3794=AXIS2_PLACEMENT_3D('',#5137,#4166,#4167);
#3795=AXIS2_PLACEMENT_3D('',#5138,#4168,#4169);
#3796=AXIS2_PLACEMENT_3D('',#5139,#4170,#4171);
#3797=AXIS2_PLACEMENT_3D('',#5140,#4172,#4173);
#3798=AXIS2_PLACEMENT_3D('',#5141,#4174,#4175);
#3799=AXIS2_PLACEMENT_3D('',#5142,#4176,#4177);
#3800=AXIS2_PLACEMENT_3D('',#5143,#4178,#4179);
#3801=AXIS2_PLACEMENT_3D('',#5145,#4180,#4181);
#3802=AXIS2_PLACEMENT_3D('',#5155,#4186,#4187);
#3803=AXIS2_PLACEMENT_3D('',#5156,#4188,#4189);
#3804=AXIS2_PLACEMENT_3D('',#5158,#4190,#4191);
#3805=AXIS2_PLACEMENT_3D('',#5165,#4195,#4196);
#3806=AXIS2_PLACEMENT_3D('',#5166,#4197,#4198);
#3807=AXIS2_PLACEMENT_3D('',#5168,#4199,#4200);
#3808=AXIS2_PLACEMENT_3D('',#5175,#4204,#4205);
#3809=AXIS2_PLACEMENT_3D('',#5176,#4206,#4207);
#3810=AXIS2_PLACEMENT_3D('',#5178,#4208,#4209);
#3811=AXIS2_PLACEMENT_3D('',#5182,#4212,#4213);
#3812=AXIS2_PLACEMENT_3D('',#5183,#4214,#4215);
#3813=AXIS2_PLACEMENT_3D('',#5184,#4216,#4217);
#3814=AXIS2_PLACEMENT_3D('',#5185,#4218,#4219);
#3815=AXIS2_PLACEMENT_3D('',#5187,#4220,#4221);
#3816=AXIS2_PLACEMENT_3D('',#5188,#4222,#4223);
#3817=AXIS2_PLACEMENT_3D('',#5190,#4224,#4225);
#3818=AXIS2_PLACEMENT_3D('',#5191,#4226,#4227);
#3819=AXIS2_PLACEMENT_3D('',#5193,#4228,#4229);
#3820=AXIS2_PLACEMENT_3D('',#5203,#4234,#4235);
#3821=AXIS2_PLACEMENT_3D('',#5204,#4236,#4237);
#3822=AXIS2_PLACEMENT_3D('',#5211,#4241,#4242);
#3823=AXIS2_PLACEMENT_3D('',#5212,#4243,#4244);
#3824=AXIS2_PLACEMENT_3D('',#5214,#4245,#4246);
#3825=AXIS2_PLACEMENT_3D('',#5221,#4250,#4251);
#3826=AXIS2_PLACEMENT_3D('',#5222,#4252,#4253);
#3827=AXIS2_PLACEMENT_3D('',#5226,#4256,#4257);
#3828=AXIS2_PLACEMENT_3D('',#5227,#4258,#4259);
#3829=AXIS2_PLACEMENT_3D('',#5228,#4260,#4261);
#3830=AXIS2_PLACEMENT_3D('',#5229,#4262,#4263);
#3831=AXIS2_PLACEMENT_3D('',#5230,#4264,#4265);
#3832=AXIS2_PLACEMENT_3D('',#5231,#4266,#4267);
#3833=AXIS2_PLACEMENT_3D('',#5232,#4268,#4269);
#3834=AXIS2_PLACEMENT_3D('',#5233,#4270,#4271);
#3835=AXIS2_PLACEMENT_3D('',#5234,#4272,#4273);
#3836=AXIS2_PLACEMENT_3D('',#5235,#4274,#4275);
#3837=AXIS2_PLACEMENT_3D('',#5237,#4276,#4277);
#3838=AXIS2_PLACEMENT_3D('',#5247,#4282,#4283);
#3839=AXIS2_PLACEMENT_3D('',#5248,#4284,#4285);
#3840=AXIS2_PLACEMENT_3D('',#5250,#4286,#4287);
#3841=AXIS2_PLACEMENT_3D('',#5257,#4291,#4292);
#3842=AXIS2_PLACEMENT_3D('',#5258,#4293,#4294);
#3843=AXIS2_PLACEMENT_3D('',#5260,#4295,#4296);
#3844=AXIS2_PLACEMENT_3D('',#5267,#4300,#4301);
#3845=AXIS2_PLACEMENT_3D('',#5268,#4302,#4303);
#3846=AXIS2_PLACEMENT_3D('',#5270,#4304,#4305);
#3847=AXIS2_PLACEMENT_3D('',#5274,#4308,#4309);
#3848=AXIS2_PLACEMENT_3D('',#5275,#4310,#4311);
#3849=AXIS2_PLACEMENT_3D('',#5276,#4312,#4313);
#3850=AXIS2_PLACEMENT_3D('',#5277,#4314,#4315);
#3851=AXIS2_PLACEMENT_3D('',#5279,#4316,#4317);
#3852=AXIS2_PLACEMENT_3D('',#5280,#4318,#4319);
#3853=AXIS2_PLACEMENT_3D('',#5282,#4320,#4321);
#3854=AXIS2_PLACEMENT_3D('',#5283,#4322,#4323);
#3855=AXIS2_PLACEMENT_3D('',#5293,#4328,#4329);
#3856=AXIS2_PLACEMENT_3D('',#5294,#4330,#4331);
#3857=AXIS2_PLACEMENT_3D('',#5296,#4332,#4333);
#3858=AXIS2_PLACEMENT_3D('',#5303,#4337,#4338);
#3859=AXIS2_PLACEMENT_3D('',#5304,#4339,#4340);
#3860=AXIS2_PLACEMENT_3D('',#5311,#4344,#4345);
#3861=AXIS2_PLACEMENT_3D('',#5312,#4346,#4347);
#3862=AXIS2_PLACEMENT_3D('',#5314,#4348,#4349);
#3863=AXIS2_PLACEMENT_3D('',#5318,#4352,#4353);
#3864=AXIS2_PLACEMENT_3D('',#5319,#4354,#4355);
#3865=AXIS2_PLACEMENT_3D('',#5320,#4356,#4357);
#3866=AXIS2_PLACEMENT_3D('',#5321,#4358,#4359);
#3867=AXIS2_PLACEMENT_3D('',#5322,#4360,#4361);
#3868=AXIS2_PLACEMENT_3D('',#5323,#4362,#4363);
#3869=AXIS2_PLACEMENT_3D('',#5324,#4364,#4365);
#3870=AXIS2_PLACEMENT_3D('',#5325,#4366,#4367);
#3871=AXIS2_PLACEMENT_3D('',#5326,#4368,#4369);
#3872=AXIS2_PLACEMENT_3D('',#5327,#4370,#4371);
#3873=AXIS2_PLACEMENT_3D('',#5329,#4372,#4373);
#3874=AXIS2_PLACEMENT_3D('',#5339,#4378,#4379);
#3875=AXIS2_PLACEMENT_3D('',#5340,#4380,#4381);
#3876=AXIS2_PLACEMENT_3D('',#5342,#4382,#4383);
#3877=AXIS2_PLACEMENT_3D('',#5349,#4387,#4388);
#3878=AXIS2_PLACEMENT_3D('',#5350,#4389,#4390);
#3879=AXIS2_PLACEMENT_3D('',#5352,#4391,#4392);
#3880=AXIS2_PLACEMENT_3D('',#5359,#4396,#4397);
#3881=AXIS2_PLACEMENT_3D('',#5360,#4398,#4399);
#3882=AXIS2_PLACEMENT_3D('',#5362,#4400,#4401);
#3883=AXIS2_PLACEMENT_3D('',#5366,#4404,#4405);
#3884=AXIS2_PLACEMENT_3D('',#5367,#4406,#4407);
#3885=AXIS2_PLACEMENT_3D('',#5368,#4408,#4409);
#3886=AXIS2_PLACEMENT_3D('',#5369,#4410,#4411);
#3887=AXIS2_PLACEMENT_3D('',#5371,#4412,#4413);
#3888=AXIS2_PLACEMENT_3D('',#5372,#4414,#4415);
#3889=AXIS2_PLACEMENT_3D('',#5374,#4416,#4417);
#3890=AXIS2_PLACEMENT_3D('',#5375,#4418,#4419);
#3891=AXIS2_PLACEMENT_3D('',#5385,#4424,#4425);
#3892=AXIS2_PLACEMENT_3D('',#5386,#4426,#4427);
#3893=AXIS2_PLACEMENT_3D('',#5388,#4428,#4429);
#3894=AXIS2_PLACEMENT_3D('',#5395,#4433,#4434);
#3895=AXIS2_PLACEMENT_3D('',#5396,#4435,#4436);
#3896=AXIS2_PLACEMENT_3D('',#5403,#4440,#4441);
#3897=AXIS2_PLACEMENT_3D('',#5404,#4442,#4443);
#3898=AXIS2_PLACEMENT_3D('',#5406,#4444,#4445);
#3899=AXIS2_PLACEMENT_3D('',#5410,#4448,#4449);
#3900=AXIS2_PLACEMENT_3D('',#5411,#4450,#4451);
#3901=AXIS2_PLACEMENT_3D('',#5412,#4452,#4453);
#3902=AXIS2_PLACEMENT_3D('',#5413,#4454,#4455);
#3903=AXIS2_PLACEMENT_3D('',#5414,#4456,#4457);
#3904=AXIS2_PLACEMENT_3D('',#5415,#4458,#4459);
#3905=AXIS2_PLACEMENT_3D('',#5416,#4460,#4461);
#3906=AXIS2_PLACEMENT_3D('',#5417,#4462,#4463);
#3907=AXIS2_PLACEMENT_3D('',#5418,#4464,#4465);
#3908=AXIS2_PLACEMENT_3D('',#5427,#4470,#4471);
#3909=AXIS2_PLACEMENT_3D('',#5428,#4472,#4473);
#3910=AXIS2_PLACEMENT_3D('',#5430,#4474,#4475);
#3911=AXIS2_PLACEMENT_3D('',#5437,#4479,#4480);
#3912=AXIS2_PLACEMENT_3D('',#5443,#4484,#4485);
#3913=AXIS2_PLACEMENT_3D('',#5444,#4486,#4487);
#3914=AXIS2_PLACEMENT_3D('',#5446,#4488,#4489);
#3915=AXIS2_PLACEMENT_3D('',#5450,#4492,#4493);
#3916=AXIS2_PLACEMENT_3D('',#5451,#4494,#4495);
#3917=AXIS2_PLACEMENT_3D('',#5452,#4496,#4497);
#3918=AXIS2_PLACEMENT_3D('',#5453,#4498,#4499);
#3919=AXIS2_PLACEMENT_3D('',#5455,#4500,#4501);
#3920=AXIS2_PLACEMENT_3D('',#5456,#4502,#4503);
#3921=AXIS2_PLACEMENT_3D('',#5458,#4504,#4505);
#3922=AXIS2_PLACEMENT_3D('',#5467,#4510,#4511);
#3923=AXIS2_PLACEMENT_3D('',#5468,#4512,#4513);
#3924=AXIS2_PLACEMENT_3D('',#5475,#4517,#4518);
#3925=AXIS2_PLACEMENT_3D('',#5481,#4522,#4523);
#3926=AXIS2_PLACEMENT_3D('',#5482,#4524,#4525);
#3927=AXIS2_PLACEMENT_3D('',#5486,#4528,#4529);
#3928=AXIS2_PLACEMENT_3D('',#5487,#4530,#4531);
#3929=AXIS2_PLACEMENT_3D('',#5488,#4532,#4533);
#3930=AXIS2_PLACEMENT_3D('',#5489,#4534,#4535);
#3931=AXIS2_PLACEMENT_3D('',#5490,#4536,#4537);
#3932=AXIS2_PLACEMENT_3D('',#5499,#4542,#4543);
#3933=AXIS2_PLACEMENT_3D('',#5500,#4544,#4545);
#3934=AXIS2_PLACEMENT_3D('',#5502,#4546,#4547);
#3935=AXIS2_PLACEMENT_3D('',#5509,#4551,#4552);
#3936=AXIS2_PLACEMENT_3D('',#5515,#4556,#4557);
#3937=AXIS2_PLACEMENT_3D('',#5516,#4558,#4559);
#3938=AXIS2_PLACEMENT_3D('',#5518,#4560,#4561);
#3939=AXIS2_PLACEMENT_3D('',#5522,#4564,#4565);
#3940=AXIS2_PLACEMENT_3D('',#5523,#4566,#4567);
#3941=AXIS2_PLACEMENT_3D('',#5524,#4568,#4569);
#3942=AXIS2_PLACEMENT_3D('',#5525,#4570,#4571);
#3943=AXIS2_PLACEMENT_3D('',#5527,#4572,#4573);
#3944=AXIS2_PLACEMENT_3D('',#5528,#4574,#4575);
#3945=AXIS2_PLACEMENT_3D('',#5530,#4576,#4577);
#3946=AXIS2_PLACEMENT_3D('',#5539,#4582,#4583);
#3947=AXIS2_PLACEMENT_3D('',#5540,#4584,#4585);
#3948=AXIS2_PLACEMENT_3D('',#5547,#4589,#4590);
#3949=AXIS2_PLACEMENT_3D('',#5553,#4594,#4595);
#3950=AXIS2_PLACEMENT_3D('',#5554,#4596,#4597);
#3951=AXIS2_PLACEMENT_3D('',#5558,#4600,#4601);
#3952=AXIS2_PLACEMENT_3D('',#5559,#4602,#4603);
#3953=AXIS2_PLACEMENT_3D('',#5560,#4604,#4605);
#3954=AXIS2_PLACEMENT_3D('',#5561,#4606,#4607);
#3955=AXIS2_PLACEMENT_3D('',#5562,#4608,#4609);
#3956=AXIS2_PLACEMENT_3D('',#5571,#4614,#4615);
#3957=AXIS2_PLACEMENT_3D('',#5572,#4616,#4617);
#3958=AXIS2_PLACEMENT_3D('',#5574,#4618,#4619);
#3959=AXIS2_PLACEMENT_3D('',#5581,#4623,#4624);
#3960=AXIS2_PLACEMENT_3D('',#5587,#4628,#4629);
#3961=AXIS2_PLACEMENT_3D('',#5588,#4630,#4631);
#3962=AXIS2_PLACEMENT_3D('',#5590,#4632,#4633);
#3963=AXIS2_PLACEMENT_3D('',#5594,#4636,#4637);
#3964=AXIS2_PLACEMENT_3D('',#5595,#4638,#4639);
#3965=AXIS2_PLACEMENT_3D('',#5596,#4640,#4641);
#3966=AXIS2_PLACEMENT_3D('',#5597,#4642,#4643);
#3967=AXIS2_PLACEMENT_3D('',#5599,#4644,#4645);
#3968=AXIS2_PLACEMENT_3D('',#5600,#4646,#4647);
#3969=AXIS2_PLACEMENT_3D('',#5602,#4648,#4649);
#3970=AXIS2_PLACEMENT_3D('',#5611,#4654,#4655);
#3971=AXIS2_PLACEMENT_3D('',#5612,#4656,#4657);
#3972=AXIS2_PLACEMENT_3D('',#5619,#4661,#4662);
#3973=AXIS2_PLACEMENT_3D('',#5625,#4666,#4667);
#3974=AXIS2_PLACEMENT_3D('',#5626,#4668,#4669);
#3975=AXIS2_PLACEMENT_3D('',#5630,#4672,#4673);
#3976=AXIS2_PLACEMENT_3D('',#5631,#4674,#4675);
#3977=AXIS2_PLACEMENT_3D('',#5632,#4676,#4677);
#3978=AXIS2_PLACEMENT_3D('',#5633,#4678,#4679);
#3979=AXIS2_PLACEMENT_3D('',#5634,#4680,#4681);
#3980=AXIS2_PLACEMENT_3D('',#5643,#4686,#4687);
#3981=AXIS2_PLACEMENT_3D('',#5644,#4688,#4689);
#3982=AXIS2_PLACEMENT_3D('',#5646,#4690,#4691);
#3983=AXIS2_PLACEMENT_3D('',#5653,#4695,#4696);
#3984=AXIS2_PLACEMENT_3D('',#5659,#4700,#4701);
#3985=AXIS2_PLACEMENT_3D('',#5660,#4702,#4703);
#3986=AXIS2_PLACEMENT_3D('',#5662,#4704,#4705);
#3987=AXIS2_PLACEMENT_3D('',#5666,#4708,#4709);
#3988=AXIS2_PLACEMENT_3D('',#5667,#4710,#4711);
#3989=AXIS2_PLACEMENT_3D('',#5668,#4712,#4713);
#3990=AXIS2_PLACEMENT_3D('',#5669,#4714,#4715);
#3991=AXIS2_PLACEMENT_3D('',#5671,#4716,#4717);
#3992=AXIS2_PLACEMENT_3D('',#5672,#4718,#4719);
#3993=AXIS2_PLACEMENT_3D('',#5674,#4720,#4721);
#3994=AXIS2_PLACEMENT_3D('',#5683,#4726,#4727);
#3995=AXIS2_PLACEMENT_3D('',#5684,#4728,#4729);
#3996=AXIS2_PLACEMENT_3D('',#5691,#4733,#4734);
#3997=AXIS2_PLACEMENT_3D('',#5697,#4738,#4739);
#3998=AXIS2_PLACEMENT_3D('',#5698,#4740,#4741);
#3999=AXIS2_PLACEMENT_3D('',#5702,#4744,#4745);
#4000=AXIS2_PLACEMENT_3D('',#5703,#4746,#4747);
#4001=AXIS2_PLACEMENT_3D('',#5704,#4748,#4749);
#4002=AXIS2_PLACEMENT_3D('',#5705,#4750,#4751);
#4003=AXIS2_PLACEMENT_3D('',#5706,#4752,#4753);
#4004=AXIS2_PLACEMENT_3D('',#5715,#4758,#4759);
#4005=AXIS2_PLACEMENT_3D('',#5721,#4763,#4764);
#4006=AXIS2_PLACEMENT_3D('',#5727,#4768,#4769);
#4007=AXIS2_PLACEMENT_3D('',#5730,#4772,#4773);
#4008=AXIS2_PLACEMENT_3D('',#5731,#4774,#4775);
#4009=AXIS2_PLACEMENT_3D('',#5732,#4776,#4777);
#4010=AXIS2_PLACEMENT_3D('',#5741,#4782,#4783);
#4011=AXIS2_PLACEMENT_3D('',#5747,#4787,#4788);
#4012=AXIS2_PLACEMENT_3D('',#5753,#4792,#4793);
#4013=AXIS2_PLACEMENT_3D('',#5756,#4796,#4797);
#4014=AXIS2_PLACEMENT_3D('',#5757,#4798,#4799);
#4015=AXIS2_PLACEMENT_3D('',#5758,#4800,#4801);
#4016=AXIS2_PLACEMENT_3D('',#5767,#4806,#4807);
#4017=AXIS2_PLACEMENT_3D('',#5773,#4811,#4812);
#4018=AXIS2_PLACEMENT_3D('',#5779,#4816,#4817);
#4019=AXIS2_PLACEMENT_3D('',#5782,#4820,#4821);
#4020=AXIS2_PLACEMENT_3D('',#5783,#4822,#4823);
#4021=AXIS2_PLACEMENT_3D('',#5784,#4824,#4825);
#4022=AXIS2_PLACEMENT_3D('',#5793,#4830,#4831);
#4023=AXIS2_PLACEMENT_3D('',#5799,#4835,#4836);
#4024=AXIS2_PLACEMENT_3D('',#5805,#4840,#4841);
#4025=AXIS2_PLACEMENT_3D('',#5808,#4844,#4845);
#4026=AXIS2_PLACEMENT_3D('',#5809,#4846,#4847);
#4027=AXIS2_PLACEMENT_3D('',#5810,#4848,#4849);
#4028=AXIS2_PLACEMENT_3D('',#5819,#4854,#4855);
#4029=AXIS2_PLACEMENT_3D('',#5825,#4859,#4860);
#4030=AXIS2_PLACEMENT_3D('',#5831,#4864,#4865);
#4031=AXIS2_PLACEMENT_3D('',#5834,#4868,#4869);
#4032=AXIS2_PLACEMENT_3D('',#5835,#4870,#4871);
#4033=AXIS2_PLACEMENT_3D('',#5836,#4872,#4873);
#4034=AXIS2_PLACEMENT_3D('',#5845,#4878,#4879);
#4035=AXIS2_PLACEMENT_3D('',#5851,#4883,#4884);
#4036=AXIS2_PLACEMENT_3D('',#5857,#4888,#4889);
#4037=AXIS2_PLACEMENT_3D('',#5860,#4892,#4893);
#4038=AXIS2_PLACEMENT_3D('',#5861,#4894,#4895);
#4039=AXIS2_PLACEMENT_3D('',#5862,#4896,#4897);
#4040=AXIS2_PLACEMENT_3D('',#5871,#4902,#4903);
#4041=AXIS2_PLACEMENT_3D('',#5877,#4907,#4908);
#4042=AXIS2_PLACEMENT_3D('',#5883,#4912,#4913);
#4043=AXIS2_PLACEMENT_3D('',#5886,#4916,#4917);
#4044=AXIS2_PLACEMENT_3D('',#5887,#4918,#4919);
#4045=AXIS2_PLACEMENT_3D('',#5888,#4920,#4921);
#4046=AXIS2_PLACEMENT_3D('',#5889,#4922,#4923);
#4047=AXIS2_PLACEMENT_3D('',#5899,#4928,#4929);
#4048=AXIS2_PLACEMENT_3D('',#5905,#4933,#4934);
#4049=AXIS2_PLACEMENT_3D('',#5911,#4938,#4939);
#4050=AXIS2_PLACEMENT_3D('',#5914,#4942,#4943);
#4051=AXIS2_PLACEMENT_3D('',#5915,#4944,#4945);
#4052=AXIS2_PLACEMENT_3D('',#5916,#4946,#4947);
#4053=AXIS2_PLACEMENT_3D('',#5917,#4948,#4949);
#4054=AXIS2_PLACEMENT_3D('',#5919,#4950,#4951);
#4055=AXIS2_PLACEMENT_3D('',#5920,#4952,#4953);
#4056=AXIS2_PLACEMENT_3D('',#5929,#4958,#4959);
#4057=AXIS2_PLACEMENT_3D('',#5935,#4963,#4964);
#4058=AXIS2_PLACEMENT_3D('',#5941,#4968,#4969);
#4059=AXIS2_PLACEMENT_3D('',#5944,#4972,#4973);
#4060=AXIS2_PLACEMENT_3D('',#5945,#4974,#4975);
#4061=AXIS2_PLACEMENT_3D('',#5946,#4976,#4977);
#4062=AXIS2_PLACEMENT_3D('',#5955,#4982,#4983);
#4063=AXIS2_PLACEMENT_3D('',#5961,#4987,#4988);
#4064=AXIS2_PLACEMENT_3D('',#5967,#4992,#4993);
#4065=AXIS2_PLACEMENT_3D('',#5970,#4996,#4997);
#4066=AXIS2_PLACEMENT_3D('',#5971,#4998,#4999);
#4067=AXIS2_PLACEMENT_3D('',#5972,#5000,#5001);
#4068=AXIS2_PLACEMENT_3D('',#5981,#5006,#5007);
#4069=AXIS2_PLACEMENT_3D('',#5987,#5011,#5012);
#4070=AXIS2_PLACEMENT_3D('',#5993,#5016,#5017);
#4071=AXIS2_PLACEMENT_3D('',#5996,#5020,#5021);
#4072=AXIS2_PLACEMENT_3D('',#5997,#5022,#5023);
#4073=AXIS2_PLACEMENT_3D('',#5998,#5024,#5025);
#4074=AXIS2_PLACEMENT_3D('',#6007,#5030,#5031);
#4075=AXIS2_PLACEMENT_3D('',#6013,#5035,#5036);
#4076=AXIS2_PLACEMENT_3D('',#6019,#5040,#5041);
#4077=AXIS2_PLACEMENT_3D('',#6022,#5044,#5045);
#4078=AXIS2_PLACEMENT_3D('',#6023,#5046,#5047);
#4079=AXIS2_PLACEMENT_3D('',#6024,#5048,#5049);
#4080=DIRECTION('',(0.,0.,1.));
#4081=DIRECTION('',(1.,0.,0.));
#4082=DIRECTION('',(-1.,0.,0.));
#4083=DIRECTION('',(0.,0.,1.));
#4084=DIRECTION('',(-1.,0.,0.));
#4085=DIRECTION('',(0.,0.,1.));
#4086=DIRECTION('',(0.,1.,0.));
#4087=DIRECTION('',(0.,0.,-1.));
#4088=DIRECTION('',(0.,1.,0.));
#4089=DIRECTION('',(0.,0.,-1.));
#4090=DIRECTION('',(-1.,0.,0.));
#4091=DIRECTION('',(0.,0.,1.));
#4092=DIRECTION('',(5.55111512312586E-15,1.,0.));
#4093=DIRECTION('',(-1.,9.25185853854297E-15,0.));
#4094=DIRECTION('',(5.55111512312586E-15,1.,0.));
#4095=DIRECTION('',(-1.,9.25185853854297E-15,0.));
#4096=DIRECTION('',(1.,-5.55111512312586E-15,0.));
#4097=DIRECTION('',(0.,0.,-1.));
#4098=DIRECTION('',(1.,-5.55111512312586E-15,0.));
#4099=DIRECTION('',(5.55111512312586E-15,1.,0.));
#4100=DIRECTION('',(-1.,5.55111512312578E-15,0.));
#4101=DIRECTION('',(1.,0.,0.));
#4102=DIRECTION('',(0.,0.,-1.));
#4103=DIRECTION('',(1.,0.,0.));
#4104=DIRECTION('',(0.,0.,-1.));
#4105=DIRECTION('',(0.,-1.,0.));
#4106=DIRECTION('',(0.,0.,-1.));
#4107=DIRECTION('',(0.,-1.,0.));
#4108=DIRECTION('',(1.,0.,0.));
#4109=DIRECTION('',(0.,0.,-1.));
#4110=DIRECTION('',(2.77555756156293E-15,-1.,0.));
#4111=DIRECTION('',(1.,0.,0.));
#4112=DIRECTION('',(2.77555756156293E-15,-1.,0.));
#4113=DIRECTION('',(1.,0.,0.));
#4114=DIRECTION('',(-1.,-2.77555756156293E-15,0.));
#4115=DIRECTION('',(-1.,-2.77555756156293E-15,0.));
#4116=DIRECTION('',(2.77555756156293E-15,-1.,0.));
#4117=DIRECTION('',(1.,2.77555756156289E-15,0.));
#4118=DIRECTION('',(0.,0.,-1.));
#4119=DIRECTION('',(-1.,0.,0.));
#4120=DIRECTION('',(0.,0.,-1.));
#4121=DIRECTION('',(-1.,0.,0.));
#4122=DIRECTION('',(1.,0.,0.));
#4123=DIRECTION('',(0.,0.,-1.));
#4124=DIRECTION('',(1.,0.,0.));
#4125=DIRECTION('',(0.,0.,-1.));
#4126=DIRECTION('',(1.,0.,0.));
#4127=DIRECTION('',(0.,0.,-1.));
#4128=DIRECTION('',(1.,0.,0.));
#4129=DIRECTION('',(0.,0.,-1.));
#4130=DIRECTION('',(1.,0.,0.));
#4131=DIRECTION('',(0.,0.,-1.));
#4132=DIRECTION('',(0.,1.,0.));
#4133=DIRECTION('',(0.,0.,-1.));
#4134=DIRECTION('',(0.,1.,0.));
#4135=DIRECTION('',(0.,0.,-1.));
#4136=DIRECTION('',(-1.,0.,0.));
#4137=DIRECTION('',(0.,0.,1.));
#4138=DIRECTION('',(5.55111512312586E-15,1.,0.));
#4139=DIRECTION('',(-1.,9.25185853854297E-15,0.));
#4140=DIRECTION('',(5.55111512312586E-15,1.,0.));
#4141=DIRECTION('',(-1.,9.25185853854297E-15,0.));
#4142=DIRECTION('',(1.,-5.55111512312586E-15,0.));
#4143=DIRECTION('',(1.,-5.55111512312586E-15,0.));
#4144=DIRECTION('',(0.,0.,-1.));
#4145=DIRECTION('',(5.55111512312586E-15,1.,0.));
#4146=DIRECTION('',(-1.,5.55111512312578E-15,0.));
#4147=DIRECTION('',(1.,0.,0.));
#4148=DIRECTION('',(0.,0.,-1.));
#4149=DIRECTION('',(0.,-1.,0.));
#4150=DIRECTION('',(0.,-1.,0.));
#4151=DIRECTION('',(0.,0.,-1.));
#4152=DIRECTION('',(1.,0.,0.));
#4153=DIRECTION('',(0.,0.,-1.));
#4154=DIRECTION('',(-2.77555756156293E-15,1.,0.));
#4155=DIRECTION('',(-1.,0.,0.));
#4156=DIRECTION('',(-2.77555756156293E-15,1.,0.));
#4157=DIRECTION('',(-1.,0.,0.));
#4158=DIRECTION('',(-1.,-2.77555756156293E-15,0.));
#4159=DIRECTION('',(-1.,-2.77555756156293E-15,0.));
#4160=DIRECTION('',(2.77555756156293E-15,-1.,0.));
#4161=DIRECTION('',(1.,2.77555756156289E-15,0.));
#4162=DIRECTION('',(0.,0.,-1.));
#4163=DIRECTION('',(-1.,0.,0.));
#4164=DIRECTION('',(0.,0.,-1.));
#4165=DIRECTION('',(-1.,0.,0.));
#4166=DIRECTION('',(-2.77555756156293E-15,1.,0.));
#4167=DIRECTION('',(-1.,0.,0.));
#4168=DIRECTION('',(-2.77555756156293E-15,1.,0.));
#4169=DIRECTION('',(-1.,0.,0.));
#4170=DIRECTION('',(1.,0.,0.));
#4171=DIRECTION('',(0.,0.,-1.));
#4172=DIRECTION('',(1.,0.,0.));
#4173=DIRECTION('',(0.,0.,-1.));
#4174=DIRECTION('',(-2.77555756156293E-15,1.,0.));
#4175=DIRECTION('',(-1.,0.,0.));
#4176=DIRECTION('',(-2.77555756156293E-15,1.,0.));
#4177=DIRECTION('',(-1.,0.,0.));
#4178=DIRECTION('',(-1.,2.77555756156294E-15,0.));
#4179=DIRECTION('',(0.,-1.,0.));
#4180=DIRECTION('',(-1.,2.77555756156294E-15,0.));
#4181=DIRECTION('',(0.,-1.,0.));
#4182=DIRECTION('',(2.77555756156294E-15,1.,0.));
#4183=DIRECTION('',(0.,0.,-1.));
#4184=DIRECTION('',(2.77555756156294E-15,1.,0.));
#4185=DIRECTION('',(0.,0.,-1.));
#4186=DIRECTION('',(-1.,2.77555756156294E-15,0.));
#4187=DIRECTION('',(-2.77555756156289E-15,-1.,0.));
#4188=DIRECTION('',(2.77555756156293E-15,1.,0.));
#4189=DIRECTION('',(-1.,0.,0.));
#4190=DIRECTION('',(2.77555756156293E-15,1.,0.));
#4191=DIRECTION('',(-1.,0.,0.));
#4192=DIRECTION('',(1.,-2.77555756156293E-15,0.));
#4193=DIRECTION('',(0.,0.,-1.));
#4194=DIRECTION('',(1.,-2.77555756156293E-15,0.));
#4195=DIRECTION('',(2.77555756156293E-15,1.,0.));
#4196=DIRECTION('',(-1.,2.77555756156289E-15,0.));
#4197=DIRECTION('',(1.,0.,0.));
#4198=DIRECTION('',(0.,0.,-1.));
#4199=DIRECTION('',(1.,0.,0.));
#4200=DIRECTION('',(0.,0.,-1.));
#4201=DIRECTION('',(0.,-1.,0.));
#4202=DIRECTION('',(0.,0.,-1.));
#4203=DIRECTION('',(0.,-1.,0.));
#4204=DIRECTION('',(1.,0.,0.));
#4205=DIRECTION('',(0.,0.,-1.));
#4206=DIRECTION('',(-1.38777878078146E-15,-1.,0.));
#4207=DIRECTION('',(1.,0.,0.));
#4208=DIRECTION('',(-1.38777878078146E-15,-1.,0.));
#4209=DIRECTION('',(1.,0.,0.));
#4210=DIRECTION('',(-1.,1.38777878078146E-15,0.));
#4211=DIRECTION('',(-1.,1.38777878078146E-15,0.));
#4212=DIRECTION('',(-1.38777878078146E-15,-1.,0.));
#4213=DIRECTION('',(1.,-1.38777878078145E-15,0.));
#4214=DIRECTION('',(0.,0.,-1.));
#4215=DIRECTION('',(-1.,0.,0.));
#4216=DIRECTION('',(0.,0.,-1.));
#4217=DIRECTION('',(-1.,0.,0.));
#4218=DIRECTION('',(-1.38777878078146E-15,-1.,0.));
#4219=DIRECTION('',(1.,0.,0.));
#4220=DIRECTION('',(-2.77555756156293E-15,-1.,0.));
#4221=DIRECTION('',(1.,0.,0.));
#4222=DIRECTION('',(-2.77555756156293E-15,-1.,0.));
#4223=DIRECTION('',(1.,0.,0.));
#4224=DIRECTION('',(-2.77555756156293E-15,-1.,0.));
#4225=DIRECTION('',(1.,0.,0.));
#4226=DIRECTION('',(1.,-2.77555756156294E-15,0.));
#4227=DIRECTION('',(0.,1.,0.));
#4228=DIRECTION('',(1.,-2.77555756156294E-15,0.));
#4229=DIRECTION('',(0.,1.,0.));
#4230=DIRECTION('',(2.77555756156294E-15,1.,0.));
#4231=DIRECTION('',(0.,0.,-1.));
#4232=DIRECTION('',(2.77555756156294E-15,1.,0.));
#4233=DIRECTION('',(0.,0.,-1.));
#4234=DIRECTION('',(-1.,2.77555756156294E-15,0.));
#4235=DIRECTION('',(-2.77555756156289E-15,-1.,0.));
#4236=DIRECTION('',(-2.77555756156293E-15,-1.,0.));
#4237=DIRECTION('',(1.,0.,0.));
#4238=DIRECTION('',(1.,-2.77555756156293E-15,0.));
#4239=DIRECTION('',(1.,-2.77555756156293E-15,0.));
#4240=DIRECTION('',(0.,0.,-1.));
#4241=DIRECTION('',(2.77555756156293E-15,1.,0.));
#4242=DIRECTION('',(-1.,2.77555756156289E-15,0.));
#4243=DIRECTION('',(1.,0.,0.));
#4244=DIRECTION('',(0.,0.,-1.));
#4245=DIRECTION('',(1.,0.,0.));
#4246=DIRECTION('',(0.,0.,-1.));
#4247=DIRECTION('',(0.,-1.,0.));
#4248=DIRECTION('',(0.,-1.,0.));
#4249=DIRECTION('',(0.,0.,-1.));
#4250=DIRECTION('',(1.,0.,0.));
#4251=DIRECTION('',(0.,0.,-1.));
#4252=DIRECTION('',(-1.38777878078146E-15,-1.,0.));
#4253=DIRECTION('',(1.,0.,0.));
#4254=DIRECTION('',(-1.,1.38777878078146E-15,0.));
#4255=DIRECTION('',(-1.,1.38777878078146E-15,0.));
#4256=DIRECTION('',(-1.38777878078146E-15,-1.,0.));
#4257=DIRECTION('',(1.,-1.38777878078145E-15,0.));
#4258=DIRECTION('',(0.,0.,-1.));
#4259=DIRECTION('',(-1.,0.,0.));
#4260=DIRECTION('',(0.,0.,-1.));
#4261=DIRECTION('',(-1.,0.,0.));
#4262=DIRECTION('',(1.,-2.77555756156294E-15,0.));
#4263=DIRECTION('',(0.,1.,0.));
#4264=DIRECTION('',(1.,-2.77555756156294E-15,0.));
#4265=DIRECTION('',(0.,1.,0.));
#4266=DIRECTION('',(-2.77555756156293E-15,-1.,0.));
#4267=DIRECTION('',(1.,0.,0.));
#4268=DIRECTION('',(-2.77555756156293E-15,-1.,0.));
#4269=DIRECTION('',(1.,0.,0.));
#4270=DIRECTION('',(1.,-2.77555756156294E-15,0.));
#4271=DIRECTION('',(0.,1.,0.));
#4272=DIRECTION('',(1.,-2.77555756156294E-15,0.));
#4273=DIRECTION('',(0.,1.,0.));
#4274=DIRECTION('',(-1.,-1.38777878078146E-15,0.));
#4275=DIRECTION('',(0.,-1.,0.));
#4276=DIRECTION('',(-1.,-1.38777878078146E-15,0.));
#4277=DIRECTION('',(0.,-1.,0.));
#4278=DIRECTION('',(-1.38777878078146E-15,1.,0.));
#4279=DIRECTION('',(0.,0.,-1.));
#4280=DIRECTION('',(-1.38777878078146E-15,1.,0.));
#4281=DIRECTION('',(0.,0.,-1.));
#4282=DIRECTION('',(-1.,-1.38777878078146E-15,0.));
#4283=DIRECTION('',(1.38777878078145E-15,-1.,0.));
#4284=DIRECTION('',(0.,1.,0.));
#4285=DIRECTION('',(0.,0.,1.));
#4286=DIRECTION('',(0.,1.,0.));
#4287=DIRECTION('',(0.,0.,1.));
#4288=DIRECTION('',(1.,0.,0.));
#4289=DIRECTION('',(0.,0.,-1.));
#4290=DIRECTION('',(1.,0.,0.));
#4291=DIRECTION('',(0.,1.,0.));
#4292=DIRECTION('',(0.,0.,1.));
#4293=DIRECTION('',(1.,0.,0.));
#4294=DIRECTION('',(0.,0.,-1.));
#4295=DIRECTION('',(1.,0.,0.));
#4296=DIRECTION('',(0.,0.,-1.));
#4297=DIRECTION('',(0.,-1.,0.));
#4298=DIRECTION('',(0.,0.,-1.));
#4299=DIRECTION('',(0.,-1.,0.));
#4300=DIRECTION('',(1.,0.,0.));
#4301=DIRECTION('',(0.,0.,-1.));
#4302=DIRECTION('',(-1.38777878078146E-15,-1.,0.));
#4303=DIRECTION('',(1.,0.,0.));
#4304=DIRECTION('',(-1.38777878078146E-15,-1.,0.));
#4305=DIRECTION('',(1.,0.,0.));
#4306=DIRECTION('',(-1.,1.38777878078146E-15,0.));
#4307=DIRECTION('',(-1.,1.38777878078146E-15,0.));
#4308=DIRECTION('',(-1.38777878078146E-15,-1.,0.));
#4309=DIRECTION('',(1.,-1.38777878078145E-15,0.));
#4310=DIRECTION('',(0.,0.,-1.));
#4311=DIRECTION('',(-1.,0.,0.));
#4312=DIRECTION('',(0.,0.,-1.));
#4313=DIRECTION('',(-1.,0.,0.));
#4314=DIRECTION('',(-1.,0.,0.));
#4315=DIRECTION('',(0.,0.,1.));
#4316=DIRECTION('',(-1.,0.,0.));
#4317=DIRECTION('',(0.,0.,1.));
#4318=DIRECTION('',(-1.,-1.38777878078146E-15,0.));
#4319=DIRECTION('',(0.,-1.,0.));
#4320=DIRECTION('',(-1.,0.,0.));
#4321=DIRECTION('',(0.,0.,1.));
#4322=DIRECTION('',(-1.,-1.38777878078146E-15,0.));
#4323=DIRECTION('',(0.,-1.,0.));
#4324=DIRECTION('',(-1.38777878078146E-15,1.,0.));
#4325=DIRECTION('',(0.,0.,-1.));
#4326=DIRECTION('',(-1.38777878078146E-15,1.,0.));
#4327=DIRECTION('',(0.,0.,-1.));
#4328=DIRECTION('',(-1.,-1.38777878078146E-15,0.));
#4329=DIRECTION('',(1.38777878078145E-15,-1.,0.));
#4330=DIRECTION('',(0.,1.,0.));
#4331=DIRECTION('',(0.,0.,1.));
#4332=DIRECTION('',(0.,1.,0.));
#4333=DIRECTION('',(0.,0.,1.));
#4334=DIRECTION('',(1.,0.,0.));
#4335=DIRECTION('',(1.,0.,0.));
#4336=DIRECTION('',(0.,0.,-1.));
#4337=DIRECTION('',(0.,1.,0.));
#4338=DIRECTION('',(0.,0.,1.));
#4339=DIRECTION('',(-1.,0.,0.));
#4340=DIRECTION('',(0.,0.,1.));
#4341=DIRECTION('',(0.,-1.,0.));
#4342=DIRECTION('',(0.,-1.,0.));
#4343=DIRECTION('',(0.,0.,-1.));
#4344=DIRECTION('',(1.,0.,0.));
#4345=DIRECTION('',(0.,0.,-1.));
#4346=DIRECTION('',(1.38777878078146E-15,1.,0.));
#4347=DIRECTION('',(-1.,0.,0.));
#4348=DIRECTION('',(1.38777878078146E-15,1.,0.));
#4349=DIRECTION('',(-1.,0.,0.));
#4350=DIRECTION('',(-1.,1.38777878078146E-15,0.));
#4351=DIRECTION('',(-1.,1.38777878078146E-15,0.));
#4352=DIRECTION('',(-1.38777878078146E-15,-1.,0.));
#4353=DIRECTION('',(1.,-1.38777878078145E-15,0.));
#4354=DIRECTION('',(0.,0.,-1.));
#4355=DIRECTION('',(-1.,0.,0.));
#4356=DIRECTION('',(0.,0.,-1.));
#4357=DIRECTION('',(-1.,0.,0.));
#4358=DIRECTION('',(-1.,0.,0.));
#4359=DIRECTION('',(0.,0.,1.));
#4360=DIRECTION('',(-1.,0.,0.));
#4361=DIRECTION('',(0.,0.,1.));
#4362=DIRECTION('',(1.38777878078146E-15,1.,0.));
#4363=DIRECTION('',(-1.,0.,0.));
#4364=DIRECTION('',(1.38777878078146E-15,1.,0.));
#4365=DIRECTION('',(-1.,0.,0.));
#4366=DIRECTION('',(1.38777878078146E-15,1.,0.));
#4367=DIRECTION('',(-1.,0.,0.));
#4368=DIRECTION('',(1.38777878078146E-15,1.,0.));
#4369=DIRECTION('',(-1.,0.,0.));
#4370=DIRECTION('',(-1.,-1.38777878078146E-15,0.));
#4371=DIRECTION('',(0.,-1.,0.));
#4372=DIRECTION('',(-1.,-1.38777878078146E-15,0.));
#4373=DIRECTION('',(0.,-1.,0.));
#4374=DIRECTION('',(-1.38777878078146E-15,1.,0.));
#4375=DIRECTION('',(0.,0.,-1.));
#4376=DIRECTION('',(-1.38777878078146E-15,1.,0.));
#4377=DIRECTION('',(0.,0.,-1.));
#4378=DIRECTION('',(-1.,-1.38777878078146E-15,0.));
#4379=DIRECTION('',(1.38777878078145E-15,-1.,0.));
#4380=DIRECTION('',(0.,1.,0.));
#4381=DIRECTION('',(0.,0.,1.));
#4382=DIRECTION('',(0.,1.,0.));
#4383=DIRECTION('',(0.,0.,1.));
#4384=DIRECTION('',(1.,0.,0.));
#4385=DIRECTION('',(0.,0.,-1.));
#4386=DIRECTION('',(1.,0.,0.));
#4387=DIRECTION('',(0.,1.,0.));
#4388=DIRECTION('',(0.,0.,1.));
#4389=DIRECTION('',(1.,-2.77555756156292E-15,0.));
#4390=DIRECTION('',(0.,1.,0.));
#4391=DIRECTION('',(1.,-2.77555756156292E-15,0.));
#4392=DIRECTION('',(0.,1.,0.));
#4393=DIRECTION('',(-2.77555756156292E-15,-1.,0.));
#4394=DIRECTION('',(0.,0.,-1.));
#4395=DIRECTION('',(-2.77555756156292E-15,-1.,0.));
#4396=DIRECTION('',(1.,-2.77555756156292E-15,0.));
#4397=DIRECTION('',(2.77555756156289E-15,1.,0.));
#4398=DIRECTION('',(1.38777878078146E-15,-1.,0.));
#4399=DIRECTION('',(1.,0.,0.));
#4400=DIRECTION('',(1.38777878078146E-15,-1.,0.));
#4401=DIRECTION('',(1.,0.,0.));
#4402=DIRECTION('',(-1.,-1.38777878078146E-15,0.));
#4403=DIRECTION('',(-1.,-1.38777878078146E-15,0.));
#4404=DIRECTION('',(1.38777878078146E-15,-1.,0.));
#4405=DIRECTION('',(1.,1.38777878078145E-15,0.));
#4406=DIRECTION('',(0.,0.,-1.));
#4407=DIRECTION('',(-1.,0.,0.));
#4408=DIRECTION('',(0.,0.,-1.));
#4409=DIRECTION('',(-1.,0.,0.));
#4410=DIRECTION('',(-1.,2.77555756156292E-15,0.));
#4411=DIRECTION('',(0.,-1.,0.));
#4412=DIRECTION('',(-1.,2.77555756156292E-15,0.));
#4413=DIRECTION('',(0.,-1.,0.));
#4414=DIRECTION('',(-1.,-1.38777878078146E-15,0.));
#4415=DIRECTION('',(0.,-1.,0.));
#4416=DIRECTION('',(-1.,2.77555756156292E-15,0.));
#4417=DIRECTION('',(0.,-1.,0.));
#4418=DIRECTION('',(-1.,-1.38777878078146E-15,0.));
#4419=DIRECTION('',(0.,-1.,0.));
#4420=DIRECTION('',(-1.38777878078146E-15,1.,0.));
#4421=DIRECTION('',(0.,0.,-1.));
#4422=DIRECTION('',(-1.38777878078146E-15,1.,0.));
#4423=DIRECTION('',(0.,0.,-1.));
#4424=DIRECTION('',(-1.,-1.38777878078146E-15,0.));
#4425=DIRECTION('',(1.38777878078145E-15,-1.,0.));
#4426=DIRECTION('',(0.,-1.,0.));
#4427=DIRECTION('',(0.,0.,-1.));
#4428=DIRECTION('',(0.,-1.,0.));
#4429=DIRECTION('',(0.,0.,-1.));
#4430=DIRECTION('',(1.,0.,0.));
#4431=DIRECTION('',(1.,0.,0.));
#4432=DIRECTION('',(0.,0.,-1.));
#4433=DIRECTION('',(0.,1.,0.));
#4434=DIRECTION('',(0.,0.,1.));
#4435=DIRECTION('',(-1.,2.77555756156292E-15,0.));
#4436=DIRECTION('',(0.,-1.,0.));
#4437=DIRECTION('',(-2.77555756156292E-15,-1.,0.));
#4438=DIRECTION('',(-2.77555756156292E-15,-1.,0.));
#4439=DIRECTION('',(0.,0.,-1.));
#4440=DIRECTION('',(1.,-2.77555756156292E-15,0.));
#4441=DIRECTION('',(2.77555756156289E-15,1.,0.));
#4442=DIRECTION('',(1.38777878078146E-15,-1.,0.));
#4443=DIRECTION('',(1.,0.,0.));
#4444=DIRECTION('',(1.38777878078146E-15,-1.,0.));
#4445=DIRECTION('',(1.,0.,0.));
#4446=DIRECTION('',(-1.,-1.38777878078146E-15,0.));
#4447=DIRECTION('',(-1.,-1.38777878078146E-15,0.));
#4448=DIRECTION('',(1.38777878078146E-15,-1.,0.));
#4449=DIRECTION('',(1.,1.38777878078145E-15,0.));
#4450=DIRECTION('',(0.,0.,-1.));
#4451=DIRECTION('',(-1.,0.,0.));
#4452=DIRECTION('',(0.,0.,-1.));
#4453=DIRECTION('',(-1.,0.,0.));
#4454=DIRECTION('',(0.,-1.,0.));
#4455=DIRECTION('',(0.,0.,-1.));
#4456=DIRECTION('',(0.,-1.,0.));
#4457=DIRECTION('',(0.,0.,-1.));
#4458=DIRECTION('',(-1.,2.77555756156292E-15,0.));
#4459=DIRECTION('',(0.,-1.,0.));
#4460=DIRECTION('',(-1.,2.77555756156292E-15,0.));
#4461=DIRECTION('',(0.,-1.,0.));
#4462=DIRECTION('',(0.,-1.,0.));
#4463=DIRECTION('',(0.,0.,-1.));
#4464=DIRECTION('',(0.,-1.,0.));
#4465=DIRECTION('',(0.,0.,-1.));
#4466=DIRECTION('',(0.,0.,-1.));
#4467=DIRECTION('',(0.,1.,0.));
#4468=DIRECTION('',(0.,0.,-1.));
#4469=DIRECTION('',(0.,1.,0.));
#4470=DIRECTION('',(1.,0.,0.));
#4471=DIRECTION('',(0.,0.,-1.));
#4472=DIRECTION('',(-1.73472347597682E-16,0.,1.));
#4473=DIRECTION('',(1.,0.,0.));
#4474=DIRECTION('',(-1.73472347597682E-16,0.,1.));
#4475=DIRECTION('',(1.,0.,0.));
#4476=DIRECTION('',(1.,0.,1.73472347597682E-16));
#4477=DIRECTION('',(1.,0.,1.73472347597682E-16));
#4478=DIRECTION('',(0.,1.,0.));
#4479=DIRECTION('',(-1.73472347597682E-16,0.,1.));
#4480=DIRECTION('',(1.,0.,1.73472347597681E-16));
#4481=DIRECTION('',(0.,0.,1.));
#4482=DIRECTION('',(0.,0.,1.));
#4483=DIRECTION('',(0.,1.,0.));
#4484=DIRECTION('',(-1.,0.,0.));
#4485=DIRECTION('',(0.,0.,1.));
#4486=DIRECTION('',(0.,0.,-1.));
#4487=DIRECTION('',(-1.,0.,0.));
#4488=DIRECTION('',(0.,0.,-1.));
#4489=DIRECTION('',(-1.,0.,0.));
#4490=DIRECTION('',(-1.,0.,0.));
#4491=DIRECTION('',(-1.,0.,0.));
#4492=DIRECTION('',(0.,0.,-1.));
#4493=DIRECTION('',(-1.,0.,0.));
#4494=DIRECTION('',(0.,-1.,0.));
#4495=DIRECTION('',(0.,0.,-1.));
#4496=DIRECTION('',(0.,-1.,0.));
#4497=DIRECTION('',(0.,0.,-1.));
#4498=DIRECTION('',(0.,0.,-1.));
#4499=DIRECTION('',(-1.,0.,0.));
#4500=DIRECTION('',(0.,0.,-1.));
#4501=DIRECTION('',(-1.,0.,0.));
#4502=DIRECTION('',(-1.73472347597682E-16,0.,1.));
#4503=DIRECTION('',(1.,0.,0.));
#4504=DIRECTION('',(0.,0.,-1.));
#4505=DIRECTION('',(-1.,0.,0.));
#4506=DIRECTION('',(0.,0.,-1.));
#4507=DIRECTION('',(0.,1.,0.));
#4508=DIRECTION('',(0.,0.,-1.));
#4509=DIRECTION('',(0.,1.,0.));
#4510=DIRECTION('',(1.,0.,0.));
#4511=DIRECTION('',(0.,0.,-1.));
#4512=DIRECTION('',(-1.73472347597682E-16,0.,1.));
#4513=DIRECTION('',(1.,0.,0.));
#4514=DIRECTION('',(1.,0.,1.73472347597682E-16));
#4515=DIRECTION('',(0.,1.,0.));
#4516=DIRECTION('',(1.,0.,1.73472347597682E-16));
#4517=DIRECTION('',(-1.73472347597682E-16,0.,1.));
#4518=DIRECTION('',(1.,0.,1.73472347597681E-16));
#4519=DIRECTION('',(0.,0.,1.));
#4520=DIRECTION('',(0.,1.,0.));
#4521=DIRECTION('',(0.,0.,1.));
#4522=DIRECTION('',(-1.,0.,0.));
#4523=DIRECTION('',(0.,0.,1.));
#4524=DIRECTION('',(0.,0.,-1.));
#4525=DIRECTION('',(-1.,0.,0.));
#4526=DIRECTION('',(-1.,0.,0.));
#4527=DIRECTION('',(-1.,0.,0.));
#4528=DIRECTION('',(0.,0.,-1.));
#4529=DIRECTION('',(-1.,0.,0.));
#4530=DIRECTION('',(0.,-1.,0.));
#4531=DIRECTION('',(0.,0.,-1.));
#4532=DIRECTION('',(0.,-1.,0.));
#4533=DIRECTION('',(0.,0.,-1.));
#4534=DIRECTION('',(0.,0.,-1.));
#4535=DIRECTION('',(-1.,0.,0.));
#4536=DIRECTION('',(0.,0.,-1.));
#4537=DIRECTION('',(-1.,0.,0.));
#4538=DIRECTION('',(0.,0.,1.));
#4539=DIRECTION('',(0.,1.,0.));
#4540=DIRECTION('',(0.,0.,1.));
#4541=DIRECTION('',(0.,1.,0.));
#4542=DIRECTION('',(-1.,0.,0.));
#4543=DIRECTION('',(0.,0.,1.));
#4544=DIRECTION('',(0.,0.,1.));
#4545=DIRECTION('',(1.,0.,0.));
#4546=DIRECTION('',(0.,0.,1.));
#4547=DIRECTION('',(1.,0.,0.));
#4548=DIRECTION('',(1.,0.,0.));
#4549=DIRECTION('',(0.,1.,0.));
#4550=DIRECTION('',(1.,0.,0.));
#4551=DIRECTION('',(0.,0.,1.));
#4552=DIRECTION('',(1.,0.,0.));
#4553=DIRECTION('',(0.,0.,-1.));
#4554=DIRECTION('',(0.,1.,0.));
#4555=DIRECTION('',(0.,0.,-1.));
#4556=DIRECTION('',(1.,0.,0.));
#4557=DIRECTION('',(0.,0.,-1.));
#4558=DIRECTION('',(3.46944695195364E-16,0.,-1.));
#4559=DIRECTION('',(-1.,0.,0.));
#4560=DIRECTION('',(3.46944695195364E-16,0.,-1.));
#4561=DIRECTION('',(-1.,0.,0.));
#4562=DIRECTION('',(-1.,0.,-3.46944695195364E-16));
#4563=DIRECTION('',(-1.,0.,-3.46944695195364E-16));
#4564=DIRECTION('',(3.46944695195364E-16,0.,-1.));
#4565=DIRECTION('',(-1.,0.,-3.46944695195361E-16));
#4566=DIRECTION('',(0.,1.,0.));
#4567=DIRECTION('',(0.,0.,1.));
#4568=DIRECTION('',(0.,1.,0.));
#4569=DIRECTION('',(0.,0.,1.));
#4570=DIRECTION('',(3.46944695195364E-16,0.,-1.));
#4571=DIRECTION('',(-1.,0.,0.));
#4572=DIRECTION('',(0.,0.,-1.));
#4573=DIRECTION('',(-1.,0.,0.));
#4574=DIRECTION('',(0.,0.,-1.));
#4575=DIRECTION('',(-1.,0.,0.));
#4576=DIRECTION('',(0.,0.,-1.));
#4577=DIRECTION('',(-1.,0.,0.));
#4578=DIRECTION('',(0.,0.,1.));
#4579=DIRECTION('',(0.,1.,0.));
#4580=DIRECTION('',(0.,0.,1.));
#4581=DIRECTION('',(0.,1.,0.));
#4582=DIRECTION('',(-1.,0.,0.));
#4583=DIRECTION('',(0.,0.,1.));
#4584=DIRECTION('',(0.,0.,-1.));
#4585=DIRECTION('',(-1.,0.,0.));
#4586=DIRECTION('',(1.,0.,0.));
#4587=DIRECTION('',(1.,0.,0.));
#4588=DIRECTION('',(0.,1.,0.));
#4589=DIRECTION('',(0.,0.,1.));
#4590=DIRECTION('',(1.,0.,0.));
#4591=DIRECTION('',(0.,0.,-1.));
#4592=DIRECTION('',(0.,0.,-1.));
#4593=DIRECTION('',(0.,1.,0.));
#4594=DIRECTION('',(1.,0.,0.));
#4595=DIRECTION('',(0.,0.,-1.));
#4596=DIRECTION('',(3.46944695195364E-16,0.,-1.));
#4597=DIRECTION('',(-1.,0.,0.));
#4598=DIRECTION('',(-1.,0.,-3.46944695195364E-16));
#4599=DIRECTION('',(-1.,0.,-3.46944695195364E-16));
#4600=DIRECTION('',(3.46944695195364E-16,0.,-1.));
#4601=DIRECTION('',(-1.,0.,-3.46944695195361E-16));
#4602=DIRECTION('',(0.,1.,0.));
#4603=DIRECTION('',(0.,0.,1.));
#4604=DIRECTION('',(0.,1.,0.));
#4605=DIRECTION('',(0.,0.,1.));
#4606=DIRECTION('',(0.,0.,-1.));
#4607=DIRECTION('',(-1.,0.,0.));
#4608=DIRECTION('',(0.,0.,-1.));
#4609=DIRECTION('',(-1.,0.,0.));
#4610=DIRECTION('',(0.,-1.38777878078144E-15,-1.));
#4611=DIRECTION('',(-1.,0.,0.));
#4612=DIRECTION('',(0.,-1.38777878078144E-15,-1.));
#4613=DIRECTION('',(-1.,0.,0.));
#4614=DIRECTION('',(0.,1.,-1.38777878078144E-15));
#4615=DIRECTION('',(0.,1.38777878078145E-15,1.));
#4616=DIRECTION('',(0.,-6.93889390390723E-16,1.));
#4617=DIRECTION('',(0.,-1.,-1.15648231731787E-15));
#4618=DIRECTION('',(0.,-6.93889390390723E-16,1.));
#4619=DIRECTION('',(0.,-1.,-1.15648231731787E-15));
#4620=DIRECTION('',(0.,1.,6.93889390390723E-16));
#4621=DIRECTION('',(0.,1.,6.93889390390723E-16));
#4622=DIRECTION('',(-1.,0.,0.));
#4623=DIRECTION('',(0.,-6.93889390390723E-16,1.));
#4624=DIRECTION('',(0.,-1.,-6.93889390390723E-16));
#4625=DIRECTION('',(0.,-1.38777878078145E-15,1.));
#4626=DIRECTION('',(0.,-1.38777878078145E-15,1.));
#4627=DIRECTION('',(-1.,0.,0.));
#4628=DIRECTION('',(0.,-1.,-1.38777878078145E-15));
#4629=DIRECTION('',(0.,1.38777878078145E-15,-1.));
#4630=DIRECTION('',(0.,0.,-1.));
#4631=DIRECTION('',(-1.,0.,0.));
#4632=DIRECTION('',(0.,0.,-1.));
#4633=DIRECTION('',(-1.,0.,0.));
#4634=DIRECTION('',(0.,-1.,0.));
#4635=DIRECTION('',(0.,-1.,0.));
#4636=DIRECTION('',(0.,0.,-1.));
#4637=DIRECTION('',(-1.,0.,0.));
#4638=DIRECTION('',(1.,0.,0.));
#4639=DIRECTION('',(0.,0.,-1.));
#4640=DIRECTION('',(1.,0.,0.));
#4641=DIRECTION('',(0.,0.,-1.));
#4642=DIRECTION('',(0.,0.,-1.));
#4643=DIRECTION('',(-1.,0.,0.));
#4644=DIRECTION('',(0.,0.,-1.));
#4645=DIRECTION('',(-1.,0.,0.));
#4646=DIRECTION('',(0.,-6.93889390390723E-16,1.));
#4647=DIRECTION('',(0.,-1.,-1.15648231731787E-15));
#4648=DIRECTION('',(0.,0.,-1.));
#4649=DIRECTION('',(-1.,0.,0.));
#4650=DIRECTION('',(0.,-1.38777878078144E-15,-1.));
#4651=DIRECTION('',(-1.,0.,0.));
#4652=DIRECTION('',(0.,-1.38777878078144E-15,-1.));
#4653=DIRECTION('',(-1.,0.,0.));
#4654=DIRECTION('',(0.,1.,-1.38777878078144E-15));
#4655=DIRECTION('',(0.,1.38777878078145E-15,1.));
#4656=DIRECTION('',(0.,-6.93889390390723E-16,1.));
#4657=DIRECTION('',(0.,-1.,-1.15648231731787E-15));
#4658=DIRECTION('',(0.,1.,6.93889390390723E-16));
#4659=DIRECTION('',(-1.,0.,0.));
#4660=DIRECTION('',(0.,1.,6.93889390390723E-16));
#4661=DIRECTION('',(0.,-6.93889390390723E-16,1.));
#4662=DIRECTION('',(0.,-1.,-6.93889390390723E-16));
#4663=DIRECTION('',(0.,-1.38777878078145E-15,1.));
#4664=DIRECTION('',(-1.,0.,0.));
#4665=DIRECTION('',(0.,-1.38777878078145E-15,1.));
#4666=DIRECTION('',(0.,-1.,-1.38777878078145E-15));
#4667=DIRECTION('',(0.,1.38777878078145E-15,-1.));
#4668=DIRECTION('',(0.,0.,-1.));
#4669=DIRECTION('',(-1.,0.,0.));
#4670=DIRECTION('',(0.,-1.,0.));
#4671=DIRECTION('',(0.,-1.,0.));
#4672=DIRECTION('',(0.,0.,-1.));
#4673=DIRECTION('',(-1.,0.,0.));
#4674=DIRECTION('',(1.,0.,0.));
#4675=DIRECTION('',(0.,0.,-1.));
#4676=DIRECTION('',(1.,0.,0.));
#4677=DIRECTION('',(0.,0.,-1.));
#4678=DIRECTION('',(0.,0.,-1.));
#4679=DIRECTION('',(-1.,0.,0.));
#4680=DIRECTION('',(0.,0.,-1.));
#4681=DIRECTION('',(-1.,0.,0.));
#4682=DIRECTION('',(0.,0.,-1.));
#4683=DIRECTION('',(-1.,0.,0.));
#4684=DIRECTION('',(0.,0.,-1.));
#4685=DIRECTION('',(-1.,0.,0.));
#4686=DIRECTION('',(0.,1.,0.));
#4687=DIRECTION('',(0.,0.,1.));
#4688=DIRECTION('',(0.,-5.20417042793043E-16,1.));
#4689=DIRECTION('',(0.,-1.,0.));
#4690=DIRECTION('',(0.,-5.20417042793043E-16,1.));
#4691=DIRECTION('',(0.,-1.,0.));
#4692=DIRECTION('',(0.,1.,5.20417042793043E-16));
#4693=DIRECTION('',(0.,1.,5.20417042793043E-16));
#4694=DIRECTION('',(-1.,0.,0.));
#4695=DIRECTION('',(0.,-5.20417042793043E-16,1.));
#4696=DIRECTION('',(0.,-1.,-5.20417042793042E-16));
#4697=DIRECTION('',(0.,0.,1.));
#4698=DIRECTION('',(0.,0.,1.));
#4699=DIRECTION('',(-1.,0.,0.));
#4700=DIRECTION('',(0.,-1.,0.));
#4701=DIRECTION('',(0.,0.,-1.));
#4702=DIRECTION('',(0.,5.32907051820076E-16,-1.));
#4703=DIRECTION('',(0.,1.,5.78241158658936E-16));
#4704=DIRECTION('',(0.,5.32907051820076E-16,-1.));
#4705=DIRECTION('',(0.,1.,5.78241158658936E-16));
#4706=DIRECTION('',(0.,-1.,-5.32907051820076E-16));
#4707=DIRECTION('',(0.,-1.,-5.32907051820076E-16));
#4708=DIRECTION('',(0.,5.32907051820076E-16,-1.));
#4709=DIRECTION('',(0.,1.,5.32993787993874E-16));
#4710=DIRECTION('',(1.,0.,0.));
#4711=DIRECTION('',(0.,0.,-1.));
#4712=DIRECTION('',(1.,0.,0.));
#4713=DIRECTION('',(0.,0.,-1.));
#4714=DIRECTION('',(0.,5.32907051820076E-16,-1.));
#4715=DIRECTION('',(0.,1.,5.32907051820076E-16));
#4716=DIRECTION('',(0.,5.32907051820076E-16,-1.));
#4717=DIRECTION('',(0.,1.,5.32907051820076E-16));
#4718=DIRECTION('',(0.,-5.20417042793043E-16,1.));
#4719=DIRECTION('',(0.,-1.,0.));
#4720=DIRECTION('',(0.,5.32907051820076E-16,-1.));
#4721=DIRECTION('',(0.,1.,5.32907051820076E-16));
#4722=DIRECTION('',(0.,0.,-1.));
#4723=DIRECTION('',(-1.,0.,0.));
#4724=DIRECTION('',(0.,0.,-1.));
#4725=DIRECTION('',(-1.,0.,0.));
#4726=DIRECTION('',(0.,1.,0.));
#4727=DIRECTION('',(0.,0.,1.));
#4728=DIRECTION('',(0.,-5.20417042793043E-16,1.));
#4729=DIRECTION('',(0.,-1.,0.));
#4730=DIRECTION('',(0.,1.,5.20417042793042E-16));
#4731=DIRECTION('',(-1.,0.,0.));
#4732=DIRECTION('',(0.,1.,5.20417042793042E-16));
#4733=DIRECTION('',(0.,-5.20417042793043E-16,1.));
#4734=DIRECTION('',(0.,-1.,-5.20417042793042E-16));
#4735=DIRECTION('',(0.,0.,1.));
#4736=DIRECTION('',(-1.,0.,0.));
#4737=DIRECTION('',(0.,0.,1.));
#4738=DIRECTION('',(0.,-1.,0.));
#4739=DIRECTION('',(0.,0.,-1.));
#4740=DIRECTION('',(0.,5.32907051820076E-16,-1.));
#4741=DIRECTION('',(0.,1.,5.32907051820076E-16));
#4742=DIRECTION('',(0.,-1.,-5.32907051820076E-16));
#4743=DIRECTION('',(0.,-1.,-5.32907051820076E-16));
#4744=DIRECTION('',(0.,5.32907051820076E-16,-1.));
#4745=DIRECTION('',(0.,1.,5.32907051820076E-16));
#4746=DIRECTION('',(1.,0.,0.));
#4747=DIRECTION('',(0.,0.,-1.));
#4748=DIRECTION('',(1.,0.,0.));
#4749=DIRECTION('',(0.,0.,-1.));
#4750=DIRECTION('',(0.,5.32907051820076E-16,-1.));
#4751=DIRECTION('',(0.,1.,5.32907051820076E-16));
#4752=DIRECTION('',(0.,5.32907051820076E-16,-1.));
#4753=DIRECTION('',(0.,1.,5.32907051820076E-16));
#4754=DIRECTION('',(0.,-9.25185853854296E-16,-1.));
#4755=DIRECTION('',(-1.,0.,0.));
#4756=DIRECTION('',(0.,-9.25185853854296E-16,-1.));
#4757=DIRECTION('',(-1.,0.,0.));
#4758=DIRECTION('',(0.,1.,-9.25185853854296E-16));
#4759=DIRECTION('',(0.,9.15933995315754E-16,1.));
#4760=DIRECTION('',(0.,1.,0.));
#4761=DIRECTION('',(-1.,0.,0.));
#4762=DIRECTION('',(0.,1.,0.));
#4763=DIRECTION('',(0.,0.,1.));
#4764=DIRECTION('',(1.,0.,0.));
#4765=DIRECTION('',(0.,0.,1.));
#4766=DIRECTION('',(-1.,0.,0.));
#4767=DIRECTION('',(0.,0.,1.));
#4768=DIRECTION('',(0.,-1.,0.));
#4769=DIRECTION('',(0.,0.,-1.));
#4770=DIRECTION('',(0.,-1.,0.));
#4771=DIRECTION('',(0.,-1.,0.));
#4772=DIRECTION('',(0.,0.,-1.));
#4773=DIRECTION('',(-1.,0.,0.));
#4774=DIRECTION('',(1.,0.,0.));
#4775=DIRECTION('',(0.,0.,-1.));
#4776=DIRECTION('',(1.,0.,0.));
#4777=DIRECTION('',(0.,0.,-1.));
#4778=DIRECTION('',(0.,0.,-1.));
#4779=DIRECTION('',(-1.,0.,0.));
#4780=DIRECTION('',(0.,0.,-1.));
#4781=DIRECTION('',(-1.,0.,0.));
#4782=DIRECTION('',(0.,1.,0.));
#4783=DIRECTION('',(0.,0.,1.));
#4784=DIRECTION('',(0.,1.,0.));
#4785=DIRECTION('',(-1.,0.,0.));
#4786=DIRECTION('',(0.,1.,0.));
#4787=DIRECTION('',(0.,0.,1.));
#4788=DIRECTION('',(1.,0.,0.));
#4789=DIRECTION('',(0.,-9.25185853854299E-16,1.));
#4790=DIRECTION('',(-1.,0.,0.));
#4791=DIRECTION('',(0.,-9.25185853854299E-16,1.));
#4792=DIRECTION('',(0.,-1.,-9.25185853854299E-16));
#4793=DIRECTION('',(0.,9.15933995315754E-16,-1.));
#4794=DIRECTION('',(0.,-1.,0.));
#4795=DIRECTION('',(0.,-1.,0.));
#4796=DIRECTION('',(0.,0.,-1.));
#4797=DIRECTION('',(-1.,0.,0.));
#4798=DIRECTION('',(1.,0.,0.));
#4799=DIRECTION('',(0.,0.,-1.));
#4800=DIRECTION('',(1.,0.,0.));
#4801=DIRECTION('',(0.,0.,-1.));
#4802=DIRECTION('',(0.,0.,-1.));
#4803=DIRECTION('',(-1.,0.,0.));
#4804=DIRECTION('',(0.,0.,-1.));
#4805=DIRECTION('',(-1.,0.,0.));
#4806=DIRECTION('',(0.,1.,0.));
#4807=DIRECTION('',(0.,0.,1.));
#4808=DIRECTION('',(0.,1.,0.));
#4809=DIRECTION('',(-1.,0.,0.));
#4810=DIRECTION('',(0.,1.,0.));
#4811=DIRECTION('',(0.,0.,1.));
#4812=DIRECTION('',(1.,0.,0.));
#4813=DIRECTION('',(0.,0.,1.));
#4814=DIRECTION('',(-1.,0.,0.));
#4815=DIRECTION('',(0.,0.,1.));
#4816=DIRECTION('',(0.,-1.,0.));
#4817=DIRECTION('',(0.,0.,-1.));
#4818=DIRECTION('',(0.,-1.,0.));
#4819=DIRECTION('',(0.,-1.,0.));
#4820=DIRECTION('',(0.,0.,-1.));
#4821=DIRECTION('',(-1.,0.,0.));
#4822=DIRECTION('',(1.,0.,0.));
#4823=DIRECTION('',(0.,0.,-1.));
#4824=DIRECTION('',(1.,0.,0.));
#4825=DIRECTION('',(0.,0.,-1.));
#4826=DIRECTION('',(0.,-9.25185853854303E-16,-1.));
#4827=DIRECTION('',(-1.,0.,0.));
#4828=DIRECTION('',(0.,-9.25185853854303E-16,-1.));
#4829=DIRECTION('',(-1.,0.,0.));
#4830=DIRECTION('',(0.,1.,-9.25185853854303E-16));
#4831=DIRECTION('',(0.,9.15933995315754E-16,1.));
#4832=DIRECTION('',(0.,1.,0.));
#4833=DIRECTION('',(-1.,0.,0.));
#4834=DIRECTION('',(0.,1.,0.));
#4835=DIRECTION('',(0.,0.,1.));
#4836=DIRECTION('',(1.,0.,0.));
#4837=DIRECTION('',(0.,1.85037170770861E-15,1.));
#4838=DIRECTION('',(-1.,0.,0.));
#4839=DIRECTION('',(0.,1.85037170770861E-15,1.));
#4840=DIRECTION('',(0.,-1.,1.85037170770861E-15));
#4841=DIRECTION('',(0.,-1.85962356624714E-15,-1.));
#4842=DIRECTION('',(0.,-1.,0.));
#4843=DIRECTION('',(0.,-1.,0.));
#4844=DIRECTION('',(0.,0.,-1.));
#4845=DIRECTION('',(-1.,0.,0.));
#4846=DIRECTION('',(1.,0.,0.));
#4847=DIRECTION('',(0.,0.,-1.));
#4848=DIRECTION('',(1.,0.,0.));
#4849=DIRECTION('',(0.,0.,-1.));
#4850=DIRECTION('',(0.,9.25185853854303E-16,-1.));
#4851=DIRECTION('',(-1.,0.,0.));
#4852=DIRECTION('',(0.,9.25185853854303E-16,-1.));
#4853=DIRECTION('',(-1.,0.,0.));
#4854=DIRECTION('',(0.,1.,9.25185853854303E-16));
#4855=DIRECTION('',(0.,-9.15933995315754E-16,1.));
#4856=DIRECTION('',(0.,1.,0.));
#4857=DIRECTION('',(-1.,0.,0.));
#4858=DIRECTION('',(0.,1.,0.));
#4859=DIRECTION('',(0.,0.,1.));
#4860=DIRECTION('',(1.,0.,0.));
#4861=DIRECTION('',(0.,1.85037170770861E-15,1.));
#4862=DIRECTION('',(-1.,0.,0.));
#4863=DIRECTION('',(0.,1.85037170770861E-15,1.));
#4864=DIRECTION('',(0.,-1.,1.85037170770861E-15));
#4865=DIRECTION('',(0.,-1.85962356624714E-15,-1.));
#4866=DIRECTION('',(0.,-1.,2.77555756156275E-15));
#4867=DIRECTION('',(0.,-1.,2.77555756156275E-15));
#4868=DIRECTION('',(0.,-2.77555756156275E-15,-1.));
#4869=DIRECTION('',(0.,1.,-2.77555756156289E-15));
#4870=DIRECTION('',(1.,0.,0.));
#4871=DIRECTION('',(0.,0.,-1.));
#4872=DIRECTION('',(1.,0.,0.));
#4873=DIRECTION('',(0.,0.,-1.));
#4874=DIRECTION('',(0.,0.,-1.));
#4875=DIRECTION('',(-1.,0.,0.));
#4876=DIRECTION('',(0.,0.,-1.));
#4877=DIRECTION('',(-1.,0.,0.));
#4878=DIRECTION('',(0.,1.,0.));
#4879=DIRECTION('',(0.,0.,1.));
#4880=DIRECTION('',(0.,1.,0.));
#4881=DIRECTION('',(-1.,0.,0.));
#4882=DIRECTION('',(0.,1.,0.));
#4883=DIRECTION('',(0.,0.,1.));
#4884=DIRECTION('',(1.,0.,0.));
#4885=DIRECTION('',(0.,-9.25185853854302E-16,1.));
#4886=DIRECTION('',(-1.,0.,0.));
#4887=DIRECTION('',(0.,-9.25185853854302E-16,1.));
#4888=DIRECTION('',(0.,-1.,-9.25185853854302E-16));
#4889=DIRECTION('',(0.,9.15933995315754E-16,-1.));
#4890=DIRECTION('',(0.,-1.,0.));
#4891=DIRECTION('',(0.,-1.,0.));
#4892=DIRECTION('',(0.,0.,-1.));
#4893=DIRECTION('',(-1.,0.,0.));
#4894=DIRECTION('',(1.,0.,0.));
#4895=DIRECTION('',(0.,0.,-1.));
#4896=DIRECTION('',(1.,0.,0.));
#4897=DIRECTION('',(0.,0.,-1.));
#4898=DIRECTION('',(9.25185853854296E-16,-1.08381393173348E-30,-1.));
#4899=DIRECTION('',(-1.17145536458252E-15,-1.,0.));
#4900=DIRECTION('',(9.25185853854296E-16,-1.08381393173348E-30,-1.));
#4901=DIRECTION('',(-1.17145536458252E-15,-1.,0.));
#4902=DIRECTION('',(-1.,1.17145536458252E-15,-9.25185853854296E-16));
#4903=DIRECTION('',(-9.15933995315754E-16,0.,1.));
#4904=DIRECTION('',(-1.,1.17145536458252E-15,0.));
#4905=DIRECTION('',(-1.17145536458252E-15,-1.,0.));
#4906=DIRECTION('',(-1.,1.17145536458252E-15,0.));
#4907=DIRECTION('',(0.,0.,1.));
#4908=DIRECTION('',(1.19348975147204E-15,1.,0.));
#4909=DIRECTION('',(0.,0.,1.));
#4910=DIRECTION('',(-1.17145536458252E-15,-1.,0.));
#4911=DIRECTION('',(0.,0.,1.));
#4912=DIRECTION('',(1.,-1.17145536458252E-15,0.));
#4913=DIRECTION('',(0.,0.,-1.));
#4914=DIRECTION('',(1.,-1.17145536458252E-15,0.));
#4915=DIRECTION('',(1.,-1.17145536458252E-15,0.));
#4916=DIRECTION('',(0.,0.,-1.));
#4917=DIRECTION('',(-1.16573417585641E-15,-1.,0.));
#4918=DIRECTION('',(1.17145536458252E-15,1.,0.));
#4919=DIRECTION('',(0.,0.,-1.));
#4920=DIRECTION('',(1.17145536458252E-15,1.,0.));
#4921=DIRECTION('',(0.,0.,-1.));
#4922=DIRECTION('',(-1.,1.17145536458252E-15,0.));
#4923=DIRECTION('',(0.,-1.,0.));
#4924=DIRECTION('',(0.,0.,-1.));
#4925=DIRECTION('',(-1.17145536458252E-15,-1.,0.));
#4926=DIRECTION('',(0.,0.,-1.));
#4927=DIRECTION('',(-1.17145536458252E-15,-1.,0.));
#4928=DIRECTION('',(-1.,1.17145536458252E-15,0.));
#4929=DIRECTION('',(0.,0.,1.));
#4930=DIRECTION('',(-1.,1.17145536458252E-15,0.));
#4931=DIRECTION('',(-1.17145536458252E-15,-1.,0.));
#4932=DIRECTION('',(-1.,1.17145536458252E-15,0.));
#4933=DIRECTION('',(0.,0.,1.));
#4934=DIRECTION('',(1.16573417585641E-15,1.,0.));
#4935=DIRECTION('',(9.25185853854299E-16,-1.08381393173348E-30,1.));
#4936=DIRECTION('',(-1.17145536458252E-15,-1.,0.));
#4937=DIRECTION('',(9.25185853854299E-16,-1.08381393173348E-30,1.));
#4938=DIRECTION('',(1.,-1.17145536458252E-15,-9.25185853854299E-16));
#4939=DIRECTION('',(-9.15933995315754E-16,0.,-1.));
#4940=DIRECTION('',(1.,-1.17145536458252E-15,0.));
#4941=DIRECTION('',(1.,-1.17145536458252E-15,0.));
#4942=DIRECTION('',(0.,0.,-1.));
#4943=DIRECTION('',(-1.16573417585641E-15,-1.,0.));
#4944=DIRECTION('',(1.17145536458252E-15,1.,0.));
#4945=DIRECTION('',(0.,0.,-1.));
#4946=DIRECTION('',(1.17145536458252E-15,1.,0.));
#4947=DIRECTION('',(0.,0.,-1.));
#4948=DIRECTION('',(-1.,1.17145536458252E-15,0.));
#4949=DIRECTION('',(0.,-1.,0.));
#4950=DIRECTION('',(-1.,1.17145536458252E-15,0.));
#4951=DIRECTION('',(0.,0.,1.));
#4952=DIRECTION('',(-1.,0.,0.));
#4953=DIRECTION('',(0.,0.,1.));
#4954=DIRECTION('',(0.,0.,-1.));
#4955=DIRECTION('',(-1.17145536458252E-15,-1.,0.));
#4956=DIRECTION('',(0.,0.,-1.));
#4957=DIRECTION('',(-1.17145536458252E-15,-1.,0.));
#4958=DIRECTION('',(-1.,1.17145536458252E-15,0.));
#4959=DIRECTION('',(0.,0.,1.));
#4960=DIRECTION('',(-1.,1.17145536458252E-15,0.));
#4961=DIRECTION('',(-1.17145536458252E-15,-1.,0.));
#4962=DIRECTION('',(-1.,1.17145536458252E-15,0.));
#4963=DIRECTION('',(0.,0.,1.));
#4964=DIRECTION('',(1.16573417585641E-15,1.,0.));
#4965=DIRECTION('',(0.,0.,1.));
#4966=DIRECTION('',(-1.17145536458252E-15,-1.,0.));
#4967=DIRECTION('',(0.,0.,1.));
#4968=DIRECTION('',(1.,-1.17145536458252E-15,0.));
#4969=DIRECTION('',(0.,0.,-1.));
#4970=DIRECTION('',(1.,-1.17145536458252E-15,0.));
#4971=DIRECTION('',(1.,-1.17145536458252E-15,0.));
#4972=DIRECTION('',(0.,0.,-1.));
#4973=DIRECTION('',(-1.16573417585641E-15,-1.,0.));
#4974=DIRECTION('',(1.17145536458252E-15,1.,0.));
#4975=DIRECTION('',(0.,0.,-1.));
#4976=DIRECTION('',(1.17145536458252E-15,1.,0.));
#4977=DIRECTION('',(0.,0.,-1.));
#4978=DIRECTION('',(9.25185853854303E-16,-1.08381393173349E-30,-1.));
#4979=DIRECTION('',(-1.17145536458252E-15,-1.,0.));
#4980=DIRECTION('',(9.25185853854303E-16,-1.08381393173349E-30,-1.));
#4981=DIRECTION('',(-1.17145536458252E-15,-1.,0.));
#4982=DIRECTION('',(-1.,1.17145536458252E-15,-9.25185853854303E-16));
#4983=DIRECTION('',(-9.15933995315754E-16,0.,1.));
#4984=DIRECTION('',(-1.,1.17145536458252E-15,0.));
#4985=DIRECTION('',(-1.17145536458252E-15,-1.,0.));
#4986=DIRECTION('',(-1.,1.17145536458252E-15,0.));
#4987=DIRECTION('',(0.,0.,1.));
#4988=DIRECTION('',(1.16573417585641E-15,1.,0.));
#4989=DIRECTION('',(-1.85037170770861E-15,2.16762786346697E-30,1.));
#4990=DIRECTION('',(-1.17145536458252E-15,-1.,0.));
#4991=DIRECTION('',(-1.85037170770861E-15,2.16762786346697E-30,1.));
#4992=DIRECTION('',(1.,-1.17145536458252E-15,1.85037170770861E-15));
#4993=DIRECTION('',(1.85962356624714E-15,0.,-1.));
#4994=DIRECTION('',(1.,-1.17145536458252E-15,0.));
#4995=DIRECTION('',(1.,-1.17145536458252E-15,0.));
#4996=DIRECTION('',(0.,0.,-1.));
#4997=DIRECTION('',(-1.16573417585641E-15,-1.,0.));
#4998=DIRECTION('',(1.17145536458252E-15,1.,0.));
#4999=DIRECTION('',(0.,0.,-1.));
#5000=DIRECTION('',(1.17145536458252E-15,1.,0.));
#5001=DIRECTION('',(0.,0.,-1.));
#5002=DIRECTION('',(-9.25185853854303E-16,1.08381393173349E-30,-1.));
#5003=DIRECTION('',(-1.17145536458252E-15,-1.,0.));
#5004=DIRECTION('',(-9.25185853854303E-16,1.08381393173349E-30,-1.));
#5005=DIRECTION('',(-1.17145536458252E-15,-1.,0.));
#5006=DIRECTION('',(-1.,1.17145536458252E-15,9.25185853854303E-16));
#5007=DIRECTION('',(9.15933995315754E-16,0.,1.));
#5008=DIRECTION('',(-1.,1.17145536458252E-15,0.));
#5009=DIRECTION('',(-1.17145536458252E-15,-1.,0.));
#5010=DIRECTION('',(-1.,1.17145536458252E-15,0.));
#5011=DIRECTION('',(0.,0.,1.));
#5012=DIRECTION('',(1.16573417585641E-15,1.,0.));
#5013=DIRECTION('',(-1.85037170770861E-15,2.16762786346697E-30,1.));
#5014=DIRECTION('',(-1.17145536458252E-15,-1.,0.));
#5015=DIRECTION('',(-1.85037170770861E-15,2.16762786346697E-30,1.));
#5016=DIRECTION('',(1.,-1.17145536458252E-15,1.85037170770861E-15));
#5017=DIRECTION('',(1.85962356624714E-15,0.,-1.));
#5018=DIRECTION('',(1.,-1.17145536458252E-15,2.77555756156275E-15));
#5019=DIRECTION('',(1.,-1.17145536458252E-15,2.77555756156275E-15));
#5020=DIRECTION('',(2.77555756156275E-15,-3.25144179520027E-30,-1.));
#5021=DIRECTION('',(-1.,1.16573417585641E-15,-2.77555756156289E-15));
#5022=DIRECTION('',(1.17145536458252E-15,1.,0.));
#5023=DIRECTION('',(0.,0.,-1.));
#5024=DIRECTION('',(1.17145536458252E-15,1.,0.));
#5025=DIRECTION('',(0.,0.,-1.));
#5026=DIRECTION('',(0.,0.,-1.));
#5027=DIRECTION('',(-1.17145536458252E-15,-1.,0.));
#5028=DIRECTION('',(0.,0.,-1.));
#5029=DIRECTION('',(-1.17145536458252E-15,-1.,0.));
#5030=DIRECTION('',(-1.,1.17145536458252E-15,0.));
#5031=DIRECTION('',(0.,0.,1.));
#5032=DIRECTION('',(-1.,1.17145536458252E-15,0.));
#5033=DIRECTION('',(-1.17145536458252E-15,-1.,0.));
#5034=DIRECTION('',(-1.,1.17145536458252E-15,0.));
#5035=DIRECTION('',(0.,0.,1.));
#5036=DIRECTION('',(1.16573417585641E-15,1.,0.));
#5037=DIRECTION('',(9.25185853854302E-16,-1.08381393173348E-30,1.));
#5038=DIRECTION('',(-1.17145536458252E-15,-1.,0.));
#5039=DIRECTION('',(9.25185853854302E-16,-1.08381393173348E-30,1.));
#5040=DIRECTION('',(1.,-1.17145536458252E-15,-9.25185853854302E-16));
#5041=DIRECTION('',(-9.15933995315754E-16,0.,-1.));
#5042=DIRECTION('',(1.,-1.17145536458252E-15,0.));
#5043=DIRECTION('',(1.,-1.17145536458252E-15,0.));
#5044=DIRECTION('',(0.,0.,-1.));
#5045=DIRECTION('',(-1.16573417585641E-15,-1.,0.));
#5046=DIRECTION('',(1.17145536458252E-15,1.,0.));
#5047=DIRECTION('',(0.,0.,-1.));
#5048=DIRECTION('',(1.17145536458252E-15,1.,0.));
#5049=DIRECTION('',(0.,0.,-1.));
#5050=CARTESIAN_POINT('',(0.,0.,0.));
#5051=CARTESIAN_POINT('',(-243.,-235.,160.));
#5052=CARTESIAN_POINT('',(-243.,-235.,163.));
#5053=CARTESIAN_POINT('',(-243.,-235.,350.));
#5054=CARTESIAN_POINT('',(-243.,-235.,353.));
#5055=CARTESIAN_POINT('',(-243.,0.,-398.));
#5056=CARTESIAN_POINT('',(-243.,-243.,-398.));
#5057=CARTESIAN_POINT('',(-243.,-227.,-398.));
#5058=CARTESIAN_POINT('',(-243.,-227.,400.));
#5059=CARTESIAN_POINT('',(-243.,-227.,398.));
#5060=CARTESIAN_POINT('',(-243.,0.,398.));
#5061=CARTESIAN_POINT('',(-243.,-243.,398.));
#5062=CARTESIAN_POINT('',(-243.,-243.,400.));
#5063=CARTESIAN_POINT('',(-243.,-245.,400.));
#5064=CARTESIAN_POINT('',(-234.999999999999,-227.,140.));
#5065=CARTESIAN_POINT('',(-237.999999999999,-227.,140.));
#5066=CARTESIAN_POINT('',(-234.999999999999,-227.,330.));
#5067=CARTESIAN_POINT('',(-237.999999999999,-227.,330.));
#5068=CARTESIAN_POINT('',(-1.26010313294958E-12,-227.000000000001,-398.));
#5069=CARTESIAN_POINT('',(-227.,-227.,-398.));
#5070=CARTESIAN_POINT('',(-227.,-227.,400.));
#5071=CARTESIAN_POINT('',(-227.,-227.,398.));
#5072=CARTESIAN_POINT('',(-1.26010313294958E-12,-227.000000000001,398.));
#5073=CARTESIAN_POINT('',(-245.,-227.,400.));
#5074=CARTESIAN_POINT('',(-227.,-235.,160.));
#5075=CARTESIAN_POINT('',(-227.,-235.,157.));
#5076=CARTESIAN_POINT('',(-227.,-235.,350.));
#5077=CARTESIAN_POINT('',(-227.,-235.,347.));
#5078=CARTESIAN_POINT('',(-227.,0.,-398.));
#5079=CARTESIAN_POINT('',(-227.,-243.,-398.));
#5080=CARTESIAN_POINT('',(-227.,-243.,400.));
#5081=CARTESIAN_POINT('',(-227.,-243.,398.));
#5082=CARTESIAN_POINT('',(-227.,0.,398.));
#5083=CARTESIAN_POINT('',(-227.,-225.,400.));
#5084=CARTESIAN_POINT('',(-234.999999999999,-243.,140.));
#5085=CARTESIAN_POINT('',(-231.999999999999,-243.,140.));
#5086=CARTESIAN_POINT('',(-234.999999999999,-243.,330.));
#5087=CARTESIAN_POINT('',(-231.999999999999,-243.,330.));
#5088=CARTESIAN_POINT('',(6.74460487459789E-13,-242.999999999999,-398.));
#5089=CARTESIAN_POINT('',(6.74460487459789E-13,-242.999999999999,398.));
#5090=CARTESIAN_POINT('',(-225.,-243.,400.));
#5091=CARTESIAN_POINT('',(0.,0.,398.));
#5092=CARTESIAN_POINT('',(0.,0.,-398.));
#5093=CARTESIAN_POINT('',(-225.,-235.,350.));
#5094=CARTESIAN_POINT('',(-225.,-235.,347.));
#5095=CARTESIAN_POINT('',(-244.999999999999,-235.,350.));
#5096=CARTESIAN_POINT('',(-244.999999999999,-235.,350.));
#5097=CARTESIAN_POINT('',(-244.999999999999,-235.,347.));
#5098=CARTESIAN_POINT('',(-244.999999999999,-235.,350.));
#5099=CARTESIAN_POINT('',(-244.999999999999,-235.,160.));
#5100=CARTESIAN_POINT('',(-244.999999999999,-235.,157.));
#5101=CARTESIAN_POINT('',(-245.,-245.,-400.));
#5102=CARTESIAN_POINT('',(-245.,-245.,-400.));
#5103=CARTESIAN_POINT('',(-245.,-225.,-400.));
#5104=CARTESIAN_POINT('',(-245.,-245.,400.));
#5105=CARTESIAN_POINT('',(-245.,-245.,400.));
#5106=CARTESIAN_POINT('',(-245.,-245.,400.));
#5107=CARTESIAN_POINT('',(-245.,-225.,400.));
#5108=CARTESIAN_POINT('',(-245.,-225.,400.));
#5109=CARTESIAN_POINT('',(-245.,-245.,400.));
#5110=CARTESIAN_POINT('',(-234.999999999999,-225.,140.));
#5111=CARTESIAN_POINT('',(-237.999999999999,-225.,140.));
#5112=CARTESIAN_POINT('',(-234.999999999999,-225.,330.));
#5113=CARTESIAN_POINT('',(-237.999999999999,-225.,330.));
#5114=CARTESIAN_POINT('',(-245.,-225.,-400.));
#5115=CARTESIAN_POINT('',(-225.,-225.,-400.));
#5116=CARTESIAN_POINT('',(-245.,-225.,400.));
#5117=CARTESIAN_POINT('',(-225.,-225.,400.));
#5118=CARTESIAN_POINT('',(-225.,-225.,400.));
#5119=CARTESIAN_POINT('',(-245.,-225.,400.));
#5120=CARTESIAN_POINT('',(-225.,-235.,160.));
#5121=CARTESIAN_POINT('',(-225.,-235.,157.));
#5122=CARTESIAN_POINT('',(-225.,-225.,-400.));
#5123=CARTESIAN_POINT('',(-225.,-245.,-400.));
#5124=CARTESIAN_POINT('',(-225.,-225.,400.));
#5125=CARTESIAN_POINT('',(-225.,-245.,400.));
#5126=CARTESIAN_POINT('',(-225.,-245.,400.));
#5127=CARTESIAN_POINT('',(-225.,-225.,400.));
#5128=CARTESIAN_POINT('',(-234.999999999999,-245.,140.));
#5129=CARTESIAN_POINT('',(-237.999999999999,-245.,140.));
#5130=CARTESIAN_POINT('',(-234.999999999999,-245.,330.));
#5131=CARTESIAN_POINT('',(-237.999999999999,-245.,330.));
#5132=CARTESIAN_POINT('',(-225.,-245.,-400.));
#5133=CARTESIAN_POINT('',(-225.,-245.,400.));
#5134=CARTESIAN_POINT('',(-225.,-245.,400.));
#5135=CARTESIAN_POINT('',(0.,0.,400.));
#5136=CARTESIAN_POINT('',(0.,0.,-400.));
#5137=CARTESIAN_POINT('',(-234.999999999999,-245.,330.));
#5138=CARTESIAN_POINT('',(-234.999999999999,-245.,330.));
#5139=CARTESIAN_POINT('',(-244.999999999999,-235.,160.));
#5140=CARTESIAN_POINT('',(-244.999999999999,-235.,160.));
#5141=CARTESIAN_POINT('',(-234.999999999999,-245.,140.));
#5142=CARTESIAN_POINT('',(-234.999999999999,-245.,140.));
#5143=CARTESIAN_POINT('',(-243.,235.,140.));
#5144=CARTESIAN_POINT('',(-243.,232.,140.));
#5145=CARTESIAN_POINT('',(-243.,235.,330.));
#5146=CARTESIAN_POINT('',(-243.,232.,330.));
#5147=CARTESIAN_POINT('',(-243.,6.74460487459795E-13,-398.));
#5148=CARTESIAN_POINT('',(-243.,227.,-398.));
#5149=CARTESIAN_POINT('',(-243.,243.,-398.));
#5150=CARTESIAN_POINT('',(-243.,243.,400.));
#5151=CARTESIAN_POINT('',(-243.,243.,398.));
#5152=CARTESIAN_POINT('',(-243.,6.74460487459795E-13,398.));
#5153=CARTESIAN_POINT('',(-243.,227.,398.));
#5154=CARTESIAN_POINT('',(-243.,227.,400.));
#5155=CARTESIAN_POINT('',(-243.,225.,400.));
#5156=CARTESIAN_POINT('',(-235.,243.,160.));
#5157=CARTESIAN_POINT('',(-238.,243.,160.));
#5158=CARTESIAN_POINT('',(-235.,243.,350.));
#5159=CARTESIAN_POINT('',(-238.,243.,350.));
#5160=CARTESIAN_POINT('',(6.74460487459789E-13,242.999999999999,-398.));
#5161=CARTESIAN_POINT('',(-227.,243.,-398.));
#5162=CARTESIAN_POINT('',(-227.,243.,400.));
#5163=CARTESIAN_POINT('',(-227.,243.,398.));
#5164=CARTESIAN_POINT('',(6.74460487459789E-13,242.999999999999,398.));
#5165=CARTESIAN_POINT('',(-245.,243.,400.));
#5166=CARTESIAN_POINT('',(-227.,235.,140.));
#5167=CARTESIAN_POINT('',(-227.,235.,137.));
#5168=CARTESIAN_POINT('',(-227.,235.,330.));
#5169=CARTESIAN_POINT('',(-227.,235.,327.));
#5170=CARTESIAN_POINT('',(-227.,0.,-398.));
#5171=CARTESIAN_POINT('',(-227.,227.,-398.));
#5172=CARTESIAN_POINT('',(-227.,227.,400.));
#5173=CARTESIAN_POINT('',(-227.,227.,398.));
#5174=CARTESIAN_POINT('',(-227.,0.,398.));
#5175=CARTESIAN_POINT('',(-227.,245.,400.));
#5176=CARTESIAN_POINT('',(-235.,227.,160.));
#5177=CARTESIAN_POINT('',(-232.,227.,160.));
#5178=CARTESIAN_POINT('',(-235.,227.,350.));
#5179=CARTESIAN_POINT('',(-232.,227.,350.));
#5180=CARTESIAN_POINT('',(3.15025783237391E-13,227.,-398.));
#5181=CARTESIAN_POINT('',(3.15025783237391E-13,227.,398.));
#5182=CARTESIAN_POINT('',(-225.,227.,400.));
#5183=CARTESIAN_POINT('',(0.,0.,398.));
#5184=CARTESIAN_POINT('',(0.,0.,-398.));
#5185=CARTESIAN_POINT('',(-235.,225.,350.));
#5186=CARTESIAN_POINT('',(-232.,225.,350.));
#5187=CARTESIAN_POINT('',(-235.,244.999999999999,350.));
#5188=CARTESIAN_POINT('',(-235.,244.999999999999,350.));
#5189=CARTESIAN_POINT('',(-232.,244.999999999999,350.));
#5190=CARTESIAN_POINT('',(-235.,244.999999999999,350.));
#5191=CARTESIAN_POINT('',(-244.999999999999,235.,140.));
#5192=CARTESIAN_POINT('',(-244.999999999999,238.,140.));
#5193=CARTESIAN_POINT('',(-244.999999999999,235.,330.));
#5194=CARTESIAN_POINT('',(-244.999999999999,238.,330.));
#5195=CARTESIAN_POINT('',(-245.,225.,-400.));
#5196=CARTESIAN_POINT('',(-245.,225.,-400.));
#5197=CARTESIAN_POINT('',(-245.,245.,-400.));
#5198=CARTESIAN_POINT('',(-245.,225.,400.));
#5199=CARTESIAN_POINT('',(-245.,225.,400.));
#5200=CARTESIAN_POINT('',(-245.,225.,400.));
#5201=CARTESIAN_POINT('',(-245.,245.,400.));
#5202=CARTESIAN_POINT('',(-245.,245.,400.));
#5203=CARTESIAN_POINT('',(-245.,225.,400.));
#5204=CARTESIAN_POINT('',(-235.,244.999999999999,160.));
#5205=CARTESIAN_POINT('',(-232.,244.999999999999,160.));
#5206=CARTESIAN_POINT('',(-245.,245.,-400.));
#5207=CARTESIAN_POINT('',(-225.,245.,-400.));
#5208=CARTESIAN_POINT('',(-245.,245.,400.));
#5209=CARTESIAN_POINT('',(-225.,245.,400.));
#5210=CARTESIAN_POINT('',(-225.,245.,400.));
#5211=CARTESIAN_POINT('',(-245.,245.,400.));
#5212=CARTESIAN_POINT('',(-225.,235.,140.));
#5213=CARTESIAN_POINT('',(-225.,235.,137.));
#5214=CARTESIAN_POINT('',(-225.,235.,330.));
#5215=CARTESIAN_POINT('',(-225.,235.,327.));
#5216=CARTESIAN_POINT('',(-225.,245.,-400.));
#5217=CARTESIAN_POINT('',(-225.,225.,-400.));
#5218=CARTESIAN_POINT('',(-225.,245.,400.));
#5219=CARTESIAN_POINT('',(-225.,225.,400.));
#5220=CARTESIAN_POINT('',(-225.,225.,400.));
#5221=CARTESIAN_POINT('',(-225.,245.,400.));
#5222=CARTESIAN_POINT('',(-235.,225.,160.));
#5223=CARTESIAN_POINT('',(-232.,225.,160.));
#5224=CARTESIAN_POINT('',(-225.,225.,-400.));
#5225=CARTESIAN_POINT('',(-225.,225.,400.));
#5226=CARTESIAN_POINT('',(-225.,225.,400.));
#5227=CARTESIAN_POINT('',(0.,0.,400.));
#5228=CARTESIAN_POINT('',(0.,0.,-400.));
#5229=CARTESIAN_POINT('',(-244.999999999999,235.,330.));
#5230=CARTESIAN_POINT('',(-244.999999999999,235.,330.));
#5231=CARTESIAN_POINT('',(-235.,244.999999999999,160.));
#5232=CARTESIAN_POINT('',(-235.,244.999999999999,160.));
#5233=CARTESIAN_POINT('',(-244.999999999999,235.,140.));
#5234=CARTESIAN_POINT('',(-244.999999999999,235.,140.));
#5235=CARTESIAN_POINT('',(227.,-235.,330.));
#5236=CARTESIAN_POINT('',(227.,-238.,330.));
#5237=CARTESIAN_POINT('',(227.,-235.,140.));
#5238=CARTESIAN_POINT('',(227.,-238.,140.));
#5239=CARTESIAN_POINT('',(227.,3.15025783237392E-13,-398.));
#5240=CARTESIAN_POINT('',(227.,-243.,-398.));
#5241=CARTESIAN_POINT('',(227.,-227.,-398.));
#5242=CARTESIAN_POINT('',(227.,-227.,400.));
#5243=CARTESIAN_POINT('',(227.,-227.,398.));
#5244=CARTESIAN_POINT('',(227.,3.15025783237392E-13,398.));
#5245=CARTESIAN_POINT('',(227.,-243.,398.));
#5246=CARTESIAN_POINT('',(227.,-243.,400.));
#5247=CARTESIAN_POINT('',(227.,-245.,400.));
#5248=CARTESIAN_POINT('',(235.000000000001,-227.,160.));
#5249=CARTESIAN_POINT('',(235.000000000001,-227.,163.));
#5250=CARTESIAN_POINT('',(235.000000000001,-227.,350.));
#5251=CARTESIAN_POINT('',(235.000000000001,-227.,353.));
#5252=CARTESIAN_POINT('',(0.,-227.,-398.));
#5253=CARTESIAN_POINT('',(243.,-227.,-398.));
#5254=CARTESIAN_POINT('',(243.,-227.,400.));
#5255=CARTESIAN_POINT('',(243.,-227.,398.));
#5256=CARTESIAN_POINT('',(0.,-227.,398.));
#5257=CARTESIAN_POINT('',(225.,-227.,400.));
#5258=CARTESIAN_POINT('',(243.,-235.,330.));
#5259=CARTESIAN_POINT('',(243.,-235.,327.));
#5260=CARTESIAN_POINT('',(243.,-235.,140.));
#5261=CARTESIAN_POINT('',(243.,-235.,137.));
#5262=CARTESIAN_POINT('',(243.,0.,-398.));
#5263=CARTESIAN_POINT('',(243.,-243.,-398.));
#5264=CARTESIAN_POINT('',(243.,-243.,400.));
#5265=CARTESIAN_POINT('',(243.,-243.,398.));
#5266=CARTESIAN_POINT('',(243.,0.,398.));
#5267=CARTESIAN_POINT('',(243.,-225.,400.));
#5268=CARTESIAN_POINT('',(235.000000000001,-243.,160.));
#5269=CARTESIAN_POINT('',(238.000000000001,-243.,160.));
#5270=CARTESIAN_POINT('',(235.000000000001,-243.,350.));
#5271=CARTESIAN_POINT('',(238.000000000001,-243.,350.));
#5272=CARTESIAN_POINT('',(-3.37230243729894E-13,-242.999999999999,-398.));
#5273=CARTESIAN_POINT('',(-3.37230243729894E-13,-242.999999999999,398.));
#5274=CARTESIAN_POINT('',(245.,-243.,400.));
#5275=CARTESIAN_POINT('',(0.,0.,398.));
#5276=CARTESIAN_POINT('',(0.,0.,-398.));
#5277=CARTESIAN_POINT('',(245.,-235.,140.));
#5278=CARTESIAN_POINT('',(245.,-235.,143.));
#5279=CARTESIAN_POINT('',(245.,-235.,140.));
#5280=CARTESIAN_POINT('',(225.,-235.,140.));
#5281=CARTESIAN_POINT('',(225.,-238.,140.));
#5282=CARTESIAN_POINT('',(245.,-235.,140.));
#5283=CARTESIAN_POINT('',(225.,-235.,330.));
#5284=CARTESIAN_POINT('',(225.,-238.,330.));
#5285=CARTESIAN_POINT('',(225.,-245.,-400.));
#5286=CARTESIAN_POINT('',(225.,-245.,-400.));
#5287=CARTESIAN_POINT('',(225.,-225.,-400.));
#5288=CARTESIAN_POINT('',(225.,-245.,400.));
#5289=CARTESIAN_POINT('',(225.,-245.,400.));
#5290=CARTESIAN_POINT('',(225.,-245.,400.));
#5291=CARTESIAN_POINT('',(225.,-225.,400.));
#5292=CARTESIAN_POINT('',(225.,-225.,400.));
#5293=CARTESIAN_POINT('',(225.,-245.,400.));
#5294=CARTESIAN_POINT('',(235.000000000001,-225.,160.));
#5295=CARTESIAN_POINT('',(235.000000000001,-225.,163.));
#5296=CARTESIAN_POINT('',(235.000000000001,-225.,350.));
#5297=CARTESIAN_POINT('',(235.000000000001,-225.,353.));
#5298=CARTESIAN_POINT('',(225.,-225.,-400.));
#5299=CARTESIAN_POINT('',(245.,-225.,-400.));
#5300=CARTESIAN_POINT('',(225.,-225.,400.));
#5301=CARTESIAN_POINT('',(245.,-225.,400.));
#5302=CARTESIAN_POINT('',(245.,-225.,400.));
#5303=CARTESIAN_POINT('',(225.,-225.,400.));
#5304=CARTESIAN_POINT('',(245.,-235.,330.));
#5305=CARTESIAN_POINT('',(245.,-235.,333.));
#5306=CARTESIAN_POINT('',(245.,-225.,-400.));
#5307=CARTESIAN_POINT('',(245.,-245.,-400.));
#5308=CARTESIAN_POINT('',(245.,-225.,400.));
#5309=CARTESIAN_POINT('',(245.,-245.,400.));
#5310=CARTESIAN_POINT('',(245.,-245.,400.));
#5311=CARTESIAN_POINT('',(245.,-225.,400.));
#5312=CARTESIAN_POINT('',(235.000000000001,-244.999999999999,160.));
#5313=CARTESIAN_POINT('',(232.000000000001,-244.999999999999,160.));
#5314=CARTESIAN_POINT('',(235.000000000001,-244.999999999999,350.));
#5315=CARTESIAN_POINT('',(232.000000000001,-244.999999999999,350.));
#5316=CARTESIAN_POINT('',(245.,-245.,-400.));
#5317=CARTESIAN_POINT('',(245.,-245.,400.));
#5318=CARTESIAN_POINT('',(245.,-245.,400.));
#5319=CARTESIAN_POINT('',(0.,0.,400.));
#5320=CARTESIAN_POINT('',(0.,0.,-400.));
#5321=CARTESIAN_POINT('',(245.,-235.,330.));
#5322=CARTESIAN_POINT('',(245.,-235.,330.));
#5323=CARTESIAN_POINT('',(235.000000000001,-244.999999999999,350.));
#5324=CARTESIAN_POINT('',(235.000000000001,-244.999999999999,350.));
#5325=CARTESIAN_POINT('',(235.000000000001,-244.999999999999,160.));
#5326=CARTESIAN_POINT('',(235.000000000001,-244.999999999999,160.));
#5327=CARTESIAN_POINT('',(227.,235.,160.));
#5328=CARTESIAN_POINT('',(227.,232.,160.));
#5329=CARTESIAN_POINT('',(227.,235.,350.));
#5330=CARTESIAN_POINT('',(227.,232.,350.));
#5331=CARTESIAN_POINT('',(227.,3.15025783237392E-13,-398.));
#5332=CARTESIAN_POINT('',(227.,227.,-398.));
#5333=CARTESIAN_POINT('',(227.,243.,-398.));
#5334=CARTESIAN_POINT('',(227.,243.,400.));
#5335=CARTESIAN_POINT('',(227.,243.,398.));
#5336=CARTESIAN_POINT('',(227.,3.15025783237392E-13,398.));
#5337=CARTESIAN_POINT('',(227.,227.,398.));
#5338=CARTESIAN_POINT('',(227.,227.,400.));
#5339=CARTESIAN_POINT('',(227.,225.,400.));
#5340=CARTESIAN_POINT('',(235.,243.,140.));
#5341=CARTESIAN_POINT('',(235.,243.,143.));
#5342=CARTESIAN_POINT('',(235.,243.,330.));
#5343=CARTESIAN_POINT('',(235.,243.,333.));
#5344=CARTESIAN_POINT('',(0.,243.,-398.));
#5345=CARTESIAN_POINT('',(243.,243.,-398.));
#5346=CARTESIAN_POINT('',(243.,243.,400.));
#5347=CARTESIAN_POINT('',(243.,243.,398.));
#5348=CARTESIAN_POINT('',(0.,243.,398.));
#5349=CARTESIAN_POINT('',(225.,243.,400.));
#5350=CARTESIAN_POINT('',(243.,235.,160.));
#5351=CARTESIAN_POINT('',(243.,238.,160.));
#5352=CARTESIAN_POINT('',(243.,235.,350.));
#5353=CARTESIAN_POINT('',(243.,238.,350.));
#5354=CARTESIAN_POINT('',(242.999999999999,-6.74460487459788E-13,-398.));
#5355=CARTESIAN_POINT('',(243.,227.,-398.));
#5356=CARTESIAN_POINT('',(243.,227.,400.));
#5357=CARTESIAN_POINT('',(243.,227.,398.));
#5358=CARTESIAN_POINT('',(242.999999999999,-6.74460487459788E-13,398.));
#5359=CARTESIAN_POINT('',(243.,245.,400.));
#5360=CARTESIAN_POINT('',(235.,227.,140.));
#5361=CARTESIAN_POINT('',(238.,227.,140.));
#5362=CARTESIAN_POINT('',(235.,227.,330.));
#5363=CARTESIAN_POINT('',(238.,227.,330.));
#5364=CARTESIAN_POINT('',(-3.15025783237391E-13,227.,-398.));
#5365=CARTESIAN_POINT('',(-3.15025783237391E-13,227.,398.));
#5366=CARTESIAN_POINT('',(245.,227.,400.));
#5367=CARTESIAN_POINT('',(0.,0.,398.));
#5368=CARTESIAN_POINT('',(0.,0.,-398.));
#5369=CARTESIAN_POINT('',(244.999999999999,235.,350.));
#5370=CARTESIAN_POINT('',(244.999999999999,232.,350.));
#5371=CARTESIAN_POINT('',(244.999999999999,235.,350.));
#5372=CARTESIAN_POINT('',(225.,235.,350.));
#5373=CARTESIAN_POINT('',(225.,232.,350.));
#5374=CARTESIAN_POINT('',(244.999999999999,235.,350.));
#5375=CARTESIAN_POINT('',(225.,235.,160.));
#5376=CARTESIAN_POINT('',(225.,232.,160.));
#5377=CARTESIAN_POINT('',(225.,225.,-400.));
#5378=CARTESIAN_POINT('',(225.,225.,-400.));
#5379=CARTESIAN_POINT('',(225.,245.,-400.));
#5380=CARTESIAN_POINT('',(225.,225.,400.));
#5381=CARTESIAN_POINT('',(225.,225.,400.));
#5382=CARTESIAN_POINT('',(225.,225.,400.));
#5383=CARTESIAN_POINT('',(225.,245.,400.));
#5384=CARTESIAN_POINT('',(225.,245.,400.));
#5385=CARTESIAN_POINT('',(225.,225.,400.));
#5386=CARTESIAN_POINT('',(235.,244.999999999999,140.));
#5387=CARTESIAN_POINT('',(235.,244.999999999999,137.));
#5388=CARTESIAN_POINT('',(235.,244.999999999999,330.));
#5389=CARTESIAN_POINT('',(235.,244.999999999999,327.));
#5390=CARTESIAN_POINT('',(225.,245.,-400.));
#5391=CARTESIAN_POINT('',(245.,245.,-400.));
#5392=CARTESIAN_POINT('',(225.,245.,400.));
#5393=CARTESIAN_POINT('',(245.,245.,400.));
#5394=CARTESIAN_POINT('',(245.,245.,400.));
#5395=CARTESIAN_POINT('',(225.,245.,400.));
#5396=CARTESIAN_POINT('',(244.999999999999,235.,160.));
#5397=CARTESIAN_POINT('',(244.999999999999,232.,160.));
#5398=CARTESIAN_POINT('',(245.,245.,-400.));
#5399=CARTESIAN_POINT('',(245.,225.,-400.));
#5400=CARTESIAN_POINT('',(245.,245.,400.));
#5401=CARTESIAN_POINT('',(245.,225.,400.));
#5402=CARTESIAN_POINT('',(245.,225.,400.));
#5403=CARTESIAN_POINT('',(245.,245.,400.));
#5404=CARTESIAN_POINT('',(235.,225.,140.));
#5405=CARTESIAN_POINT('',(238.,225.,140.));
#5406=CARTESIAN_POINT('',(235.,225.,330.));
#5407=CARTESIAN_POINT('',(238.,225.,330.));
#5408=CARTESIAN_POINT('',(245.,225.,-400.));
#5409=CARTESIAN_POINT('',(245.,225.,400.));
#5410=CARTESIAN_POINT('',(245.,225.,400.));
#5411=CARTESIAN_POINT('',(0.,0.,400.));
#5412=CARTESIAN_POINT('',(0.,0.,-400.));
#5413=CARTESIAN_POINT('',(235.,244.999999999999,330.));
#5414=CARTESIAN_POINT('',(235.,244.999999999999,330.));
#5415=CARTESIAN_POINT('',(244.999999999999,235.,160.));
#5416=CARTESIAN_POINT('',(244.999999999999,235.,160.));
#5417=CARTESIAN_POINT('',(235.,244.999999999999,140.));
#5418=CARTESIAN_POINT('',(235.,244.999999999999,140.));
#5419=CARTESIAN_POINT('',(-243.,223.,0.));
#5420=CARTESIAN_POINT('',(-243.,223.,-2.));
#5421=CARTESIAN_POINT('',(-243.,223.,-18.));
#5422=CARTESIAN_POINT('',(-243.,-225.,-2.));
#5423=CARTESIAN_POINT('',(-243.,-223.,-2.));
#5424=CARTESIAN_POINT('',(-243.,-223.,0.));
#5425=CARTESIAN_POINT('',(-243.,-223.,-18.));
#5426=CARTESIAN_POINT('',(-243.,-225.,-18.));
#5427=CARTESIAN_POINT('',(-243.,-225.,0.));
#5428=CARTESIAN_POINT('',(-235.,-115.,-18.));
#5429=CARTESIAN_POINT('',(-232.,-115.,-18.));
#5430=CARTESIAN_POINT('',(-235.,115.,-18.));
#5431=CARTESIAN_POINT('',(-232.,115.,-18.));
#5432=CARTESIAN_POINT('',(-245.,223.,-18.));
#5433=CARTESIAN_POINT('',(-227.,223.,-18.));
#5434=CARTESIAN_POINT('',(-245.,-223.,-18.));
#5435=CARTESIAN_POINT('',(-227.,-223.,-18.));
#5436=CARTESIAN_POINT('',(-227.,-225.,-18.));
#5437=CARTESIAN_POINT('',(-245.,-225.,-18.));
#5438=CARTESIAN_POINT('',(-227.,223.,-20.));
#5439=CARTESIAN_POINT('',(-227.,223.,-2.));
#5440=CARTESIAN_POINT('',(-227.,-223.,-20.));
#5441=CARTESIAN_POINT('',(-227.,-223.,-2.));
#5442=CARTESIAN_POINT('',(-227.,-225.,-2.));
#5443=CARTESIAN_POINT('',(-227.,-225.,-20.));
#5444=CARTESIAN_POINT('',(-235.,-115.,-2.));
#5445=CARTESIAN_POINT('',(-238.,-115.,-2.));
#5446=CARTESIAN_POINT('',(-235.,115.,-2.));
#5447=CARTESIAN_POINT('',(-238.,115.,-2.));
#5448=CARTESIAN_POINT('',(-225.,223.,-2.));
#5449=CARTESIAN_POINT('',(-225.,-223.,-2.));
#5450=CARTESIAN_POINT('',(-225.,-225.,-2.));
#5451=CARTESIAN_POINT('',(0.,-223.,0.));
#5452=CARTESIAN_POINT('',(0.,223.,0.));
#5453=CARTESIAN_POINT('',(-235.,115.,0.));
#5454=CARTESIAN_POINT('',(-238.,115.,0.));
#5455=CARTESIAN_POINT('',(-235.,115.,0.));
#5456=CARTESIAN_POINT('',(-235.,115.,-20.));
#5457=CARTESIAN_POINT('',(-232.,115.,-20.));
#5458=CARTESIAN_POINT('',(-235.,115.,0.));
#5459=CARTESIAN_POINT('',(-245.,225.,0.));
#5460=CARTESIAN_POINT('',(-245.,225.,0.));
#5461=CARTESIAN_POINT('',(-245.,225.,-20.));
#5462=CARTESIAN_POINT('',(-245.,-225.,-20.));
#5463=CARTESIAN_POINT('',(-245.,-225.,-20.));
#5464=CARTESIAN_POINT('',(-245.,-225.,0.));
#5465=CARTESIAN_POINT('',(-245.,-225.,0.));
#5466=CARTESIAN_POINT('',(-245.,-225.,0.));
#5467=CARTESIAN_POINT('',(-245.,-225.,0.));
#5468=CARTESIAN_POINT('',(-235.,-115.,-20.));
#5469=CARTESIAN_POINT('',(-232.,-115.,-20.));
#5470=CARTESIAN_POINT('',(-245.,225.,-20.));
#5471=CARTESIAN_POINT('',(-225.,225.,-20.));
#5472=CARTESIAN_POINT('',(-225.,-225.,-20.));
#5473=CARTESIAN_POINT('',(-225.,-225.,-20.));
#5474=CARTESIAN_POINT('',(-245.,-225.,-20.));
#5475=CARTESIAN_POINT('',(-245.,-225.,-20.));
#5476=CARTESIAN_POINT('',(-225.,225.,-20.));
#5477=CARTESIAN_POINT('',(-225.,225.,0.));
#5478=CARTESIAN_POINT('',(-225.,-225.,0.));
#5479=CARTESIAN_POINT('',(-225.,-225.,0.));
#5480=CARTESIAN_POINT('',(-225.,-225.,-20.));
#5481=CARTESIAN_POINT('',(-225.,-225.,-20.));
#5482=CARTESIAN_POINT('',(-235.,-115.,0.));
#5483=CARTESIAN_POINT('',(-238.,-115.,0.));
#5484=CARTESIAN_POINT('',(-225.,225.,0.));
#5485=CARTESIAN_POINT('',(-225.,-225.,0.));
#5486=CARTESIAN_POINT('',(-225.,-225.,0.));
#5487=CARTESIAN_POINT('',(0.,-225.,0.));
#5488=CARTESIAN_POINT('',(0.,225.,0.));
#5489=CARTESIAN_POINT('',(-235.,-115.,0.));
#5490=CARTESIAN_POINT('',(-235.,-115.,0.));
#5491=CARTESIAN_POINT('',(227.,223.,0.));
#5492=CARTESIAN_POINT('',(227.,223.,-17.9999999999999));
#5493=CARTESIAN_POINT('',(227.,223.,-2.));
#5494=CARTESIAN_POINT('',(227.,-225.,-2.));
#5495=CARTESIAN_POINT('',(227.,-223.,-2.));
#5496=CARTESIAN_POINT('',(227.,-223.,0.));
#5497=CARTESIAN_POINT('',(227.,-223.,-17.9999999999999));
#5498=CARTESIAN_POINT('',(227.,-225.,-17.9999999999999));
#5499=CARTESIAN_POINT('',(227.,-225.,-19.9999999999999));
#5500=CARTESIAN_POINT('',(235.,115.,-2.));
#5501=CARTESIAN_POINT('',(238.,115.,-2.));
#5502=CARTESIAN_POINT('',(235.,-115.,-2.));
#5503=CARTESIAN_POINT('',(238.,-115.,-2.));
#5504=CARTESIAN_POINT('',(0.,223.,-2.));
#5505=CARTESIAN_POINT('',(243.,223.,-2.));
#5506=CARTESIAN_POINT('',(243.,-225.,-2.));
#5507=CARTESIAN_POINT('',(243.,-223.,-2.));
#5508=CARTESIAN_POINT('',(0.,-223.,-2.));
#5509=CARTESIAN_POINT('',(225.,-225.,-2.));
#5510=CARTESIAN_POINT('',(243.,223.,0.));
#5511=CARTESIAN_POINT('',(243.,223.,-17.9999999999999));
#5512=CARTESIAN_POINT('',(243.,-225.,-17.9999999999999));
#5513=CARTESIAN_POINT('',(243.,-223.,-17.9999999999999));
#5514=CARTESIAN_POINT('',(243.,-223.,0.));
#5515=CARTESIAN_POINT('',(243.,-225.,0.));
#5516=CARTESIAN_POINT('',(235.,115.,-17.9999999999999));
#5517=CARTESIAN_POINT('',(232.,115.,-17.9999999999999));
#5518=CARTESIAN_POINT('',(235.,-115.,-17.9999999999999));
#5519=CARTESIAN_POINT('',(232.,-115.,-17.9999999999999));
#5520=CARTESIAN_POINT('',(6.24500451351653E-15,223.,-18.));
#5521=CARTESIAN_POINT('',(6.24500451351653E-15,-223.,-18.));
#5522=CARTESIAN_POINT('',(245.,-225.,-17.9999999999999));
#5523=CARTESIAN_POINT('',(0.,-223.,0.));
#5524=CARTESIAN_POINT('',(0.,223.,0.));
#5525=CARTESIAN_POINT('',(235.,-115.,-19.9999999999999));
#5526=CARTESIAN_POINT('',(232.,-115.,-19.9999999999999));
#5527=CARTESIAN_POINT('',(235.,-115.,0.));
#5528=CARTESIAN_POINT('',(235.,-115.,0.));
#5529=CARTESIAN_POINT('',(232.,-115.,0.));
#5530=CARTESIAN_POINT('',(235.,-115.,0.));
#5531=CARTESIAN_POINT('',(225.,225.,-19.9999999999999));
#5532=CARTESIAN_POINT('',(225.,225.,-19.9999999999999));
#5533=CARTESIAN_POINT('',(225.,225.,0.));
#5534=CARTESIAN_POINT('',(225.,-225.,-19.9999999999999));
#5535=CARTESIAN_POINT('',(225.,-225.,-19.9999999999999));
#5536=CARTESIAN_POINT('',(225.,-225.,-19.9999999999999));
#5537=CARTESIAN_POINT('',(225.,-225.,0.));
#5538=CARTESIAN_POINT('',(225.,-225.,0.));
#5539=CARTESIAN_POINT('',(225.,-225.,-19.9999999999999));
#5540=CARTESIAN_POINT('',(235.,115.,0.));
#5541=CARTESIAN_POINT('',(232.,115.,0.));
#5542=CARTESIAN_POINT('',(225.,225.,0.));
#5543=CARTESIAN_POINT('',(245.,225.,0.));
#5544=CARTESIAN_POINT('',(225.,-225.,0.));
#5545=CARTESIAN_POINT('',(245.,-225.,0.));
#5546=CARTESIAN_POINT('',(245.,-225.,0.));
#5547=CARTESIAN_POINT('',(225.,-225.,0.));
#5548=CARTESIAN_POINT('',(245.,225.,0.));
#5549=CARTESIAN_POINT('',(245.,225.,-19.9999999999999));
#5550=CARTESIAN_POINT('',(245.,-225.,0.));
#5551=CARTESIAN_POINT('',(245.,-225.,-19.9999999999999));
#5552=CARTESIAN_POINT('',(245.,-225.,-19.9999999999999));
#5553=CARTESIAN_POINT('',(245.,-225.,0.));
#5554=CARTESIAN_POINT('',(235.,115.,-19.9999999999999));
#5555=CARTESIAN_POINT('',(232.,115.,-19.9999999999999));
#5556=CARTESIAN_POINT('',(245.,225.,-19.9999999999999));
#5557=CARTESIAN_POINT('',(245.,-225.,-19.9999999999999));
#5558=CARTESIAN_POINT('',(245.,-225.,-19.9999999999999));
#5559=CARTESIAN_POINT('',(0.,-225.,0.));
#5560=CARTESIAN_POINT('',(0.,225.,0.));
#5561=CARTESIAN_POINT('',(235.,115.,0.));
#5562=CARTESIAN_POINT('',(235.,115.,0.));
#5563=CARTESIAN_POINT('',(-223.,-243.,1.21569421196455E-13));
#5564=CARTESIAN_POINT('',(-223.,-243.,-1.99999999999988));
#5565=CARTESIAN_POINT('',(-223.,-243.,-17.9999999999999));
#5566=CARTESIAN_POINT('',(225.,-243.,-1.99999999999988));
#5567=CARTESIAN_POINT('',(223.,-243.,-1.99999999999988));
#5568=CARTESIAN_POINT('',(223.,-243.,1.21569421196455E-13));
#5569=CARTESIAN_POINT('',(223.,-243.,-17.9999999999999));
#5570=CARTESIAN_POINT('',(225.,-243.,-17.9999999999999));
#5571=CARTESIAN_POINT('',(225.,-243.,1.21569421196455E-13));
#5572=CARTESIAN_POINT('',(115.,-235.000000000001,-17.9999999999999));
#5573=CARTESIAN_POINT('',(115.,-238.000000000001,-17.9999999999999));
#5574=CARTESIAN_POINT('',(-115.,-235.000000000001,-17.9999999999999));
#5575=CARTESIAN_POINT('',(-115.,-238.000000000001,-17.9999999999999));
#5576=CARTESIAN_POINT('',(-223.,-245.,-17.9999999999999));
#5577=CARTESIAN_POINT('',(-223.,-227.,-17.9999999999999));
#5578=CARTESIAN_POINT('',(223.,-245.,-17.9999999999999));
#5579=CARTESIAN_POINT('',(223.,-227.,-17.9999999999999));
#5580=CARTESIAN_POINT('',(225.,-227.,-17.9999999999999));
#5581=CARTESIAN_POINT('',(225.,-245.,-17.9999999999999));
#5582=CARTESIAN_POINT('',(-223.,-227.,-19.9999999999999));
#5583=CARTESIAN_POINT('',(-223.,-227.,-1.99999999999988));
#5584=CARTESIAN_POINT('',(223.,-227.,-19.9999999999999));
#5585=CARTESIAN_POINT('',(223.,-227.,-1.99999999999988));
#5586=CARTESIAN_POINT('',(225.,-227.,-1.99999999999988));
#5587=CARTESIAN_POINT('',(225.,-227.,-19.9999999999999));
#5588=CARTESIAN_POINT('',(115.,-235.000000000001,-1.99999999999988));
#5589=CARTESIAN_POINT('',(112.,-235.000000000001,-1.99999999999988));
#5590=CARTESIAN_POINT('',(-115.,-235.000000000001,-1.99999999999988));
#5591=CARTESIAN_POINT('',(-118.,-235.000000000001,-1.99999999999988));
#5592=CARTESIAN_POINT('',(-223.,-225.,-1.99999999999988));
#5593=CARTESIAN_POINT('',(223.,-225.,-1.99999999999988));
#5594=CARTESIAN_POINT('',(225.,-225.,-1.99999999999988));
#5595=CARTESIAN_POINT('',(223.,0.,0.));
#5596=CARTESIAN_POINT('',(-223.,0.,0.));
#5597=CARTESIAN_POINT('',(-115.,-235.000000000001,0.));
#5598=CARTESIAN_POINT('',(-118.,-235.000000000001,0.));
#5599=CARTESIAN_POINT('',(-115.,-235.000000000001,0.));
#5600=CARTESIAN_POINT('',(-115.,-235.000000000001,-19.9999999999999));
#5601=CARTESIAN_POINT('',(-115.,-238.000000000001,-19.9999999999999));
#5602=CARTESIAN_POINT('',(-115.,-235.000000000001,0.));
#5603=CARTESIAN_POINT('',(-225.,-245.,1.24344978758018E-13));
#5604=CARTESIAN_POINT('',(-225.,-245.,1.24344978758018E-13));
#5605=CARTESIAN_POINT('',(-225.,-245.,-19.9999999999999));
#5606=CARTESIAN_POINT('',(225.,-245.,-19.9999999999999));
#5607=CARTESIAN_POINT('',(225.,-245.,-19.9999999999999));
#5608=CARTESIAN_POINT('',(225.,-245.,1.24344978758018E-13));
#5609=CARTESIAN_POINT('',(225.,-245.,1.24344978758018E-13));
#5610=CARTESIAN_POINT('',(225.,-245.,1.24344978758018E-13));
#5611=CARTESIAN_POINT('',(225.,-245.,1.24344978758018E-13));
#5612=CARTESIAN_POINT('',(115.,-235.000000000001,-19.9999999999999));
#5613=CARTESIAN_POINT('',(115.,-238.000000000001,-19.9999999999999));
#5614=CARTESIAN_POINT('',(-225.,-245.,-19.9999999999999));
#5615=CARTESIAN_POINT('',(-225.,-225.,-19.9999999999999));
#5616=CARTESIAN_POINT('',(225.,-225.,-19.9999999999999));
#5617=CARTESIAN_POINT('',(225.,-225.,-19.9999999999999));
#5618=CARTESIAN_POINT('',(225.,-245.,-19.9999999999999));
#5619=CARTESIAN_POINT('',(225.,-245.,-19.9999999999999));
#5620=CARTESIAN_POINT('',(-225.,-225.,-19.9999999999999));
#5621=CARTESIAN_POINT('',(-225.,-225.,1.2490009027033E-13));
#5622=CARTESIAN_POINT('',(225.,-225.,1.2490009027033E-13));
#5623=CARTESIAN_POINT('',(225.,-225.,1.2490009027033E-13));
#5624=CARTESIAN_POINT('',(225.,-225.,-19.9999999999999));
#5625=CARTESIAN_POINT('',(225.,-225.,-19.9999999999999));
#5626=CARTESIAN_POINT('',(115.,-235.000000000001,0.));
#5627=CARTESIAN_POINT('',(112.,-235.000000000001,0.));
#5628=CARTESIAN_POINT('',(-225.,-225.,1.24344978758018E-13));
#5629=CARTESIAN_POINT('',(225.,-225.,1.24344978758018E-13));
#5630=CARTESIAN_POINT('',(225.,-225.,1.24344978758018E-13));
#5631=CARTESIAN_POINT('',(225.,0.,0.));
#5632=CARTESIAN_POINT('',(-225.,0.,0.));
#5633=CARTESIAN_POINT('',(115.,-235.000000000001,0.));
#5634=CARTESIAN_POINT('',(115.,-235.000000000001,0.));
#5635=CARTESIAN_POINT('',(-223.,227.,1.10134124042816E-13));
#5636=CARTESIAN_POINT('',(-223.,227.,-1.99999999999989));
#5637=CARTESIAN_POINT('',(-223.,227.,-17.9999999999999));
#5638=CARTESIAN_POINT('',(225.,227.,-1.99999999999989));
#5639=CARTESIAN_POINT('',(223.,227.,-1.99999999999989));
#5640=CARTESIAN_POINT('',(223.,227.,1.10134124042816E-13));
#5641=CARTESIAN_POINT('',(223.,227.,-17.9999999999999));
#5642=CARTESIAN_POINT('',(225.,227.,-17.9999999999999));
#5643=CARTESIAN_POINT('',(225.,227.,1.10134124042816E-13));
#5644=CARTESIAN_POINT('',(-115.,235.,-17.9999999999999));
#5645=CARTESIAN_POINT('',(-115.,232.,-17.9999999999999));
#5646=CARTESIAN_POINT('',(115.,235.,-17.9999999999999));
#5647=CARTESIAN_POINT('',(115.,232.,-17.9999999999999));
#5648=CARTESIAN_POINT('',(-223.,225.,-17.9999999999999));
#5649=CARTESIAN_POINT('',(-223.,243.,-17.9999999999999));
#5650=CARTESIAN_POINT('',(223.,225.,-17.9999999999999));
#5651=CARTESIAN_POINT('',(223.,243.,-17.9999999999999));
#5652=CARTESIAN_POINT('',(225.,243.,-17.9999999999999));
#5653=CARTESIAN_POINT('',(225.,225.,-17.9999999999999));
#5654=CARTESIAN_POINT('',(-223.,243.,-19.9999999999999));
#5655=CARTESIAN_POINT('',(-223.,243.,-1.99999999999988));
#5656=CARTESIAN_POINT('',(223.,243.,-19.9999999999999));
#5657=CARTESIAN_POINT('',(223.,243.,-1.99999999999988));
#5658=CARTESIAN_POINT('',(225.,243.,-1.99999999999988));
#5659=CARTESIAN_POINT('',(225.,243.,-19.9999999999999));
#5660=CARTESIAN_POINT('',(-115.,235.,-1.99999999999988));
#5661=CARTESIAN_POINT('',(-115.,238.,-1.99999999999988));
#5662=CARTESIAN_POINT('',(115.,235.,-1.99999999999988));
#5663=CARTESIAN_POINT('',(115.,238.,-1.99999999999988));
#5664=CARTESIAN_POINT('',(-223.,245.,-1.99999999999988));
#5665=CARTESIAN_POINT('',(223.,245.,-1.99999999999988));
#5666=CARTESIAN_POINT('',(225.,245.,-1.99999999999988));
#5667=CARTESIAN_POINT('',(223.,0.,0.));
#5668=CARTESIAN_POINT('',(-223.,0.,0.));
#5669=CARTESIAN_POINT('',(115.,235.,0.));
#5670=CARTESIAN_POINT('',(115.,238.,1.59872115546023E-15));
#5671=CARTESIAN_POINT('',(115.,235.,0.));
#5672=CARTESIAN_POINT('',(115.,235.,-19.9999999999999));
#5673=CARTESIAN_POINT('',(115.,232.,-19.9999999999999));
#5674=CARTESIAN_POINT('',(115.,235.,0.));
#5675=CARTESIAN_POINT('',(-225.,225.,1.10134124042816E-13));
#5676=CARTESIAN_POINT('',(-225.,225.,1.10134124042816E-13));
#5677=CARTESIAN_POINT('',(-225.,225.,-19.9999999999999));
#5678=CARTESIAN_POINT('',(225.,225.,-19.9999999999999));
#5679=CARTESIAN_POINT('',(225.,225.,-19.9999999999999));
#5680=CARTESIAN_POINT('',(225.,225.,1.10134124042816E-13));
#5681=CARTESIAN_POINT('',(225.,225.,1.10134124042816E-13));
#5682=CARTESIAN_POINT('',(225.,225.,1.10134124042816E-13));
#5683=CARTESIAN_POINT('',(225.,225.,1.10134124042816E-13));
#5684=CARTESIAN_POINT('',(-115.,235.,-19.9999999999999));
#5685=CARTESIAN_POINT('',(-115.,232.,-19.9999999999999));
#5686=CARTESIAN_POINT('',(-225.,225.,-19.9999999999999));
#5687=CARTESIAN_POINT('',(-225.,245.,-19.9999999999999));
#5688=CARTESIAN_POINT('',(225.,245.,-19.9999999999999));
#5689=CARTESIAN_POINT('',(225.,245.,-19.9999999999999));
#5690=CARTESIAN_POINT('',(225.,225.,-19.9999999999999));
#5691=CARTESIAN_POINT('',(225.,225.,-19.9999999999999));
#5692=CARTESIAN_POINT('',(-225.,245.,-19.9999999999999));
#5693=CARTESIAN_POINT('',(-225.,245.,1.21430643318376E-13));
#5694=CARTESIAN_POINT('',(225.,245.,1.21430643318376E-13));
#5695=CARTESIAN_POINT('',(225.,245.,1.21430643318376E-13));
#5696=CARTESIAN_POINT('',(225.,245.,-19.9999999999999));
#5697=CARTESIAN_POINT('',(225.,245.,-19.9999999999999));
#5698=CARTESIAN_POINT('',(-115.,235.,0.));
#5699=CARTESIAN_POINT('',(-115.,238.,1.59872115546023E-15));
#5700=CARTESIAN_POINT('',(-225.,245.,1.20792265079217E-13));
#5701=CARTESIAN_POINT('',(225.,245.,1.20792265079217E-13));
#5702=CARTESIAN_POINT('',(225.,245.,1.20792265079217E-13));
#5703=CARTESIAN_POINT('',(225.,0.,0.));
#5704=CARTESIAN_POINT('',(-225.,0.,0.));
#5705=CARTESIAN_POINT('',(-115.,235.,0.));
#5706=CARTESIAN_POINT('',(-115.,235.,0.));
#5707=CARTESIAN_POINT('',(-245.,-250.,-320.));
#5708=CARTESIAN_POINT('',(-245.,-250.,-320.));
#5709=CARTESIAN_POINT('',(-245.,-250.,-350.));
#5710=CARTESIAN_POINT('',(245.,-250.,-350.));
#5711=CARTESIAN_POINT('',(245.,-250.,-350.));
#5712=CARTESIAN_POINT('',(245.,-250.,-320.));
#5713=CARTESIAN_POINT('',(245.,-250.,-320.));
#5714=CARTESIAN_POINT('',(245.,-250.,-320.));
#5715=CARTESIAN_POINT('',(245.,-250.,-320.));
#5716=CARTESIAN_POINT('',(-245.,-250.,-350.));
#5717=CARTESIAN_POINT('',(-245.,-245.,-350.));
#5718=CARTESIAN_POINT('',(245.,-245.,-350.));
#5719=CARTESIAN_POINT('',(245.,-245.,-350.));
#5720=CARTESIAN_POINT('',(245.,-250.,-350.));
#5721=CARTESIAN_POINT('',(245.,-250.,-350.));
#5722=CARTESIAN_POINT('',(-245.,-245.,-350.));
#5723=CARTESIAN_POINT('',(-245.,-245.,-320.));
#5724=CARTESIAN_POINT('',(245.,-245.,-320.));
#5725=CARTESIAN_POINT('',(245.,-245.,-320.));
#5726=CARTESIAN_POINT('',(245.,-245.,-350.));
#5727=CARTESIAN_POINT('',(245.,-245.,-350.));
#5728=CARTESIAN_POINT('',(-245.,-245.,-320.));
#5729=CARTESIAN_POINT('',(245.,-245.,-320.));
#5730=CARTESIAN_POINT('',(245.,-245.,-320.));
#5731=CARTESIAN_POINT('',(245.,0.,0.));
#5732=CARTESIAN_POINT('',(-245.,0.,0.));
#5733=CARTESIAN_POINT('',(-245.,-250.,80.0000000000001));
#5734=CARTESIAN_POINT('',(-245.,-250.,80.0000000000001));
#5735=CARTESIAN_POINT('',(-245.,-250.,50.0000000000001));
#5736=CARTESIAN_POINT('',(245.,-250.,50.0000000000001));
#5737=CARTESIAN_POINT('',(245.,-250.,50.0000000000001));
#5738=CARTESIAN_POINT('',(245.,-250.,80.0000000000001));
#5739=CARTESIAN_POINT('',(245.,-250.,80.0000000000001));
#5740=CARTESIAN_POINT('',(245.,-250.,80.0000000000001));
#5741=CARTESIAN_POINT('',(245.,-250.,80.0000000000001));
#5742=CARTESIAN_POINT('',(-245.,-250.,50.0000000000001));
#5743=CARTESIAN_POINT('',(-245.,-245.,50.0000000000001));
#5744=CARTESIAN_POINT('',(245.,-245.,50.0000000000001));
#5745=CARTESIAN_POINT('',(245.,-245.,50.0000000000001));
#5746=CARTESIAN_POINT('',(245.,-250.,50.0000000000001));
#5747=CARTESIAN_POINT('',(245.,-250.,50.0000000000001));
#5748=CARTESIAN_POINT('',(-245.,-245.,50.0000000000001));
#5749=CARTESIAN_POINT('',(-245.,-245.,80.0000000000001));
#5750=CARTESIAN_POINT('',(245.,-245.,80.0000000000001));
#5751=CARTESIAN_POINT('',(245.,-245.,80.0000000000001));
#5752=CARTESIAN_POINT('',(245.,-245.,50.0000000000001));
#5753=CARTESIAN_POINT('',(245.,-245.,50.0000000000001));
#5754=CARTESIAN_POINT('',(-245.,-245.,80.0000000000001));
#5755=CARTESIAN_POINT('',(245.,-245.,80.0000000000001));
#5756=CARTESIAN_POINT('',(245.,-245.,80.0000000000001));
#5757=CARTESIAN_POINT('',(245.,0.,0.));
#5758=CARTESIAN_POINT('',(-245.,0.,0.));
#5759=CARTESIAN_POINT('',(-245.,-250.,400.));
#5760=CARTESIAN_POINT('',(-245.,-250.,400.));
#5761=CARTESIAN_POINT('',(-245.,-250.,370.));
#5762=CARTESIAN_POINT('',(245.,-250.,370.));
#5763=CARTESIAN_POINT('',(245.,-250.,370.));
#5764=CARTESIAN_POINT('',(245.,-250.,400.));
#5765=CARTESIAN_POINT('',(245.,-250.,400.));
#5766=CARTESIAN_POINT('',(245.,-250.,400.));
#5767=CARTESIAN_POINT('',(245.,-250.,400.));
#5768=CARTESIAN_POINT('',(-245.,-250.,370.));
#5769=CARTESIAN_POINT('',(-245.,-245.,370.));
#5770=CARTESIAN_POINT('',(245.,-245.,370.));
#5771=CARTESIAN_POINT('',(245.,-245.,370.));
#5772=CARTESIAN_POINT('',(245.,-250.,370.));
#5773=CARTESIAN_POINT('',(245.,-250.,370.));
#5774=CARTESIAN_POINT('',(-245.,-245.,370.));
#5775=CARTESIAN_POINT('',(-245.,-245.,400.));
#5776=CARTESIAN_POINT('',(245.,-245.,400.));
#5777=CARTESIAN_POINT('',(245.,-245.,400.));
#5778=CARTESIAN_POINT('',(245.,-245.,370.));
#5779=CARTESIAN_POINT('',(245.,-245.,370.));
#5780=CARTESIAN_POINT('',(-245.,-245.,400.));
#5781=CARTESIAN_POINT('',(245.,-245.,400.));
#5782=CARTESIAN_POINT('',(245.,-245.,400.));
#5783=CARTESIAN_POINT('',(245.,0.,0.));
#5784=CARTESIAN_POINT('',(-245.,0.,0.));
#5785=CARTESIAN_POINT('',(-245.,245.,-320.));
#5786=CARTESIAN_POINT('',(-245.,245.,-320.));
#5787=CARTESIAN_POINT('',(-245.,245.,-350.));
#5788=CARTESIAN_POINT('',(245.,245.,-350.));
#5789=CARTESIAN_POINT('',(245.,245.,-350.));
#5790=CARTESIAN_POINT('',(245.,245.,-320.));
#5791=CARTESIAN_POINT('',(245.,245.,-320.));
#5792=CARTESIAN_POINT('',(245.,245.,-320.));
#5793=CARTESIAN_POINT('',(245.,245.,-320.));
#5794=CARTESIAN_POINT('',(-245.,245.,-350.));
#5795=CARTESIAN_POINT('',(-245.,250.,-350.));
#5796=CARTESIAN_POINT('',(245.,250.,-350.));
#5797=CARTESIAN_POINT('',(245.,250.,-350.));
#5798=CARTESIAN_POINT('',(245.,245.,-350.));
#5799=CARTESIAN_POINT('',(245.,245.,-350.));
#5800=CARTESIAN_POINT('',(-245.,250.,-350.));
#5801=CARTESIAN_POINT('',(-245.,250.,-320.));
#5802=CARTESIAN_POINT('',(245.,250.,-320.));
#5803=CARTESIAN_POINT('',(245.,250.,-320.));
#5804=CARTESIAN_POINT('',(245.,250.,-350.));
#5805=CARTESIAN_POINT('',(245.,250.,-350.));
#5806=CARTESIAN_POINT('',(-245.,250.,-320.));
#5807=CARTESIAN_POINT('',(245.,250.,-320.));
#5808=CARTESIAN_POINT('',(245.,250.,-320.));
#5809=CARTESIAN_POINT('',(245.,0.,0.));
#5810=CARTESIAN_POINT('',(-245.,0.,0.));
#5811=CARTESIAN_POINT('',(-245.,245.,80.0000000000001));
#5812=CARTESIAN_POINT('',(-245.,245.,80.0000000000001));
#5813=CARTESIAN_POINT('',(-245.,245.,50.0000000000003));
#5814=CARTESIAN_POINT('',(245.,245.,50.0000000000003));
#5815=CARTESIAN_POINT('',(245.,245.,50.0000000000003));
#5816=CARTESIAN_POINT('',(245.,245.,80.0000000000001));
#5817=CARTESIAN_POINT('',(245.,245.,80.0000000000001));
#5818=CARTESIAN_POINT('',(245.,245.,80.0000000000001));
#5819=CARTESIAN_POINT('',(245.,245.,80.0000000000001));
#5820=CARTESIAN_POINT('',(-245.,245.,50.0000000000003));
#5821=CARTESIAN_POINT('',(-245.,250.,50.0000000000003));
#5822=CARTESIAN_POINT('',(245.,250.,50.0000000000003));
#5823=CARTESIAN_POINT('',(245.,250.,50.0000000000003));
#5824=CARTESIAN_POINT('',(245.,245.,50.0000000000003));
#5825=CARTESIAN_POINT('',(245.,245.,50.0000000000003));
#5826=CARTESIAN_POINT('',(-245.,250.,50.0000000000003));
#5827=CARTESIAN_POINT('',(-245.,250.,80.0000000000001));
#5828=CARTESIAN_POINT('',(245.,250.,80.0000000000001));
#5829=CARTESIAN_POINT('',(245.,250.,80.0000000000001));
#5830=CARTESIAN_POINT('',(245.,250.,50.0000000000003));
#5831=CARTESIAN_POINT('',(245.,250.,50.0000000000003));
#5832=CARTESIAN_POINT('',(-245.,250.,80.0000000000001));
#5833=CARTESIAN_POINT('',(245.,250.,80.0000000000001));
#5834=CARTESIAN_POINT('',(245.,250.,80.0000000000001));
#5835=CARTESIAN_POINT('',(245.,0.,0.));
#5836=CARTESIAN_POINT('',(-245.,0.,0.));
#5837=CARTESIAN_POINT('',(-245.,245.,400.));
#5838=CARTESIAN_POINT('',(-245.,245.,400.));
#5839=CARTESIAN_POINT('',(-245.,245.,370.));
#5840=CARTESIAN_POINT('',(245.,245.,370.));
#5841=CARTESIAN_POINT('',(245.,245.,370.));
#5842=CARTESIAN_POINT('',(245.,245.,400.));
#5843=CARTESIAN_POINT('',(245.,245.,400.));
#5844=CARTESIAN_POINT('',(245.,245.,400.));
#5845=CARTESIAN_POINT('',(245.,245.,400.));
#5846=CARTESIAN_POINT('',(-245.,245.,370.));
#5847=CARTESIAN_POINT('',(-245.,250.,370.));
#5848=CARTESIAN_POINT('',(245.,250.,370.));
#5849=CARTESIAN_POINT('',(245.,250.,370.));
#5850=CARTESIAN_POINT('',(245.,245.,370.));
#5851=CARTESIAN_POINT('',(245.,245.,370.));
#5852=CARTESIAN_POINT('',(-245.,250.,370.));
#5853=CARTESIAN_POINT('',(-245.,250.,400.));
#5854=CARTESIAN_POINT('',(245.,250.,400.));
#5855=CARTESIAN_POINT('',(245.,250.,400.));
#5856=CARTESIAN_POINT('',(245.,250.,370.));
#5857=CARTESIAN_POINT('',(245.,250.,370.));
#5858=CARTESIAN_POINT('',(-245.,250.,400.));
#5859=CARTESIAN_POINT('',(245.,250.,400.));
#5860=CARTESIAN_POINT('',(245.,250.,400.));
#5861=CARTESIAN_POINT('',(245.,0.,0.));
#5862=CARTESIAN_POINT('',(-245.,0.,0.));
#5863=CARTESIAN_POINT('',(249.999999999999,-245.,-320.));
#5864=CARTESIAN_POINT('',(249.999999999999,-245.,-320.));
#5865=CARTESIAN_POINT('',(249.999999999999,-245.,-350.));
#5866=CARTESIAN_POINT('',(250.,245.,-350.));
#5867=CARTESIAN_POINT('',(250.,245.,-350.));
#5868=CARTESIAN_POINT('',(250.,245.,-320.));
#5869=CARTESIAN_POINT('',(250.,245.,-320.));
#5870=CARTESIAN_POINT('',(250.,245.,-320.));
#5871=CARTESIAN_POINT('',(250.,245.,-320.));
#5872=CARTESIAN_POINT('',(249.999999999999,-245.,-350.));
#5873=CARTESIAN_POINT('',(245.,-245.,-350.));
#5874=CARTESIAN_POINT('',(245.,245.,-350.));
#5875=CARTESIAN_POINT('',(245.,245.,-350.));
#5876=CARTESIAN_POINT('',(250.,245.,-350.));
#5877=CARTESIAN_POINT('',(250.,245.,-350.));
#5878=CARTESIAN_POINT('',(245.,-245.,-350.));
#5879=CARTESIAN_POINT('',(245.,-245.,-320.));
#5880=CARTESIAN_POINT('',(245.,245.,-320.));
#5881=CARTESIAN_POINT('',(245.,245.,-320.));
#5882=CARTESIAN_POINT('',(245.,245.,-350.));
#5883=CARTESIAN_POINT('',(245.,245.,-350.));
#5884=CARTESIAN_POINT('',(245.,-245.,-320.));
#5885=CARTESIAN_POINT('',(245.,245.,-320.));
#5886=CARTESIAN_POINT('',(245.,245.,-320.));
#5887=CARTESIAN_POINT('',(2.87006564322718E-13,245.,0.));
#5888=CARTESIAN_POINT('',(-2.87006564322718E-13,-245.,0.));
#5889=CARTESIAN_POINT('',(250.,0.,55.0000000000001));
#5890=CARTESIAN_POINT('',(250.,-1.5,55.0000000000001));
#5891=CARTESIAN_POINT('',(249.999999999999,-245.,80.0000000000001));
#5892=CARTESIAN_POINT('',(249.999999999999,-245.,80.0000000000001));
#5893=CARTESIAN_POINT('',(249.999999999999,-245.,50.0000000000001));
#5894=CARTESIAN_POINT('',(250.,245.,50.0000000000001));
#5895=CARTESIAN_POINT('',(250.,245.,50.0000000000001));
#5896=CARTESIAN_POINT('',(250.,245.,80.0000000000001));
#5897=CARTESIAN_POINT('',(250.,245.,80.0000000000001));
#5898=CARTESIAN_POINT('',(250.,245.,80.0000000000001));
#5899=CARTESIAN_POINT('',(250.,245.,80.0000000000001));
#5900=CARTESIAN_POINT('',(249.999999999999,-245.,50.0000000000001));
#5901=CARTESIAN_POINT('',(244.999999999999,-245.,50.0000000000001));
#5902=CARTESIAN_POINT('',(245.,245.,50.0000000000001));
#5903=CARTESIAN_POINT('',(245.,245.,50.0000000000001));
#5904=CARTESIAN_POINT('',(250.,245.,50.0000000000001));
#5905=CARTESIAN_POINT('',(250.,245.,50.0000000000001));
#5906=CARTESIAN_POINT('',(244.999999999999,-245.,50.0000000000001));
#5907=CARTESIAN_POINT('',(245.,-245.,80.0000000000001));
#5908=CARTESIAN_POINT('',(245.,245.,80.0000000000001));
#5909=CARTESIAN_POINT('',(245.,245.,80.0000000000001));
#5910=CARTESIAN_POINT('',(245.,245.,50.0000000000001));
#5911=CARTESIAN_POINT('',(245.,245.,50.0000000000001));
#5912=CARTESIAN_POINT('',(245.,-245.,80.0000000000001));
#5913=CARTESIAN_POINT('',(245.,245.,80.0000000000001));
#5914=CARTESIAN_POINT('',(245.,245.,80.0000000000001));
#5915=CARTESIAN_POINT('',(2.87006564322718E-13,245.,0.));
#5916=CARTESIAN_POINT('',(-2.87006564322718E-13,-245.,0.));
#5917=CARTESIAN_POINT('',(260.,0.,55.0000000000001));
#5918=CARTESIAN_POINT('',(260.,-1.5,55.0000000000001));
#5919=CARTESIAN_POINT('',(260.,245.,80.0000000000001));
#5920=CARTESIAN_POINT('',(2339.99999999999,0.,55.0000000000001));
#5921=CARTESIAN_POINT('',(250.,-245.,400.));
#5922=CARTESIAN_POINT('',(250.,-245.,400.));
#5923=CARTESIAN_POINT('',(250.,-245.,370.));
#5924=CARTESIAN_POINT('',(250.,245.,370.));
#5925=CARTESIAN_POINT('',(250.,245.,370.));
#5926=CARTESIAN_POINT('',(250.,245.,400.));
#5927=CARTESIAN_POINT('',(250.,245.,400.));
#5928=CARTESIAN_POINT('',(250.,245.,400.));
#5929=CARTESIAN_POINT('',(250.,245.,400.));
#5930=CARTESIAN_POINT('',(250.,-245.,370.));
#5931=CARTESIAN_POINT('',(245.,-245.,370.));
#5932=CARTESIAN_POINT('',(245.,245.,370.));
#5933=CARTESIAN_POINT('',(245.,245.,370.));
#5934=CARTESIAN_POINT('',(250.,245.,370.));
#5935=CARTESIAN_POINT('',(250.,245.,370.));
#5936=CARTESIAN_POINT('',(245.,-245.,370.));
#5937=CARTESIAN_POINT('',(245.,-245.,400.));
#5938=CARTESIAN_POINT('',(245.,245.,400.));
#5939=CARTESIAN_POINT('',(245.,245.,400.));
#5940=CARTESIAN_POINT('',(245.,245.,370.));
#5941=CARTESIAN_POINT('',(245.,245.,370.));
#5942=CARTESIAN_POINT('',(245.,-245.,400.));
#5943=CARTESIAN_POINT('',(245.,245.,400.));
#5944=CARTESIAN_POINT('',(245.,245.,400.));
#5945=CARTESIAN_POINT('',(2.87006564322718E-13,245.,0.));
#5946=CARTESIAN_POINT('',(-2.87006564322718E-13,-245.,0.));
#5947=CARTESIAN_POINT('',(-245.,-245.,-320.));
#5948=CARTESIAN_POINT('',(-245.,-245.,-320.));
#5949=CARTESIAN_POINT('',(-245.,-245.,-350.));
#5950=CARTESIAN_POINT('',(-245.,245.,-350.));
#5951=CARTESIAN_POINT('',(-245.,245.,-350.));
#5952=CARTESIAN_POINT('',(-245.,245.,-320.));
#5953=CARTESIAN_POINT('',(-245.,245.,-320.));
#5954=CARTESIAN_POINT('',(-245.,245.,-320.));
#5955=CARTESIAN_POINT('',(-245.,245.,-320.));
#5956=CARTESIAN_POINT('',(-245.,-245.,-350.));
#5957=CARTESIAN_POINT('',(-250.000000000001,-245.,-350.));
#5958=CARTESIAN_POINT('',(-250.,245.,-350.));
#5959=CARTESIAN_POINT('',(-250.,245.,-350.));
#5960=CARTESIAN_POINT('',(-245.,245.,-350.));
#5961=CARTESIAN_POINT('',(-245.,245.,-350.));
#5962=CARTESIAN_POINT('',(-250.000000000001,-245.,-350.));
#5963=CARTESIAN_POINT('',(-250.000000000001,-245.,-320.));
#5964=CARTESIAN_POINT('',(-250.,245.,-320.));
#5965=CARTESIAN_POINT('',(-250.,245.,-320.));
#5966=CARTESIAN_POINT('',(-250.,245.,-350.));
#5967=CARTESIAN_POINT('',(-250.,245.,-350.));
#5968=CARTESIAN_POINT('',(-250.000000000001,-245.,-320.));
#5969=CARTESIAN_POINT('',(-250.,245.,-320.));
#5970=CARTESIAN_POINT('',(-250.,245.,-320.));
#5971=CARTESIAN_POINT('',(2.87006564322718E-13,245.,0.));
#5972=CARTESIAN_POINT('',(-2.87006564322718E-13,-245.,0.));
#5973=CARTESIAN_POINT('',(-245.,-245.,80.0000000000001));
#5974=CARTESIAN_POINT('',(-245.,-245.,80.0000000000001));
#5975=CARTESIAN_POINT('',(-245.,-245.,50.0000000000003));
#5976=CARTESIAN_POINT('',(-245.,245.,50.0000000000003));
#5977=CARTESIAN_POINT('',(-245.,245.,50.0000000000003));
#5978=CARTESIAN_POINT('',(-245.,245.,80.0000000000001));
#5979=CARTESIAN_POINT('',(-245.,245.,80.0000000000001));
#5980=CARTESIAN_POINT('',(-245.,245.,80.0000000000001));
#5981=CARTESIAN_POINT('',(-245.,245.,80.0000000000001));
#5982=CARTESIAN_POINT('',(-245.,-245.,50.0000000000003));
#5983=CARTESIAN_POINT('',(-250.,-245.,50.0000000000003));
#5984=CARTESIAN_POINT('',(-250.,245.,50.0000000000003));
#5985=CARTESIAN_POINT('',(-250.,245.,50.0000000000003));
#5986=CARTESIAN_POINT('',(-245.,245.,50.0000000000003));
#5987=CARTESIAN_POINT('',(-245.,245.,50.0000000000003));
#5988=CARTESIAN_POINT('',(-250.,-245.,50.0000000000003));
#5989=CARTESIAN_POINT('',(-250.,-245.,80.0000000000001));
#5990=CARTESIAN_POINT('',(-250.,245.,80.0000000000001));
#5991=CARTESIAN_POINT('',(-250.,245.,80.0000000000001));
#5992=CARTESIAN_POINT('',(-250.,245.,50.0000000000003));
#5993=CARTESIAN_POINT('',(-250.,245.,50.0000000000003));
#5994=CARTESIAN_POINT('',(-250.,-245.,80.0000000000001));
#5995=CARTESIAN_POINT('',(-250.,245.,80.0000000000001));
#5996=CARTESIAN_POINT('',(-250.,245.,80.0000000000001));
#5997=CARTESIAN_POINT('',(2.87006564322718E-13,245.,0.));
#5998=CARTESIAN_POINT('',(-2.87006564322718E-13,-245.,0.));
#5999=CARTESIAN_POINT('',(-245.,-245.,400.));
#6000=CARTESIAN_POINT('',(-245.,-245.,400.));
#6001=CARTESIAN_POINT('',(-245.,-245.,370.));
#6002=CARTESIAN_POINT('',(-245.,245.,370.));
#6003=CARTESIAN_POINT('',(-245.,245.,370.));
#6004=CARTESIAN_POINT('',(-245.,245.,400.));
#6005=CARTESIAN_POINT('',(-245.,245.,400.));
#6006=CARTESIAN_POINT('',(-245.,245.,400.));
#6007=CARTESIAN_POINT('',(-245.,245.,400.));
#6008=CARTESIAN_POINT('',(-245.,-245.,370.));
#6009=CARTESIAN_POINT('',(-250.,-245.,370.));
#6010=CARTESIAN_POINT('',(-250.,245.,370.));
#6011=CARTESIAN_POINT('',(-250.,245.,370.));
#6012=CARTESIAN_POINT('',(-245.,245.,370.));
#6013=CARTESIAN_POINT('',(-245.,245.,370.));
#6014=CARTESIAN_POINT('',(-250.,-245.,370.));
#6015=CARTESIAN_POINT('',(-250.,-245.,400.));
#6016=CARTESIAN_POINT('',(-250.,245.,400.));
#6017=CARTESIAN_POINT('',(-250.,245.,400.));
#6018=CARTESIAN_POINT('',(-250.,245.,370.));
#6019=CARTESIAN_POINT('',(-250.,245.,370.));
#6020=CARTESIAN_POINT('',(-250.,-245.,400.));
#6021=CARTESIAN_POINT('',(-250.,245.,400.));
#6022=CARTESIAN_POINT('',(-250.,245.,400.));
#6023=CARTESIAN_POINT('',(2.87006564322718E-13,245.,0.));
#6024=CARTESIAN_POINT('',(-2.87006564322718E-13,-245.,0.));
#6025=MECHANICAL_DESIGN_GEOMETRIC_PRESENTATION_REPRESENTATION('',(#24,#25,
#26,#27,#28,#29,#30,#31,#32,#33,#34,#35,#36,#37,#38,#39,#40,#41,#42,#43),
#6026);
#6026=(
GEOMETRIC_REPRESENTATION_CONTEXT(3)
GLOBAL_UNCERTAINTY_ASSIGNED_CONTEXT((#6027))
GLOBAL_UNIT_ASSIGNED_CONTEXT((#6033,#6029,#6028))
REPRESENTATION_CONTEXT('S_SF_M_02_frame','TOP_LEVEL_ASSEMBLY_PART')
);
#6027=UNCERTAINTY_MEASURE_WITH_UNIT(LENGTH_MEASURE(2.E-5),#6033,
'DISTANCE_ACCURACY_VALUE','Maximum Tolerance applied to model');
#6028=(
NAMED_UNIT(*)
SI_UNIT($,.STERADIAN.)
SOLID_ANGLE_UNIT()
);
#6029=(
CONVERSION_BASED_UNIT('DEGREE',#6031)
NAMED_UNIT(#6030)
PLANE_ANGLE_UNIT()
);
#6030=DIMENSIONAL_EXPONENTS(0.,0.,0.,0.,0.,0.,0.);
#6031=PLANE_ANGLE_MEASURE_WITH_UNIT(PLANE_ANGLE_MEASURE(0.0174532925),#6032);
#6032=(
NAMED_UNIT(*)
PLANE_ANGLE_UNIT()
SI_UNIT($,.RADIAN.)
);
#6033=(
LENGTH_UNIT()
NAMED_UNIT(*)
SI_UNIT(.MILLI.,.METRE.)
);
ENDSEC;
END-ISO-10303-21;
