ISO-10303-21;
HEADER;
/* Generated by software containing ST-Developer
 * from STEP Tools, Inc. (www.steptools.com) 
 */
/* OPTION: using custom schema-name function */

FILE_DESCRIPTION(
/* description */ (''),
/* implementation_level */ '2;1');

FILE_NAME(
/* name */ 'S_SF_A_01_sink_float.stp',
/* time_stamp */ '2025-12-15T16:57:15+01:00',
/* author */ (''),
/* organization */ (''),
/* preprocessor_version */ 'ST-DEVELOPER v18.1',
/* originating_system */ 'SIEMENS PLM Software NX 1988',
/* authorisation */ '');

FILE_SCHEMA (('AUTOMOTIVE_DESIGN { 1 0 10303 214 3 1 1 1 }'));
ENDSEC;

DATA;
#10=INVISIBILITY((#41,#42,#43,#44,#45,#46,#47,#48,#49,#50,#51,#52,#53,#54,
#55));
#11=MAPPED_ITEM('',#26,#9597);
#12=MAPPED_ITEM('',#27,#9597);
#13=MAPPED_ITEM('',#28,#9597);
#14=MAPPED_ITEM('',#29,#9597);
#15=MAPPED_ITEM('',#30,#9597);
#16=MAPPED_ITEM('',#31,#9597);
#17=MAPPED_ITEM('',#32,#9597);
#18=MAPPED_ITEM('',#33,#9597);
#19=MAPPED_ITEM('',#34,#9597);
#20=MAPPED_ITEM('',#35,#9597);
#21=MAPPED_ITEM('',#36,#9597);
#22=MAPPED_ITEM('',#37,#9597);
#23=MAPPED_ITEM('',#38,#9597);
#24=MAPPED_ITEM('',#39,#9597);
#25=MAPPED_ITEM('',#40,#9597);
#26=REPRESENTATION_MAP(#9597,#253);
#27=REPRESENTATION_MAP(#9597,#253);
#28=REPRESENTATION_MAP(#9597,#253);
#29=REPRESENTATION_MAP(#9597,#253);
#30=REPRESENTATION_MAP(#9597,#253);
#31=REPRESENTATION_MAP(#9597,#253);
#32=REPRESENTATION_MAP(#9597,#253);
#33=REPRESENTATION_MAP(#9597,#253);
#34=REPRESENTATION_MAP(#9597,#253);
#35=REPRESENTATION_MAP(#9597,#253);
#36=REPRESENTATION_MAP(#9597,#253);
#37=REPRESENTATION_MAP(#9597,#253);
#38=REPRESENTATION_MAP(#9597,#253);
#39=REPRESENTATION_MAP(#9597,#253);
#40=REPRESENTATION_MAP(#9597,#253);
#41=CONTEXT_DEPENDENT_OVER_RIDING_STYLED_ITEM('',(#1188),#252,#1121,(#86));
#42=CONTEXT_DEPENDENT_OVER_RIDING_STYLED_ITEM('',(#1190),#251,#1122,(#87));
#43=CONTEXT_DEPENDENT_OVER_RIDING_STYLED_ITEM('',(#1192),#250,#1123,(#88));
#44=CONTEXT_DEPENDENT_OVER_RIDING_STYLED_ITEM('',(#1194),#249,#1124,(#89));
#45=CONTEXT_DEPENDENT_OVER_RIDING_STYLED_ITEM('',(#1196),#251,#1125,(#90));
#46=CONTEXT_DEPENDENT_OVER_RIDING_STYLED_ITEM('',(#1198),#252,#1126,(#91));
#47=CONTEXT_DEPENDENT_OVER_RIDING_STYLED_ITEM('',(#1200),#250,#1127,(#92));
#48=CONTEXT_DEPENDENT_OVER_RIDING_STYLED_ITEM('',(#1202),#249,#1128,(#93));
#49=CONTEXT_DEPENDENT_OVER_RIDING_STYLED_ITEM('',(#1204),#248,#1129,(#94));
#50=CONTEXT_DEPENDENT_OVER_RIDING_STYLED_ITEM('',(#1206),#248,#1130,(#95));
#51=CONTEXT_DEPENDENT_OVER_RIDING_STYLED_ITEM('',(#1208),#247,#1131,(#96));
#52=CONTEXT_DEPENDENT_OVER_RIDING_STYLED_ITEM('',(#1210),#246,#1132,(#97));
#53=CONTEXT_DEPENDENT_OVER_RIDING_STYLED_ITEM('',(#1212),#245,#1133,(#98));
#54=CONTEXT_DEPENDENT_OVER_RIDING_STYLED_ITEM('',(#1214),#244,#1134,(#99));
#55=CONTEXT_DEPENDENT_OVER_RIDING_STYLED_ITEM('',(#1216),#243,#1135,(#100));
#56=CONTEXT_DEPENDENT_SHAPE_REPRESENTATION(#86,#160);
#57=CONTEXT_DEPENDENT_SHAPE_REPRESENTATION(#87,#161);
#58=CONTEXT_DEPENDENT_SHAPE_REPRESENTATION(#88,#162);
#59=CONTEXT_DEPENDENT_SHAPE_REPRESENTATION(#89,#163);
#60=CONTEXT_DEPENDENT_SHAPE_REPRESENTATION(#90,#164);
#61=CONTEXT_DEPENDENT_SHAPE_REPRESENTATION(#91,#165);
#62=CONTEXT_DEPENDENT_SHAPE_REPRESENTATION(#92,#166);
#63=CONTEXT_DEPENDENT_SHAPE_REPRESENTATION(#93,#167);
#64=CONTEXT_DEPENDENT_SHAPE_REPRESENTATION(#94,#168);
#65=CONTEXT_DEPENDENT_SHAPE_REPRESENTATION(#95,#169);
#66=CONTEXT_DEPENDENT_SHAPE_REPRESENTATION(#96,#170);
#67=CONTEXT_DEPENDENT_SHAPE_REPRESENTATION(#97,#171);
#68=CONTEXT_DEPENDENT_SHAPE_REPRESENTATION(#98,#172);
#69=CONTEXT_DEPENDENT_SHAPE_REPRESENTATION(#99,#173);
#70=CONTEXT_DEPENDENT_SHAPE_REPRESENTATION(#100,#174);
#71=NEXT_ASSEMBLY_USAGE_OCCURRENCE('1001',' ','S_SF_M_01_BASIN',#185,#184,
$);
#72=NEXT_ASSEMBLY_USAGE_OCCURRENCE('1002',' ','S_SF_M_02_FRAME',#185,#183,
$);
#73=NEXT_ASSEMBLY_USAGE_OCCURRENCE('1003',' ','S_SF_M_03_TRAY',#185,#182,
$);
#74=NEXT_ASSEMBLY_USAGE_OCCURRENCE('1004',' ','S_SF_M_04_SCOOP',#185,#181,
$);
#75=NEXT_ASSEMBLY_USAGE_OCCURRENCE('1005',' ','S_SF_M_02_FRAME',#185,#183,
$);
#76=NEXT_ASSEMBLY_USAGE_OCCURRENCE('1006',' ','S_SF_M_01_BASIN',#185,#184,
$);
#77=NEXT_ASSEMBLY_USAGE_OCCURRENCE('1007',' ','S_SF_M_03_TRAY',#185,#182,
$);
#78=NEXT_ASSEMBLY_USAGE_OCCURRENCE('1008',' ','S_SF_M_04_SCOOP',#185,#181,
$);
#79=NEXT_ASSEMBLY_USAGE_OCCURRENCE('1009',' ','S_SF_M_05_LID',#185,#180,
$);
#80=NEXT_ASSEMBLY_USAGE_OCCURRENCE('1010',' ','S_SF_M_05_LID',#185,#180,
$);
#81=NEXT_ASSEMBLY_USAGE_OCCURRENCE('1011',' ','S_SF_M_06_STIRRER',#185,
#179,$);
#82=NEXT_ASSEMBLY_USAGE_OCCURRENCE('1012',' ',
'S_SF_M_07_STIRRER_HOLDER',#185,#178,$);
#83=NEXT_ASSEMBLY_USAGE_OCCURRENCE('1013',' ','S_SF_M_08_STIRRER_MOUNT',
#185,#177,$);
#84=NEXT_ASSEMBLY_USAGE_OCCURRENCE('1014',' ',
'S_SF_M_09_STIRRER_HOLDER_CLAMP',#185,#176,$);
#85=NEXT_ASSEMBLY_USAGE_OCCURRENCE('1015',' ','S_AC_M_06_CRANK',#185,#175,
$);
#86=(
REPRESENTATION_RELATIONSHIP(' ',' ',#252,#253)
REPRESENTATION_RELATIONSHIP_WITH_TRANSFORMATION(#101)
SHAPE_REPRESENTATION_RELATIONSHIP()
);
#87=(
REPRESENTATION_RELATIONSHIP(' ',' ',#251,#253)
REPRESENTATION_RELATIONSHIP_WITH_TRANSFORMATION(#102)
SHAPE_REPRESENTATION_RELATIONSHIP()
);
#88=(
REPRESENTATION_RELATIONSHIP(' ',' ',#250,#253)
REPRESENTATION_RELATIONSHIP_WITH_TRANSFORMATION(#103)
SHAPE_REPRESENTATION_RELATIONSHIP()
);
#89=(
REPRESENTATION_RELATIONSHIP(' ',' ',#249,#253)
REPRESENTATION_RELATIONSHIP_WITH_TRANSFORMATION(#104)
SHAPE_REPRESENTATION_RELATIONSHIP()
);
#90=(
REPRESENTATION_RELATIONSHIP(' ',' ',#251,#253)
REPRESENTATION_RELATIONSHIP_WITH_TRANSFORMATION(#105)
SHAPE_REPRESENTATION_RELATIONSHIP()
);
#91=(
REPRESENTATION_RELATIONSHIP(' ',' ',#252,#253)
REPRESENTATION_RELATIONSHIP_WITH_TRANSFORMATION(#106)
SHAPE_REPRESENTATION_RELATIONSHIP()
);
#92=(
REPRESENTATION_RELATIONSHIP(' ',' ',#250,#253)
REPRESENTATION_RELATIONSHIP_WITH_TRANSFORMATION(#107)
SHAPE_REPRESENTATION_RELATIONSHIP()
);
#93=(
REPRESENTATION_RELATIONSHIP(' ',' ',#249,#253)
REPRESENTATION_RELATIONSHIP_WITH_TRANSFORMATION(#108)
SHAPE_REPRESENTATION_RELATIONSHIP()
);
#94=(
REPRESENTATION_RELATIONSHIP(' ',' ',#248,#253)
REPRESENTATION_RELATIONSHIP_WITH_TRANSFORMATION(#109)
SHAPE_REPRESENTATION_RELATIONSHIP()
);
#95=(
REPRESENTATION_RELATIONSHIP(' ',' ',#248,#253)
REPRESENTATION_RELATIONSHIP_WITH_TRANSFORMATION(#110)
SHAPE_REPRESENTATION_RELATIONSHIP()
);
#96=(
REPRESENTATION_RELATIONSHIP(' ',' ',#247,#253)
REPRESENTATION_RELATIONSHIP_WITH_TRANSFORMATION(#111)
SHAPE_REPRESENTATION_RELATIONSHIP()
);
#97=(
REPRESENTATION_RELATIONSHIP(' ',' ',#246,#253)
REPRESENTATION_RELATIONSHIP_WITH_TRANSFORMATION(#112)
SHAPE_REPRESENTATION_RELATIONSHIP()
);
#98=(
REPRESENTATION_RELATIONSHIP(' ',' ',#245,#253)
REPRESENTATION_RELATIONSHIP_WITH_TRANSFORMATION(#113)
SHAPE_REPRESENTATION_RELATIONSHIP()
);
#99=(
REPRESENTATION_RELATIONSHIP(' ',' ',#244,#253)
REPRESENTATION_RELATIONSHIP_WITH_TRANSFORMATION(#114)
SHAPE_REPRESENTATION_RELATIONSHIP()
);
#100=(
REPRESENTATION_RELATIONSHIP(' ',' ',#243,#253)
REPRESENTATION_RELATIONSHIP_WITH_TRANSFORMATION(#115)
SHAPE_REPRESENTATION_RELATIONSHIP()
);
#101=ITEM_DEFINED_TRANSFORMATION(' ',' ',#9597,#10375);
#102=ITEM_DEFINED_TRANSFORMATION(' ',' ',#9597,#10376);
#103=ITEM_DEFINED_TRANSFORMATION(' ',' ',#9597,#10377);
#104=ITEM_DEFINED_TRANSFORMATION(' ',' ',#9597,#10378);
#105=ITEM_DEFINED_TRANSFORMATION(' ',' ',#9597,#10379);
#106=ITEM_DEFINED_TRANSFORMATION(' ',' ',#9597,#10380);
#107=ITEM_DEFINED_TRANSFORMATION(' ',' ',#9597,#10381);
#108=ITEM_DEFINED_TRANSFORMATION(' ',' ',#9597,#10382);
#109=ITEM_DEFINED_TRANSFORMATION(' ',' ',#9597,#10383);
#110=ITEM_DEFINED_TRANSFORMATION(' ',' ',#9597,#10384);
#111=ITEM_DEFINED_TRANSFORMATION(' ',' ',#9597,#10385);
#112=ITEM_DEFINED_TRANSFORMATION(' ',' ',#9597,#10386);
#113=ITEM_DEFINED_TRANSFORMATION(' ',' ',#9597,#10387);
#114=ITEM_DEFINED_TRANSFORMATION(' ',' ',#9597,#10388);
#115=ITEM_DEFINED_TRANSFORMATION(' ',' ',#9597,#10389);
#116=SHAPE_REPRESENTATION_RELATIONSHIP('MODEL',
'relationship between S_AC_M_06_crank-MODEL and S_AC_M_06_crank-MODEL',
#243,#127);
#117=SHAPE_REPRESENTATION_RELATIONSHIP('MODEL',
'relationship between S_SF_M_09_stirrer_holder_clamp-MODEL and S_SF_M_
09_stirrer_holder_clamp-MODEL',#244,#128);
#118=SHAPE_REPRESENTATION_RELATIONSHIP('MODEL',
'relationship between S_SF_M_08_stirrer_mount-MODEL and S_SF_M_08_stir
rer_mount-MODEL',#245,#129);
#119=SHAPE_REPRESENTATION_RELATIONSHIP('MODEL',
'relationship between S_SF_M_07_stirrer_holder-MODEL and S_SF_M_07_sti
rrer_holder-MODEL',#246,#130);
#120=SHAPE_REPRESENTATION_RELATIONSHIP('MODEL',
'relationship between S_SF_M_06_stirrer-MODEL and S_SF_M_06_stirrer-MO
DEL',#247,#131);
#121=SHAPE_REPRESENTATION_RELATIONSHIP('MODEL',
'relationship between S_SF_M_05_lid-MODEL and S_SF_M_05_lid-MODEL',#248,
#132);
#122=SHAPE_REPRESENTATION_RELATIONSHIP('MODEL',
'relationship between S_SF_M_04_scoop-MODEL and S_SF_M_04_scoop-MODEL',
#249,#133);
#123=SHAPE_REPRESENTATION_RELATIONSHIP('MODEL',
'relationship between S_SF_M_03_tray-MODEL and S_SF_M_03_tray-MODEL',#250,
#134);
#124=SHAPE_REPRESENTATION_RELATIONSHIP('MODEL',
'relationship between S_SF_M_02_frame-MODEL and S_SF_M_02_frame-MODEL',
#251,#135);
#125=SHAPE_REPRESENTATION_RELATIONSHIP('MODEL',
'relationship between S_SF_M_01_basin-MODEL and S_SF_M_01_basin-MODEL',
#252,#136);
#126=SHAPE_REPRESENTATION_RELATIONSHIP('None',
'relationship between S_SF_A_01_sink_float-None and S_SF_A_01_sink_flo
at-None',#253,#137);
#127=ADVANCED_BREP_SHAPE_REPRESENTATION('S_AC_M_06_crank-MODEL',(#1537),
#16173);
#128=ADVANCED_BREP_SHAPE_REPRESENTATION(
'S_SF_M_09_stirrer_holder_clamp-MODEL',(#1536),#16172);
#129=ADVANCED_BREP_SHAPE_REPRESENTATION('S_SF_M_08_stirrer_mount-MODEL',
(#1534,#1535),#16171);
#130=ADVANCED_BREP_SHAPE_REPRESENTATION(
'S_SF_M_07_stirrer_holder-MODEL',(#1533),#16170);
#131=ADVANCED_BREP_SHAPE_REPRESENTATION('S_SF_M_06_stirrer-MODEL',(#1532),
#16169);
#132=ADVANCED_BREP_SHAPE_REPRESENTATION('S_SF_M_05_lid-MODEL',(#1528,#1529,
#1530,#1531),#16168);
#133=ADVANCED_BREP_SHAPE_REPRESENTATION('S_SF_M_04_scoop-MODEL',(#1525,
#1526,#1527),#16167);
#134=ADVANCED_BREP_SHAPE_REPRESENTATION('S_SF_M_03_tray-MODEL',(#1516,#1517,
#1518,#1519,#1520,#1521,#1522,#1523,#1524),#16166);
#135=ADVANCED_BREP_SHAPE_REPRESENTATION('S_SF_M_02_frame-MODEL',(#1496,
#1497,#1498,#1499,#1500,#1501,#1502,#1503,#1504,#1505,#1506,#1507,#1508,
#1509,#1510,#1511,#1512,#1513,#1514,#1515),#16165);
#136=ADVANCED_BREP_SHAPE_REPRESENTATION('S_SF_M_01_basin-MODEL',(#1491,
#1492,#1493,#1494,#1495),#16164);
#137=ADVANCED_BREP_SHAPE_REPRESENTATION('S_SF_A_01_sink_float-None',(#1486,
#1487,#1488,#1489,#1490),#16163);
#138=SHAPE_DEFINITION_REPRESENTATION(#149,#243);
#139=SHAPE_DEFINITION_REPRESENTATION(#150,#244);
#140=SHAPE_DEFINITION_REPRESENTATION(#151,#245);
#141=SHAPE_DEFINITION_REPRESENTATION(#152,#246);
#142=SHAPE_DEFINITION_REPRESENTATION(#153,#247);
#143=SHAPE_DEFINITION_REPRESENTATION(#154,#248);
#144=SHAPE_DEFINITION_REPRESENTATION(#155,#249);
#145=SHAPE_DEFINITION_REPRESENTATION(#156,#250);
#146=SHAPE_DEFINITION_REPRESENTATION(#157,#251);
#147=SHAPE_DEFINITION_REPRESENTATION(#158,#252);
#148=SHAPE_DEFINITION_REPRESENTATION(#159,#253);
#149=PRODUCT_DEFINITION_SHAPE('','',#175);
#150=PRODUCT_DEFINITION_SHAPE('','',#176);
#151=PRODUCT_DEFINITION_SHAPE('','',#177);
#152=PRODUCT_DEFINITION_SHAPE('','',#178);
#153=PRODUCT_DEFINITION_SHAPE('','',#179);
#154=PRODUCT_DEFINITION_SHAPE('','',#180);
#155=PRODUCT_DEFINITION_SHAPE('','',#181);
#156=PRODUCT_DEFINITION_SHAPE('','',#182);
#157=PRODUCT_DEFINITION_SHAPE('','',#183);
#158=PRODUCT_DEFINITION_SHAPE('','',#184);
#159=PRODUCT_DEFINITION_SHAPE('','',#185);
#160=PRODUCT_DEFINITION_SHAPE(' ','NAUO PRDDFN',#71);
#161=PRODUCT_DEFINITION_SHAPE(' ','NAUO PRDDFN',#72);
#162=PRODUCT_DEFINITION_SHAPE(' ','NAUO PRDDFN',#73);
#163=PRODUCT_DEFINITION_SHAPE(' ','NAUO PRDDFN',#74);
#164=PRODUCT_DEFINITION_SHAPE(' ','NAUO PRDDFN',#75);
#165=PRODUCT_DEFINITION_SHAPE(' ','NAUO PRDDFN',#76);
#166=PRODUCT_DEFINITION_SHAPE(' ','NAUO PRDDFN',#77);
#167=PRODUCT_DEFINITION_SHAPE(' ','NAUO PRDDFN',#78);
#168=PRODUCT_DEFINITION_SHAPE(' ','NAUO PRDDFN',#79);
#169=PRODUCT_DEFINITION_SHAPE(' ','NAUO PRDDFN',#80);
#170=PRODUCT_DEFINITION_SHAPE(' ','NAUO PRDDFN',#81);
#171=PRODUCT_DEFINITION_SHAPE(' ','NAUO PRDDFN',#82);
#172=PRODUCT_DEFINITION_SHAPE(' ','NAUO PRDDFN',#83);
#173=PRODUCT_DEFINITION_SHAPE(' ','NAUO PRDDFN',#84);
#174=PRODUCT_DEFINITION_SHAPE(' ','NAUO PRDDFN',#85);
#175=PRODUCT_DEFINITION(' ','',#197,#186);
#176=PRODUCT_DEFINITION(' ','',#198,#187);
#177=PRODUCT_DEFINITION(' ','',#199,#188);
#178=PRODUCT_DEFINITION(' ','',#200,#189);
#179=PRODUCT_DEFINITION(' ','',#201,#190);
#180=PRODUCT_DEFINITION(' ','',#202,#191);
#181=PRODUCT_DEFINITION(' ','',#203,#192);
#182=PRODUCT_DEFINITION(' ','',#204,#193);
#183=PRODUCT_DEFINITION(' ','',#205,#194);
#184=PRODUCT_DEFINITION(' ','',#206,#195);
#185=PRODUCT_DEFINITION(' ','',#207,#196);
#186=PRODUCT_DEFINITION_CONTEXT('part definition',#242,'design');
#187=PRODUCT_DEFINITION_CONTEXT('part definition',#242,'design');
#188=PRODUCT_DEFINITION_CONTEXT('part definition',#242,'design');
#189=PRODUCT_DEFINITION_CONTEXT('part definition',#242,'design');
#190=PRODUCT_DEFINITION_CONTEXT('part definition',#242,'design');
#191=PRODUCT_DEFINITION_CONTEXT('part definition',#242,'design');
#192=PRODUCT_DEFINITION_CONTEXT('part definition',#242,'design');
#193=PRODUCT_DEFINITION_CONTEXT('part definition',#242,'design');
#194=PRODUCT_DEFINITION_CONTEXT('part definition',#242,'design');
#195=PRODUCT_DEFINITION_CONTEXT('part definition',#242,'design');
#196=PRODUCT_DEFINITION_CONTEXT('part definition',#242,'design');
#197=PRODUCT_DEFINITION_FORMATION_WITH_SPECIFIED_SOURCE(' ',' ',#219,
 .NOT_KNOWN.);
#198=PRODUCT_DEFINITION_FORMATION_WITH_SPECIFIED_SOURCE(' ',' ',#220,
 .NOT_KNOWN.);
#199=PRODUCT_DEFINITION_FORMATION_WITH_SPECIFIED_SOURCE(' ',' ',#221,
 .NOT_KNOWN.);
#200=PRODUCT_DEFINITION_FORMATION_WITH_SPECIFIED_SOURCE(' ',' ',#222,
 .NOT_KNOWN.);
#201=PRODUCT_DEFINITION_FORMATION_WITH_SPECIFIED_SOURCE(' ',' ',#223,
 .NOT_KNOWN.);
#202=PRODUCT_DEFINITION_FORMATION_WITH_SPECIFIED_SOURCE(' ',' ',#224,
 .NOT_KNOWN.);
#203=PRODUCT_DEFINITION_FORMATION_WITH_SPECIFIED_SOURCE(' ',' ',#225,
 .NOT_KNOWN.);
#204=PRODUCT_DEFINITION_FORMATION_WITH_SPECIFIED_SOURCE(' ',' ',#226,
 .NOT_KNOWN.);
#205=PRODUCT_DEFINITION_FORMATION_WITH_SPECIFIED_SOURCE(' ',' ',#227,
 .NOT_KNOWN.);
#206=PRODUCT_DEFINITION_FORMATION_WITH_SPECIFIED_SOURCE(' ',' ',#228,
 .NOT_KNOWN.);
#207=PRODUCT_DEFINITION_FORMATION_WITH_SPECIFIED_SOURCE(' ',' ',#229,
 .NOT_KNOWN.);
#208=PRODUCT_RELATED_PRODUCT_CATEGORY('part','',(#219));
#209=PRODUCT_RELATED_PRODUCT_CATEGORY('part','',(#220));
#210=PRODUCT_RELATED_PRODUCT_CATEGORY('part','',(#221));
#211=PRODUCT_RELATED_PRODUCT_CATEGORY('part','',(#222));
#212=PRODUCT_RELATED_PRODUCT_CATEGORY('part','',(#223));
#213=PRODUCT_RELATED_PRODUCT_CATEGORY('part','',(#224));
#214=PRODUCT_RELATED_PRODUCT_CATEGORY('part','',(#225));
#215=PRODUCT_RELATED_PRODUCT_CATEGORY('part','',(#226));
#216=PRODUCT_RELATED_PRODUCT_CATEGORY('part','',(#227));
#217=PRODUCT_RELATED_PRODUCT_CATEGORY('part','',(#228));
#218=PRODUCT_RELATED_PRODUCT_CATEGORY('part','',(#229));
#219=PRODUCT('S_AC_M_06_crank','S_AC_M_06_crank',' ',(#230));
#220=PRODUCT('S_SF_M_09_stirrer_holder_clamp',
'S_SF_M_09_stirrer_holder_clamp',' ',(#231));
#221=PRODUCT('S_SF_M_08_stirrer_mount','S_SF_M_08_stirrer_mount',' ',(#232));
#222=PRODUCT('S_SF_M_07_stirrer_holder','S_SF_M_07_stirrer_holder',' ',
(#233));
#223=PRODUCT('S_SF_M_06_stirrer','S_SF_M_06_stirrer',' ',(#234));
#224=PRODUCT('S_SF_M_05_lid','S_SF_M_05_lid',' ',(#235));
#225=PRODUCT('S_SF_M_04_scoop','S_SF_M_04_scoop',' ',(#236));
#226=PRODUCT('S_SF_M_03_tray','S_SF_M_03_tray',' ',(#237));
#227=PRODUCT('S_SF_M_02_frame','S_SF_M_02_frame',' ',(#238));
#228=PRODUCT('S_SF_M_01_basin','S_SF_M_01_basin',' ',(#239));
#229=PRODUCT('S_SF_A_01_sink_float','S_SF_A_01_sink_float',' ',(#240));
#230=PRODUCT_CONTEXT(' ',#242,'mechanical');
#231=PRODUCT_CONTEXT(' ',#242,'mechanical');
#232=PRODUCT_CONTEXT(' ',#242,'mechanical');
#233=PRODUCT_CONTEXT(' ',#242,'mechanical');
#234=PRODUCT_CONTEXT(' ',#242,'mechanical');
#235=PRODUCT_CONTEXT(' ',#242,'mechanical');
#236=PRODUCT_CONTEXT(' ',#242,'mechanical');
#237=PRODUCT_CONTEXT(' ',#242,'mechanical');
#238=PRODUCT_CONTEXT(' ',#242,'mechanical');
#239=PRODUCT_CONTEXT(' ',#242,'mechanical');
#240=PRODUCT_CONTEXT(' ',#242,'mechanical');
#241=APPLICATION_PROTOCOL_DEFINITION('international standard',
'automotive_design',2010,#242);
#242=APPLICATION_CONTEXT(
'core data for automotive mechanical design processes');
#243=SHAPE_REPRESENTATION('S_AC_M_06_crank-MODEL',(#9597),#16173);
#244=SHAPE_REPRESENTATION('S_SF_M_09_stirrer_holder_clamp-MODEL',(#9597),
#16172);
#245=SHAPE_REPRESENTATION('S_SF_M_08_stirrer_mount-MODEL',(#9597),#16171);
#246=SHAPE_REPRESENTATION('S_SF_M_07_stirrer_holder-MODEL',(#9597),#16170);
#247=SHAPE_REPRESENTATION('S_SF_M_06_stirrer-MODEL',(#9597),#16169);
#248=SHAPE_REPRESENTATION('S_SF_M_05_lid-MODEL',(#9597),#16168);
#249=SHAPE_REPRESENTATION('S_SF_M_04_scoop-MODEL',(#9597),#16167);
#250=SHAPE_REPRESENTATION('S_SF_M_03_tray-MODEL',(#9597),#16166);
#251=SHAPE_REPRESENTATION('S_SF_M_02_frame-MODEL',(#9597),#16165);
#252=SHAPE_REPRESENTATION('S_SF_M_01_basin-MODEL',(#9597),#16164);
#253=SHAPE_REPRESENTATION('S_SF_A_01_sink_float-None',(#9597,#10375,#10376,
#10377,#10378,#10379,#10380,#10381,#10382,#10383,#10384,#10385,#10386,#10387,
#10388,#10389),#16163);
#254=B_SPLINE_CURVE_WITH_KNOTS('',3,(#14823,#14824,#14825,#14826,#14827,
#14828,#14829,#14830,#14831,#14832,#14833,#14834,#14835,#14836,#14837,#14838,
#14839,#14840,#14841,#14842,#14843,#14844,#14845,#14846,#14847,#14848,#14849,
#14850,#14851,#14852,#14853,#14854,#14855,#14856,#14857,#14858,#14859,#14860,
#14861,#14862,#14863,#14864,#14865,#14866,#14867,#14868,#14869,#14870,#14871,
#14872,#14873,#14874,#14875,#14876,#14877,#14878,#14879,#14880),
 .UNSPECIFIED.,.T.,.F.,(1,3,3,3,3,3,3,3,3,3,3,3,3,3,3,3,3,3,3,3,3,1),(-0.0350071640796776,
0.,0.053522323856062,0.107033368408265,0.160713765613062,0.214513527639527,
0.2681294938144,0.321545140313268,0.375056506460534,0.42880969203183,0.482574671403383,
0.536103806235444,0.589517695269125,0.643113583217976,0.696908287865516,
0.750607922740992,0.80406473791187,0.857510889653106,0.911193849089854,
0.964992835920322,1.,1.05352232385606),.UNSPECIFIED.);
#255=B_SPLINE_CURVE_WITH_KNOTS('',3,(#14882,#14883,#14884,#14885,#14886,
#14887,#14888,#14889,#14890,#14891,#14892,#14893,#14894,#14895,#14896,#14897,
#14898,#14899,#14900,#14901,#14902,#14903,#14904,#14905,#14906,#14907,#14908,
#14909,#14910,#14911,#14912,#14913,#14914,#14915,#14916,#14917,#14918,#14919,
#14920,#14921,#14922,#14923,#14924,#14925,#14926,#14927,#14928,#14929,#14930,
#14931,#14932,#14933,#14934,#14935,#14936,#14937,#14938,#14939),
 .UNSPECIFIED.,.T.,.F.,(1,3,3,3,3,3,3,3,3,3,3,3,3,3,3,3,3,3,3,3,3,1),(-0.0350071640796776,
0.,0.053522323856062,0.107033368408265,0.160713765613062,0.214513527639527,
0.2681294938144,0.321545140313268,0.375056506460534,0.42880969203183,0.482574671403383,
0.536103806235444,0.589517695269125,0.643113583217976,0.696908287865516,
0.750607922740992,0.80406473791187,0.857510889653106,0.911193849089854,
0.964992835920322,1.,1.05352232385606),.UNSPECIFIED.);
#256=B_SPLINE_CURVE_WITH_KNOTS('',3,(#14941,#14942,#14943,#14944,#14945,
#14946,#14947,#14948,#14949,#14950,#14951,#14952,#14953,#14954,#14955,#14956,
#14957,#14958,#14959,#14960,#14961,#14962,#14963,#14964,#14965,#14966,#14967,
#14968,#14969,#14970,#14971,#14972,#14973,#14974,#14975,#14976,#14977,#14978,
#14979,#14980,#14981,#14982,#14983,#14984,#14985,#14986,#14987,#14988,#14989,
#14990,#14991,#14992,#14993,#14994,#14995,#14996,#14997,#14998),
 .UNSPECIFIED.,.T.,.F.,(1,3,3,3,3,3,3,3,3,3,3,3,3,3,3,3,3,3,3,3,3,1),(-0.0350071640796777,
0.,0.053522323856062,0.107033368408265,0.160713765613062,0.214513527639527,
0.2681294938144,0.321545140313268,0.375056506460534,0.42880969203183,0.482574671403383,
0.536103806235444,0.589517695269125,0.643113583217976,0.696908287865516,
0.750607922740992,0.80406473791187,0.857510889653105,0.911193849089854,
0.964992835920322,1.,1.05352232385606),.UNSPECIFIED.);
#257=B_SPLINE_CURVE_WITH_KNOTS('',3,(#15000,#15001,#15002,#15003,#15004,
#15005,#15006,#15007,#15008,#15009,#15010,#15011,#15012,#15013,#15014,#15015,
#15016,#15017,#15018,#15019,#15020,#15021,#15022,#15023,#15024,#15025,#15026,
#15027,#15028,#15029,#15030,#15031,#15032,#15033,#15034,#15035,#15036,#15037,
#15038,#15039,#15040,#15041,#15042,#15043,#15044,#15045,#15046,#15047,#15048,
#15049,#15050,#15051,#15052,#15053,#15054,#15055,#15056,#15057),
 .UNSPECIFIED.,.T.,.F.,(1,3,3,3,3,3,3,3,3,3,3,3,3,3,3,3,3,3,3,3,3,1),(-0.0350071640796776,
0.,0.053522323856062,0.107033368408265,0.160713765613062,0.214513527639527,
0.2681294938144,0.321545140313268,0.375056506460534,0.42880969203183,0.482574671403383,
0.536103806235444,0.589517695269125,0.643113583217976,0.696908287865516,
0.750607922740992,0.80406473791187,0.857510889653106,0.911193849089854,
0.964992835920322,1.,1.05352232385606),.UNSPECIFIED.);
#258=B_SPLINE_CURVE_WITH_KNOTS('',3,(#15059,#15060,#15061,#15062,#15063,
#15064,#15065,#15066,#15067,#15068,#15069,#15070,#15071,#15072,#15073,#15074,
#15075,#15076,#15077,#15078,#15079,#15080,#15081,#15082,#15083,#15084,#15085,
#15086,#15087,#15088,#15089,#15090,#15091,#15092,#15093,#15094,#15095,#15096,
#15097,#15098,#15099,#15100,#15101,#15102,#15103,#15104,#15105,#15106,#15107,
#15108,#15109,#15110,#15111,#15112,#15113,#15114,#15115,#15116),
 .UNSPECIFIED.,.T.,.F.,(1,3,3,3,3,3,3,3,3,3,3,3,3,3,3,3,3,3,3,3,3,1),(-0.0350071640796776,
0.,0.053522323856062,0.107033368408265,0.160713765613062,0.214513527639527,
0.2681294938144,0.321545140313268,0.375056506460534,0.42880969203183,0.482574671403383,
0.536103806235444,0.589517695269125,0.643113583217976,0.696908287865516,
0.750607922740992,0.80406473791187,0.857510889653106,0.911193849089854,
0.964992835920322,1.,1.05352232385606),.UNSPECIFIED.);
#259=B_SPLINE_CURVE_WITH_KNOTS('',3,(#15118,#15119,#15120,#15121,#15122,
#15123,#15124,#15125,#15126,#15127,#15128,#15129,#15130,#15131,#15132,#15133,
#15134,#15135,#15136,#15137,#15138,#15139,#15140,#15141,#15142,#15143,#15144,
#15145,#15146,#15147,#15148,#15149,#15150,#15151,#15152,#15153,#15154,#15155,
#15156,#15157,#15158,#15159,#15160,#15161,#15162,#15163,#15164,#15165,#15166,
#15167,#15168,#15169,#15170,#15171,#15172,#15173,#15174,#15175),
 .UNSPECIFIED.,.T.,.F.,(1,3,3,3,3,3,3,3,3,3,3,3,3,3,3,3,3,3,3,3,3,1),(-0.0350071640796776,
0.,0.053522323856062,0.107033368408265,0.160713765613062,0.214513527639527,
0.2681294938144,0.321545140313268,0.375056506460534,0.42880969203183,0.482574671403383,
0.536103806235444,0.589517695269125,0.643113583217976,0.696908287865516,
0.750607922740992,0.80406473791187,0.857510889653106,0.911193849089854,
0.964992835920322,1.,1.05352232385606),.UNSPECIFIED.);
#260=B_SPLINE_CURVE_WITH_KNOTS('',3,(#15177,#15178,#15179,#15180,#15181,
#15182,#15183,#15184,#15185,#15186,#15187,#15188,#15189,#15190,#15191,#15192,
#15193,#15194,#15195,#15196,#15197,#15198,#15199,#15200,#15201,#15202,#15203,
#15204,#15205,#15206,#15207,#15208,#15209,#15210,#15211,#15212,#15213,#15214,
#15215,#15216,#15217,#15218,#15219,#15220,#15221,#15222,#15223,#15224,#15225,
#15226,#15227,#15228,#15229,#15230,#15231,#15232,#15233,#15234),
 .UNSPECIFIED.,.T.,.F.,(1,3,3,3,3,3,3,3,3,3,3,3,3,3,3,3,3,3,3,3,3,1),(-0.0350071640796779,
0.,0.053522323856062,0.107033368408265,0.160713765613062,0.214513527639527,
0.2681294938144,0.321545140313268,0.375056506460534,0.42880969203183,0.482574671403383,
0.536103806235444,0.589517695269125,0.643113583217976,0.696908287865516,
0.750607922740992,0.804064737911869,0.857510889653105,0.911193849089854,
0.964992835920322,1.,1.05352232385606),.UNSPECIFIED.);
#261=B_SPLINE_CURVE_WITH_KNOTS('',3,(#15236,#15237,#15238,#15239,#15240,
#15241,#15242,#15243,#15244,#15245,#15246,#15247,#15248,#15249,#15250,#15251,
#15252,#15253,#15254,#15255,#15256,#15257,#15258,#15259,#15260,#15261,#15262,
#15263,#15264,#15265,#15266,#15267,#15268,#15269,#15270,#15271,#15272,#15273,
#15274,#15275,#15276,#15277,#15278,#15279,#15280,#15281,#15282,#15283,#15284,
#15285,#15286,#15287,#15288,#15289,#15290,#15291,#15292,#15293),
 .UNSPECIFIED.,.T.,.F.,(1,3,3,3,3,3,3,3,3,3,3,3,3,3,3,3,3,3,3,3,3,1),(-0.0350071640796776,
0.,0.053522323856062,0.107033368408265,0.160713765613062,0.214513527639527,
0.2681294938144,0.321545140313268,0.375056506460534,0.42880969203183,0.482574671403383,
0.536103806235444,0.589517695269125,0.643113583217976,0.696908287865516,
0.750607922740992,0.80406473791187,0.857510889653106,0.911193849089854,
0.964992835920322,1.,1.05352232385606),.UNSPECIFIED.);
#262=B_SPLINE_CURVE_WITH_KNOTS('',3,(#15295,#15296,#15297,#15298,#15299,
#15300,#15301,#15302,#15303,#15304,#15305,#15306,#15307,#15308,#15309,#15310,
#15311,#15312,#15313,#15314,#15315,#15316,#15317,#15318,#15319,#15320,#15321,
#15322,#15323,#15324,#15325,#15326,#15327,#15328,#15329,#15330,#15331,#15332,
#15333,#15334,#15335,#15336,#15337,#15338,#15339,#15340,#15341,#15342,#15343,
#15344,#15345,#15346,#15347,#15348,#15349,#15350,#15351,#15352),
 .UNSPECIFIED.,.T.,.F.,(1,3,3,3,3,3,3,3,3,3,3,3,3,3,3,3,3,3,3,3,3,1),(-0.0400828240276421,
0.,0.052982024847147,0.10592083106351,0.159510437224528,0.213607099662101,
0.266983955839691,0.319531831224993,0.372435109286565,0.426313335888461,
0.480286343202899,0.533337615970105,0.585893579466568,0.639101761877082,
0.693143547729286,0.746903078848417,0.799663280856192,0.85228356823255,
0.905819072363707,0.959917175972358,1.,1.05298202484715),.UNSPECIFIED.);
#263=B_SPLINE_CURVE_WITH_KNOTS('',3,(#15358,#15359,#15360,#15361,#15362,
#15363,#15364,#15365,#15366,#15367,#15368,#15369,#15370,#15371,#15372,#15373,
#15374,#15375,#15376,#15377,#15378,#15379,#15380,#15381,#15382,#15383,#15384,
#15385,#15386,#15387,#15388,#15389,#15390,#15391,#15392,#15393,#15394,#15395,
#15396,#15397,#15398,#15399,#15400,#15401,#15402,#15403,#15404,#15405,#15406,
#15407,#15408,#15409,#15410,#15411,#15412,#15413,#15414,#15415),
 .UNSPECIFIED.,.T.,.F.,(1,3,3,3,3,3,3,3,3,3,3,3,3,3,3,3,3,3,3,3,3,1),(-0.0400828240276421,
0.,0.052982024847147,0.10592083106351,0.159510437224528,0.213607099662101,
0.266983955839691,0.319531831224993,0.372435109286565,0.426313335888461,
0.480286343202899,0.533337615970105,0.585893579466568,0.639101761877082,
0.693143547729286,0.746903078848417,0.799663280856192,0.85228356823255,
0.905819072363707,0.959917175972358,1.,1.05298202484715),.UNSPECIFIED.);
#264=B_SPLINE_CURVE_WITH_KNOTS('',3,(#15754,#15755,#15756,#15757,#15758,
#15759,#15760,#15761,#15762,#15763,#15764,#15765,#15766,#15767,#15768,#15769,
#15770,#15771),.UNSPECIFIED.,.F.,.F.,(4,2,2,2,2,2,2,2,4),(0.,0.125,0.25,
0.375,0.5,0.625,0.75,0.875,1.),.UNSPECIFIED.);
#265=B_SPLINE_CURVE_WITH_KNOTS('',3,(#15783,#15784,#15785,#15786,#15787,
#15788,#15789,#15790,#15791,#15792,#15793,#15794,#15795,#15796,#15797,#15798,
#15799,#15800),.UNSPECIFIED.,.F.,.F.,(4,2,2,2,2,2,2,2,4),(0.,0.125,0.25,
0.375,0.5,0.625,0.75,0.875,1.),.UNSPECIFIED.);
#266=B_SPLINE_CURVE_WITH_KNOTS('',3,(#15848,#15849,#15850,#15851,#15852,
#15853,#15854,#15855,#15856,#15857,#15858,#15859,#15860,#15861,#15862,#15863,
#15864,#15865,#15866,#15867,#15868,#15869,#15870,#15871,#15872,#15873,#15874,
#15875,#15876,#15877,#15878,#15879,#15880,#15881,#15882,#15883,#15884,#15885,
#15886,#15887,#15888,#15889,#15890,#15891,#15892,#15893,#15894,#15895,#15896,
#15897,#15898,#15899,#15900,#15901,#15902,#15903,#15904,#15905),
 .UNSPECIFIED.,.T.,.F.,(1,3,3,3,3,3,3,3,3,3,3,3,3,3,3,3,3,3,3,3,3,1),(-0.0376360349461035,
0.,0.0532354274476332,0.10644166966991,0.160084865870934,0.214034925005892,
0.267518054783616,0.320498111759882,0.373703713086354,0.427519090080821,
0.481393748569029,0.534662460145959,0.587611471661748,0.641018760746558,
0.694950698124612,0.748660515299342,0.801756077751763,0.854794115995831,
0.90840988797638,0.962363965053897,1.,1.05323542744763),.UNSPECIFIED.);
#267=B_SPLINE_CURVE_WITH_KNOTS('',3,(#15907,#15908,#15909,#15910,#15911,
#15912,#15913,#15914,#15915,#15916,#15917,#15918,#15919,#15920,#15921,#15922,
#15923,#15924,#15925,#15926,#15927,#15928,#15929,#15930,#15931,#15932,#15933,
#15934,#15935,#15936,#15937,#15938,#15939,#15940,#15941,#15942,#15943,#15944,
#15945,#15946,#15947,#15948,#15949,#15950,#15951,#15952,#15953,#15954,#15955,
#15956,#15957,#15958,#15959,#15960,#15961,#15962,#15963,#15964),
 .UNSPECIFIED.,.T.,.F.,(1,3,3,3,3,3,3,3,3,3,3,3,3,3,3,3,3,3,3,3,3,1),(-0.0376430317698674,
0.,0.0532402622027825,0.10645228910115,0.160088959474712,0.214041155532337,
0.267527795529966,0.320492439232409,0.373692958609013,0.427515237799999,
0.481383569481296,0.534655333385785,0.58762032132231,0.641025849699002,
0.694954192902732,0.748671260645925,0.801756694459618,0.854782411268259,
0.908404481395008,0.962356968230133,1.,1.05324026220278),.UNSPECIFIED.);
#268=B_SPLINE_CURVE_WITH_KNOTS('',3,(#15967,#15968,#15969,#15970,#15971,
#15972,#15973,#15974,#15975,#15976,#15977,#15978,#15979,#15980,#15981,#15982,
#15983,#15984,#15985,#15986,#15987,#15988,#15989,#15990,#15991,#15992,#15993,
#15994,#15995,#15996,#15997,#15998,#15999,#16000,#16001,#16002,#16003,#16004,
#16005,#16006,#16007,#16008,#16009,#16010,#16011,#16012,#16013,#16014,#16015,
#16016,#16017,#16018,#16019,#16020,#16021,#16022,#16023,#16024),
 .UNSPECIFIED.,.T.,.F.,(1,3,3,3,3,3,3,3,3,3,3,3,3,3,3,3,3,3,3,3,3,1),(-0.039438666080394,
0.,0.0530388491450583,0.106036394777844,0.159651822778665,0.213706770862578,
0.267103777845614,0.319790009455833,0.372781589090378,0.426632027386539,
0.480589650354197,0.533690900080351,0.586319904187128,0.6395837528799,0.693605267127154,
0.747336655342515,0.800198422469855,0.852950393076246,0.906498977281877,
0.960561333919606,1.,1.05303884914506),.UNSPECIFIED.);
#269=B_SPLINE_CURVE_WITH_KNOTS('',3,(#16030,#16031,#16032,#16033,#16034,
#16035,#16036,#16037,#16038,#16039,#16040,#16041,#16042,#16043,#16044,#16045,
#16046,#16047,#16048,#16049,#16050,#16051,#16052,#16053,#16054,#16055,#16056,
#16057,#16058,#16059,#16060,#16061,#16062,#16063,#16064,#16065,#16066,#16067,
#16068,#16069,#16070,#16071,#16072,#16073,#16074,#16075,#16076,#16077,#16078,
#16079,#16080,#16081,#16082,#16083,#16084,#16085,#16086,#16087),
 .UNSPECIFIED.,.T.,.F.,(1,3,3,3,3,3,3,3,3,3,3,3,3,3,3,3,3,3,3,3,3,1),(-0.0394519974333029,
0.,0.0530485239093513,0.106057638590027,0.159660013113034,0.213719038448356,
0.267123352079176,0.319778896387348,0.372759876780662,0.426624393296523,
0.480569537053389,0.533676200828807,0.586337268740754,0.639598335008975,
0.693611862148155,0.747358043883024,0.80020053369579,0.852927020894766,
0.906487709912429,0.960548002566697,1.,1.05304852390935),.UNSPECIFIED.);
#270=CONICAL_SURFACE('',#10125,5.99999999999999,45.0000000000006);
#271=CONICAL_SURFACE('',#10126,5.99999999999999,45.0000000000006);
#272=CONICAL_SURFACE('',#10129,5.99999999999999,45.0000000000006);
#273=CONICAL_SURFACE('',#10130,5.99999999999999,45.0000000000006);
#274=CONICAL_SURFACE('',#10133,5.99999999999999,45.0000000000006);
#275=CONICAL_SURFACE('',#10134,5.99999999999999,45.0000000000006);
#276=CONICAL_SURFACE('',#10137,5.99999999999999,45.0000000000006);
#277=CONICAL_SURFACE('',#10138,5.99999999999999,45.0000000000006);
#278=TOROIDAL_SURFACE('',#10068,7.00000000000001,2.5);
#279=TOROIDAL_SURFACE('',#10072,6.99999999999998,2.5);
#280=TOROIDAL_SURFACE('',#10076,7.00000000000006,2.5);
#281=TOROIDAL_SURFACE('',#10080,6.9999999999999,2.5);
#282=TOROIDAL_SURFACE('',#10084,6.99999999999991,2.5);
#283=TOROIDAL_SURFACE('',#10088,7.00000000000006,2.5);
#284=TOROIDAL_SURFACE('',#10092,6.99999999999998,2.5);
#285=TOROIDAL_SURFACE('',#10096,6.99999999999998,2.5);
#286=TOROIDAL_SURFACE('',#10184,9.99999999999999,1.);
#287=TOROIDAL_SURFACE('',#10189,9.99999999999999,1.);
#288=TOROIDAL_SURFACE('',#10193,9.99999999999998,1.);
#289=TOROIDAL_SURFACE('',#10198,9.99999999999999,1.);
#290=TOROIDAL_SURFACE('',#10202,9.99999999999998,1.);
#291=TOROIDAL_SURFACE('',#10207,9.99999999999999,1.);
#292=TOROIDAL_SURFACE('',#10212,9.99999999999999,1.);
#293=TOROIDAL_SURFACE('',#10216,9.99999999999999,1.);
#294=CYLINDRICAL_SURFACE('',#9681,3.);
#295=CYLINDRICAL_SURFACE('',#9683,3.);
#296=CYLINDRICAL_SURFACE('',#9696,3.);
#297=CYLINDRICAL_SURFACE('',#9697,3.);
#298=CYLINDRICAL_SURFACE('',#9698,3.);
#299=CYLINDRICAL_SURFACE('',#9699,3.);
#300=CYLINDRICAL_SURFACE('',#9700,3.);
#301=CYLINDRICAL_SURFACE('',#9701,3.);
#302=CYLINDRICAL_SURFACE('',#9735,3.);
#303=CYLINDRICAL_SURFACE('',#9737,3.);
#304=CYLINDRICAL_SURFACE('',#9750,3.);
#305=CYLINDRICAL_SURFACE('',#9751,3.);
#306=CYLINDRICAL_SURFACE('',#9752,3.);
#307=CYLINDRICAL_SURFACE('',#9753,3.);
#308=CYLINDRICAL_SURFACE('',#9754,3.);
#309=CYLINDRICAL_SURFACE('',#9755,3.);
#310=CYLINDRICAL_SURFACE('',#9771,1.5);
#311=CYLINDRICAL_SURFACE('',#9795,3.);
#312=CYLINDRICAL_SURFACE('',#9797,3.);
#313=CYLINDRICAL_SURFACE('',#9806,3.);
#314=CYLINDRICAL_SURFACE('',#9807,3.);
#315=CYLINDRICAL_SURFACE('',#9825,3.);
#316=CYLINDRICAL_SURFACE('',#9827,3.);
#317=CYLINDRICAL_SURFACE('',#9836,3.);
#318=CYLINDRICAL_SURFACE('',#9837,3.);
#319=CYLINDRICAL_SURFACE('',#9855,3.);
#320=CYLINDRICAL_SURFACE('',#9857,3.);
#321=CYLINDRICAL_SURFACE('',#9866,3.);
#322=CYLINDRICAL_SURFACE('',#9867,3.);
#323=CYLINDRICAL_SURFACE('',#9883,3.);
#324=CYLINDRICAL_SURFACE('',#9885,3.);
#325=CYLINDRICAL_SURFACE('',#9898,3.);
#326=CYLINDRICAL_SURFACE('',#9899,3.);
#327=CYLINDRICAL_SURFACE('',#9900,3.);
#328=CYLINDRICAL_SURFACE('',#9901,3.);
#329=CYLINDRICAL_SURFACE('',#9902,3.);
#330=CYLINDRICAL_SURFACE('',#9903,3.);
#331=CYLINDRICAL_SURFACE('',#9915,3.);
#332=CYLINDRICAL_SURFACE('',#9917,3.);
#333=CYLINDRICAL_SURFACE('',#9926,3.);
#334=CYLINDRICAL_SURFACE('',#9927,3.);
#335=CYLINDRICAL_SURFACE('',#9949,3.);
#336=CYLINDRICAL_SURFACE('',#9951,3.);
#337=CYLINDRICAL_SURFACE('',#9964,3.);
#338=CYLINDRICAL_SURFACE('',#9965,3.);
#339=CYLINDRICAL_SURFACE('',#9966,3.);
#340=CYLINDRICAL_SURFACE('',#9967,3.);
#341=CYLINDRICAL_SURFACE('',#9968,3.);
#342=CYLINDRICAL_SURFACE('',#9969,3.);
#343=CYLINDRICAL_SURFACE('',#10051,7.00000000000009);
#344=CYLINDRICAL_SURFACE('',#10055,7.00000000000009);
#345=CYLINDRICAL_SURFACE('',#10059,6.99999999999994);
#346=CYLINDRICAL_SURFACE('',#10063,6.99999999999994);
#347=CYLINDRICAL_SURFACE('',#10070,2.5);
#348=CYLINDRICAL_SURFACE('',#10074,2.5);
#349=CYLINDRICAL_SURFACE('',#10078,2.5);
#350=CYLINDRICAL_SURFACE('',#10082,2.5);
#351=CYLINDRICAL_SURFACE('',#10086,2.5);
#352=CYLINDRICAL_SURFACE('',#10090,2.5);
#353=CYLINDRICAL_SURFACE('',#10094,2.5);
#354=CYLINDRICAL_SURFACE('',#10097,2.5);
#355=CYLINDRICAL_SURFACE('',#10114,11.);
#356=CYLINDRICAL_SURFACE('',#10117,11.);
#357=CYLINDRICAL_SURFACE('',#10120,11.);
#358=CYLINDRICAL_SURFACE('',#10123,11.);
#359=CYLINDRICAL_SURFACE('',#10178,9.99999999999995);
#360=CYLINDRICAL_SURFACE('',#10181,2.);
#361=CYLINDRICAL_SURFACE('',#10185,1.);
#362=CYLINDRICAL_SURFACE('',#10187,1.);
#363=CYLINDRICAL_SURFACE('',#10190,1.);
#364=CYLINDRICAL_SURFACE('',#10194,1.);
#365=CYLINDRICAL_SURFACE('',#10196,1.);
#366=CYLINDRICAL_SURFACE('',#10199,1.);
#367=CYLINDRICAL_SURFACE('',#10203,1.);
#368=CYLINDRICAL_SURFACE('',#10205,1.);
#369=CYLINDRICAL_SURFACE('',#10208,1.);
#370=CYLINDRICAL_SURFACE('',#10210,1.);
#371=CYLINDRICAL_SURFACE('',#10214,1.);
#372=CYLINDRICAL_SURFACE('',#10217,1.);
#373=CYLINDRICAL_SURFACE('',#10223,10.0000000000001);
#374=CYLINDRICAL_SURFACE('',#10239,12.);
#375=CYLINDRICAL_SURFACE('',#10242,10.);
#376=CYLINDRICAL_SURFACE('',#10245,5.);
#377=CYLINDRICAL_SURFACE('',#10246,5.);
#378=CYLINDRICAL_SURFACE('',#10261,5.);
#379=CYLINDRICAL_SURFACE('',#10262,5.);
#380=CYLINDRICAL_SURFACE('',#10263,5.);
#381=CYLINDRICAL_SURFACE('',#10264,5.);
#382=CYLINDRICAL_SURFACE('',#10272,2.);
#383=CYLINDRICAL_SURFACE('',#10276,7.00000000000002);
#384=CYLINDRICAL_SURFACE('',#10280,7.00000000000002);
#385=CYLINDRICAL_SURFACE('',#10284,2.);
#386=CYLINDRICAL_SURFACE('',#10294,7.00000000000005);
#387=CYLINDRICAL_SURFACE('',#10298,2.);
#388=CYLINDRICAL_SURFACE('',#10302,2.);
#389=CYLINDRICAL_SURFACE('',#10306,7.00000000000006);
#390=CYLINDRICAL_SURFACE('',#10316,5.);
#391=CYLINDRICAL_SURFACE('',#10317,5.);
#392=CYLINDRICAL_SURFACE('',#10318,5.);
#393=CYLINDRICAL_SURFACE('',#10319,5.);
#394=CYLINDRICAL_SURFACE('',#10320,12.);
#395=CYLINDRICAL_SURFACE('',#10323,10.);
#396=CYLINDRICAL_SURFACE('',#10326,25.0000000000002);
#397=CYLINDRICAL_SURFACE('',#10329,3.);
#398=CYLINDRICAL_SURFACE('',#10332,3.);
#399=CYLINDRICAL_SURFACE('',#10335,10.0000000000002);
#400=CYLINDRICAL_SURFACE('',#10342,6.);
#401=CYLINDRICAL_SURFACE('',#10345,6.);
#402=CYLINDRICAL_SURFACE('',#10349,12.5);
#403=CYLINDRICAL_SURFACE('',#10352,10.5);
#404=CYLINDRICAL_SURFACE('',#10369,10.);
#405=CYLINDRICAL_SURFACE('',#10371,2.);
#406=CYLINDRICAL_SURFACE('',#10372,2.);
#407=CYLINDRICAL_SURFACE('',#10373,5.);
#408=CYLINDRICAL_SURFACE('',#10374,5.);
#409=FACE_BOUND('',#2985,.T.);
#410=FACE_BOUND('',#2986,.T.);
#411=FACE_BOUND('',#2987,.T.);
#412=FACE_BOUND('',#2988,.T.);
#413=FACE_BOUND('',#2989,.T.);
#414=FACE_BOUND('',#2990,.T.);
#415=FACE_BOUND('',#2991,.T.);
#416=FACE_BOUND('',#2992,.T.);
#417=FACE_BOUND('',#2993,.T.);
#418=FACE_BOUND('',#2994,.T.);
#419=FACE_BOUND('',#2995,.T.);
#420=FACE_BOUND('',#2996,.T.);
#421=FACE_BOUND('',#2999,.T.);
#422=FACE_BOUND('',#3000,.T.);
#423=FACE_BOUND('',#3001,.T.);
#424=FACE_BOUND('',#3002,.T.);
#425=FACE_BOUND('',#3003,.T.);
#426=FACE_BOUND('',#3004,.T.);
#427=FACE_BOUND('',#3005,.T.);
#428=FACE_BOUND('',#3006,.T.);
#429=FACE_BOUND('',#3007,.T.);
#430=FACE_BOUND('',#3008,.T.);
#431=FACE_BOUND('',#3009,.T.);
#432=FACE_BOUND('',#3010,.T.);
#433=FACE_BOUND('',#3011,.T.);
#434=FACE_BOUND('',#3012,.T.);
#435=FACE_BOUND('',#3013,.T.);
#436=FACE_BOUND('',#3014,.T.);
#437=FACE_BOUND('',#3017,.T.);
#438=FACE_BOUND('',#3018,.T.);
#439=FACE_BOUND('',#3019,.T.);
#440=FACE_BOUND('',#3020,.T.);
#441=FACE_BOUND('',#3021,.T.);
#442=FACE_BOUND('',#3022,.T.);
#443=FACE_BOUND('',#3023,.T.);
#444=FACE_BOUND('',#3024,.T.);
#445=FACE_BOUND('',#3025,.T.);
#446=FACE_BOUND('',#3026,.T.);
#447=FACE_BOUND('',#3027,.T.);
#448=FACE_BOUND('',#3028,.T.);
#449=FACE_BOUND('',#3047,.T.);
#450=FACE_BOUND('',#3048,.T.);
#451=FACE_BOUND('',#3049,.T.);
#452=FACE_BOUND('',#3050,.T.);
#453=FACE_BOUND('',#3051,.T.);
#454=FACE_BOUND('',#3052,.T.);
#455=FACE_BOUND('',#3053,.T.);
#456=FACE_BOUND('',#3054,.T.);
#457=FACE_BOUND('',#3055,.T.);
#458=FACE_BOUND('',#3056,.T.);
#459=FACE_BOUND('',#3057,.T.);
#460=FACE_BOUND('',#3058,.T.);
#461=FACE_BOUND('',#3061,.T.);
#462=FACE_BOUND('',#3062,.T.);
#463=FACE_BOUND('',#3063,.T.);
#464=FACE_BOUND('',#3064,.T.);
#465=FACE_BOUND('',#3065,.T.);
#466=FACE_BOUND('',#3066,.T.);
#467=FACE_BOUND('',#3067,.T.);
#468=FACE_BOUND('',#3068,.T.);
#469=FACE_BOUND('',#3069,.T.);
#470=FACE_BOUND('',#3070,.T.);
#471=FACE_BOUND('',#3071,.T.);
#472=FACE_BOUND('',#3072,.T.);
#473=FACE_BOUND('',#3073,.T.);
#474=FACE_BOUND('',#3074,.T.);
#475=FACE_BOUND('',#3075,.T.);
#476=FACE_BOUND('',#3076,.T.);
#477=FACE_BOUND('',#3079,.T.);
#478=FACE_BOUND('',#3080,.T.);
#479=FACE_BOUND('',#3081,.T.);
#480=FACE_BOUND('',#3082,.T.);
#481=FACE_BOUND('',#3083,.T.);
#482=FACE_BOUND('',#3084,.T.);
#483=FACE_BOUND('',#3085,.T.);
#484=FACE_BOUND('',#3086,.T.);
#485=FACE_BOUND('',#3087,.T.);
#486=FACE_BOUND('',#3088,.T.);
#487=FACE_BOUND('',#3089,.T.);
#488=FACE_BOUND('',#3090,.T.);
#489=FACE_BOUND('',#3097,.T.);
#490=FACE_BOUND('',#3098,.T.);
#491=FACE_BOUND('',#3105,.T.);
#492=FACE_BOUND('',#3106,.T.);
#493=FACE_BOUND('',#3120,.T.);
#494=FACE_BOUND('',#3121,.T.);
#495=FACE_BOUND('',#3122,.T.);
#496=FACE_BOUND('',#3124,.T.);
#497=FACE_BOUND('',#3125,.T.);
#498=FACE_BOUND('',#3126,.T.);
#499=FACE_BOUND('',#3129,.T.);
#500=FACE_BOUND('',#3130,.T.);
#501=FACE_BOUND('',#3131,.T.);
#502=FACE_BOUND('',#3132,.T.);
#503=FACE_BOUND('',#3134,.T.);
#504=FACE_BOUND('',#3135,.T.);
#505=FACE_BOUND('',#3136,.T.);
#506=FACE_BOUND('',#3138,.T.);
#507=FACE_BOUND('',#3139,.T.);
#508=FACE_BOUND('',#3140,.T.);
#509=FACE_BOUND('',#3143,.T.);
#510=FACE_BOUND('',#3144,.T.);
#511=FACE_BOUND('',#3145,.T.);
#512=FACE_BOUND('',#3146,.T.);
#513=FACE_BOUND('',#3154,.T.);
#514=FACE_BOUND('',#3155,.T.);
#515=FACE_BOUND('',#3156,.T.);
#516=FACE_BOUND('',#3158,.T.);
#517=FACE_BOUND('',#3159,.T.);
#518=FACE_BOUND('',#3160,.T.);
#519=FACE_BOUND('',#3163,.T.);
#520=FACE_BOUND('',#3164,.T.);
#521=FACE_BOUND('',#3165,.T.);
#522=FACE_BOUND('',#3166,.T.);
#523=FACE_BOUND('',#3168,.T.);
#524=FACE_BOUND('',#3169,.T.);
#525=FACE_BOUND('',#3170,.T.);
#526=FACE_BOUND('',#3172,.T.);
#527=FACE_BOUND('',#3173,.T.);
#528=FACE_BOUND('',#3174,.T.);
#529=FACE_BOUND('',#3177,.T.);
#530=FACE_BOUND('',#3178,.T.);
#531=FACE_BOUND('',#3179,.T.);
#532=FACE_BOUND('',#3180,.T.);
#533=FACE_BOUND('',#3188,.T.);
#534=FACE_BOUND('',#3189,.T.);
#535=FACE_BOUND('',#3190,.T.);
#536=FACE_BOUND('',#3192,.T.);
#537=FACE_BOUND('',#3193,.T.);
#538=FACE_BOUND('',#3194,.T.);
#539=FACE_BOUND('',#3197,.T.);
#540=FACE_BOUND('',#3198,.T.);
#541=FACE_BOUND('',#3199,.T.);
#542=FACE_BOUND('',#3200,.T.);
#543=FACE_BOUND('',#3202,.T.);
#544=FACE_BOUND('',#3203,.T.);
#545=FACE_BOUND('',#3204,.T.);
#546=FACE_BOUND('',#3206,.T.);
#547=FACE_BOUND('',#3207,.T.);
#548=FACE_BOUND('',#3208,.T.);
#549=FACE_BOUND('',#3211,.T.);
#550=FACE_BOUND('',#3212,.T.);
#551=FACE_BOUND('',#3213,.T.);
#552=FACE_BOUND('',#3214,.T.);
#553=FACE_BOUND('',#3215,.T.);
#554=FACE_BOUND('',#3216,.T.);
#555=FACE_BOUND('',#3217,.T.);
#556=FACE_BOUND('',#3218,.T.);
#557=FACE_BOUND('',#3219,.T.);
#558=FACE_BOUND('',#3220,.T.);
#559=FACE_BOUND('',#3221,.T.);
#560=FACE_BOUND('',#3222,.T.);
#561=FACE_BOUND('',#3223,.T.);
#562=FACE_BOUND('',#3224,.T.);
#563=FACE_BOUND('',#3225,.T.);
#564=FACE_BOUND('',#3226,.T.);
#565=FACE_BOUND('',#3229,.T.);
#566=FACE_BOUND('',#3230,.T.);
#567=FACE_BOUND('',#3231,.T.);
#568=FACE_BOUND('',#3232,.T.);
#569=FACE_BOUND('',#3233,.T.);
#570=FACE_BOUND('',#3234,.T.);
#571=FACE_BOUND('',#3235,.T.);
#572=FACE_BOUND('',#3236,.T.);
#573=FACE_BOUND('',#3237,.T.);
#574=FACE_BOUND('',#3238,.T.);
#575=FACE_BOUND('',#3239,.T.);
#576=FACE_BOUND('',#3240,.T.);
#577=FACE_BOUND('',#3241,.T.);
#578=FACE_BOUND('',#3242,.T.);
#579=FACE_BOUND('',#3243,.T.);
#580=FACE_BOUND('',#3244,.T.);
#581=FACE_BOUND('',#3247,.T.);
#582=FACE_BOUND('',#3248,.T.);
#583=FACE_BOUND('',#3249,.T.);
#584=FACE_BOUND('',#3250,.T.);
#585=FACE_BOUND('',#3251,.T.);
#586=FACE_BOUND('',#3252,.T.);
#587=FACE_BOUND('',#3253,.T.);
#588=FACE_BOUND('',#3254,.T.);
#589=FACE_BOUND('',#3255,.T.);
#590=FACE_BOUND('',#3256,.T.);
#591=FACE_BOUND('',#3257,.T.);
#592=FACE_BOUND('',#3258,.T.);
#593=FACE_BOUND('',#3260,.T.);
#594=FACE_BOUND('',#3261,.T.);
#595=FACE_BOUND('',#3262,.T.);
#596=FACE_BOUND('',#3264,.T.);
#597=FACE_BOUND('',#3265,.T.);
#598=FACE_BOUND('',#3266,.T.);
#599=FACE_BOUND('',#3269,.T.);
#600=FACE_BOUND('',#3270,.T.);
#601=FACE_BOUND('',#3271,.T.);
#602=FACE_BOUND('',#3272,.T.);
#603=FACE_BOUND('',#3274,.T.);
#604=FACE_BOUND('',#3275,.T.);
#605=FACE_BOUND('',#3276,.T.);
#606=FACE_BOUND('',#3278,.T.);
#607=FACE_BOUND('',#3279,.T.);
#608=FACE_BOUND('',#3280,.T.);
#609=FACE_BOUND('',#3283,.T.);
#610=FACE_BOUND('',#3284,.T.);
#611=FACE_BOUND('',#3285,.T.);
#612=FACE_BOUND('',#3286,.T.);
#613=FACE_BOUND('',#3293,.T.);
#614=FACE_BOUND('',#3294,.T.);
#615=FACE_BOUND('',#3295,.T.);
#616=FACE_BOUND('',#3296,.T.);
#617=FACE_BOUND('',#3297,.T.);
#618=FACE_BOUND('',#3298,.T.);
#619=FACE_BOUND('',#3299,.T.);
#620=FACE_BOUND('',#3300,.T.);
#621=FACE_BOUND('',#3301,.T.);
#622=FACE_BOUND('',#3302,.T.);
#623=FACE_BOUND('',#3303,.T.);
#624=FACE_BOUND('',#3304,.T.);
#625=FACE_BOUND('',#3307,.T.);
#626=FACE_BOUND('',#3308,.T.);
#627=FACE_BOUND('',#3309,.T.);
#628=FACE_BOUND('',#3310,.T.);
#629=FACE_BOUND('',#3311,.T.);
#630=FACE_BOUND('',#3312,.T.);
#631=FACE_BOUND('',#3313,.T.);
#632=FACE_BOUND('',#3314,.T.);
#633=FACE_BOUND('',#3315,.T.);
#634=FACE_BOUND('',#3316,.T.);
#635=FACE_BOUND('',#3317,.T.);
#636=FACE_BOUND('',#3318,.T.);
#637=FACE_BOUND('',#3319,.T.);
#638=FACE_BOUND('',#3320,.T.);
#639=FACE_BOUND('',#3321,.T.);
#640=FACE_BOUND('',#3322,.T.);
#641=FACE_BOUND('',#3325,.T.);
#642=FACE_BOUND('',#3326,.T.);
#643=FACE_BOUND('',#3327,.T.);
#644=FACE_BOUND('',#3328,.T.);
#645=FACE_BOUND('',#3329,.T.);
#646=FACE_BOUND('',#3330,.T.);
#647=FACE_BOUND('',#3331,.T.);
#648=FACE_BOUND('',#3332,.T.);
#649=FACE_BOUND('',#3333,.T.);
#650=FACE_BOUND('',#3334,.T.);
#651=FACE_BOUND('',#3335,.T.);
#652=FACE_BOUND('',#3336,.T.);
#653=FACE_BOUND('',#3365,.T.);
#654=FACE_BOUND('',#3366,.T.);
#655=FACE_BOUND('',#3367,.T.);
#656=FACE_BOUND('',#3368,.T.);
#657=FACE_BOUND('',#3379,.T.);
#658=FACE_BOUND('',#3380,.T.);
#659=FACE_BOUND('',#3381,.T.);
#660=FACE_BOUND('',#3382,.T.);
#661=FACE_BOUND('',#3429,.T.);
#662=FACE_BOUND('',#3430,.T.);
#663=FACE_BOUND('',#3431,.T.);
#664=FACE_BOUND('',#3432,.T.);
#665=FACE_BOUND('',#3433,.T.);
#666=FACE_BOUND('',#3434,.T.);
#667=FACE_BOUND('',#3435,.T.);
#668=FACE_BOUND('',#3436,.T.);
#669=FACE_BOUND('',#3437,.T.);
#670=FACE_BOUND('',#3438,.T.);
#671=FACE_BOUND('',#3439,.T.);
#672=FACE_BOUND('',#3440,.T.);
#673=FACE_BOUND('',#3441,.T.);
#674=FACE_BOUND('',#3442,.T.);
#675=FACE_BOUND('',#3443,.T.);
#676=FACE_BOUND('',#3444,.T.);
#677=FACE_BOUND('',#3445,.T.);
#678=FACE_BOUND('',#3446,.T.);
#679=FACE_BOUND('',#3447,.T.);
#680=FACE_BOUND('',#3448,.T.);
#681=FACE_BOUND('',#3449,.T.);
#682=FACE_BOUND('',#3450,.T.);
#683=FACE_BOUND('',#3451,.T.);
#684=FACE_BOUND('',#3452,.T.);
#685=FACE_BOUND('',#3453,.T.);
#686=FACE_BOUND('',#3454,.T.);
#687=FACE_BOUND('',#3455,.T.);
#688=FACE_BOUND('',#3456,.T.);
#689=FACE_BOUND('',#3457,.T.);
#690=FACE_BOUND('',#3458,.T.);
#691=FACE_BOUND('',#3459,.T.);
#692=FACE_BOUND('',#3460,.T.);
#693=FACE_BOUND('',#3511,.T.);
#694=FACE_BOUND('',#3512,.T.);
#695=FACE_BOUND('',#3513,.T.);
#696=FACE_BOUND('',#3514,.T.);
#697=FACE_BOUND('',#3525,.T.);
#698=FACE_BOUND('',#3526,.T.);
#699=FACE_BOUND('',#3527,.T.);
#700=FACE_BOUND('',#3528,.T.);
#701=FACE_BOUND('',#3529,.T.);
#702=FACE_BOUND('',#3530,.T.);
#703=FACE_BOUND('',#3531,.T.);
#704=FACE_BOUND('',#3532,.T.);
#705=FACE_BOUND('',#3533,.T.);
#706=FACE_BOUND('',#3534,.T.);
#707=FACE_BOUND('',#3535,.T.);
#708=FACE_BOUND('',#3536,.T.);
#709=FACE_BOUND('',#3539,.T.);
#710=FACE_BOUND('',#3540,.T.);
#711=FACE_BOUND('',#3541,.T.);
#712=FACE_BOUND('',#3542,.T.);
#713=FACE_BOUND('',#3543,.T.);
#714=FACE_BOUND('',#3544,.T.);
#715=FACE_BOUND('',#3545,.T.);
#716=FACE_BOUND('',#3546,.T.);
#717=FACE_BOUND('',#3547,.T.);
#718=FACE_BOUND('',#3548,.T.);
#719=FACE_BOUND('',#3549,.T.);
#720=FACE_BOUND('',#3550,.T.);
#721=FACE_BOUND('',#3551,.T.);
#722=FACE_BOUND('',#3552,.T.);
#723=FACE_BOUND('',#3553,.T.);
#724=FACE_BOUND('',#3554,.T.);
#725=FACE_BOUND('',#3555,.T.);
#726=FACE_BOUND('',#3556,.T.);
#727=FACE_BOUND('',#3557,.T.);
#728=FACE_BOUND('',#3558,.T.);
#729=FACE_BOUND('',#3559,.T.);
#730=FACE_BOUND('',#3560,.T.);
#731=FACE_BOUND('',#3561,.T.);
#732=FACE_BOUND('',#3562,.T.);
#733=FACE_BOUND('',#3563,.T.);
#734=FACE_BOUND('',#3564,.T.);
#735=FACE_BOUND('',#3565,.T.);
#736=FACE_BOUND('',#3566,.T.);
#737=FACE_BOUND('',#3567,.T.);
#738=FACE_BOUND('',#3568,.T.);
#739=FACE_BOUND('',#3569,.T.);
#740=FACE_BOUND('',#3570,.T.);
#741=FACE_BOUND('',#3571,.T.);
#742=FACE_BOUND('',#3572,.T.);
#743=FACE_BOUND('',#3573,.T.);
#744=FACE_BOUND('',#3574,.T.);
#745=FACE_BOUND('',#3575,.T.);
#746=FACE_BOUND('',#3576,.T.);
#747=FACE_BOUND('',#3577,.T.);
#748=FACE_BOUND('',#3578,.T.);
#749=FACE_BOUND('',#3579,.T.);
#750=FACE_BOUND('',#3580,.T.);
#751=FACE_BOUND('',#3582,.T.);
#752=FACE_BOUND('',#3583,.T.);
#753=FACE_BOUND('',#3591,.T.);
#754=FACE_BOUND('',#3592,.T.);
#755=FACE_BOUND('',#3593,.T.);
#756=FACE_BOUND('',#3594,.T.);
#757=FACE_BOUND('',#3595,.T.);
#758=FACE_BOUND('',#3596,.T.);
#759=FACE_BOUND('',#3597,.T.);
#760=FACE_BOUND('',#3598,.T.);
#761=FACE_BOUND('',#3599,.T.);
#762=FACE_BOUND('',#3603,.T.);
#763=FACE_BOUND('',#3604,.T.);
#764=FACE_BOUND('',#3605,.T.);
#765=FACE_BOUND('',#3606,.T.);
#766=FACE_BOUND('',#3607,.T.);
#767=FACE_BOUND('',#3611,.T.);
#768=FACE_BOUND('',#3612,.T.);
#769=FACE_BOUND('',#3613,.T.);
#770=FACE_BOUND('',#3614,.T.);
#771=FACE_BOUND('',#3615,.T.);
#772=FACE_BOUND('',#3616,.T.);
#773=FACE_BOUND('',#3617,.T.);
#774=FACE_BOUND('',#3618,.T.);
#775=FACE_BOUND('',#3619,.T.);
#776=FACE_BOUND('',#3620,.T.);
#777=FACE_BOUND('',#3621,.T.);
#778=FACE_BOUND('',#3622,.T.);
#779=FACE_BOUND('',#3623,.T.);
#780=FACE_BOUND('',#3626,.T.);
#781=FACE_BOUND('',#3627,.T.);
#782=FACE_BOUND('',#3628,.T.);
#783=FACE_BOUND('',#3636,.T.);
#784=FACE_BOUND('',#3637,.T.);
#785=FACE_BOUND('',#3638,.T.);
#786=FACE_BOUND('',#3640,.T.);
#787=FACE_BOUND('',#3641,.T.);
#788=FACE_BOUND('',#3642,.T.);
#789=FACE_BOUND('',#3650,.T.);
#790=FACE_BOUND('',#3651,.T.);
#791=FACE_BOUND('',#3652,.T.);
#792=FACE_BOUND('',#3653,.T.);
#793=FACE_BOUND('',#3654,.T.);
#794=FACE_BOUND('',#3655,.T.);
#795=FACE_BOUND('',#3656,.T.);
#796=FACE_BOUND('',#3657,.T.);
#797=FACE_BOUND('',#3658,.T.);
#798=FACE_BOUND('',#3659,.T.);
#799=FACE_BOUND('',#3660,.T.);
#800=FACE_BOUND('',#3661,.T.);
#801=FACE_BOUND('',#3662,.T.);
#802=FACE_BOUND('',#3663,.T.);
#803=FACE_BOUND('',#3664,.T.);
#804=FACE_BOUND('',#3668,.T.);
#805=FACE_BOUND('',#3669,.T.);
#806=FACE_BOUND('',#3670,.T.);
#807=FACE_BOUND('',#3671,.T.);
#808=FACE_BOUND('',#3672,.T.);
#809=FACE_BOUND('',#3673,.T.);
#810=FACE_BOUND('',#3674,.T.);
#811=FACE_BOUND('',#3675,.T.);
#812=FACE_BOUND('',#3676,.T.);
#813=FACE_BOUND('',#3680,.T.);
#814=FACE_BOUND('',#3681,.T.);
#815=FACE_BOUND('',#3682,.T.);
#816=FACE_BOUND('',#3683,.T.);
#817=FACE_BOUND('',#3684,.T.);
#818=FACE_BOUND('',#3685,.T.);
#819=FACE_BOUND('',#3687,.T.);
#820=FACE_BOUND('',#3688,.T.);
#821=FACE_BOUND('',#3690,.T.);
#822=FACE_BOUND('',#3691,.T.);
#823=FACE_BOUND('',#3692,.T.);
#824=FACE_BOUND('',#3693,.T.);
#825=FACE_BOUND('',#3694,.T.);
#826=FACE_BOUND('',#3695,.T.);
#827=FACE_BOUND('',#3696,.T.);
#828=FACE_BOUND('',#3697,.T.);
#829=FACE_BOUND('',#3700,.T.);
#830=FACE_BOUND('',#3701,.T.);
#831=FACE_BOUND('',#3702,.T.);
#832=FACE_BOUND('',#3703,.T.);
#833=FACE_BOUND('',#3708,.T.);
#834=FACE_BOUND('',#3709,.T.);
#835=FACE_BOUND('',#3711,.T.);
#836=FACE_BOUND('',#3712,.T.);
#837=FACE_BOUND('',#3713,.T.);
#838=FACE_BOUND('',#3714,.T.);
#839=CIRCLE('',#9666,3.);
#840=CIRCLE('',#9667,3.);
#841=CIRCLE('',#9669,3.);
#842=CIRCLE('',#9670,3.);
#843=CIRCLE('',#9672,3.);
#844=CIRCLE('',#9673,3.);
#845=CIRCLE('',#9675,3.);
#846=CIRCLE('',#9676,3.);
#847=CIRCLE('',#9680,3.);
#848=CIRCLE('',#9682,3.);
#849=CIRCLE('',#9684,3.);
#850=CIRCLE('',#9685,3.);
#851=CIRCLE('',#9687,3.);
#852=CIRCLE('',#9689,3.);
#853=CIRCLE('',#9690,3.);
#854=CIRCLE('',#9692,3.);
#855=CIRCLE('',#9720,3.);
#856=CIRCLE('',#9721,3.);
#857=CIRCLE('',#9723,3.);
#858=CIRCLE('',#9724,3.);
#859=CIRCLE('',#9726,3.);
#860=CIRCLE('',#9727,3.);
#861=CIRCLE('',#9729,3.);
#862=CIRCLE('',#9730,3.);
#863=CIRCLE('',#9734,3.);
#864=CIRCLE('',#9736,3.);
#865=CIRCLE('',#9738,3.);
#866=CIRCLE('',#9740,3.);
#867=CIRCLE('',#9741,3.);
#868=CIRCLE('',#9743,3.);
#869=CIRCLE('',#9745,3.);
#870=CIRCLE('',#9746,3.);
#871=CIRCLE('',#9762,1.5);
#872=CIRCLE('',#9769,1.5);
#873=CIRCLE('',#9785,3.);
#874=CIRCLE('',#9786,3.);
#875=CIRCLE('',#9789,3.);
#876=CIRCLE('',#9790,3.);
#877=CIRCLE('',#9794,3.);
#878=CIRCLE('',#9796,3.);
#879=CIRCLE('',#9799,3.);
#880=CIRCLE('',#9802,3.);
#881=CIRCLE('',#9815,3.);
#882=CIRCLE('',#9816,3.);
#883=CIRCLE('',#9819,3.);
#884=CIRCLE('',#9820,3.);
#885=CIRCLE('',#9824,3.);
#886=CIRCLE('',#9826,3.);
#887=CIRCLE('',#9829,3.);
#888=CIRCLE('',#9832,3.);
#889=CIRCLE('',#9845,3.);
#890=CIRCLE('',#9846,3.);
#891=CIRCLE('',#9849,3.);
#892=CIRCLE('',#9850,3.);
#893=CIRCLE('',#9854,3.);
#894=CIRCLE('',#9856,3.);
#895=CIRCLE('',#9859,3.);
#896=CIRCLE('',#9862,3.);
#897=CIRCLE('',#9868,3.);
#898=CIRCLE('',#9869,3.);
#899=CIRCLE('',#9871,3.);
#900=CIRCLE('',#9872,3.);
#901=CIRCLE('',#9874,3.);
#902=CIRCLE('',#9875,3.);
#903=CIRCLE('',#9877,3.);
#904=CIRCLE('',#9878,3.);
#905=CIRCLE('',#9882,3.);
#906=CIRCLE('',#9884,3.);
#907=CIRCLE('',#9886,3.);
#908=CIRCLE('',#9888,3.);
#909=CIRCLE('',#9889,3.);
#910=CIRCLE('',#9891,3.);
#911=CIRCLE('',#9893,3.);
#912=CIRCLE('',#9894,3.);
#913=CIRCLE('',#9905,3.);
#914=CIRCLE('',#9906,3.);
#915=CIRCLE('',#9909,3.);
#916=CIRCLE('',#9910,3.);
#917=CIRCLE('',#9914,3.);
#918=CIRCLE('',#9916,3.);
#919=CIRCLE('',#9919,3.);
#920=CIRCLE('',#9922,3.);
#921=CIRCLE('',#9934,3.);
#922=CIRCLE('',#9935,3.);
#923=CIRCLE('',#9937,3.);
#924=CIRCLE('',#9938,3.);
#925=CIRCLE('',#9940,3.);
#926=CIRCLE('',#9941,3.);
#927=CIRCLE('',#9943,3.);
#928=CIRCLE('',#9944,3.);
#929=CIRCLE('',#9948,3.);
#930=CIRCLE('',#9950,3.);
#931=CIRCLE('',#9952,3.);
#932=CIRCLE('',#9954,3.);
#933=CIRCLE('',#9955,3.);
#934=CIRCLE('',#9957,3.);
#935=CIRCLE('',#9959,3.);
#936=CIRCLE('',#9960,3.);
#937=CIRCLE('',#10049,7.00000000000009);
#938=CIRCLE('',#10050,7.00000000000009);
#939=CIRCLE('',#10053,7.00000000000009);
#940=CIRCLE('',#10054,7.00000000000009);
#941=CIRCLE('',#10057,6.99999999999994);
#942=CIRCLE('',#10058,6.99999999999994);
#943=CIRCLE('',#10061,6.99999999999994);
#944=CIRCLE('',#10062,6.99999999999994);
#945=CIRCLE('',#10066,2.5);
#946=CIRCLE('',#10067,2.5);
#947=CIRCLE('',#10069,2.5);
#948=CIRCLE('',#10071,2.5);
#949=CIRCLE('',#10073,2.5);
#950=CIRCLE('',#10075,2.5);
#951=CIRCLE('',#10077,2.5);
#952=CIRCLE('',#10079,2.5);
#953=CIRCLE('',#10081,2.5);
#954=CIRCLE('',#10083,2.5);
#955=CIRCLE('',#10085,2.5);
#956=CIRCLE('',#10087,2.5);
#957=CIRCLE('',#10089,2.5);
#958=CIRCLE('',#10091,2.5);
#959=CIRCLE('',#10093,2.5);
#960=CIRCLE('',#10095,2.5);
#961=CIRCLE('',#10098,5.99999999999988);
#962=CIRCLE('',#10099,5.99999999999988);
#963=CIRCLE('',#10100,5.99999999999988);
#964=CIRCLE('',#10101,5.99999999999988);
#965=CIRCLE('',#10104,5.99999999999997);
#966=CIRCLE('',#10105,5.99999999999997);
#967=CIRCLE('',#10106,5.99999999999997);
#968=CIRCLE('',#10107,5.99999999999997);
#969=CIRCLE('',#10112,11.);
#970=CIRCLE('',#10113,11.);
#971=CIRCLE('',#10115,11.);
#972=CIRCLE('',#10116,11.);
#973=CIRCLE('',#10118,11.);
#974=CIRCLE('',#10119,11.);
#975=CIRCLE('',#10121,11.);
#976=CIRCLE('',#10122,11.);
#977=CIRCLE('',#10176,9.99999999999995);
#978=CIRCLE('',#10177,9.99999999999985);
#979=CIRCLE('',#10182,1.);
#980=CIRCLE('',#10183,1.);
#981=CIRCLE('',#10186,1.);
#982=CIRCLE('',#10188,1.);
#983=CIRCLE('',#10191,1.);
#984=CIRCLE('',#10192,1.);
#985=CIRCLE('',#10195,1.);
#986=CIRCLE('',#10197,1.);
#987=CIRCLE('',#10200,1.);
#988=CIRCLE('',#10201,1.);
#989=CIRCLE('',#10204,1.);
#990=CIRCLE('',#10206,1.);
#991=CIRCLE('',#10209,1.);
#992=CIRCLE('',#10211,1.);
#993=CIRCLE('',#10213,1.);
#994=CIRCLE('',#10215,1.);
#995=CIRCLE('',#10218,10.0000000000003);
#996=CIRCLE('',#10220,9.9999999999998);
#997=CIRCLE('',#10221,9.9999999999998);
#998=CIRCLE('',#10222,9.9999999999998);
#999=CIRCLE('',#10226,5.);
#1000=CIRCLE('',#10227,12.);
#1001=CIRCLE('',#10228,5.);
#1002=CIRCLE('',#10230,5.);
#1003=CIRCLE('',#10231,12.);
#1004=CIRCLE('',#10232,5.);
#1005=CIRCLE('',#10237,12.);
#1006=CIRCLE('',#10238,12.);
#1007=CIRCLE('',#10240,10.);
#1008=CIRCLE('',#10241,10.);
#1009=CIRCLE('',#10248,5.);
#1010=CIRCLE('',#10249,5.);
#1011=CIRCLE('',#10250,5.);
#1012=CIRCLE('',#10251,5.);
#1013=CIRCLE('',#10256,5.);
#1014=CIRCLE('',#10257,5.);
#1015=CIRCLE('',#10258,5.);
#1016=CIRCLE('',#10259,5.);
#1017=CIRCLE('',#10267,5.);
#1018=CIRCLE('',#10268,5.);
#1019=CIRCLE('',#10270,2.);
#1020=CIRCLE('',#10271,2.);
#1021=CIRCLE('',#10274,7.00000000000002);
#1022=CIRCLE('',#10275,7.00000000000002);
#1023=CIRCLE('',#10278,7.00000000000002);
#1024=CIRCLE('',#10279,7.00000000000002);
#1025=CIRCLE('',#10282,2.);
#1026=CIRCLE('',#10283,2.);
#1027=CIRCLE('',#10285,5.);
#1028=CIRCLE('',#10286,5.);
#1029=CIRCLE('',#10289,5.);
#1030=CIRCLE('',#10290,5.);
#1031=CIRCLE('',#10292,7.00000000000005);
#1032=CIRCLE('',#10293,7.00000000000005);
#1033=CIRCLE('',#10296,2.);
#1034=CIRCLE('',#10297,2.);
#1035=CIRCLE('',#10300,2.);
#1036=CIRCLE('',#10301,2.);
#1037=CIRCLE('',#10304,7.00000000000006);
#1038=CIRCLE('',#10305,7.00000000000006);
#1039=CIRCLE('',#10307,5.);
#1040=CIRCLE('',#10308,5.);
#1041=CIRCLE('',#10310,12.);
#1042=CIRCLE('',#10311,10.);
#1043=CIRCLE('',#10313,12.);
#1044=CIRCLE('',#10314,10.);
#1045=CIRCLE('',#10324,25.0000000000002);
#1046=CIRCLE('',#10325,25.0000000000002);
#1047=CIRCLE('',#10327,3.);
#1048=CIRCLE('',#10328,3.);
#1049=CIRCLE('',#10330,3.);
#1050=CIRCLE('',#10331,3.);
#1051=CIRCLE('',#10333,10.0000000000002);
#1052=CIRCLE('',#10334,10.0000000000002);
#1053=CIRCLE('',#10340,6.);
#1054=CIRCLE('',#10343,6.);
#1055=CIRCLE('',#10346,12.5);
#1056=CIRCLE('',#10347,12.5);
#1057=CIRCLE('',#10348,12.5);
#1058=CIRCLE('',#10350,10.5);
#1059=CIRCLE('',#10351,10.5);
#1060=CIRCLE('',#10353,10.);
#1061=CIRCLE('',#10355,10.);
#1062=CIRCLE('',#10358,10.);
#1063=CIRCLE('',#10359,5.);
#1064=CIRCLE('',#10360,5.);
#1065=CIRCLE('',#10365,5.);
#1066=CIRCLE('',#10366,5.);
#1067=CIRCLE('',#10368,10.);
#1068=PRESENTATION_LAYER_ASSIGNMENT('1','Layer 1',(#1486,#1487,#1488,#1489,
#1490,#1491,#1492,#1493,#1494,#1495,#1496,#1497,#1498,#1499,#1500,#1501,
#1502,#1503,#1504,#1505,#1506,#1507,#1508,#1509,#1510,#1511,#1512,#1513,
#1514,#1515,#1516,#1517,#1518,#1519,#1520,#1521,#1522,#1523,#1524,#1525,
#1526,#1527,#1528,#1529,#1530,#1531,#1532,#1533,#1534,#1535,#1536,#1537));
#1069=STYLED_ITEM('',(#1136),#1486);
#1070=STYLED_ITEM('',(#1137),#1487);
#1071=STYLED_ITEM('',(#1138),#1488);
#1072=STYLED_ITEM('',(#1139),#1489);
#1073=STYLED_ITEM('',(#1140),#1490);
#1074=STYLED_ITEM('',(#1141),#1491);
#1075=STYLED_ITEM('',(#1142),#1492);
#1076=STYLED_ITEM('',(#1143),#1493);
#1077=STYLED_ITEM('',(#1144),#1494);
#1078=STYLED_ITEM('',(#1145),#1495);
#1079=STYLED_ITEM('',(#1146),#1496);
#1080=STYLED_ITEM('',(#1147),#1497);
#1081=STYLED_ITEM('',(#1148),#1498);
#1082=STYLED_ITEM('',(#1149),#1499);
#1083=STYLED_ITEM('',(#1150),#1500);
#1084=STYLED_ITEM('',(#1151),#1501);
#1085=STYLED_ITEM('',(#1152),#1502);
#1086=STYLED_ITEM('',(#1153),#1503);
#1087=STYLED_ITEM('',(#1154),#1504);
#1088=STYLED_ITEM('',(#1155),#1505);
#1089=STYLED_ITEM('',(#1156),#1506);
#1090=STYLED_ITEM('',(#1157),#1507);
#1091=STYLED_ITEM('',(#1158),#1508);
#1092=STYLED_ITEM('',(#1159),#1509);
#1093=STYLED_ITEM('',(#1160),#1510);
#1094=STYLED_ITEM('',(#1161),#1511);
#1095=STYLED_ITEM('',(#1162),#1512);
#1096=STYLED_ITEM('',(#1163),#1513);
#1097=STYLED_ITEM('',(#1164),#1514);
#1098=STYLED_ITEM('',(#1165),#1515);
#1099=STYLED_ITEM('',(#1166),#1516);
#1100=STYLED_ITEM('',(#1167),#1517);
#1101=STYLED_ITEM('',(#1168),#1518);
#1102=STYLED_ITEM('',(#1169),#1519);
#1103=STYLED_ITEM('',(#1170),#1520);
#1104=STYLED_ITEM('',(#1171),#1521);
#1105=STYLED_ITEM('',(#1172),#1522);
#1106=STYLED_ITEM('',(#1173),#1523);
#1107=STYLED_ITEM('',(#1174),#1524);
#1108=STYLED_ITEM('',(#1175),#1525);
#1109=STYLED_ITEM('',(#1176),#1526);
#1110=STYLED_ITEM('',(#1177),#1527);
#1111=STYLED_ITEM('',(#1178),#1528);
#1112=STYLED_ITEM('',(#1179),#1529);
#1113=STYLED_ITEM('',(#1180),#1530);
#1114=STYLED_ITEM('',(#1181),#1531);
#1115=STYLED_ITEM('',(#1182),#1532);
#1116=STYLED_ITEM('',(#1183),#1533);
#1117=STYLED_ITEM('',(#1184),#1534);
#1118=STYLED_ITEM('',(#1185),#1535);
#1119=STYLED_ITEM('',(#1186),#1536);
#1120=STYLED_ITEM('',(#1187),#1537);
#1121=STYLED_ITEM('',(#1189),#11);
#1122=STYLED_ITEM('',(#1191),#12);
#1123=STYLED_ITEM('',(#1193),#13);
#1124=STYLED_ITEM('',(#1195),#14);
#1125=STYLED_ITEM('',(#1197),#15);
#1126=STYLED_ITEM('',(#1199),#16);
#1127=STYLED_ITEM('',(#1201),#17);
#1128=STYLED_ITEM('',(#1203),#18);
#1129=STYLED_ITEM('',(#1205),#19);
#1130=STYLED_ITEM('',(#1207),#20);
#1131=STYLED_ITEM('',(#1209),#21);
#1132=STYLED_ITEM('',(#1211),#22);
#1133=STYLED_ITEM('',(#1213),#23);
#1134=STYLED_ITEM('',(#1215),#24);
#1135=STYLED_ITEM('',(#1217),#25);
#1136=PRESENTATION_STYLE_ASSIGNMENT((#1218));
#1137=PRESENTATION_STYLE_ASSIGNMENT((#1219));
#1138=PRESENTATION_STYLE_ASSIGNMENT((#1220));
#1139=PRESENTATION_STYLE_ASSIGNMENT((#1221));
#1140=PRESENTATION_STYLE_ASSIGNMENT((#1222));
#1141=PRESENTATION_STYLE_ASSIGNMENT((#1223));
#1142=PRESENTATION_STYLE_ASSIGNMENT((#1224));
#1143=PRESENTATION_STYLE_ASSIGNMENT((#1225));
#1144=PRESENTATION_STYLE_ASSIGNMENT((#1226));
#1145=PRESENTATION_STYLE_ASSIGNMENT((#1227));
#1146=PRESENTATION_STYLE_ASSIGNMENT((#1228));
#1147=PRESENTATION_STYLE_ASSIGNMENT((#1229));
#1148=PRESENTATION_STYLE_ASSIGNMENT((#1230));
#1149=PRESENTATION_STYLE_ASSIGNMENT((#1231));
#1150=PRESENTATION_STYLE_ASSIGNMENT((#1232));
#1151=PRESENTATION_STYLE_ASSIGNMENT((#1233));
#1152=PRESENTATION_STYLE_ASSIGNMENT((#1234));
#1153=PRESENTATION_STYLE_ASSIGNMENT((#1235));
#1154=PRESENTATION_STYLE_ASSIGNMENT((#1236));
#1155=PRESENTATION_STYLE_ASSIGNMENT((#1237));
#1156=PRESENTATION_STYLE_ASSIGNMENT((#1238));
#1157=PRESENTATION_STYLE_ASSIGNMENT((#1239));
#1158=PRESENTATION_STYLE_ASSIGNMENT((#1240));
#1159=PRESENTATION_STYLE_ASSIGNMENT((#1241));
#1160=PRESENTATION_STYLE_ASSIGNMENT((#1242));
#1161=PRESENTATION_STYLE_ASSIGNMENT((#1243));
#1162=PRESENTATION_STYLE_ASSIGNMENT((#1244));
#1163=PRESENTATION_STYLE_ASSIGNMENT((#1245));
#1164=PRESENTATION_STYLE_ASSIGNMENT((#1246));
#1165=PRESENTATION_STYLE_ASSIGNMENT((#1247));
#1166=PRESENTATION_STYLE_ASSIGNMENT((#1248));
#1167=PRESENTATION_STYLE_ASSIGNMENT((#1249));
#1168=PRESENTATION_STYLE_ASSIGNMENT((#1250));
#1169=PRESENTATION_STYLE_ASSIGNMENT((#1251));
#1170=PRESENTATION_STYLE_ASSIGNMENT((#1252));
#1171=PRESENTATION_STYLE_ASSIGNMENT((#1253));
#1172=PRESENTATION_STYLE_ASSIGNMENT((#1254));
#1173=PRESENTATION_STYLE_ASSIGNMENT((#1255));
#1174=PRESENTATION_STYLE_ASSIGNMENT((#1256));
#1175=PRESENTATION_STYLE_ASSIGNMENT((#1257));
#1176=PRESENTATION_STYLE_ASSIGNMENT((#1258));
#1177=PRESENTATION_STYLE_ASSIGNMENT((#1259));
#1178=PRESENTATION_STYLE_ASSIGNMENT((#1260));
#1179=PRESENTATION_STYLE_ASSIGNMENT((#1261));
#1180=PRESENTATION_STYLE_ASSIGNMENT((#1262));
#1181=PRESENTATION_STYLE_ASSIGNMENT((#1263));
#1182=PRESENTATION_STYLE_ASSIGNMENT((#1264));
#1183=PRESENTATION_STYLE_ASSIGNMENT((#1265));
#1184=PRESENTATION_STYLE_ASSIGNMENT((#1266));
#1185=PRESENTATION_STYLE_ASSIGNMENT((#1267));
#1186=PRESENTATION_STYLE_ASSIGNMENT((#1268));
#1187=PRESENTATION_STYLE_ASSIGNMENT((#1269));
#1188=PRESENTATION_STYLE_ASSIGNMENT((NULL_STYLE(.NULL.)));
#1189=PRESENTATION_STYLE_ASSIGNMENT((NULL_STYLE(.NULL.)));
#1190=PRESENTATION_STYLE_ASSIGNMENT((NULL_STYLE(.NULL.)));
#1191=PRESENTATION_STYLE_ASSIGNMENT((NULL_STYLE(.NULL.)));
#1192=PRESENTATION_STYLE_ASSIGNMENT((NULL_STYLE(.NULL.)));
#1193=PRESENTATION_STYLE_ASSIGNMENT((NULL_STYLE(.NULL.)));
#1194=PRESENTATION_STYLE_ASSIGNMENT((NULL_STYLE(.NULL.)));
#1195=PRESENTATION_STYLE_ASSIGNMENT((NULL_STYLE(.NULL.)));
#1196=PRESENTATION_STYLE_ASSIGNMENT((NULL_STYLE(.NULL.)));
#1197=PRESENTATION_STYLE_ASSIGNMENT((NULL_STYLE(.NULL.)));
#1198=PRESENTATION_STYLE_ASSIGNMENT((NULL_STYLE(.NULL.)));
#1199=PRESENTATION_STYLE_ASSIGNMENT((NULL_STYLE(.NULL.)));
#1200=PRESENTATION_STYLE_ASSIGNMENT((NULL_STYLE(.NULL.)));
#1201=PRESENTATION_STYLE_ASSIGNMENT((NULL_STYLE(.NULL.)));
#1202=PRESENTATION_STYLE_ASSIGNMENT((NULL_STYLE(.NULL.)));
#1203=PRESENTATION_STYLE_ASSIGNMENT((NULL_STYLE(.NULL.)));
#1204=PRESENTATION_STYLE_ASSIGNMENT((NULL_STYLE(.NULL.)));
#1205=PRESENTATION_STYLE_ASSIGNMENT((NULL_STYLE(.NULL.)));
#1206=PRESENTATION_STYLE_ASSIGNMENT((NULL_STYLE(.NULL.)));
#1207=PRESENTATION_STYLE_ASSIGNMENT((NULL_STYLE(.NULL.)));
#1208=PRESENTATION_STYLE_ASSIGNMENT((NULL_STYLE(.NULL.)));
#1209=PRESENTATION_STYLE_ASSIGNMENT((NULL_STYLE(.NULL.)));
#1210=PRESENTATION_STYLE_ASSIGNMENT((NULL_STYLE(.NULL.)));
#1211=PRESENTATION_STYLE_ASSIGNMENT((NULL_STYLE(.NULL.)));
#1212=PRESENTATION_STYLE_ASSIGNMENT((NULL_STYLE(.NULL.)));
#1213=PRESENTATION_STYLE_ASSIGNMENT((NULL_STYLE(.NULL.)));
#1214=PRESENTATION_STYLE_ASSIGNMENT((NULL_STYLE(.NULL.)));
#1215=PRESENTATION_STYLE_ASSIGNMENT((NULL_STYLE(.NULL.)));
#1216=PRESENTATION_STYLE_ASSIGNMENT((NULL_STYLE(.NULL.)));
#1217=PRESENTATION_STYLE_ASSIGNMENT((NULL_STYLE(.NULL.)));
#1218=SURFACE_STYLE_USAGE(.BOTH.,#1270);
#1219=SURFACE_STYLE_USAGE(.BOTH.,#1271);
#1220=SURFACE_STYLE_USAGE(.BOTH.,#1272);
#1221=SURFACE_STYLE_USAGE(.BOTH.,#1273);
#1222=SURFACE_STYLE_USAGE(.BOTH.,#1274);
#1223=SURFACE_STYLE_USAGE(.BOTH.,#1275);
#1224=SURFACE_STYLE_USAGE(.BOTH.,#1276);
#1225=SURFACE_STYLE_USAGE(.BOTH.,#1277);
#1226=SURFACE_STYLE_USAGE(.BOTH.,#1278);
#1227=SURFACE_STYLE_USAGE(.BOTH.,#1279);
#1228=SURFACE_STYLE_USAGE(.BOTH.,#1280);
#1229=SURFACE_STYLE_USAGE(.BOTH.,#1281);
#1230=SURFACE_STYLE_USAGE(.BOTH.,#1282);
#1231=SURFACE_STYLE_USAGE(.BOTH.,#1283);
#1232=SURFACE_STYLE_USAGE(.BOTH.,#1284);
#1233=SURFACE_STYLE_USAGE(.BOTH.,#1285);
#1234=SURFACE_STYLE_USAGE(.BOTH.,#1286);
#1235=SURFACE_STYLE_USAGE(.BOTH.,#1287);
#1236=SURFACE_STYLE_USAGE(.BOTH.,#1288);
#1237=SURFACE_STYLE_USAGE(.BOTH.,#1289);
#1238=SURFACE_STYLE_USAGE(.BOTH.,#1290);
#1239=SURFACE_STYLE_USAGE(.BOTH.,#1291);
#1240=SURFACE_STYLE_USAGE(.BOTH.,#1292);
#1241=SURFACE_STYLE_USAGE(.BOTH.,#1293);
#1242=SURFACE_STYLE_USAGE(.BOTH.,#1294);
#1243=SURFACE_STYLE_USAGE(.BOTH.,#1295);
#1244=SURFACE_STYLE_USAGE(.BOTH.,#1296);
#1245=SURFACE_STYLE_USAGE(.BOTH.,#1297);
#1246=SURFACE_STYLE_USAGE(.BOTH.,#1298);
#1247=SURFACE_STYLE_USAGE(.BOTH.,#1299);
#1248=SURFACE_STYLE_USAGE(.BOTH.,#1300);
#1249=SURFACE_STYLE_USAGE(.BOTH.,#1301);
#1250=SURFACE_STYLE_USAGE(.BOTH.,#1302);
#1251=SURFACE_STYLE_USAGE(.BOTH.,#1303);
#1252=SURFACE_STYLE_USAGE(.BOTH.,#1304);
#1253=SURFACE_STYLE_USAGE(.BOTH.,#1305);
#1254=SURFACE_STYLE_USAGE(.BOTH.,#1306);
#1255=SURFACE_STYLE_USAGE(.BOTH.,#1307);
#1256=SURFACE_STYLE_USAGE(.BOTH.,#1308);
#1257=SURFACE_STYLE_USAGE(.BOTH.,#1309);
#1258=SURFACE_STYLE_USAGE(.BOTH.,#1310);
#1259=SURFACE_STYLE_USAGE(.BOTH.,#1311);
#1260=SURFACE_STYLE_USAGE(.BOTH.,#1312);
#1261=SURFACE_STYLE_USAGE(.BOTH.,#1313);
#1262=SURFACE_STYLE_USAGE(.BOTH.,#1314);
#1263=SURFACE_STYLE_USAGE(.BOTH.,#1315);
#1264=SURFACE_STYLE_USAGE(.BOTH.,#1316);
#1265=SURFACE_STYLE_USAGE(.BOTH.,#1317);
#1266=SURFACE_STYLE_USAGE(.BOTH.,#1318);
#1267=SURFACE_STYLE_USAGE(.BOTH.,#1319);
#1268=SURFACE_STYLE_USAGE(.BOTH.,#1320);
#1269=SURFACE_STYLE_USAGE(.BOTH.,#1321);
#1270=SURFACE_SIDE_STYLE('',(#1322));
#1271=SURFACE_SIDE_STYLE('',(#1323));
#1272=SURFACE_SIDE_STYLE('',(#1324));
#1273=SURFACE_SIDE_STYLE('',(#1325));
#1274=SURFACE_SIDE_STYLE('',(#1326));
#1275=SURFACE_SIDE_STYLE('',(#1327));
#1276=SURFACE_SIDE_STYLE('',(#1328));
#1277=SURFACE_SIDE_STYLE('',(#1329));
#1278=SURFACE_SIDE_STYLE('',(#1330));
#1279=SURFACE_SIDE_STYLE('',(#1331));
#1280=SURFACE_SIDE_STYLE('',(#1332));
#1281=SURFACE_SIDE_STYLE('',(#1333));
#1282=SURFACE_SIDE_STYLE('',(#1334));
#1283=SURFACE_SIDE_STYLE('',(#1335));
#1284=SURFACE_SIDE_STYLE('',(#1336));
#1285=SURFACE_SIDE_STYLE('',(#1337));
#1286=SURFACE_SIDE_STYLE('',(#1338));
#1287=SURFACE_SIDE_STYLE('',(#1339));
#1288=SURFACE_SIDE_STYLE('',(#1340));
#1289=SURFACE_SIDE_STYLE('',(#1341));
#1290=SURFACE_SIDE_STYLE('',(#1342));
#1291=SURFACE_SIDE_STYLE('',(#1343));
#1292=SURFACE_SIDE_STYLE('',(#1344));
#1293=SURFACE_SIDE_STYLE('',(#1345));
#1294=SURFACE_SIDE_STYLE('',(#1346));
#1295=SURFACE_SIDE_STYLE('',(#1347));
#1296=SURFACE_SIDE_STYLE('',(#1348));
#1297=SURFACE_SIDE_STYLE('',(#1349));
#1298=SURFACE_SIDE_STYLE('',(#1350));
#1299=SURFACE_SIDE_STYLE('',(#1351));
#1300=SURFACE_SIDE_STYLE('',(#1352));
#1301=SURFACE_SIDE_STYLE('',(#1353));
#1302=SURFACE_SIDE_STYLE('',(#1354));
#1303=SURFACE_SIDE_STYLE('',(#1355));
#1304=SURFACE_SIDE_STYLE('',(#1356));
#1305=SURFACE_SIDE_STYLE('',(#1357));
#1306=SURFACE_SIDE_STYLE('',(#1358));
#1307=SURFACE_SIDE_STYLE('',(#1359));
#1308=SURFACE_SIDE_STYLE('',(#1360));
#1309=SURFACE_SIDE_STYLE('',(#1361));
#1310=SURFACE_SIDE_STYLE('',(#1362));
#1311=SURFACE_SIDE_STYLE('',(#1363));
#1312=SURFACE_SIDE_STYLE('',(#1364));
#1313=SURFACE_SIDE_STYLE('',(#1365));
#1314=SURFACE_SIDE_STYLE('',(#1366));
#1315=SURFACE_SIDE_STYLE('',(#1367));
#1316=SURFACE_SIDE_STYLE('',(#1368));
#1317=SURFACE_SIDE_STYLE('',(#1369));
#1318=SURFACE_SIDE_STYLE('',(#1370));
#1319=SURFACE_SIDE_STYLE('',(#1371));
#1320=SURFACE_SIDE_STYLE('',(#1372));
#1321=SURFACE_SIDE_STYLE('',(#1373));
#1322=SURFACE_STYLE_FILL_AREA(#1374);
#1323=SURFACE_STYLE_FILL_AREA(#1375);
#1324=SURFACE_STYLE_FILL_AREA(#1376);
#1325=SURFACE_STYLE_FILL_AREA(#1377);
#1326=SURFACE_STYLE_FILL_AREA(#1378);
#1327=SURFACE_STYLE_FILL_AREA(#1379);
#1328=SURFACE_STYLE_FILL_AREA(#1380);
#1329=SURFACE_STYLE_FILL_AREA(#1381);
#1330=SURFACE_STYLE_FILL_AREA(#1382);
#1331=SURFACE_STYLE_FILL_AREA(#1383);
#1332=SURFACE_STYLE_FILL_AREA(#1384);
#1333=SURFACE_STYLE_FILL_AREA(#1385);
#1334=SURFACE_STYLE_FILL_AREA(#1386);
#1335=SURFACE_STYLE_FILL_AREA(#1387);
#1336=SURFACE_STYLE_FILL_AREA(#1388);
#1337=SURFACE_STYLE_FILL_AREA(#1389);
#1338=SURFACE_STYLE_FILL_AREA(#1390);
#1339=SURFACE_STYLE_FILL_AREA(#1391);
#1340=SURFACE_STYLE_FILL_AREA(#1392);
#1341=SURFACE_STYLE_FILL_AREA(#1393);
#1342=SURFACE_STYLE_FILL_AREA(#1394);
#1343=SURFACE_STYLE_FILL_AREA(#1395);
#1344=SURFACE_STYLE_FILL_AREA(#1396);
#1345=SURFACE_STYLE_FILL_AREA(#1397);
#1346=SURFACE_STYLE_FILL_AREA(#1398);
#1347=SURFACE_STYLE_FILL_AREA(#1399);
#1348=SURFACE_STYLE_FILL_AREA(#1400);
#1349=SURFACE_STYLE_FILL_AREA(#1401);
#1350=SURFACE_STYLE_FILL_AREA(#1402);
#1351=SURFACE_STYLE_FILL_AREA(#1403);
#1352=SURFACE_STYLE_FILL_AREA(#1404);
#1353=SURFACE_STYLE_FILL_AREA(#1405);
#1354=SURFACE_STYLE_FILL_AREA(#1406);
#1355=SURFACE_STYLE_FILL_AREA(#1407);
#1356=SURFACE_STYLE_FILL_AREA(#1408);
#1357=SURFACE_STYLE_FILL_AREA(#1409);
#1358=SURFACE_STYLE_FILL_AREA(#1410);
#1359=SURFACE_STYLE_FILL_AREA(#1411);
#1360=SURFACE_STYLE_FILL_AREA(#1412);
#1361=SURFACE_STYLE_FILL_AREA(#1413);
#1362=SURFACE_STYLE_FILL_AREA(#1414);
#1363=SURFACE_STYLE_FILL_AREA(#1415);
#1364=SURFACE_STYLE_FILL_AREA(#1416);
#1365=SURFACE_STYLE_FILL_AREA(#1417);
#1366=SURFACE_STYLE_FILL_AREA(#1418);
#1367=SURFACE_STYLE_FILL_AREA(#1419);
#1368=SURFACE_STYLE_FILL_AREA(#1420);
#1369=SURFACE_STYLE_FILL_AREA(#1421);
#1370=SURFACE_STYLE_FILL_AREA(#1422);
#1371=SURFACE_STYLE_FILL_AREA(#1423);
#1372=SURFACE_STYLE_FILL_AREA(#1424);
#1373=SURFACE_STYLE_FILL_AREA(#1425);
#1374=FILL_AREA_STYLE('',(#1426));
#1375=FILL_AREA_STYLE('',(#1427));
#1376=FILL_AREA_STYLE('',(#1428));
#1377=FILL_AREA_STYLE('',(#1429));
#1378=FILL_AREA_STYLE('',(#1430));
#1379=FILL_AREA_STYLE('',(#1431));
#1380=FILL_AREA_STYLE('',(#1432));
#1381=FILL_AREA_STYLE('',(#1433));
#1382=FILL_AREA_STYLE('',(#1434));
#1383=FILL_AREA_STYLE('',(#1435));
#1384=FILL_AREA_STYLE('',(#1436));
#1385=FILL_AREA_STYLE('',(#1437));
#1386=FILL_AREA_STYLE('',(#1438));
#1387=FILL_AREA_STYLE('',(#1439));
#1388=FILL_AREA_STYLE('',(#1440));
#1389=FILL_AREA_STYLE('',(#1441));
#1390=FILL_AREA_STYLE('',(#1442));
#1391=FILL_AREA_STYLE('',(#1443));
#1392=FILL_AREA_STYLE('',(#1444));
#1393=FILL_AREA_STYLE('',(#1445));
#1394=FILL_AREA_STYLE('',(#1446));
#1395=FILL_AREA_STYLE('',(#1447));
#1396=FILL_AREA_STYLE('',(#1448));
#1397=FILL_AREA_STYLE('',(#1449));
#1398=FILL_AREA_STYLE('',(#1450));
#1399=FILL_AREA_STYLE('',(#1451));
#1400=FILL_AREA_STYLE('',(#1452));
#1401=FILL_AREA_STYLE('',(#1453));
#1402=FILL_AREA_STYLE('',(#1454));
#1403=FILL_AREA_STYLE('',(#1455));
#1404=FILL_AREA_STYLE('',(#1456));
#1405=FILL_AREA_STYLE('',(#1457));
#1406=FILL_AREA_STYLE('',(#1458));
#1407=FILL_AREA_STYLE('',(#1459));
#1408=FILL_AREA_STYLE('',(#1460));
#1409=FILL_AREA_STYLE('',(#1461));
#1410=FILL_AREA_STYLE('',(#1462));
#1411=FILL_AREA_STYLE('',(#1463));
#1412=FILL_AREA_STYLE('',(#1464));
#1413=FILL_AREA_STYLE('',(#1465));
#1414=FILL_AREA_STYLE('',(#1466));
#1415=FILL_AREA_STYLE('',(#1467));
#1416=FILL_AREA_STYLE('',(#1468));
#1417=FILL_AREA_STYLE('',(#1469));
#1418=FILL_AREA_STYLE('',(#1470));
#1419=FILL_AREA_STYLE('',(#1471));
#1420=FILL_AREA_STYLE('',(#1472));
#1421=FILL_AREA_STYLE('',(#1473));
#1422=FILL_AREA_STYLE('',(#1474));
#1423=FILL_AREA_STYLE('',(#1475));
#1424=FILL_AREA_STYLE('',(#1476));
#1425=FILL_AREA_STYLE('',(#1477));
#1426=FILL_AREA_STYLE_COLOUR('',#1478);
#1427=FILL_AREA_STYLE_COLOUR('',#1479);
#1428=FILL_AREA_STYLE_COLOUR('',#1478);
#1429=FILL_AREA_STYLE_COLOUR('',#1478);
#1430=FILL_AREA_STYLE_COLOUR('',#1480);
#1431=FILL_AREA_STYLE_COLOUR('',#1481);
#1432=FILL_AREA_STYLE_COLOUR('',#1481);
#1433=FILL_AREA_STYLE_COLOUR('',#1481);
#1434=FILL_AREA_STYLE_COLOUR('',#1481);
#1435=FILL_AREA_STYLE_COLOUR('',#1481);
#1436=FILL_AREA_STYLE_COLOUR('',#1482);
#1437=FILL_AREA_STYLE_COLOUR('',#1482);
#1438=FILL_AREA_STYLE_COLOUR('',#1482);
#1439=FILL_AREA_STYLE_COLOUR('',#1482);
#1440=FILL_AREA_STYLE_COLOUR('',#1482);
#1441=FILL_AREA_STYLE_COLOUR('',#1482);
#1442=FILL_AREA_STYLE_COLOUR('',#1482);
#1443=FILL_AREA_STYLE_COLOUR('',#1482);
#1444=FILL_AREA_STYLE_COLOUR('',#1482);
#1445=FILL_AREA_STYLE_COLOUR('',#1482);
#1446=FILL_AREA_STYLE_COLOUR('',#1482);
#1447=FILL_AREA_STYLE_COLOUR('',#1482);
#1448=FILL_AREA_STYLE_COLOUR('',#1482);
#1449=FILL_AREA_STYLE_COLOUR('',#1482);
#1450=FILL_AREA_STYLE_COLOUR('',#1482);
#1451=FILL_AREA_STYLE_COLOUR('',#1482);
#1452=FILL_AREA_STYLE_COLOUR('',#1482);
#1453=FILL_AREA_STYLE_COLOUR('',#1482);
#1454=FILL_AREA_STYLE_COLOUR('',#1482);
#1455=FILL_AREA_STYLE_COLOUR('',#1482);
#1456=FILL_AREA_STYLE_COLOUR('',#1481);
#1457=FILL_AREA_STYLE_COLOUR('',#1481);
#1458=FILL_AREA_STYLE_COLOUR('',#1481);
#1459=FILL_AREA_STYLE_COLOUR('',#1481);
#1460=FILL_AREA_STYLE_COLOUR('',#1481);
#1461=FILL_AREA_STYLE_COLOUR('',#1483);
#1462=FILL_AREA_STYLE_COLOUR('',#1481);
#1463=FILL_AREA_STYLE_COLOUR('',#1481);
#1464=FILL_AREA_STYLE_COLOUR('',#1481);
#1465=FILL_AREA_STYLE_COLOUR('',#1483);
#1466=FILL_AREA_STYLE_COLOUR('',#1482);
#1467=FILL_AREA_STYLE_COLOUR('',#1484);
#1468=FILL_AREA_STYLE_COLOUR('',#1481);
#1469=FILL_AREA_STYLE_COLOUR('',#1481);
#1470=FILL_AREA_STYLE_COLOUR('',#1485);
#1471=FILL_AREA_STYLE_COLOUR('',#1481);
#1472=FILL_AREA_STYLE_COLOUR('',#1482);
#1473=FILL_AREA_STYLE_COLOUR('',#1482);
#1474=FILL_AREA_STYLE_COLOUR('',#1482);
#1475=FILL_AREA_STYLE_COLOUR('',#1482);
#1476=FILL_AREA_STYLE_COLOUR('',#1482);
#1477=FILL_AREA_STYLE_COLOUR('',#1482);
#1478=COLOUR_RGB('strong ice',0.596078431372549,0.690196078431373,0.847058823529412);
#1479=COLOUR_RGB('emerald',0.,0.6,0.);
#1480=COLOUR_RGB('deep magenta',0.8,0.2,0.8);
#1481=COLOUR_RGB('ash gray',0.874509803921569,0.874509803921569,0.874509803921569);
#1482=COLOUR_RGB('medium steel',0.596078431372549,0.666666666666667,0.686274509803922);
#1483=COLOUR_RGB('granite gray',0.4,0.4,0.4);
#1484=COLOUR_RGB('medium umber',0.372549019607843,0.313725490196078,0.270588235294118);
#1485=COLOUR_RGB('dark gray',0.2,0.2,0.2);
#1486=MANIFOLD_SOLID_BREP('',#1538);
#1487=MANIFOLD_SOLID_BREP('',#1539);
#1488=MANIFOLD_SOLID_BREP('',#1540);
#1489=MANIFOLD_SOLID_BREP('',#1541);
#1490=MANIFOLD_SOLID_BREP('',#1542);
#1491=MANIFOLD_SOLID_BREP('',#1543);
#1492=MANIFOLD_SOLID_BREP('',#1544);
#1493=MANIFOLD_SOLID_BREP('',#1545);
#1494=MANIFOLD_SOLID_BREP('',#1546);
#1495=MANIFOLD_SOLID_BREP('',#1547);
#1496=MANIFOLD_SOLID_BREP('',#1548);
#1497=MANIFOLD_SOLID_BREP('',#1549);
#1498=MANIFOLD_SOLID_BREP('',#1550);
#1499=MANIFOLD_SOLID_BREP('',#1551);
#1500=MANIFOLD_SOLID_BREP('',#1552);
#1501=MANIFOLD_SOLID_BREP('',#1553);
#1502=MANIFOLD_SOLID_BREP('',#1554);
#1503=MANIFOLD_SOLID_BREP('',#1555);
#1504=MANIFOLD_SOLID_BREP('',#1556);
#1505=MANIFOLD_SOLID_BREP('',#1557);
#1506=MANIFOLD_SOLID_BREP('',#1558);
#1507=MANIFOLD_SOLID_BREP('',#1559);
#1508=MANIFOLD_SOLID_BREP('',#1560);
#1509=MANIFOLD_SOLID_BREP('',#1561);
#1510=MANIFOLD_SOLID_BREP('',#1562);
#1511=MANIFOLD_SOLID_BREP('',#1563);
#1512=MANIFOLD_SOLID_BREP('',#1564);
#1513=MANIFOLD_SOLID_BREP('',#1565);
#1514=MANIFOLD_SOLID_BREP('',#1566);
#1515=MANIFOLD_SOLID_BREP('',#1567);
#1516=MANIFOLD_SOLID_BREP('',#1568);
#1517=MANIFOLD_SOLID_BREP('',#1569);
#1518=MANIFOLD_SOLID_BREP('',#1570);
#1519=MANIFOLD_SOLID_BREP('',#1571);
#1520=MANIFOLD_SOLID_BREP('',#1572);
#1521=MANIFOLD_SOLID_BREP('',#1573);
#1522=MANIFOLD_SOLID_BREP('',#1574);
#1523=MANIFOLD_SOLID_BREP('',#1575);
#1524=MANIFOLD_SOLID_BREP('',#1576);
#1525=MANIFOLD_SOLID_BREP('',#1577);
#1526=MANIFOLD_SOLID_BREP('',#1578);
#1527=MANIFOLD_SOLID_BREP('',#1579);
#1528=MANIFOLD_SOLID_BREP('',#1580);
#1529=MANIFOLD_SOLID_BREP('',#1581);
#1530=MANIFOLD_SOLID_BREP('',#1582);
#1531=MANIFOLD_SOLID_BREP('',#1583);
#1532=MANIFOLD_SOLID_BREP('',#1584);
#1533=MANIFOLD_SOLID_BREP('',#1585);
#1534=MANIFOLD_SOLID_BREP('',#1586);
#1535=MANIFOLD_SOLID_BREP('',#1587);
#1536=MANIFOLD_SOLID_BREP('',#1588);
#1537=MANIFOLD_SOLID_BREP('',#1589);
#1538=CLOSED_SHELL('',(#1590,#1591,#1592,#1593,#1594,#1595));
#1539=CLOSED_SHELL('',(#1596,#1597,#1598,#1599,#1600,#1601));
#1540=CLOSED_SHELL('',(#1602,#1603,#1604,#1605,#1606,#1607));
#1541=CLOSED_SHELL('',(#1608,#1609,#1610,#1611,#1612,#1613));
#1542=CLOSED_SHELL('',(#1614,#1615,#1616,#1617,#1618,#1619));
#1543=CLOSED_SHELL('',(#1620,#1621,#1622,#1623,#1624,#1625));
#1544=CLOSED_SHELL('',(#1626,#1627,#1628,#1629,#1630,#1631,#1632,#1633,
#1634,#1635,#1636,#1637,#1638,#1639));
#1545=CLOSED_SHELL('',(#1640,#1641,#1642,#1643,#1644,#1645));
#1546=CLOSED_SHELL('',(#1646,#1647,#1648,#1649,#1650,#1651));
#1547=CLOSED_SHELL('',(#1652,#1653,#1654,#1655,#1656,#1657));
#1548=CLOSED_SHELL('',(#1658,#1659,#1660,#1661,#1662,#1663,#1664,#1665,
#1666,#1667,#1668,#1669,#1670,#1671,#1672,#1673,#1674,#1675,#1676,#1677));
#1549=CLOSED_SHELL('',(#1678,#1679,#1680,#1681,#1682,#1683));
#1550=CLOSED_SHELL('',(#1684,#1685,#1686,#1687,#1688,#1689));
#1551=CLOSED_SHELL('',(#1690,#1691,#1692,#1693,#1694,#1695));
#1552=CLOSED_SHELL('',(#1696,#1697,#1698,#1699,#1700,#1701,#1702,#1703,
#1704,#1705,#1706,#1707,#1708,#1709,#1710,#1711,#1712,#1713,#1714,#1715));
#1553=CLOSED_SHELL('',(#1716,#1717,#1718,#1719,#1720,#1721));
#1554=CLOSED_SHELL('',(#1722,#1723,#1724,#1725,#1726,#1727,#1728,#1729));
#1555=CLOSED_SHELL('',(#1730,#1731,#1732,#1733,#1734,#1735));
#1556=CLOSED_SHELL('',(#1736,#1737,#1738,#1739,#1740,#1741));
#1557=CLOSED_SHELL('',(#1742,#1743,#1744,#1745,#1746,#1747,#1748,#1749,
#1750,#1751,#1752,#1753,#1754,#1755,#1756,#1757));
#1558=CLOSED_SHELL('',(#1758,#1759,#1760,#1761,#1762,#1763));
#1559=CLOSED_SHELL('',(#1764,#1765,#1766,#1767,#1768,#1769,#1770,#1771,
#1772,#1773,#1774,#1775,#1776,#1777,#1778,#1779));
#1560=CLOSED_SHELL('',(#1780,#1781,#1782,#1783,#1784,#1785));
#1561=CLOSED_SHELL('',(#1786,#1787,#1788,#1789,#1790,#1791,#1792,#1793,
#1794,#1795,#1796,#1797,#1798,#1799,#1800,#1801));
#1562=CLOSED_SHELL('',(#1802,#1803,#1804,#1805,#1806,#1807,#1808,#1809,
#1810,#1811,#1812,#1813,#1814,#1815,#1816,#1817,#1818,#1819,#1820,#1821));
#1563=CLOSED_SHELL('',(#1822,#1823,#1824,#1825,#1826,#1827,#1828,#1829,
#1830,#1831,#1832,#1833,#1834,#1835,#1836,#1837));
#1564=CLOSED_SHELL('',(#1838,#1839,#1840,#1841,#1842,#1843));
#1565=CLOSED_SHELL('',(#1844,#1845,#1846,#1847,#1848,#1849,#1850,#1851,
#1852,#1853,#1854,#1855,#1856,#1857,#1858,#1859,#1860,#1861,#1862,#1863));
#1566=CLOSED_SHELL('',(#1864,#1865,#1866,#1867,#1868,#1869));
#1567=CLOSED_SHELL('',(#1870,#1871,#1872,#1873,#1874,#1875));
#1568=CLOSED_SHELL('',(#1876,#1877,#1878,#1879,#1880,#1881));
#1569=CLOSED_SHELL('',(#1882,#1883,#1884,#1885,#1886,#1887,#1888,#1889,
#1890,#1891,#1892,#1893));
#1570=CLOSED_SHELL('',(#1894,#1895,#1896,#1897,#1898,#1899,#1900,#1901,
#1902,#1903,#1904,#1905));
#1571=CLOSED_SHELL('',(#1906,#1907,#1908,#1909,#1910,#1911));
#1572=CLOSED_SHELL('',(#1912,#1913,#1914,#1915,#1916,#1917));
#1573=CLOSED_SHELL('',(#1918,#1919,#1920,#1921,#1922,#1923));
#1574=CLOSED_SHELL('',(#1924,#1925,#1926,#1927,#1928,#1929));
#1575=CLOSED_SHELL('',(#1930,#1931,#1932,#1933,#1934,#1935));
#1576=CLOSED_SHELL('',(#1936,#1937,#1938,#1939,#1940,#1941));
#1577=CLOSED_SHELL('',(#1942,#1943,#1944,#1945,#1946,#1947,#1948,#1949,
#1950,#1951));
#1578=CLOSED_SHELL('',(#1952,#1953,#1954,#1955,#1956,#1957,#1958,#1959,
#1960,#1961,#1962,#1963,#1964,#1965,#1966,#1967));
#1579=CLOSED_SHELL('',(#1968,#1969,#1970,#1971,#1972,#1973,#1974,#1975,
#1976,#1977,#1978,#1979,#1980,#1981,#1982,#1983,#1984,#1985,#1986,#1987,
#1988,#1989,#1990,#1991,#1992,#1993));
#1580=CLOSED_SHELL('',(#1994,#1995,#1996,#1997,#1998,#1999,#2000,#2001,
#2002,#2003));
#1581=CLOSED_SHELL('',(#2004,#2005,#2006,#2007,#2008,#2009));
#1582=CLOSED_SHELL('',(#2010,#2011,#2012,#2013,#2014,#2015,#2016,#2017,
#2018,#2019));
#1583=CLOSED_SHELL('',(#2020,#2021,#2022,#2023,#2024,#2025,#2026,#2027,
#2028,#2029));
#1584=CLOSED_SHELL('',(#2030,#2031,#2032,#2033,#2034,#2035,#2036,#2037,
#2038,#2039,#2040,#2041,#2042,#2043,#2044,#2045,#2046,#2047,#2048,#2049,
#2050,#2051,#2052,#2053));
#1585=CLOSED_SHELL('',(#2054,#2055,#2056,#2057,#2058,#2059,#2060,#2061,
#2062,#2063,#2064,#2065,#2066,#2067,#2068));
#1586=CLOSED_SHELL('',(#2069,#2070,#2071,#2072,#2073,#2074,#2075,#2076,
#2077,#2078));
#1587=CLOSED_SHELL('',(#2079,#2080,#2081,#2082,#2083,#2084,#2085,#2086,
#2087,#2088,#2089,#2090,#2091,#2092,#2093,#2094,#2095,#2096,#2097,#2098,
#2099,#2100,#2101,#2102,#2103,#2104,#2105,#2106,#2107,#2108,#2109));
#1588=CLOSED_SHELL('',(#2110,#2111,#2112,#2113,#2114,#2115,#2116,#2117,
#2118,#2119,#2120,#2121));
#1589=CLOSED_SHELL('',(#2122,#2123,#2124,#2125,#2126,#2127,#2128,#2129,
#2130,#2131,#2132,#2133,#2134,#2135,#2136,#2137));
#1590=ADVANCED_FACE('',(#2547),#2138,.T.);
#1591=ADVANCED_FACE('',(#2548),#2139,.T.);
#1592=ADVANCED_FACE('',(#2549),#2140,.T.);
#1593=ADVANCED_FACE('',(#2550),#2141,.T.);
#1594=ADVANCED_FACE('',(#2551),#2142,.F.);
#1595=ADVANCED_FACE('',(#2552),#2143,.T.);
#1596=ADVANCED_FACE('',(#2553),#2144,.F.);
#1597=ADVANCED_FACE('',(#2554),#2145,.F.);
#1598=ADVANCED_FACE('',(#2555),#2146,.F.);
#1599=ADVANCED_FACE('',(#2556),#2147,.F.);
#1600=ADVANCED_FACE('',(#2557),#2148,.T.);
#1601=ADVANCED_FACE('',(#2558),#2149,.F.);
#1602=ADVANCED_FACE('',(#2559),#2150,.T.);
#1603=ADVANCED_FACE('',(#2560),#2151,.F.);
#1604=ADVANCED_FACE('',(#2561),#2152,.F.);
#1605=ADVANCED_FACE('',(#2562),#2153,.F.);
#1606=ADVANCED_FACE('',(#2563),#2154,.F.);
#1607=ADVANCED_FACE('',(#2564),#2155,.F.);
#1608=ADVANCED_FACE('',(#2565),#2156,.T.);
#1609=ADVANCED_FACE('',(#2566),#2157,.T.);
#1610=ADVANCED_FACE('',(#2567),#2158,.T.);
#1611=ADVANCED_FACE('',(#2568),#2159,.T.);
#1612=ADVANCED_FACE('',(#2569),#2160,.F.);
#1613=ADVANCED_FACE('',(#2570),#2161,.T.);
#1614=ADVANCED_FACE('',(#2571),#2162,.T.);
#1615=ADVANCED_FACE('',(#2572),#2163,.F.);
#1616=ADVANCED_FACE('',(#2573),#2164,.F.);
#1617=ADVANCED_FACE('',(#2574),#2165,.F.);
#1618=ADVANCED_FACE('',(#2575),#2166,.F.);
#1619=ADVANCED_FACE('',(#2576),#2167,.F.);
#1620=ADVANCED_FACE('',(#2577),#2168,.F.);
#1621=ADVANCED_FACE('',(#2578),#2169,.T.);
#1622=ADVANCED_FACE('',(#2579),#2170,.F.);
#1623=ADVANCED_FACE('',(#2580),#2171,.F.);
#1624=ADVANCED_FACE('',(#2581),#2172,.F.);
#1625=ADVANCED_FACE('',(#2582),#2173,.T.);
#1626=ADVANCED_FACE('',(#2583),#2174,.F.);
#1627=ADVANCED_FACE('',(#2584),#2175,.F.);
#1628=ADVANCED_FACE('',(#2585),#2176,.F.);
#1629=ADVANCED_FACE('',(#2586),#2177,.F.);
#1630=ADVANCED_FACE('',(#2587),#2178,.F.);
#1631=ADVANCED_FACE('',(#2588),#2179,.F.);
#1632=ADVANCED_FACE('',(#2589),#2180,.T.);
#1633=ADVANCED_FACE('',(#2590),#2181,.F.);
#1634=ADVANCED_FACE('',(#2591),#2182,.T.);
#1635=ADVANCED_FACE('',(#2592),#2183,.T.);
#1636=ADVANCED_FACE('',(#2593),#2184,.T.);
#1637=ADVANCED_FACE('',(#2594),#2185,.T.);
#1638=ADVANCED_FACE('',(#2595),#2186,.T.);
#1639=ADVANCED_FACE('',(#2596),#2187,.T.);
#1640=ADVANCED_FACE('',(#2597),#2188,.F.);
#1641=ADVANCED_FACE('',(#2598),#2189,.T.);
#1642=ADVANCED_FACE('',(#2599),#2190,.F.);
#1643=ADVANCED_FACE('',(#2600),#2191,.F.);
#1644=ADVANCED_FACE('',(#2601),#2192,.F.);
#1645=ADVANCED_FACE('',(#2602),#2193,.T.);
#1646=ADVANCED_FACE('',(#2603),#2194,.T.);
#1647=ADVANCED_FACE('',(#2604),#2195,.F.);
#1648=ADVANCED_FACE('',(#2605),#2196,.F.);
#1649=ADVANCED_FACE('',(#2606),#2197,.F.);
#1650=ADVANCED_FACE('',(#2607),#2198,.F.);
#1651=ADVANCED_FACE('',(#2608),#2199,.T.);
#1652=ADVANCED_FACE('',(#2609),#2200,.F.);
#1653=ADVANCED_FACE('',(#2610),#2201,.T.);
#1654=ADVANCED_FACE('',(#2611),#2202,.F.);
#1655=ADVANCED_FACE('',(#2612),#2203,.F.);
#1656=ADVANCED_FACE('',(#2613),#2204,.F.);
#1657=ADVANCED_FACE('',(#2614),#2205,.T.);
#1658=ADVANCED_FACE('',(#409,#410,#411),#2206,.F.);
#1659=ADVANCED_FACE('',(#412,#413,#414),#2207,.F.);
#1660=ADVANCED_FACE('',(#415,#416,#417),#2208,.F.);
#1661=ADVANCED_FACE('',(#418,#419,#420),#2209,.F.);
#1662=ADVANCED_FACE('',(#2615),#2210,.T.);
#1663=ADVANCED_FACE('',(#2616),#2211,.F.);
#1664=ADVANCED_FACE('',(#421,#422),#294,.F.);
#1665=ADVANCED_FACE('',(#423,#424),#295,.F.);
#1666=ADVANCED_FACE('',(#425,#426,#427),#2212,.T.);
#1667=ADVANCED_FACE('',(#428,#429,#430),#2213,.T.);
#1668=ADVANCED_FACE('',(#431,#432,#433),#2214,.T.);
#1669=ADVANCED_FACE('',(#434,#435,#436),#2215,.T.);
#1670=ADVANCED_FACE('',(#2617),#2216,.F.);
#1671=ADVANCED_FACE('',(#2618),#2217,.T.);
#1672=ADVANCED_FACE('',(#437,#438),#296,.F.);
#1673=ADVANCED_FACE('',(#439,#440),#297,.F.);
#1674=ADVANCED_FACE('',(#441,#442),#298,.F.);
#1675=ADVANCED_FACE('',(#443,#444),#299,.F.);
#1676=ADVANCED_FACE('',(#445,#446),#300,.F.);
#1677=ADVANCED_FACE('',(#447,#448),#301,.F.);
#1678=ADVANCED_FACE('',(#2619),#2218,.F.);
#1679=ADVANCED_FACE('',(#2620),#2219,.F.);
#1680=ADVANCED_FACE('',(#2621),#2220,.F.);
#1681=ADVANCED_FACE('',(#2622),#2221,.F.);
#1682=ADVANCED_FACE('',(#2623),#2222,.T.);
#1683=ADVANCED_FACE('',(#2624),#2223,.F.);
#1684=ADVANCED_FACE('',(#2625),#2224,.F.);
#1685=ADVANCED_FACE('',(#2626),#2225,.F.);
#1686=ADVANCED_FACE('',(#2627),#2226,.F.);
#1687=ADVANCED_FACE('',(#2628),#2227,.F.);
#1688=ADVANCED_FACE('',(#2629),#2228,.T.);
#1689=ADVANCED_FACE('',(#2630),#2229,.F.);
#1690=ADVANCED_FACE('',(#2631),#2230,.F.);
#1691=ADVANCED_FACE('',(#2632),#2231,.F.);
#1692=ADVANCED_FACE('',(#2633),#2232,.F.);
#1693=ADVANCED_FACE('',(#2634),#2233,.F.);
#1694=ADVANCED_FACE('',(#2635),#2234,.T.);
#1695=ADVANCED_FACE('',(#2636),#2235,.F.);
#1696=ADVANCED_FACE('',(#449,#450,#451),#2236,.F.);
#1697=ADVANCED_FACE('',(#452,#453,#454),#2237,.F.);
#1698=ADVANCED_FACE('',(#455,#456,#457),#2238,.F.);
#1699=ADVANCED_FACE('',(#458,#459,#460),#2239,.F.);
#1700=ADVANCED_FACE('',(#2637),#2240,.T.);
#1701=ADVANCED_FACE('',(#2638),#2241,.F.);
#1702=ADVANCED_FACE('',(#461,#462),#302,.F.);
#1703=ADVANCED_FACE('',(#463,#464),#303,.F.);
#1704=ADVANCED_FACE('',(#465,#466,#467),#2242,.T.);
#1705=ADVANCED_FACE('',(#468,#469,#470),#2243,.T.);
#1706=ADVANCED_FACE('',(#471,#472,#473),#2244,.T.);
#1707=ADVANCED_FACE('',(#474,#475,#476),#2245,.T.);
#1708=ADVANCED_FACE('',(#2639),#2246,.F.);
#1709=ADVANCED_FACE('',(#2640),#2247,.T.);
#1710=ADVANCED_FACE('',(#477,#478),#304,.F.);
#1711=ADVANCED_FACE('',(#479,#480),#305,.F.);
#1712=ADVANCED_FACE('',(#481,#482),#306,.F.);
#1713=ADVANCED_FACE('',(#483,#484),#307,.F.);
#1714=ADVANCED_FACE('',(#485,#486),#308,.F.);
#1715=ADVANCED_FACE('',(#487,#488),#309,.F.);
#1716=ADVANCED_FACE('',(#2641),#2248,.F.);
#1717=ADVANCED_FACE('',(#2642),#2249,.F.);
#1718=ADVANCED_FACE('',(#2643),#2250,.F.);
#1719=ADVANCED_FACE('',(#2644),#2251,.F.);
#1720=ADVANCED_FACE('',(#2645),#2252,.T.);
#1721=ADVANCED_FACE('',(#2646),#2253,.F.);
#1722=ADVANCED_FACE('',(#489,#490),#2254,.F.);
#1723=ADVANCED_FACE('',(#2647),#2255,.F.);
#1724=ADVANCED_FACE('',(#2648),#2256,.F.);
#1725=ADVANCED_FACE('',(#2649),#2257,.F.);
#1726=ADVANCED_FACE('',(#2650),#2258,.T.);
#1727=ADVANCED_FACE('',(#2651),#2259,.F.);
#1728=ADVANCED_FACE('',(#2652),#2260,.F.);
#1729=ADVANCED_FACE('',(#491,#492),#310,.T.);
#1730=ADVANCED_FACE('',(#2653),#2261,.F.);
#1731=ADVANCED_FACE('',(#2654),#2262,.F.);
#1732=ADVANCED_FACE('',(#2655),#2263,.F.);
#1733=ADVANCED_FACE('',(#2656),#2264,.F.);
#1734=ADVANCED_FACE('',(#2657),#2265,.T.);
#1735=ADVANCED_FACE('',(#2658),#2266,.F.);
#1736=ADVANCED_FACE('',(#2659),#2267,.F.);
#1737=ADVANCED_FACE('',(#2660),#2268,.F.);
#1738=ADVANCED_FACE('',(#2661),#2269,.F.);
#1739=ADVANCED_FACE('',(#2662),#2270,.F.);
#1740=ADVANCED_FACE('',(#2663),#2271,.T.);
#1741=ADVANCED_FACE('',(#2664),#2272,.F.);
#1742=ADVANCED_FACE('',(#2665),#2273,.F.);
#1743=ADVANCED_FACE('',(#493,#494,#495),#2274,.F.);
#1744=ADVANCED_FACE('',(#2666),#2275,.F.);
#1745=ADVANCED_FACE('',(#496,#497,#498),#2276,.F.);
#1746=ADVANCED_FACE('',(#2667),#2277,.T.);
#1747=ADVANCED_FACE('',(#2668),#2278,.F.);
#1748=ADVANCED_FACE('',(#499,#500),#311,.F.);
#1749=ADVANCED_FACE('',(#501,#502),#312,.F.);
#1750=ADVANCED_FACE('',(#2669),#2279,.T.);
#1751=ADVANCED_FACE('',(#503,#504,#505),#2280,.T.);
#1752=ADVANCED_FACE('',(#2670),#2281,.T.);
#1753=ADVANCED_FACE('',(#506,#507,#508),#2282,.T.);
#1754=ADVANCED_FACE('',(#2671),#2283,.F.);
#1755=ADVANCED_FACE('',(#2672),#2284,.T.);
#1756=ADVANCED_FACE('',(#509,#510),#313,.F.);
#1757=ADVANCED_FACE('',(#511,#512),#314,.F.);
#1758=ADVANCED_FACE('',(#2673),#2285,.F.);
#1759=ADVANCED_FACE('',(#2674),#2286,.F.);
#1760=ADVANCED_FACE('',(#2675),#2287,.F.);
#1761=ADVANCED_FACE('',(#2676),#2288,.F.);
#1762=ADVANCED_FACE('',(#2677),#2289,.T.);
#1763=ADVANCED_FACE('',(#2678),#2290,.F.);
#1764=ADVANCED_FACE('',(#2679),#2291,.T.);
#1765=ADVANCED_FACE('',(#513,#514,#515),#2292,.T.);
#1766=ADVANCED_FACE('',(#2680),#2293,.T.);
#1767=ADVANCED_FACE('',(#516,#517,#518),#2294,.T.);
#1768=ADVANCED_FACE('',(#2681),#2295,.F.);
#1769=ADVANCED_FACE('',(#2682),#2296,.T.);
#1770=ADVANCED_FACE('',(#519,#520),#315,.F.);
#1771=ADVANCED_FACE('',(#521,#522),#316,.F.);
#1772=ADVANCED_FACE('',(#2683),#2297,.F.);
#1773=ADVANCED_FACE('',(#523,#524,#525),#2298,.F.);
#1774=ADVANCED_FACE('',(#2684),#2299,.F.);
#1775=ADVANCED_FACE('',(#526,#527,#528),#2300,.F.);
#1776=ADVANCED_FACE('',(#2685),#2301,.T.);
#1777=ADVANCED_FACE('',(#2686),#2302,.F.);
#1778=ADVANCED_FACE('',(#529,#530),#317,.F.);
#1779=ADVANCED_FACE('',(#531,#532),#318,.F.);
#1780=ADVANCED_FACE('',(#2687),#2303,.F.);
#1781=ADVANCED_FACE('',(#2688),#2304,.F.);
#1782=ADVANCED_FACE('',(#2689),#2305,.F.);
#1783=ADVANCED_FACE('',(#2690),#2306,.F.);
#1784=ADVANCED_FACE('',(#2691),#2307,.T.);
#1785=ADVANCED_FACE('',(#2692),#2308,.F.);
#1786=ADVANCED_FACE('',(#2693),#2309,.T.);
#1787=ADVANCED_FACE('',(#533,#534,#535),#2310,.T.);
#1788=ADVANCED_FACE('',(#2694),#2311,.T.);
#1789=ADVANCED_FACE('',(#536,#537,#538),#2312,.T.);
#1790=ADVANCED_FACE('',(#2695),#2313,.F.);
#1791=ADVANCED_FACE('',(#2696),#2314,.T.);
#1792=ADVANCED_FACE('',(#539,#540),#319,.F.);
#1793=ADVANCED_FACE('',(#541,#542),#320,.F.);
#1794=ADVANCED_FACE('',(#2697),#2315,.F.);
#1795=ADVANCED_FACE('',(#543,#544,#545),#2316,.F.);
#1796=ADVANCED_FACE('',(#2698),#2317,.F.);
#1797=ADVANCED_FACE('',(#546,#547,#548),#2318,.F.);
#1798=ADVANCED_FACE('',(#2699),#2319,.T.);
#1799=ADVANCED_FACE('',(#2700),#2320,.F.);
#1800=ADVANCED_FACE('',(#549,#550),#321,.F.);
#1801=ADVANCED_FACE('',(#551,#552),#322,.F.);
#1802=ADVANCED_FACE('',(#553,#554,#555),#2321,.F.);
#1803=ADVANCED_FACE('',(#556,#557,#558),#2322,.F.);
#1804=ADVANCED_FACE('',(#559,#560,#561),#2323,.F.);
#1805=ADVANCED_FACE('',(#562,#563,#564),#2324,.F.);
#1806=ADVANCED_FACE('',(#2701),#2325,.T.);
#1807=ADVANCED_FACE('',(#2702),#2326,.F.);
#1808=ADVANCED_FACE('',(#565,#566),#323,.F.);
#1809=ADVANCED_FACE('',(#567,#568),#324,.F.);
#1810=ADVANCED_FACE('',(#569,#570,#571),#2327,.T.);
#1811=ADVANCED_FACE('',(#572,#573,#574),#2328,.T.);
#1812=ADVANCED_FACE('',(#575,#576,#577),#2329,.T.);
#1813=ADVANCED_FACE('',(#578,#579,#580),#2330,.T.);
#1814=ADVANCED_FACE('',(#2703),#2331,.F.);
#1815=ADVANCED_FACE('',(#2704),#2332,.T.);
#1816=ADVANCED_FACE('',(#581,#582),#325,.F.);
#1817=ADVANCED_FACE('',(#583,#584),#326,.F.);
#1818=ADVANCED_FACE('',(#585,#586),#327,.F.);
#1819=ADVANCED_FACE('',(#587,#588),#328,.F.);
#1820=ADVANCED_FACE('',(#589,#590),#329,.F.);
#1821=ADVANCED_FACE('',(#591,#592),#330,.F.);
#1822=ADVANCED_FACE('',(#2705),#2333,.T.);
#1823=ADVANCED_FACE('',(#593,#594,#595),#2334,.T.);
#1824=ADVANCED_FACE('',(#2706),#2335,.T.);
#1825=ADVANCED_FACE('',(#596,#597,#598),#2336,.T.);
#1826=ADVANCED_FACE('',(#2707),#2337,.F.);
#1827=ADVANCED_FACE('',(#2708),#2338,.T.);
#1828=ADVANCED_FACE('',(#599,#600),#331,.F.);
#1829=ADVANCED_FACE('',(#601,#602),#332,.F.);
#1830=ADVANCED_FACE('',(#2709),#2339,.F.);
#1831=ADVANCED_FACE('',(#603,#604,#605),#2340,.F.);
#1832=ADVANCED_FACE('',(#2710),#2341,.F.);
#1833=ADVANCED_FACE('',(#606,#607,#608),#2342,.F.);
#1834=ADVANCED_FACE('',(#2711),#2343,.T.);
#1835=ADVANCED_FACE('',(#2712),#2344,.F.);
#1836=ADVANCED_FACE('',(#609,#610),#333,.F.);
#1837=ADVANCED_FACE('',(#611,#612),#334,.F.);
#1838=ADVANCED_FACE('',(#2713),#2345,.F.);
#1839=ADVANCED_FACE('',(#2714),#2346,.F.);
#1840=ADVANCED_FACE('',(#2715),#2347,.F.);
#1841=ADVANCED_FACE('',(#2716),#2348,.F.);
#1842=ADVANCED_FACE('',(#2717),#2349,.T.);
#1843=ADVANCED_FACE('',(#2718),#2350,.F.);
#1844=ADVANCED_FACE('',(#613,#614,#615),#2351,.F.);
#1845=ADVANCED_FACE('',(#616,#617,#618),#2352,.F.);
#1846=ADVANCED_FACE('',(#619,#620,#621),#2353,.F.);
#1847=ADVANCED_FACE('',(#622,#623,#624),#2354,.F.);
#1848=ADVANCED_FACE('',(#2719),#2355,.T.);
#1849=ADVANCED_FACE('',(#2720),#2356,.F.);
#1850=ADVANCED_FACE('',(#625,#626),#335,.F.);
#1851=ADVANCED_FACE('',(#627,#628),#336,.F.);
#1852=ADVANCED_FACE('',(#629,#630,#631),#2357,.T.);
#1853=ADVANCED_FACE('',(#632,#633,#634),#2358,.T.);
#1854=ADVANCED_FACE('',(#635,#636,#637),#2359,.T.);
#1855=ADVANCED_FACE('',(#638,#639,#640),#2360,.T.);
#1856=ADVANCED_FACE('',(#2721),#2361,.F.);
#1857=ADVANCED_FACE('',(#2722),#2362,.T.);
#1858=ADVANCED_FACE('',(#641,#642),#337,.F.);
#1859=ADVANCED_FACE('',(#643,#644),#338,.F.);
#1860=ADVANCED_FACE('',(#645,#646),#339,.F.);
#1861=ADVANCED_FACE('',(#647,#648),#340,.F.);
#1862=ADVANCED_FACE('',(#649,#650),#341,.F.);
#1863=ADVANCED_FACE('',(#651,#652),#342,.F.);
#1864=ADVANCED_FACE('',(#2723),#2363,.F.);
#1865=ADVANCED_FACE('',(#2724),#2364,.F.);
#1866=ADVANCED_FACE('',(#2725),#2365,.F.);
#1867=ADVANCED_FACE('',(#2726),#2366,.F.);
#1868=ADVANCED_FACE('',(#2727),#2367,.T.);
#1869=ADVANCED_FACE('',(#2728),#2368,.F.);
#1870=ADVANCED_FACE('',(#2729),#2369,.F.);
#1871=ADVANCED_FACE('',(#2730),#2370,.F.);
#1872=ADVANCED_FACE('',(#2731),#2371,.F.);
#1873=ADVANCED_FACE('',(#2732),#2372,.F.);
#1874=ADVANCED_FACE('',(#2733),#2373,.T.);
#1875=ADVANCED_FACE('',(#2734),#2374,.F.);
#1876=ADVANCED_FACE('',(#2735),#2375,.F.);
#1877=ADVANCED_FACE('',(#2736),#2376,.F.);
#1878=ADVANCED_FACE('',(#2737),#2377,.F.);
#1879=ADVANCED_FACE('',(#2738),#2378,.F.);
#1880=ADVANCED_FACE('',(#2739),#2379,.T.);
#1881=ADVANCED_FACE('',(#2740),#2380,.F.);
#1882=ADVANCED_FACE('',(#2741),#2381,.F.);
#1883=ADVANCED_FACE('',(#2742),#2382,.F.);
#1884=ADVANCED_FACE('',(#2743),#2383,.F.);
#1885=ADVANCED_FACE('',(#2744),#2384,.F.);
#1886=ADVANCED_FACE('',(#2745),#2385,.F.);
#1887=ADVANCED_FACE('',(#2746),#2386,.F.);
#1888=ADVANCED_FACE('',(#2747),#2387,.F.);
#1889=ADVANCED_FACE('',(#2748),#2388,.F.);
#1890=ADVANCED_FACE('',(#2749),#2389,.F.);
#1891=ADVANCED_FACE('',(#2750),#2390,.F.);
#1892=ADVANCED_FACE('',(#653,#654),#2391,.T.);
#1893=ADVANCED_FACE('',(#655,#656),#2392,.F.);
#1894=ADVANCED_FACE('',(#2751),#2393,.F.);
#1895=ADVANCED_FACE('',(#2752),#2394,.F.);
#1896=ADVANCED_FACE('',(#2753),#2395,.F.);
#1897=ADVANCED_FACE('',(#2754),#2396,.F.);
#1898=ADVANCED_FACE('',(#2755),#2397,.F.);
#1899=ADVANCED_FACE('',(#2756),#2398,.F.);
#1900=ADVANCED_FACE('',(#2757),#2399,.F.);
#1901=ADVANCED_FACE('',(#2758),#2400,.F.);
#1902=ADVANCED_FACE('',(#2759),#2401,.F.);
#1903=ADVANCED_FACE('',(#2760),#2402,.F.);
#1904=ADVANCED_FACE('',(#657,#658),#2403,.T.);
#1905=ADVANCED_FACE('',(#659,#660),#2404,.F.);
#1906=ADVANCED_FACE('',(#2761),#2405,.F.);
#1907=ADVANCED_FACE('',(#2762),#2406,.F.);
#1908=ADVANCED_FACE('',(#2763),#2407,.T.);
#1909=ADVANCED_FACE('',(#2764),#2408,.F.);
#1910=ADVANCED_FACE('',(#2765),#2409,.T.);
#1911=ADVANCED_FACE('',(#2766),#2410,.F.);
#1912=ADVANCED_FACE('',(#2767),#2411,.T.);
#1913=ADVANCED_FACE('',(#2768),#2412,.T.);
#1914=ADVANCED_FACE('',(#2769),#2413,.T.);
#1915=ADVANCED_FACE('',(#2770),#2414,.T.);
#1916=ADVANCED_FACE('',(#2771),#2415,.F.);
#1917=ADVANCED_FACE('',(#2772),#2416,.T.);
#1918=ADVANCED_FACE('',(#2773),#2417,.T.);
#1919=ADVANCED_FACE('',(#2774),#2418,.T.);
#1920=ADVANCED_FACE('',(#2775),#2419,.T.);
#1921=ADVANCED_FACE('',(#2776),#2420,.T.);
#1922=ADVANCED_FACE('',(#2777),#2421,.F.);
#1923=ADVANCED_FACE('',(#2778),#2422,.T.);
#1924=ADVANCED_FACE('',(#2779),#2423,.T.);
#1925=ADVANCED_FACE('',(#2780),#2424,.F.);
#1926=ADVANCED_FACE('',(#2781),#2425,.F.);
#1927=ADVANCED_FACE('',(#2782),#2426,.F.);
#1928=ADVANCED_FACE('',(#2783),#2427,.F.);
#1929=ADVANCED_FACE('',(#2784),#2428,.T.);
#1930=ADVANCED_FACE('',(#2785),#2429,.F.);
#1931=ADVANCED_FACE('',(#2786),#2430,.F.);
#1932=ADVANCED_FACE('',(#2787),#2431,.T.);
#1933=ADVANCED_FACE('',(#2788),#2432,.F.);
#1934=ADVANCED_FACE('',(#2789),#2433,.T.);
#1935=ADVANCED_FACE('',(#2790),#2434,.F.);
#1936=ADVANCED_FACE('',(#2791),#2435,.F.);
#1937=ADVANCED_FACE('',(#2792),#2436,.T.);
#1938=ADVANCED_FACE('',(#2793),#2437,.F.);
#1939=ADVANCED_FACE('',(#2794),#2438,.F.);
#1940=ADVANCED_FACE('',(#2795),#2439,.T.);
#1941=ADVANCED_FACE('',(#2796),#2440,.F.);
#1942=ADVANCED_FACE('',(#2797),#2441,.F.);
#1943=ADVANCED_FACE('',(#2798),#343,.T.);
#1944=ADVANCED_FACE('',(#2799),#2442,.F.);
#1945=ADVANCED_FACE('',(#2800),#344,.T.);
#1946=ADVANCED_FACE('',(#2801),#2443,.F.);
#1947=ADVANCED_FACE('',(#2802),#345,.T.);
#1948=ADVANCED_FACE('',(#2803),#2444,.F.);
#1949=ADVANCED_FACE('',(#2804),#346,.T.);
#1950=ADVANCED_FACE('',(#2805),#2445,.T.);
#1951=ADVANCED_FACE('',(#2806),#2446,.F.);
#1952=ADVANCED_FACE('',(#661,#662),#278,.T.);
#1953=ADVANCED_FACE('',(#663,#664),#347,.T.);
#1954=ADVANCED_FACE('',(#665,#666),#279,.T.);
#1955=ADVANCED_FACE('',(#667,#668),#348,.T.);
#1956=ADVANCED_FACE('',(#669,#670),#280,.T.);
#1957=ADVANCED_FACE('',(#671,#672),#349,.T.);
#1958=ADVANCED_FACE('',(#673,#674),#281,.T.);
#1959=ADVANCED_FACE('',(#675,#676),#350,.T.);
#1960=ADVANCED_FACE('',(#677,#678),#282,.T.);
#1961=ADVANCED_FACE('',(#679,#680),#351,.T.);
#1962=ADVANCED_FACE('',(#681,#682),#283,.T.);
#1963=ADVANCED_FACE('',(#683,#684),#352,.T.);
#1964=ADVANCED_FACE('',(#685,#686),#284,.T.);
#1965=ADVANCED_FACE('',(#687,#688),#353,.T.);
#1966=ADVANCED_FACE('',(#689,#690),#285,.T.);
#1967=ADVANCED_FACE('',(#691,#692),#354,.T.);
#1968=ADVANCED_FACE('',(#2807),#2447,.F.);
#1969=ADVANCED_FACE('',(#2808),#2448,.F.);
#1970=ADVANCED_FACE('',(#2809),#2449,.T.);
#1971=ADVANCED_FACE('',(#2810),#2450,.F.);
#1972=ADVANCED_FACE('',(#2811),#2451,.F.);
#1973=ADVANCED_FACE('',(#2812),#2452,.F.);
#1974=ADVANCED_FACE('',(#2813),#355,.T.);
#1975=ADVANCED_FACE('',(#2814),#356,.T.);
#1976=ADVANCED_FACE('',(#2815),#357,.T.);
#1977=ADVANCED_FACE('',(#2816),#358,.T.);
#1978=ADVANCED_FACE('',(#2817),#2453,.T.);
#1979=ADVANCED_FACE('',(#2818),#270,.T.);
#1980=ADVANCED_FACE('',(#2819),#271,.T.);
#1981=ADVANCED_FACE('',(#2820),#2454,.T.);
#1982=ADVANCED_FACE('',(#2821),#2455,.T.);
#1983=ADVANCED_FACE('',(#2822),#272,.T.);
#1984=ADVANCED_FACE('',(#2823),#273,.T.);
#1985=ADVANCED_FACE('',(#2824),#2456,.T.);
#1986=ADVANCED_FACE('',(#2825),#2457,.F.);
#1987=ADVANCED_FACE('',(#2826),#274,.T.);
#1988=ADVANCED_FACE('',(#2827),#275,.T.);
#1989=ADVANCED_FACE('',(#2828),#2458,.F.);
#1990=ADVANCED_FACE('',(#2829),#2459,.F.);
#1991=ADVANCED_FACE('',(#2830),#276,.T.);
#1992=ADVANCED_FACE('',(#2831),#277,.T.);
#1993=ADVANCED_FACE('',(#2832),#2460,.F.);
#1994=ADVANCED_FACE('',(#2833),#2461,.T.);
#1995=ADVANCED_FACE('',(#2834),#2462,.T.);
#1996=ADVANCED_FACE('',(#2835),#2463,.T.);
#1997=ADVANCED_FACE('',(#2836),#2464,.T.);
#1998=ADVANCED_FACE('',(#2837),#2465,.T.);
#1999=ADVANCED_FACE('',(#2838),#2466,.T.);
#2000=ADVANCED_FACE('',(#2839),#2467,.T.);
#2001=ADVANCED_FACE('',(#2840),#2468,.T.);
#2002=ADVANCED_FACE('',(#2841),#2469,.F.);
#2003=ADVANCED_FACE('',(#2842),#2470,.T.);
#2004=ADVANCED_FACE('',(#2843),#2471,.T.);
#2005=ADVANCED_FACE('',(#2844),#2472,.T.);
#2006=ADVANCED_FACE('',(#2845),#2473,.T.);
#2007=ADVANCED_FACE('',(#2846),#2474,.T.);
#2008=ADVANCED_FACE('',(#2847),#2475,.F.);
#2009=ADVANCED_FACE('',(#2848),#2476,.T.);
#2010=ADVANCED_FACE('',(#2849),#2477,.T.);
#2011=ADVANCED_FACE('',(#2850),#2478,.T.);
#2012=ADVANCED_FACE('',(#2851),#2479,.T.);
#2013=ADVANCED_FACE('',(#2852),#2480,.F.);
#2014=ADVANCED_FACE('',(#2853),#2481,.F.);
#2015=ADVANCED_FACE('',(#2854),#2482,.F.);
#2016=ADVANCED_FACE('',(#2855),#2483,.F.);
#2017=ADVANCED_FACE('',(#2856),#2484,.T.);
#2018=ADVANCED_FACE('',(#693,#694),#2485,.T.);
#2019=ADVANCED_FACE('',(#695,#696),#2486,.F.);
#2020=ADVANCED_FACE('',(#2857),#2487,.T.);
#2021=ADVANCED_FACE('',(#2858),#2488,.T.);
#2022=ADVANCED_FACE('',(#2859),#2489,.T.);
#2023=ADVANCED_FACE('',(#2860),#2490,.T.);
#2024=ADVANCED_FACE('',(#2861),#2491,.T.);
#2025=ADVANCED_FACE('',(#2862),#2492,.T.);
#2026=ADVANCED_FACE('',(#2863),#2493,.T.);
#2027=ADVANCED_FACE('',(#2864),#2494,.T.);
#2028=ADVANCED_FACE('',(#2865),#2495,.F.);
#2029=ADVANCED_FACE('',(#2866),#2496,.T.);
#2030=ADVANCED_FACE('',(#697,#698,#699,#700,#701,#702,#703,#704,#705,#706,
#707,#708),#359,.T.);
#2031=ADVANCED_FACE('',(#2867),#2497,.T.);
#2032=ADVANCED_FACE('',(#2868),#2498,.T.);
#2033=ADVANCED_FACE('',(#709,#710),#360,.F.);
#2034=ADVANCED_FACE('',(#711,#712),#286,.T.);
#2035=ADVANCED_FACE('',(#713,#714),#361,.T.);
#2036=ADVANCED_FACE('',(#715,#716),#362,.T.);
#2037=ADVANCED_FACE('',(#717,#718),#287,.T.);
#2038=ADVANCED_FACE('',(#719,#720),#363,.T.);
#2039=ADVANCED_FACE('',(#721,#722),#288,.T.);
#2040=ADVANCED_FACE('',(#723,#724),#364,.T.);
#2041=ADVANCED_FACE('',(#725,#726),#365,.T.);
#2042=ADVANCED_FACE('',(#727,#728),#289,.T.);
#2043=ADVANCED_FACE('',(#729,#730),#366,.T.);
#2044=ADVANCED_FACE('',(#731,#732),#290,.T.);
#2045=ADVANCED_FACE('',(#733,#734),#367,.T.);
#2046=ADVANCED_FACE('',(#735,#736),#368,.T.);
#2047=ADVANCED_FACE('',(#737,#738),#291,.T.);
#2048=ADVANCED_FACE('',(#739,#740),#369,.T.);
#2049=ADVANCED_FACE('',(#741,#742),#370,.T.);
#2050=ADVANCED_FACE('',(#743,#744),#292,.T.);
#2051=ADVANCED_FACE('',(#745,#746),#371,.T.);
#2052=ADVANCED_FACE('',(#747,#748),#293,.T.);
#2053=ADVANCED_FACE('',(#749,#750),#372,.T.);
#2054=ADVANCED_FACE('',(#2869),#2499,.T.);
#2055=ADVANCED_FACE('',(#751,#752),#373,.T.);
#2056=ADVANCED_FACE('',(#2870),#2500,.T.);
#2057=ADVANCED_FACE('',(#2871),#2501,.T.);
#2058=ADVANCED_FACE('',(#2872),#2502,.T.);
#2059=ADVANCED_FACE('',(#2873),#2503,.T.);
#2060=ADVANCED_FACE('',(#2874),#2504,.T.);
#2061=ADVANCED_FACE('',(#2875),#2505,.F.);
#2062=ADVANCED_FACE('',(#2876),#2506,.T.);
#2063=ADVANCED_FACE('',(#753,#754,#755),#374,.T.);
#2064=ADVANCED_FACE('',(#756,#757),#375,.F.);
#2065=ADVANCED_FACE('',(#758,#759),#2507,.T.);
#2066=ADVANCED_FACE('',(#760,#761),#2508,.F.);
#2067=ADVANCED_FACE('',(#2877),#376,.F.);
#2068=ADVANCED_FACE('',(#2878),#377,.F.);
#2069=ADVANCED_FACE('',(#2879),#2509,.T.);
#2070=ADVANCED_FACE('',(#762,#763,#764,#765,#766),#2510,.T.);
#2071=ADVANCED_FACE('',(#2880),#2511,.F.);
#2072=ADVANCED_FACE('',(#2881),#2512,.T.);
#2073=ADVANCED_FACE('',(#2882),#2513,.T.);
#2074=ADVANCED_FACE('',(#767,#768,#769,#770,#771),#2514,.T.);
#2075=ADVANCED_FACE('',(#772,#773),#378,.F.);
#2076=ADVANCED_FACE('',(#774,#775),#379,.F.);
#2077=ADVANCED_FACE('',(#776,#777),#380,.F.);
#2078=ADVANCED_FACE('',(#778,#779),#381,.F.);
#2079=ADVANCED_FACE('',(#2883),#2515,.F.);
#2080=ADVANCED_FACE('',(#2884),#2516,.F.);
#2081=ADVANCED_FACE('',(#780,#781,#782),#2517,.F.);
#2082=ADVANCED_FACE('',(#2885),#382,.F.);
#2083=ADVANCED_FACE('',(#2886),#2518,.F.);
#2084=ADVANCED_FACE('',(#2887),#383,.T.);
#2085=ADVANCED_FACE('',(#2888),#2519,.F.);
#2086=ADVANCED_FACE('',(#2889),#384,.T.);
#2087=ADVANCED_FACE('',(#2890),#2520,.F.);
#2088=ADVANCED_FACE('',(#2891),#385,.F.);
#2089=ADVANCED_FACE('',(#783,#784,#785),#2521,.F.);
#2090=ADVANCED_FACE('',(#2892),#2522,.F.);
#2091=ADVANCED_FACE('',(#786,#787,#788),#2523,.F.);
#2092=ADVANCED_FACE('',(#2893),#386,.T.);
#2093=ADVANCED_FACE('',(#2894),#2524,.F.);
#2094=ADVANCED_FACE('',(#2895),#387,.F.);
#2095=ADVANCED_FACE('',(#2896),#2525,.F.);
#2096=ADVANCED_FACE('',(#2897),#388,.F.);
#2097=ADVANCED_FACE('',(#2898),#2526,.F.);
#2098=ADVANCED_FACE('',(#2899),#389,.T.);
#2099=ADVANCED_FACE('',(#789,#790,#791),#2527,.F.);
#2100=ADVANCED_FACE('',(#792,#793),#2528,.F.);
#2101=ADVANCED_FACE('',(#794,#795),#2529,.T.);
#2102=ADVANCED_FACE('',(#796,#797),#390,.F.);
#2103=ADVANCED_FACE('',(#798,#799),#391,.F.);
#2104=ADVANCED_FACE('',(#800,#801),#392,.F.);
#2105=ADVANCED_FACE('',(#802,#803),#393,.F.);
#2106=ADVANCED_FACE('',(#2900),#394,.T.);
#2107=ADVANCED_FACE('',(#2901),#2530,.F.);
#2108=ADVANCED_FACE('',(#2902),#2531,.F.);
#2109=ADVANCED_FACE('',(#804,#805),#395,.F.);
#2110=ADVANCED_FACE('',(#806,#807,#808),#396,.T.);
#2111=ADVANCED_FACE('',(#809,#810),#397,.F.);
#2112=ADVANCED_FACE('',(#811,#812),#398,.F.);
#2113=ADVANCED_FACE('',(#2903),#399,.F.);
#2114=ADVANCED_FACE('',(#2904),#2532,.T.);
#2115=ADVANCED_FACE('',(#2905),#2533,.T.);
#2116=ADVANCED_FACE('',(#813,#814),#2534,.F.);
#2117=ADVANCED_FACE('',(#815,#816),#2535,.F.);
#2118=ADVANCED_FACE('',(#817,#818),#2536,.T.);
#2119=ADVANCED_FACE('',(#2906),#400,.F.);
#2120=ADVANCED_FACE('',(#819,#820),#2537,.T.);
#2121=ADVANCED_FACE('',(#2907),#401,.F.);
#2122=ADVANCED_FACE('',(#821,#822,#823,#824),#402,.T.);
#2123=ADVANCED_FACE('',(#825,#826,#827,#828),#403,.F.);
#2124=ADVANCED_FACE('',(#2908),#2538,.F.);
#2125=ADVANCED_FACE('',(#2909),#2539,.F.);
#2126=ADVANCED_FACE('',(#829,#830),#2540,.T.);
#2127=ADVANCED_FACE('',(#831,#832),#2541,.F.);
#2128=ADVANCED_FACE('',(#2910),#2542,.T.);
#2129=ADVANCED_FACE('',(#2911),#2543,.T.);
#2130=ADVANCED_FACE('',(#2912),#2544,.T.);
#2131=ADVANCED_FACE('',(#2913),#2545,.F.);
#2132=ADVANCED_FACE('',(#833,#834),#404,.T.);
#2133=ADVANCED_FACE('',(#2914),#2546,.F.);
#2134=ADVANCED_FACE('',(#835,#836),#405,.F.);
#2135=ADVANCED_FACE('',(#837,#838),#406,.F.);
#2136=ADVANCED_FACE('',(#2915),#407,.F.);
#2137=ADVANCED_FACE('',(#2916),#408,.F.);
#2138=PLANE('',#9598);
#2139=PLANE('',#9599);
#2140=PLANE('',#9600);
#2141=PLANE('',#9601);
#2142=PLANE('',#9602);
#2143=PLANE('',#9603);
#2144=PLANE('',#9604);
#2145=PLANE('',#9605);
#2146=PLANE('',#9606);
#2147=PLANE('',#9607);
#2148=PLANE('',#9608);
#2149=PLANE('',#9609);
#2150=PLANE('',#9610);
#2151=PLANE('',#9611);
#2152=PLANE('',#9612);
#2153=PLANE('',#9613);
#2154=PLANE('',#9614);
#2155=PLANE('',#9615);
#2156=PLANE('',#9616);
#2157=PLANE('',#9617);
#2158=PLANE('',#9618);
#2159=PLANE('',#9619);
#2160=PLANE('',#9620);
#2161=PLANE('',#9621);
#2162=PLANE('',#9622);
#2163=PLANE('',#9623);
#2164=PLANE('',#9624);
#2165=PLANE('',#9625);
#2166=PLANE('',#9626);
#2167=PLANE('',#9627);
#2168=PLANE('',#9628);
#2169=PLANE('',#9629);
#2170=PLANE('',#9630);
#2171=PLANE('',#9631);
#2172=PLANE('',#9632);
#2173=PLANE('',#9633);
#2174=PLANE('',#9634);
#2175=PLANE('',#9635);
#2176=PLANE('',#9636);
#2177=PLANE('',#9637);
#2178=PLANE('',#9638);
#2179=PLANE('',#9639);
#2180=PLANE('',#9640);
#2181=PLANE('',#9641);
#2182=PLANE('',#9642);
#2183=PLANE('',#9643);
#2184=PLANE('',#9644);
#2185=PLANE('',#9645);
#2186=PLANE('',#9646);
#2187=PLANE('',#9647);
#2188=PLANE('',#9648);
#2189=PLANE('',#9649);
#2190=PLANE('',#9650);
#2191=PLANE('',#9651);
#2192=PLANE('',#9652);
#2193=PLANE('',#9653);
#2194=PLANE('',#9654);
#2195=PLANE('',#9655);
#2196=PLANE('',#9656);
#2197=PLANE('',#9657);
#2198=PLANE('',#9658);
#2199=PLANE('',#9659);
#2200=PLANE('',#9660);
#2201=PLANE('',#9661);
#2202=PLANE('',#9662);
#2203=PLANE('',#9663);
#2204=PLANE('',#9664);
#2205=PLANE('',#9665);
#2206=PLANE('',#9668);
#2207=PLANE('',#9671);
#2208=PLANE('',#9674);
#2209=PLANE('',#9677);
#2210=PLANE('',#9678);
#2211=PLANE('',#9679);
#2212=PLANE('',#9686);
#2213=PLANE('',#9688);
#2214=PLANE('',#9691);
#2215=PLANE('',#9693);
#2216=PLANE('',#9694);
#2217=PLANE('',#9695);
#2218=PLANE('',#9702);
#2219=PLANE('',#9703);
#2220=PLANE('',#9704);
#2221=PLANE('',#9705);
#2222=PLANE('',#9706);
#2223=PLANE('',#9707);
#2224=PLANE('',#9708);
#2225=PLANE('',#9709);
#2226=PLANE('',#9710);
#2227=PLANE('',#9711);
#2228=PLANE('',#9712);
#2229=PLANE('',#9713);
#2230=PLANE('',#9714);
#2231=PLANE('',#9715);
#2232=PLANE('',#9716);
#2233=PLANE('',#9717);
#2234=PLANE('',#9718);
#2235=PLANE('',#9719);
#2236=PLANE('',#9722);
#2237=PLANE('',#9725);
#2238=PLANE('',#9728);
#2239=PLANE('',#9731);
#2240=PLANE('',#9732);
#2241=PLANE('',#9733);
#2242=PLANE('',#9739);
#2243=PLANE('',#9742);
#2244=PLANE('',#9744);
#2245=PLANE('',#9747);
#2246=PLANE('',#9748);
#2247=PLANE('',#9749);
#2248=PLANE('',#9756);
#2249=PLANE('',#9757);
#2250=PLANE('',#9758);
#2251=PLANE('',#9759);
#2252=PLANE('',#9760);
#2253=PLANE('',#9761);
#2254=PLANE('',#9763);
#2255=PLANE('',#9764);
#2256=PLANE('',#9765);
#2257=PLANE('',#9766);
#2258=PLANE('',#9767);
#2259=PLANE('',#9768);
#2260=PLANE('',#9770);
#2261=PLANE('',#9772);
#2262=PLANE('',#9773);
#2263=PLANE('',#9774);
#2264=PLANE('',#9775);
#2265=PLANE('',#9776);
#2266=PLANE('',#9777);
#2267=PLANE('',#9778);
#2268=PLANE('',#9779);
#2269=PLANE('',#9780);
#2270=PLANE('',#9781);
#2271=PLANE('',#9782);
#2272=PLANE('',#9783);
#2273=PLANE('',#9784);
#2274=PLANE('',#9787);
#2275=PLANE('',#9788);
#2276=PLANE('',#9791);
#2277=PLANE('',#9792);
#2278=PLANE('',#9793);
#2279=PLANE('',#9798);
#2280=PLANE('',#9800);
#2281=PLANE('',#9801);
#2282=PLANE('',#9803);
#2283=PLANE('',#9804);
#2284=PLANE('',#9805);
#2285=PLANE('',#9808);
#2286=PLANE('',#9809);
#2287=PLANE('',#9810);
#2288=PLANE('',#9811);
#2289=PLANE('',#9812);
#2290=PLANE('',#9813);
#2291=PLANE('',#9814);
#2292=PLANE('',#9817);
#2293=PLANE('',#9818);
#2294=PLANE('',#9821);
#2295=PLANE('',#9822);
#2296=PLANE('',#9823);
#2297=PLANE('',#9828);
#2298=PLANE('',#9830);
#2299=PLANE('',#9831);
#2300=PLANE('',#9833);
#2301=PLANE('',#9834);
#2302=PLANE('',#9835);
#2303=PLANE('',#9838);
#2304=PLANE('',#9839);
#2305=PLANE('',#9840);
#2306=PLANE('',#9841);
#2307=PLANE('',#9842);
#2308=PLANE('',#9843);
#2309=PLANE('',#9844);
#2310=PLANE('',#9847);
#2311=PLANE('',#9848);
#2312=PLANE('',#9851);
#2313=PLANE('',#9852);
#2314=PLANE('',#9853);
#2315=PLANE('',#9858);
#2316=PLANE('',#9860);
#2317=PLANE('',#9861);
#2318=PLANE('',#9863);
#2319=PLANE('',#9864);
#2320=PLANE('',#9865);
#2321=PLANE('',#9870);
#2322=PLANE('',#9873);
#2323=PLANE('',#9876);
#2324=PLANE('',#9879);
#2325=PLANE('',#9880);
#2326=PLANE('',#9881);
#2327=PLANE('',#9887);
#2328=PLANE('',#9890);
#2329=PLANE('',#9892);
#2330=PLANE('',#9895);
#2331=PLANE('',#9896);
#2332=PLANE('',#9897);
#2333=PLANE('',#9904);
#2334=PLANE('',#9907);
#2335=PLANE('',#9908);
#2336=PLANE('',#9911);
#2337=PLANE('',#9912);
#2338=PLANE('',#9913);
#2339=PLANE('',#9918);
#2340=PLANE('',#9920);
#2341=PLANE('',#9921);
#2342=PLANE('',#9923);
#2343=PLANE('',#9924);
#2344=PLANE('',#9925);
#2345=PLANE('',#9928);
#2346=PLANE('',#9929);
#2347=PLANE('',#9930);
#2348=PLANE('',#9931);
#2349=PLANE('',#9932);
#2350=PLANE('',#9933);
#2351=PLANE('',#9936);
#2352=PLANE('',#9939);
#2353=PLANE('',#9942);
#2354=PLANE('',#9945);
#2355=PLANE('',#9946);
#2356=PLANE('',#9947);
#2357=PLANE('',#9953);
#2358=PLANE('',#9956);
#2359=PLANE('',#9958);
#2360=PLANE('',#9961);
#2361=PLANE('',#9962);
#2362=PLANE('',#9963);
#2363=PLANE('',#9970);
#2364=PLANE('',#9971);
#2365=PLANE('',#9972);
#2366=PLANE('',#9973);
#2367=PLANE('',#9974);
#2368=PLANE('',#9975);
#2369=PLANE('',#9976);
#2370=PLANE('',#9977);
#2371=PLANE('',#9978);
#2372=PLANE('',#9979);
#2373=PLANE('',#9980);
#2374=PLANE('',#9981);
#2375=PLANE('',#9982);
#2376=PLANE('',#9983);
#2377=PLANE('',#9984);
#2378=PLANE('',#9985);
#2379=PLANE('',#9986);
#2380=PLANE('',#9987);
#2381=PLANE('',#9988);
#2382=PLANE('',#9989);
#2383=PLANE('',#9990);
#2384=PLANE('',#9991);
#2385=PLANE('',#9992);
#2386=PLANE('',#9993);
#2387=PLANE('',#9994);
#2388=PLANE('',#9995);
#2389=PLANE('',#9996);
#2390=PLANE('',#9997);
#2391=PLANE('',#9998);
#2392=PLANE('',#9999);
#2393=PLANE('',#10000);
#2394=PLANE('',#10001);
#2395=PLANE('',#10002);
#2396=PLANE('',#10003);
#2397=PLANE('',#10004);
#2398=PLANE('',#10005);
#2399=PLANE('',#10006);
#2400=PLANE('',#10007);
#2401=PLANE('',#10008);
#2402=PLANE('',#10009);
#2403=PLANE('',#10010);
#2404=PLANE('',#10011);
#2405=PLANE('',#10012);
#2406=PLANE('',#10013);
#2407=PLANE('',#10014);
#2408=PLANE('',#10015);
#2409=PLANE('',#10016);
#2410=PLANE('',#10017);
#2411=PLANE('',#10018);
#2412=PLANE('',#10019);
#2413=PLANE('',#10020);
#2414=PLANE('',#10021);
#2415=PLANE('',#10022);
#2416=PLANE('',#10023);
#2417=PLANE('',#10024);
#2418=PLANE('',#10025);
#2419=PLANE('',#10026);
#2420=PLANE('',#10027);
#2421=PLANE('',#10028);
#2422=PLANE('',#10029);
#2423=PLANE('',#10030);
#2424=PLANE('',#10031);
#2425=PLANE('',#10032);
#2426=PLANE('',#10033);
#2427=PLANE('',#10034);
#2428=PLANE('',#10035);
#2429=PLANE('',#10036);
#2430=PLANE('',#10037);
#2431=PLANE('',#10038);
#2432=PLANE('',#10039);
#2433=PLANE('',#10040);
#2434=PLANE('',#10041);
#2435=PLANE('',#10042);
#2436=PLANE('',#10043);
#2437=PLANE('',#10044);
#2438=PLANE('',#10045);
#2439=PLANE('',#10046);
#2440=PLANE('',#10047);
#2441=PLANE('',#10048);
#2442=PLANE('',#10052);
#2443=PLANE('',#10056);
#2444=PLANE('',#10060);
#2445=PLANE('',#10064);
#2446=PLANE('',#10065);
#2447=PLANE('',#10102);
#2448=PLANE('',#10103);
#2449=PLANE('',#10108);
#2450=PLANE('',#10109);
#2451=PLANE('',#10110);
#2452=PLANE('',#10111);
#2453=PLANE('',#10124);
#2454=PLANE('',#10127);
#2455=PLANE('',#10128);
#2456=PLANE('',#10131);
#2457=PLANE('',#10132);
#2458=PLANE('',#10135);
#2459=PLANE('',#10136);
#2460=PLANE('',#10139);
#2461=PLANE('',#10140);
#2462=PLANE('',#10141);
#2463=PLANE('',#10142);
#2464=PLANE('',#10143);
#2465=PLANE('',#10144);
#2466=PLANE('',#10145);
#2467=PLANE('',#10146);
#2468=PLANE('',#10147);
#2469=PLANE('',#10148);
#2470=PLANE('',#10149);
#2471=PLANE('',#10150);
#2472=PLANE('',#10151);
#2473=PLANE('',#10152);
#2474=PLANE('',#10153);
#2475=PLANE('',#10154);
#2476=PLANE('',#10155);
#2477=PLANE('',#10156);
#2478=PLANE('',#10157);
#2479=PLANE('',#10158);
#2480=PLANE('',#10159);
#2481=PLANE('',#10160);
#2482=PLANE('',#10161);
#2483=PLANE('',#10162);
#2484=PLANE('',#10163);
#2485=PLANE('',#10164);
#2486=PLANE('',#10165);
#2487=PLANE('',#10166);
#2488=PLANE('',#10167);
#2489=PLANE('',#10168);
#2490=PLANE('',#10169);
#2491=PLANE('',#10170);
#2492=PLANE('',#10171);
#2493=PLANE('',#10172);
#2494=PLANE('',#10173);
#2495=PLANE('',#10174);
#2496=PLANE('',#10175);
#2497=PLANE('',#10179);
#2498=PLANE('',#10180);
#2499=PLANE('',#10219);
#2500=PLANE('',#10224);
#2501=PLANE('',#10225);
#2502=PLANE('',#10229);
#2503=PLANE('',#10233);
#2504=PLANE('',#10234);
#2505=PLANE('',#10235);
#2506=PLANE('',#10236);
#2507=PLANE('',#10243);
#2508=PLANE('',#10244);
#2509=PLANE('',#10247);
#2510=PLANE('',#10252);
#2511=PLANE('',#10253);
#2512=PLANE('',#10254);
#2513=PLANE('',#10255);
#2514=PLANE('',#10260);
#2515=PLANE('',#10265);
#2516=PLANE('',#10266);
#2517=PLANE('',#10269);
#2518=PLANE('',#10273);
#2519=PLANE('',#10277);
#2520=PLANE('',#10281);
#2521=PLANE('',#10287);
#2522=PLANE('',#10288);
#2523=PLANE('',#10291);
#2524=PLANE('',#10295);
#2525=PLANE('',#10299);
#2526=PLANE('',#10303);
#2527=PLANE('',#10309);
#2528=PLANE('',#10312);
#2529=PLANE('',#10315);
#2530=PLANE('',#10321);
#2531=PLANE('',#10322);
#2532=PLANE('',#10336);
#2533=PLANE('',#10337);
#2534=PLANE('',#10338);
#2535=PLANE('',#10339);
#2536=PLANE('',#10341);
#2537=PLANE('',#10344);
#2538=PLANE('',#10354);
#2539=PLANE('',#10356);
#2540=PLANE('',#10357);
#2541=PLANE('',#10361);
#2542=PLANE('',#10362);
#2543=PLANE('',#10363);
#2544=PLANE('',#10364);
#2545=PLANE('',#10367);
#2546=PLANE('',#10370);
#2547=FACE_OUTER_BOUND('',#2917,.T.);
#2548=FACE_OUTER_BOUND('',#2918,.T.);
#2549=FACE_OUTER_BOUND('',#2919,.T.);
#2550=FACE_OUTER_BOUND('',#2920,.T.);
#2551=FACE_OUTER_BOUND('',#2921,.T.);
#2552=FACE_OUTER_BOUND('',#2922,.T.);
#2553=FACE_OUTER_BOUND('',#2923,.T.);
#2554=FACE_OUTER_BOUND('',#2924,.T.);
#2555=FACE_OUTER_BOUND('',#2925,.T.);
#2556=FACE_OUTER_BOUND('',#2926,.T.);
#2557=FACE_OUTER_BOUND('',#2927,.T.);
#2558=FACE_OUTER_BOUND('',#2928,.T.);
#2559=FACE_OUTER_BOUND('',#2929,.T.);
#2560=FACE_OUTER_BOUND('',#2930,.T.);
#2561=FACE_OUTER_BOUND('',#2931,.T.);
#2562=FACE_OUTER_BOUND('',#2932,.T.);
#2563=FACE_OUTER_BOUND('',#2933,.T.);
#2564=FACE_OUTER_BOUND('',#2934,.T.);
#2565=FACE_OUTER_BOUND('',#2935,.T.);
#2566=FACE_OUTER_BOUND('',#2936,.T.);
#2567=FACE_OUTER_BOUND('',#2937,.T.);
#2568=FACE_OUTER_BOUND('',#2938,.T.);
#2569=FACE_OUTER_BOUND('',#2939,.T.);
#2570=FACE_OUTER_BOUND('',#2940,.T.);
#2571=FACE_OUTER_BOUND('',#2941,.T.);
#2572=FACE_OUTER_BOUND('',#2942,.T.);
#2573=FACE_OUTER_BOUND('',#2943,.T.);
#2574=FACE_OUTER_BOUND('',#2944,.T.);
#2575=FACE_OUTER_BOUND('',#2945,.T.);
#2576=FACE_OUTER_BOUND('',#2946,.T.);
#2577=FACE_OUTER_BOUND('',#2947,.T.);
#2578=FACE_OUTER_BOUND('',#2948,.T.);
#2579=FACE_OUTER_BOUND('',#2949,.T.);
#2580=FACE_OUTER_BOUND('',#2950,.T.);
#2581=FACE_OUTER_BOUND('',#2951,.T.);
#2582=FACE_OUTER_BOUND('',#2952,.T.);
#2583=FACE_OUTER_BOUND('',#2953,.T.);
#2584=FACE_OUTER_BOUND('',#2954,.T.);
#2585=FACE_OUTER_BOUND('',#2955,.T.);
#2586=FACE_OUTER_BOUND('',#2956,.T.);
#2587=FACE_OUTER_BOUND('',#2957,.T.);
#2588=FACE_OUTER_BOUND('',#2958,.T.);
#2589=FACE_OUTER_BOUND('',#2959,.T.);
#2590=FACE_OUTER_BOUND('',#2960,.T.);
#2591=FACE_OUTER_BOUND('',#2961,.T.);
#2592=FACE_OUTER_BOUND('',#2962,.T.);
#2593=FACE_OUTER_BOUND('',#2963,.T.);
#2594=FACE_OUTER_BOUND('',#2964,.T.);
#2595=FACE_OUTER_BOUND('',#2965,.T.);
#2596=FACE_OUTER_BOUND('',#2966,.T.);
#2597=FACE_OUTER_BOUND('',#2967,.T.);
#2598=FACE_OUTER_BOUND('',#2968,.T.);
#2599=FACE_OUTER_BOUND('',#2969,.T.);
#2600=FACE_OUTER_BOUND('',#2970,.T.);
#2601=FACE_OUTER_BOUND('',#2971,.T.);
#2602=FACE_OUTER_BOUND('',#2972,.T.);
#2603=FACE_OUTER_BOUND('',#2973,.T.);
#2604=FACE_OUTER_BOUND('',#2974,.T.);
#2605=FACE_OUTER_BOUND('',#2975,.T.);
#2606=FACE_OUTER_BOUND('',#2976,.T.);
#2607=FACE_OUTER_BOUND('',#2977,.T.);
#2608=FACE_OUTER_BOUND('',#2978,.T.);
#2609=FACE_OUTER_BOUND('',#2979,.T.);
#2610=FACE_OUTER_BOUND('',#2980,.T.);
#2611=FACE_OUTER_BOUND('',#2981,.T.);
#2612=FACE_OUTER_BOUND('',#2982,.T.);
#2613=FACE_OUTER_BOUND('',#2983,.T.);
#2614=FACE_OUTER_BOUND('',#2984,.T.);
#2615=FACE_OUTER_BOUND('',#2997,.T.);
#2616=FACE_OUTER_BOUND('',#2998,.T.);
#2617=FACE_OUTER_BOUND('',#3015,.T.);
#2618=FACE_OUTER_BOUND('',#3016,.T.);
#2619=FACE_OUTER_BOUND('',#3029,.T.);
#2620=FACE_OUTER_BOUND('',#3030,.T.);
#2621=FACE_OUTER_BOUND('',#3031,.T.);
#2622=FACE_OUTER_BOUND('',#3032,.T.);
#2623=FACE_OUTER_BOUND('',#3033,.T.);
#2624=FACE_OUTER_BOUND('',#3034,.T.);
#2625=FACE_OUTER_BOUND('',#3035,.T.);
#2626=FACE_OUTER_BOUND('',#3036,.T.);
#2627=FACE_OUTER_BOUND('',#3037,.T.);
#2628=FACE_OUTER_BOUND('',#3038,.T.);
#2629=FACE_OUTER_BOUND('',#3039,.T.);
#2630=FACE_OUTER_BOUND('',#3040,.T.);
#2631=FACE_OUTER_BOUND('',#3041,.T.);
#2632=FACE_OUTER_BOUND('',#3042,.T.);
#2633=FACE_OUTER_BOUND('',#3043,.T.);
#2634=FACE_OUTER_BOUND('',#3044,.T.);
#2635=FACE_OUTER_BOUND('',#3045,.T.);
#2636=FACE_OUTER_BOUND('',#3046,.T.);
#2637=FACE_OUTER_BOUND('',#3059,.T.);
#2638=FACE_OUTER_BOUND('',#3060,.T.);
#2639=FACE_OUTER_BOUND('',#3077,.T.);
#2640=FACE_OUTER_BOUND('',#3078,.T.);
#2641=FACE_OUTER_BOUND('',#3091,.T.);
#2642=FACE_OUTER_BOUND('',#3092,.T.);
#2643=FACE_OUTER_BOUND('',#3093,.T.);
#2644=FACE_OUTER_BOUND('',#3094,.T.);
#2645=FACE_OUTER_BOUND('',#3095,.T.);
#2646=FACE_OUTER_BOUND('',#3096,.T.);
#2647=FACE_OUTER_BOUND('',#3099,.T.);
#2648=FACE_OUTER_BOUND('',#3100,.T.);
#2649=FACE_OUTER_BOUND('',#3101,.T.);
#2650=FACE_OUTER_BOUND('',#3102,.T.);
#2651=FACE_OUTER_BOUND('',#3103,.T.);
#2652=FACE_OUTER_BOUND('',#3104,.T.);
#2653=FACE_OUTER_BOUND('',#3107,.T.);
#2654=FACE_OUTER_BOUND('',#3108,.T.);
#2655=FACE_OUTER_BOUND('',#3109,.T.);
#2656=FACE_OUTER_BOUND('',#3110,.T.);
#2657=FACE_OUTER_BOUND('',#3111,.T.);
#2658=FACE_OUTER_BOUND('',#3112,.T.);
#2659=FACE_OUTER_BOUND('',#3113,.T.);
#2660=FACE_OUTER_BOUND('',#3114,.T.);
#2661=FACE_OUTER_BOUND('',#3115,.T.);
#2662=FACE_OUTER_BOUND('',#3116,.T.);
#2663=FACE_OUTER_BOUND('',#3117,.T.);
#2664=FACE_OUTER_BOUND('',#3118,.T.);
#2665=FACE_OUTER_BOUND('',#3119,.T.);
#2666=FACE_OUTER_BOUND('',#3123,.T.);
#2667=FACE_OUTER_BOUND('',#3127,.T.);
#2668=FACE_OUTER_BOUND('',#3128,.T.);
#2669=FACE_OUTER_BOUND('',#3133,.T.);
#2670=FACE_OUTER_BOUND('',#3137,.T.);
#2671=FACE_OUTER_BOUND('',#3141,.T.);
#2672=FACE_OUTER_BOUND('',#3142,.T.);
#2673=FACE_OUTER_BOUND('',#3147,.T.);
#2674=FACE_OUTER_BOUND('',#3148,.T.);
#2675=FACE_OUTER_BOUND('',#3149,.T.);
#2676=FACE_OUTER_BOUND('',#3150,.T.);
#2677=FACE_OUTER_BOUND('',#3151,.T.);
#2678=FACE_OUTER_BOUND('',#3152,.T.);
#2679=FACE_OUTER_BOUND('',#3153,.T.);
#2680=FACE_OUTER_BOUND('',#3157,.T.);
#2681=FACE_OUTER_BOUND('',#3161,.T.);
#2682=FACE_OUTER_BOUND('',#3162,.T.);
#2683=FACE_OUTER_BOUND('',#3167,.T.);
#2684=FACE_OUTER_BOUND('',#3171,.T.);
#2685=FACE_OUTER_BOUND('',#3175,.T.);
#2686=FACE_OUTER_BOUND('',#3176,.T.);
#2687=FACE_OUTER_BOUND('',#3181,.T.);
#2688=FACE_OUTER_BOUND('',#3182,.T.);
#2689=FACE_OUTER_BOUND('',#3183,.T.);
#2690=FACE_OUTER_BOUND('',#3184,.T.);
#2691=FACE_OUTER_BOUND('',#3185,.T.);
#2692=FACE_OUTER_BOUND('',#3186,.T.);
#2693=FACE_OUTER_BOUND('',#3187,.T.);
#2694=FACE_OUTER_BOUND('',#3191,.T.);
#2695=FACE_OUTER_BOUND('',#3195,.T.);
#2696=FACE_OUTER_BOUND('',#3196,.T.);
#2697=FACE_OUTER_BOUND('',#3201,.T.);
#2698=FACE_OUTER_BOUND('',#3205,.T.);
#2699=FACE_OUTER_BOUND('',#3209,.T.);
#2700=FACE_OUTER_BOUND('',#3210,.T.);
#2701=FACE_OUTER_BOUND('',#3227,.T.);
#2702=FACE_OUTER_BOUND('',#3228,.T.);
#2703=FACE_OUTER_BOUND('',#3245,.T.);
#2704=FACE_OUTER_BOUND('',#3246,.T.);
#2705=FACE_OUTER_BOUND('',#3259,.T.);
#2706=FACE_OUTER_BOUND('',#3263,.T.);
#2707=FACE_OUTER_BOUND('',#3267,.T.);
#2708=FACE_OUTER_BOUND('',#3268,.T.);
#2709=FACE_OUTER_BOUND('',#3273,.T.);
#2710=FACE_OUTER_BOUND('',#3277,.T.);
#2711=FACE_OUTER_BOUND('',#3281,.T.);
#2712=FACE_OUTER_BOUND('',#3282,.T.);
#2713=FACE_OUTER_BOUND('',#3287,.T.);
#2714=FACE_OUTER_BOUND('',#3288,.T.);
#2715=FACE_OUTER_BOUND('',#3289,.T.);
#2716=FACE_OUTER_BOUND('',#3290,.T.);
#2717=FACE_OUTER_BOUND('',#3291,.T.);
#2718=FACE_OUTER_BOUND('',#3292,.T.);
#2719=FACE_OUTER_BOUND('',#3305,.T.);
#2720=FACE_OUTER_BOUND('',#3306,.T.);
#2721=FACE_OUTER_BOUND('',#3323,.T.);
#2722=FACE_OUTER_BOUND('',#3324,.T.);
#2723=FACE_OUTER_BOUND('',#3337,.T.);
#2724=FACE_OUTER_BOUND('',#3338,.T.);
#2725=FACE_OUTER_BOUND('',#3339,.T.);
#2726=FACE_OUTER_BOUND('',#3340,.T.);
#2727=FACE_OUTER_BOUND('',#3341,.T.);
#2728=FACE_OUTER_BOUND('',#3342,.T.);
#2729=FACE_OUTER_BOUND('',#3343,.T.);
#2730=FACE_OUTER_BOUND('',#3344,.T.);
#2731=FACE_OUTER_BOUND('',#3345,.T.);
#2732=FACE_OUTER_BOUND('',#3346,.T.);
#2733=FACE_OUTER_BOUND('',#3347,.T.);
#2734=FACE_OUTER_BOUND('',#3348,.T.);
#2735=FACE_OUTER_BOUND('',#3349,.T.);
#2736=FACE_OUTER_BOUND('',#3350,.T.);
#2737=FACE_OUTER_BOUND('',#3351,.T.);
#2738=FACE_OUTER_BOUND('',#3352,.T.);
#2739=FACE_OUTER_BOUND('',#3353,.T.);
#2740=FACE_OUTER_BOUND('',#3354,.T.);
#2741=FACE_OUTER_BOUND('',#3355,.T.);
#2742=FACE_OUTER_BOUND('',#3356,.T.);
#2743=FACE_OUTER_BOUND('',#3357,.T.);
#2744=FACE_OUTER_BOUND('',#3358,.T.);
#2745=FACE_OUTER_BOUND('',#3359,.T.);
#2746=FACE_OUTER_BOUND('',#3360,.T.);
#2747=FACE_OUTER_BOUND('',#3361,.T.);
#2748=FACE_OUTER_BOUND('',#3362,.T.);
#2749=FACE_OUTER_BOUND('',#3363,.T.);
#2750=FACE_OUTER_BOUND('',#3364,.T.);
#2751=FACE_OUTER_BOUND('',#3369,.T.);
#2752=FACE_OUTER_BOUND('',#3370,.T.);
#2753=FACE_OUTER_BOUND('',#3371,.T.);
#2754=FACE_OUTER_BOUND('',#3372,.T.);
#2755=FACE_OUTER_BOUND('',#3373,.T.);
#2756=FACE_OUTER_BOUND('',#3374,.T.);
#2757=FACE_OUTER_BOUND('',#3375,.T.);
#2758=FACE_OUTER_BOUND('',#3376,.T.);
#2759=FACE_OUTER_BOUND('',#3377,.T.);
#2760=FACE_OUTER_BOUND('',#3378,.T.);
#2761=FACE_OUTER_BOUND('',#3383,.T.);
#2762=FACE_OUTER_BOUND('',#3384,.T.);
#2763=FACE_OUTER_BOUND('',#3385,.T.);
#2764=FACE_OUTER_BOUND('',#3386,.T.);
#2765=FACE_OUTER_BOUND('',#3387,.T.);
#2766=FACE_OUTER_BOUND('',#3388,.T.);
#2767=FACE_OUTER_BOUND('',#3389,.T.);
#2768=FACE_OUTER_BOUND('',#3390,.T.);
#2769=FACE_OUTER_BOUND('',#3391,.T.);
#2770=FACE_OUTER_BOUND('',#3392,.T.);
#2771=FACE_OUTER_BOUND('',#3393,.T.);
#2772=FACE_OUTER_BOUND('',#3394,.T.);
#2773=FACE_OUTER_BOUND('',#3395,.T.);
#2774=FACE_OUTER_BOUND('',#3396,.T.);
#2775=FACE_OUTER_BOUND('',#3397,.T.);
#2776=FACE_OUTER_BOUND('',#3398,.T.);
#2777=FACE_OUTER_BOUND('',#3399,.T.);
#2778=FACE_OUTER_BOUND('',#3400,.T.);
#2779=FACE_OUTER_BOUND('',#3401,.T.);
#2780=FACE_OUTER_BOUND('',#3402,.T.);
#2781=FACE_OUTER_BOUND('',#3403,.T.);
#2782=FACE_OUTER_BOUND('',#3404,.T.);
#2783=FACE_OUTER_BOUND('',#3405,.T.);
#2784=FACE_OUTER_BOUND('',#3406,.T.);
#2785=FACE_OUTER_BOUND('',#3407,.T.);
#2786=FACE_OUTER_BOUND('',#3408,.T.);
#2787=FACE_OUTER_BOUND('',#3409,.T.);
#2788=FACE_OUTER_BOUND('',#3410,.T.);
#2789=FACE_OUTER_BOUND('',#3411,.T.);
#2790=FACE_OUTER_BOUND('',#3412,.T.);
#2791=FACE_OUTER_BOUND('',#3413,.T.);
#2792=FACE_OUTER_BOUND('',#3414,.T.);
#2793=FACE_OUTER_BOUND('',#3415,.T.);
#2794=FACE_OUTER_BOUND('',#3416,.T.);
#2795=FACE_OUTER_BOUND('',#3417,.T.);
#2796=FACE_OUTER_BOUND('',#3418,.T.);
#2797=FACE_OUTER_BOUND('',#3419,.T.);
#2798=FACE_OUTER_BOUND('',#3420,.T.);
#2799=FACE_OUTER_BOUND('',#3421,.T.);
#2800=FACE_OUTER_BOUND('',#3422,.T.);
#2801=FACE_OUTER_BOUND('',#3423,.T.);
#2802=FACE_OUTER_BOUND('',#3424,.T.);
#2803=FACE_OUTER_BOUND('',#3425,.T.);
#2804=FACE_OUTER_BOUND('',#3426,.T.);
#2805=FACE_OUTER_BOUND('',#3427,.T.);
#2806=FACE_OUTER_BOUND('',#3428,.T.);
#2807=FACE_OUTER_BOUND('',#3461,.T.);
#2808=FACE_OUTER_BOUND('',#3462,.T.);
#2809=FACE_OUTER_BOUND('',#3463,.T.);
#2810=FACE_OUTER_BOUND('',#3464,.T.);
#2811=FACE_OUTER_BOUND('',#3465,.T.);
#2812=FACE_OUTER_BOUND('',#3466,.T.);
#2813=FACE_OUTER_BOUND('',#3467,.T.);
#2814=FACE_OUTER_BOUND('',#3468,.T.);
#2815=FACE_OUTER_BOUND('',#3469,.T.);
#2816=FACE_OUTER_BOUND('',#3470,.T.);
#2817=FACE_OUTER_BOUND('',#3471,.T.);
#2818=FACE_OUTER_BOUND('',#3472,.T.);
#2819=FACE_OUTER_BOUND('',#3473,.T.);
#2820=FACE_OUTER_BOUND('',#3474,.T.);
#2821=FACE_OUTER_BOUND('',#3475,.T.);
#2822=FACE_OUTER_BOUND('',#3476,.T.);
#2823=FACE_OUTER_BOUND('',#3477,.T.);
#2824=FACE_OUTER_BOUND('',#3478,.T.);
#2825=FACE_OUTER_BOUND('',#3479,.T.);
#2826=FACE_OUTER_BOUND('',#3480,.T.);
#2827=FACE_OUTER_BOUND('',#3481,.T.);
#2828=FACE_OUTER_BOUND('',#3482,.T.);
#2829=FACE_OUTER_BOUND('',#3483,.T.);
#2830=FACE_OUTER_BOUND('',#3484,.T.);
#2831=FACE_OUTER_BOUND('',#3485,.T.);
#2832=FACE_OUTER_BOUND('',#3486,.T.);
#2833=FACE_OUTER_BOUND('',#3487,.T.);
#2834=FACE_OUTER_BOUND('',#3488,.T.);
#2835=FACE_OUTER_BOUND('',#3489,.T.);
#2836=FACE_OUTER_BOUND('',#3490,.T.);
#2837=FACE_OUTER_BOUND('',#3491,.T.);
#2838=FACE_OUTER_BOUND('',#3492,.T.);
#2839=FACE_OUTER_BOUND('',#3493,.T.);
#2840=FACE_OUTER_BOUND('',#3494,.T.);
#2841=FACE_OUTER_BOUND('',#3495,.T.);
#2842=FACE_OUTER_BOUND('',#3496,.T.);
#2843=FACE_OUTER_BOUND('',#3497,.T.);
#2844=FACE_OUTER_BOUND('',#3498,.T.);
#2845=FACE_OUTER_BOUND('',#3499,.T.);
#2846=FACE_OUTER_BOUND('',#3500,.T.);
#2847=FACE_OUTER_BOUND('',#3501,.T.);
#2848=FACE_OUTER_BOUND('',#3502,.T.);
#2849=FACE_OUTER_BOUND('',#3503,.T.);
#2850=FACE_OUTER_BOUND('',#3504,.T.);
#2851=FACE_OUTER_BOUND('',#3505,.T.);
#2852=FACE_OUTER_BOUND('',#3506,.T.);
#2853=FACE_OUTER_BOUND('',#3507,.T.);
#2854=FACE_OUTER_BOUND('',#3508,.T.);
#2855=FACE_OUTER_BOUND('',#3509,.T.);
#2856=FACE_OUTER_BOUND('',#3510,.T.);
#2857=FACE_OUTER_BOUND('',#3515,.T.);
#2858=FACE_OUTER_BOUND('',#3516,.T.);
#2859=FACE_OUTER_BOUND('',#3517,.T.);
#2860=FACE_OUTER_BOUND('',#3518,.T.);
#2861=FACE_OUTER_BOUND('',#3519,.T.);
#2862=FACE_OUTER_BOUND('',#3520,.T.);
#2863=FACE_OUTER_BOUND('',#3521,.T.);
#2864=FACE_OUTER_BOUND('',#3522,.T.);
#2865=FACE_OUTER_BOUND('',#3523,.T.);
#2866=FACE_OUTER_BOUND('',#3524,.T.);
#2867=FACE_OUTER_BOUND('',#3537,.T.);
#2868=FACE_OUTER_BOUND('',#3538,.T.);
#2869=FACE_OUTER_BOUND('',#3581,.T.);
#2870=FACE_OUTER_BOUND('',#3584,.T.);
#2871=FACE_OUTER_BOUND('',#3585,.T.);
#2872=FACE_OUTER_BOUND('',#3586,.T.);
#2873=FACE_OUTER_BOUND('',#3587,.T.);
#2874=FACE_OUTER_BOUND('',#3588,.T.);
#2875=FACE_OUTER_BOUND('',#3589,.T.);
#2876=FACE_OUTER_BOUND('',#3590,.T.);
#2877=FACE_OUTER_BOUND('',#3600,.T.);
#2878=FACE_OUTER_BOUND('',#3601,.T.);
#2879=FACE_OUTER_BOUND('',#3602,.T.);
#2880=FACE_OUTER_BOUND('',#3608,.T.);
#2881=FACE_OUTER_BOUND('',#3609,.T.);
#2882=FACE_OUTER_BOUND('',#3610,.T.);
#2883=FACE_OUTER_BOUND('',#3624,.T.);
#2884=FACE_OUTER_BOUND('',#3625,.T.);
#2885=FACE_OUTER_BOUND('',#3629,.T.);
#2886=FACE_OUTER_BOUND('',#3630,.T.);
#2887=FACE_OUTER_BOUND('',#3631,.T.);
#2888=FACE_OUTER_BOUND('',#3632,.T.);
#2889=FACE_OUTER_BOUND('',#3633,.T.);
#2890=FACE_OUTER_BOUND('',#3634,.T.);
#2891=FACE_OUTER_BOUND('',#3635,.T.);
#2892=FACE_OUTER_BOUND('',#3639,.T.);
#2893=FACE_OUTER_BOUND('',#3643,.T.);
#2894=FACE_OUTER_BOUND('',#3644,.T.);
#2895=FACE_OUTER_BOUND('',#3645,.T.);
#2896=FACE_OUTER_BOUND('',#3646,.T.);
#2897=FACE_OUTER_BOUND('',#3647,.T.);
#2898=FACE_OUTER_BOUND('',#3648,.T.);
#2899=FACE_OUTER_BOUND('',#3649,.T.);
#2900=FACE_OUTER_BOUND('',#3665,.T.);
#2901=FACE_OUTER_BOUND('',#3666,.T.);
#2902=FACE_OUTER_BOUND('',#3667,.T.);
#2903=FACE_OUTER_BOUND('',#3677,.T.);
#2904=FACE_OUTER_BOUND('',#3678,.T.);
#2905=FACE_OUTER_BOUND('',#3679,.T.);
#2906=FACE_OUTER_BOUND('',#3686,.T.);
#2907=FACE_OUTER_BOUND('',#3689,.T.);
#2908=FACE_OUTER_BOUND('',#3698,.T.);
#2909=FACE_OUTER_BOUND('',#3699,.T.);
#2910=FACE_OUTER_BOUND('',#3704,.T.);
#2911=FACE_OUTER_BOUND('',#3705,.T.);
#2912=FACE_OUTER_BOUND('',#3706,.T.);
#2913=FACE_OUTER_BOUND('',#3707,.T.);
#2914=FACE_OUTER_BOUND('',#3710,.T.);
#2915=FACE_OUTER_BOUND('',#3715,.T.);
#2916=FACE_OUTER_BOUND('',#3716,.T.);
#2917=EDGE_LOOP('',(#3717,#3718,#3719,#3720));
#2918=EDGE_LOOP('',(#3721,#3722,#3723,#3724));
#2919=EDGE_LOOP('',(#3725,#3726,#3727,#3728));
#2920=EDGE_LOOP('',(#3729,#3730,#3731,#3732));
#2921=EDGE_LOOP('',(#3733,#3734,#3735,#3736));
#2922=EDGE_LOOP('',(#3737,#3738,#3739,#3740));
#2923=EDGE_LOOP('',(#3741,#3742,#3743,#3744));
#2924=EDGE_LOOP('',(#3745,#3746,#3747,#3748));
#2925=EDGE_LOOP('',(#3749,#3750,#3751,#3752));
#2926=EDGE_LOOP('',(#3753,#3754,#3755,#3756));
#2927=EDGE_LOOP('',(#3757,#3758,#3759,#3760));
#2928=EDGE_LOOP('',(#3761,#3762,#3763,#3764));
#2929=EDGE_LOOP('',(#3765,#3766,#3767,#3768));
#2930=EDGE_LOOP('',(#3769,#3770,#3771,#3772));
#2931=EDGE_LOOP('',(#3773,#3774,#3775,#3776));
#2932=EDGE_LOOP('',(#3777,#3778,#3779,#3780));
#2933=EDGE_LOOP('',(#3781,#3782,#3783,#3784));
#2934=EDGE_LOOP('',(#3785,#3786,#3787,#3788));
#2935=EDGE_LOOP('',(#3789,#3790,#3791,#3792));
#2936=EDGE_LOOP('',(#3793,#3794,#3795,#3796));
#2937=EDGE_LOOP('',(#3797,#3798,#3799,#3800));
#2938=EDGE_LOOP('',(#3801,#3802,#3803,#3804));
#2939=EDGE_LOOP('',(#3805,#3806,#3807,#3808));
#2940=EDGE_LOOP('',(#3809,#3810,#3811,#3812));
#2941=EDGE_LOOP('',(#3813,#3814,#3815,#3816));
#2942=EDGE_LOOP('',(#3817,#3818,#3819,#3820));
#2943=EDGE_LOOP('',(#3821,#3822,#3823,#3824));
#2944=EDGE_LOOP('',(#3825,#3826,#3827,#3828));
#2945=EDGE_LOOP('',(#3829,#3830,#3831,#3832));
#2946=EDGE_LOOP('',(#3833,#3834,#3835,#3836));
#2947=EDGE_LOOP('',(#3837,#3838,#3839,#3840));
#2948=EDGE_LOOP('',(#3841,#3842,#3843,#3844));
#2949=EDGE_LOOP('',(#3845,#3846,#3847,#3848));
#2950=EDGE_LOOP('',(#3849,#3850,#3851,#3852));
#2951=EDGE_LOOP('',(#3853,#3854,#3855,#3856));
#2952=EDGE_LOOP('',(#3857,#3858,#3859,#3860));
#2953=EDGE_LOOP('',(#3861,#3862,#3863,#3864));
#2954=EDGE_LOOP('',(#3865,#3866,#3867,#3868));
#2955=EDGE_LOOP('',(#3869,#3870,#3871,#3872));
#2956=EDGE_LOOP('',(#3873,#3874,#3875,#3876));
#2957=EDGE_LOOP('',(#3877,#3878,#3879,#3880));
#2958=EDGE_LOOP('',(#3881,#3882,#3883,#3884));
#2959=EDGE_LOOP('',(#3885,#3886,#3887,#3888,#3889,#3890,#3891,#3892,#3893,
#3894,#3895,#3896));
#2960=EDGE_LOOP('',(#3897,#3898,#3899,#3900,#3901,#3902,#3903,#3904,#3905,
#3906,#3907,#3908));
#2961=EDGE_LOOP('',(#3909,#3910,#3911,#3912));
#2962=EDGE_LOOP('',(#3913,#3914,#3915,#3916));
#2963=EDGE_LOOP('',(#3917,#3918,#3919,#3920));
#2964=EDGE_LOOP('',(#3921,#3922,#3923,#3924));
#2965=EDGE_LOOP('',(#3925,#3926,#3927,#3928));
#2966=EDGE_LOOP('',(#3929,#3930,#3931,#3932));
#2967=EDGE_LOOP('',(#3933,#3934,#3935,#3936));
#2968=EDGE_LOOP('',(#3937,#3938,#3939,#3940));
#2969=EDGE_LOOP('',(#3941,#3942,#3943,#3944));
#2970=EDGE_LOOP('',(#3945,#3946,#3947,#3948));
#2971=EDGE_LOOP('',(#3949,#3950,#3951,#3952));
#2972=EDGE_LOOP('',(#3953,#3954,#3955,#3956));
#2973=EDGE_LOOP('',(#3957,#3958,#3959,#3960));
#2974=EDGE_LOOP('',(#3961,#3962,#3963,#3964));
#2975=EDGE_LOOP('',(#3965,#3966,#3967,#3968));
#2976=EDGE_LOOP('',(#3969,#3970,#3971,#3972));
#2977=EDGE_LOOP('',(#3973,#3974,#3975,#3976));
#2978=EDGE_LOOP('',(#3977,#3978,#3979,#3980));
#2979=EDGE_LOOP('',(#3981,#3982,#3983,#3984));
#2980=EDGE_LOOP('',(#3985,#3986,#3987,#3988));
#2981=EDGE_LOOP('',(#3989,#3990,#3991,#3992));
#2982=EDGE_LOOP('',(#3993,#3994,#3995,#3996));
#2983=EDGE_LOOP('',(#3997,#3998,#3999,#4000));
#2984=EDGE_LOOP('',(#4001,#4002,#4003,#4004));
#2985=EDGE_LOOP('',(#4005));
#2986=EDGE_LOOP('',(#4006));
#2987=EDGE_LOOP('',(#4007,#4008,#4009,#4010));
#2988=EDGE_LOOP('',(#4011));
#2989=EDGE_LOOP('',(#4012));
#2990=EDGE_LOOP('',(#4013,#4014,#4015,#4016));
#2991=EDGE_LOOP('',(#4017));
#2992=EDGE_LOOP('',(#4018));
#2993=EDGE_LOOP('',(#4019,#4020,#4021,#4022));
#2994=EDGE_LOOP('',(#4023));
#2995=EDGE_LOOP('',(#4024));
#2996=EDGE_LOOP('',(#4025,#4026,#4027,#4028));
#2997=EDGE_LOOP('',(#4029,#4030,#4031,#4032));
#2998=EDGE_LOOP('',(#4033,#4034,#4035,#4036));
#2999=EDGE_LOOP('',(#4037));
#3000=EDGE_LOOP('',(#4038));
#3001=EDGE_LOOP('',(#4039));
#3002=EDGE_LOOP('',(#4040));
#3003=EDGE_LOOP('',(#4041));
#3004=EDGE_LOOP('',(#4042));
#3005=EDGE_LOOP('',(#4043,#4044,#4045,#4046));
#3006=EDGE_LOOP('',(#4047));
#3007=EDGE_LOOP('',(#4048));
#3008=EDGE_LOOP('',(#4049,#4050,#4051,#4052));
#3009=EDGE_LOOP('',(#4053));
#3010=EDGE_LOOP('',(#4054));
#3011=EDGE_LOOP('',(#4055,#4056,#4057,#4058));
#3012=EDGE_LOOP('',(#4059));
#3013=EDGE_LOOP('',(#4060));
#3014=EDGE_LOOP('',(#4061,#4062,#4063,#4064));
#3015=EDGE_LOOP('',(#4065,#4066,#4067,#4068));
#3016=EDGE_LOOP('',(#4069,#4070,#4071,#4072));
#3017=EDGE_LOOP('',(#4073));
#3018=EDGE_LOOP('',(#4074));
#3019=EDGE_LOOP('',(#4075));
#3020=EDGE_LOOP('',(#4076));
#3021=EDGE_LOOP('',(#4077));
#3022=EDGE_LOOP('',(#4078));
#3023=EDGE_LOOP('',(#4079));
#3024=EDGE_LOOP('',(#4080));
#3025=EDGE_LOOP('',(#4081));
#3026=EDGE_LOOP('',(#4082));
#3027=EDGE_LOOP('',(#4083));
#3028=EDGE_LOOP('',(#4084));
#3029=EDGE_LOOP('',(#4085,#4086,#4087,#4088));
#3030=EDGE_LOOP('',(#4089,#4090,#4091,#4092));
#3031=EDGE_LOOP('',(#4093,#4094,#4095,#4096));
#3032=EDGE_LOOP('',(#4097,#4098,#4099,#4100));
#3033=EDGE_LOOP('',(#4101,#4102,#4103,#4104));
#3034=EDGE_LOOP('',(#4105,#4106,#4107,#4108));
#3035=EDGE_LOOP('',(#4109,#4110,#4111,#4112));
#3036=EDGE_LOOP('',(#4113,#4114,#4115,#4116));
#3037=EDGE_LOOP('',(#4117,#4118,#4119,#4120));
#3038=EDGE_LOOP('',(#4121,#4122,#4123,#4124));
#3039=EDGE_LOOP('',(#4125,#4126,#4127,#4128));
#3040=EDGE_LOOP('',(#4129,#4130,#4131,#4132));
#3041=EDGE_LOOP('',(#4133,#4134,#4135,#4136));
#3042=EDGE_LOOP('',(#4137,#4138,#4139,#4140));
#3043=EDGE_LOOP('',(#4141,#4142,#4143,#4144));
#3044=EDGE_LOOP('',(#4145,#4146,#4147,#4148));
#3045=EDGE_LOOP('',(#4149,#4150,#4151,#4152));
#3046=EDGE_LOOP('',(#4153,#4154,#4155,#4156));
#3047=EDGE_LOOP('',(#4157));
#3048=EDGE_LOOP('',(#4158));
#3049=EDGE_LOOP('',(#4159,#4160,#4161,#4162));
#3050=EDGE_LOOP('',(#4163));
#3051=EDGE_LOOP('',(#4164));
#3052=EDGE_LOOP('',(#4165,#4166,#4167,#4168));
#3053=EDGE_LOOP('',(#4169));
#3054=EDGE_LOOP('',(#4170));
#3055=EDGE_LOOP('',(#4171,#4172,#4173,#4174));
#3056=EDGE_LOOP('',(#4175));
#3057=EDGE_LOOP('',(#4176));
#3058=EDGE_LOOP('',(#4177,#4178,#4179,#4180));
#3059=EDGE_LOOP('',(#4181,#4182,#4183,#4184));
#3060=EDGE_LOOP('',(#4185,#4186,#4187,#4188));
#3061=EDGE_LOOP('',(#4189));
#3062=EDGE_LOOP('',(#4190));
#3063=EDGE_LOOP('',(#4191));
#3064=EDGE_LOOP('',(#4192));
#3065=EDGE_LOOP('',(#4193));
#3066=EDGE_LOOP('',(#4194));
#3067=EDGE_LOOP('',(#4195,#4196,#4197,#4198));
#3068=EDGE_LOOP('',(#4199));
#3069=EDGE_LOOP('',(#4200));
#3070=EDGE_LOOP('',(#4201,#4202,#4203,#4204));
#3071=EDGE_LOOP('',(#4205));
#3072=EDGE_LOOP('',(#4206));
#3073=EDGE_LOOP('',(#4207,#4208,#4209,#4210));
#3074=EDGE_LOOP('',(#4211));
#3075=EDGE_LOOP('',(#4212));
#3076=EDGE_LOOP('',(#4213,#4214,#4215,#4216));
#3077=EDGE_LOOP('',(#4217,#4218,#4219,#4220));
#3078=EDGE_LOOP('',(#4221,#4222,#4223,#4224));
#3079=EDGE_LOOP('',(#4225));
#3080=EDGE_LOOP('',(#4226));
#3081=EDGE_LOOP('',(#4227));
#3082=EDGE_LOOP('',(#4228));
#3083=EDGE_LOOP('',(#4229));
#3084=EDGE_LOOP('',(#4230));
#3085=EDGE_LOOP('',(#4231));
#3086=EDGE_LOOP('',(#4232));
#3087=EDGE_LOOP('',(#4233));
#3088=EDGE_LOOP('',(#4234));
#3089=EDGE_LOOP('',(#4235));
#3090=EDGE_LOOP('',(#4236));
#3091=EDGE_LOOP('',(#4237,#4238,#4239,#4240));
#3092=EDGE_LOOP('',(#4241,#4242,#4243,#4244));
#3093=EDGE_LOOP('',(#4245,#4246,#4247,#4248));
#3094=EDGE_LOOP('',(#4249,#4250,#4251,#4252));
#3095=EDGE_LOOP('',(#4253,#4254,#4255,#4256));
#3096=EDGE_LOOP('',(#4257,#4258,#4259,#4260));
#3097=EDGE_LOOP('',(#4261));
#3098=EDGE_LOOP('',(#4262,#4263,#4264,#4265));
#3099=EDGE_LOOP('',(#4266,#4267,#4268,#4269));
#3100=EDGE_LOOP('',(#4270,#4271,#4272,#4273));
#3101=EDGE_LOOP('',(#4274,#4275,#4276,#4277));
#3102=EDGE_LOOP('',(#4278,#4279,#4280,#4281));
#3103=EDGE_LOOP('',(#4282,#4283,#4284,#4285));
#3104=EDGE_LOOP('',(#4286));
#3105=EDGE_LOOP('',(#4287));
#3106=EDGE_LOOP('',(#4288));
#3107=EDGE_LOOP('',(#4289,#4290,#4291,#4292));
#3108=EDGE_LOOP('',(#4293,#4294,#4295,#4296));
#3109=EDGE_LOOP('',(#4297,#4298,#4299,#4300));
#3110=EDGE_LOOP('',(#4301,#4302,#4303,#4304));
#3111=EDGE_LOOP('',(#4305,#4306,#4307,#4308));
#3112=EDGE_LOOP('',(#4309,#4310,#4311,#4312));
#3113=EDGE_LOOP('',(#4313,#4314,#4315,#4316));
#3114=EDGE_LOOP('',(#4317,#4318,#4319,#4320));
#3115=EDGE_LOOP('',(#4321,#4322,#4323,#4324));
#3116=EDGE_LOOP('',(#4325,#4326,#4327,#4328));
#3117=EDGE_LOOP('',(#4329,#4330,#4331,#4332));
#3118=EDGE_LOOP('',(#4333,#4334,#4335,#4336));
#3119=EDGE_LOOP('',(#4337,#4338,#4339,#4340));
#3120=EDGE_LOOP('',(#4341));
#3121=EDGE_LOOP('',(#4342));
#3122=EDGE_LOOP('',(#4343,#4344,#4345,#4346));
#3123=EDGE_LOOP('',(#4347,#4348,#4349,#4350));
#3124=EDGE_LOOP('',(#4351));
#3125=EDGE_LOOP('',(#4352));
#3126=EDGE_LOOP('',(#4353,#4354,#4355,#4356));
#3127=EDGE_LOOP('',(#4357,#4358,#4359,#4360));
#3128=EDGE_LOOP('',(#4361,#4362,#4363,#4364));
#3129=EDGE_LOOP('',(#4365));
#3130=EDGE_LOOP('',(#4366));
#3131=EDGE_LOOP('',(#4367));
#3132=EDGE_LOOP('',(#4368));
#3133=EDGE_LOOP('',(#4369,#4370,#4371,#4372));
#3134=EDGE_LOOP('',(#4373));
#3135=EDGE_LOOP('',(#4374));
#3136=EDGE_LOOP('',(#4375,#4376,#4377,#4378));
#3137=EDGE_LOOP('',(#4379,#4380,#4381,#4382));
#3138=EDGE_LOOP('',(#4383));
#3139=EDGE_LOOP('',(#4384));
#3140=EDGE_LOOP('',(#4385,#4386,#4387,#4388));
#3141=EDGE_LOOP('',(#4389,#4390,#4391,#4392));
#3142=EDGE_LOOP('',(#4393,#4394,#4395,#4396));
#3143=EDGE_LOOP('',(#4397));
#3144=EDGE_LOOP('',(#4398));
#3145=EDGE_LOOP('',(#4399));
#3146=EDGE_LOOP('',(#4400));
#3147=EDGE_LOOP('',(#4401,#4402,#4403,#4404));
#3148=EDGE_LOOP('',(#4405,#4406,#4407,#4408));
#3149=EDGE_LOOP('',(#4409,#4410,#4411,#4412));
#3150=EDGE_LOOP('',(#4413,#4414,#4415,#4416));
#3151=EDGE_LOOP('',(#4417,#4418,#4419,#4420));
#3152=EDGE_LOOP('',(#4421,#4422,#4423,#4424));
#3153=EDGE_LOOP('',(#4425,#4426,#4427,#4428));
#3154=EDGE_LOOP('',(#4429));
#3155=EDGE_LOOP('',(#4430));
#3156=EDGE_LOOP('',(#4431,#4432,#4433,#4434));
#3157=EDGE_LOOP('',(#4435,#4436,#4437,#4438));
#3158=EDGE_LOOP('',(#4439));
#3159=EDGE_LOOP('',(#4440));
#3160=EDGE_LOOP('',(#4441,#4442,#4443,#4444));
#3161=EDGE_LOOP('',(#4445,#4446,#4447,#4448));
#3162=EDGE_LOOP('',(#4449,#4450,#4451,#4452));
#3163=EDGE_LOOP('',(#4453));
#3164=EDGE_LOOP('',(#4454));
#3165=EDGE_LOOP('',(#4455));
#3166=EDGE_LOOP('',(#4456));
#3167=EDGE_LOOP('',(#4457,#4458,#4459,#4460));
#3168=EDGE_LOOP('',(#4461));
#3169=EDGE_LOOP('',(#4462));
#3170=EDGE_LOOP('',(#4463,#4464,#4465,#4466));
#3171=EDGE_LOOP('',(#4467,#4468,#4469,#4470));
#3172=EDGE_LOOP('',(#4471));
#3173=EDGE_LOOP('',(#4472));
#3174=EDGE_LOOP('',(#4473,#4474,#4475,#4476));
#3175=EDGE_LOOP('',(#4477,#4478,#4479,#4480));
#3176=EDGE_LOOP('',(#4481,#4482,#4483,#4484));
#3177=EDGE_LOOP('',(#4485));
#3178=EDGE_LOOP('',(#4486));
#3179=EDGE_LOOP('',(#4487));
#3180=EDGE_LOOP('',(#4488));
#3181=EDGE_LOOP('',(#4489,#4490,#4491,#4492));
#3182=EDGE_LOOP('',(#4493,#4494,#4495,#4496));
#3183=EDGE_LOOP('',(#4497,#4498,#4499,#4500));
#3184=EDGE_LOOP('',(#4501,#4502,#4503,#4504));
#3185=EDGE_LOOP('',(#4505,#4506,#4507,#4508));
#3186=EDGE_LOOP('',(#4509,#4510,#4511,#4512));
#3187=EDGE_LOOP('',(#4513,#4514,#4515,#4516));
#3188=EDGE_LOOP('',(#4517));
#3189=EDGE_LOOP('',(#4518));
#3190=EDGE_LOOP('',(#4519,#4520,#4521,#4522));
#3191=EDGE_LOOP('',(#4523,#4524,#4525,#4526));
#3192=EDGE_LOOP('',(#4527));
#3193=EDGE_LOOP('',(#4528));
#3194=EDGE_LOOP('',(#4529,#4530,#4531,#4532));
#3195=EDGE_LOOP('',(#4533,#4534,#4535,#4536));
#3196=EDGE_LOOP('',(#4537,#4538,#4539,#4540));
#3197=EDGE_LOOP('',(#4541));
#3198=EDGE_LOOP('',(#4542));
#3199=EDGE_LOOP('',(#4543));
#3200=EDGE_LOOP('',(#4544));
#3201=EDGE_LOOP('',(#4545,#4546,#4547,#4548));
#3202=EDGE_LOOP('',(#4549));
#3203=EDGE_LOOP('',(#4550));
#3204=EDGE_LOOP('',(#4551,#4552,#4553,#4554));
#3205=EDGE_LOOP('',(#4555,#4556,#4557,#4558));
#3206=EDGE_LOOP('',(#4559));
#3207=EDGE_LOOP('',(#4560));
#3208=EDGE_LOOP('',(#4561,#4562,#4563,#4564));
#3209=EDGE_LOOP('',(#4565,#4566,#4567,#4568));
#3210=EDGE_LOOP('',(#4569,#4570,#4571,#4572));
#3211=EDGE_LOOP('',(#4573));
#3212=EDGE_LOOP('',(#4574));
#3213=EDGE_LOOP('',(#4575));
#3214=EDGE_LOOP('',(#4576));
#3215=EDGE_LOOP('',(#4577));
#3216=EDGE_LOOP('',(#4578));
#3217=EDGE_LOOP('',(#4579,#4580,#4581,#4582));
#3218=EDGE_LOOP('',(#4583));
#3219=EDGE_LOOP('',(#4584));
#3220=EDGE_LOOP('',(#4585,#4586,#4587,#4588));
#3221=EDGE_LOOP('',(#4589));
#3222=EDGE_LOOP('',(#4590));
#3223=EDGE_LOOP('',(#4591,#4592,#4593,#4594));
#3224=EDGE_LOOP('',(#4595));
#3225=EDGE_LOOP('',(#4596));
#3226=EDGE_LOOP('',(#4597,#4598,#4599,#4600));
#3227=EDGE_LOOP('',(#4601,#4602,#4603,#4604));
#3228=EDGE_LOOP('',(#4605,#4606,#4607,#4608));
#3229=EDGE_LOOP('',(#4609));
#3230=EDGE_LOOP('',(#4610));
#3231=EDGE_LOOP('',(#4611));
#3232=EDGE_LOOP('',(#4612));
#3233=EDGE_LOOP('',(#4613));
#3234=EDGE_LOOP('',(#4614));
#3235=EDGE_LOOP('',(#4615,#4616,#4617,#4618));
#3236=EDGE_LOOP('',(#4619));
#3237=EDGE_LOOP('',(#4620));
#3238=EDGE_LOOP('',(#4621,#4622,#4623,#4624));
#3239=EDGE_LOOP('',(#4625));
#3240=EDGE_LOOP('',(#4626));
#3241=EDGE_LOOP('',(#4627,#4628,#4629,#4630));
#3242=EDGE_LOOP('',(#4631));
#3243=EDGE_LOOP('',(#4632));
#3244=EDGE_LOOP('',(#4633,#4634,#4635,#4636));
#3245=EDGE_LOOP('',(#4637,#4638,#4639,#4640));
#3246=EDGE_LOOP('',(#4641,#4642,#4643,#4644));
#3247=EDGE_LOOP('',(#4645));
#3248=EDGE_LOOP('',(#4646));
#3249=EDGE_LOOP('',(#4647));
#3250=EDGE_LOOP('',(#4648));
#3251=EDGE_LOOP('',(#4649));
#3252=EDGE_LOOP('',(#4650));
#3253=EDGE_LOOP('',(#4651));
#3254=EDGE_LOOP('',(#4652));
#3255=EDGE_LOOP('',(#4653));
#3256=EDGE_LOOP('',(#4654));
#3257=EDGE_LOOP('',(#4655));
#3258=EDGE_LOOP('',(#4656));
#3259=EDGE_LOOP('',(#4657,#4658,#4659,#4660));
#3260=EDGE_LOOP('',(#4661));
#3261=EDGE_LOOP('',(#4662));
#3262=EDGE_LOOP('',(#4663,#4664,#4665,#4666));
#3263=EDGE_LOOP('',(#4667,#4668,#4669,#4670));
#3264=EDGE_LOOP('',(#4671));
#3265=EDGE_LOOP('',(#4672));
#3266=EDGE_LOOP('',(#4673,#4674,#4675,#4676));
#3267=EDGE_LOOP('',(#4677,#4678,#4679,#4680));
#3268=EDGE_LOOP('',(#4681,#4682,#4683,#4684));
#3269=EDGE_LOOP('',(#4685));
#3270=EDGE_LOOP('',(#4686));
#3271=EDGE_LOOP('',(#4687));
#3272=EDGE_LOOP('',(#4688));
#3273=EDGE_LOOP('',(#4689,#4690,#4691,#4692));
#3274=EDGE_LOOP('',(#4693));
#3275=EDGE_LOOP('',(#4694));
#3276=EDGE_LOOP('',(#4695,#4696,#4697,#4698));
#3277=EDGE_LOOP('',(#4699,#4700,#4701,#4702));
#3278=EDGE_LOOP('',(#4703));
#3279=EDGE_LOOP('',(#4704));
#3280=EDGE_LOOP('',(#4705,#4706,#4707,#4708));
#3281=EDGE_LOOP('',(#4709,#4710,#4711,#4712));
#3282=EDGE_LOOP('',(#4713,#4714,#4715,#4716));
#3283=EDGE_LOOP('',(#4717));
#3284=EDGE_LOOP('',(#4718));
#3285=EDGE_LOOP('',(#4719));
#3286=EDGE_LOOP('',(#4720));
#3287=EDGE_LOOP('',(#4721,#4722,#4723,#4724));
#3288=EDGE_LOOP('',(#4725,#4726,#4727,#4728));
#3289=EDGE_LOOP('',(#4729,#4730,#4731,#4732));
#3290=EDGE_LOOP('',(#4733,#4734,#4735,#4736));
#3291=EDGE_LOOP('',(#4737,#4738,#4739,#4740));
#3292=EDGE_LOOP('',(#4741,#4742,#4743,#4744));
#3293=EDGE_LOOP('',(#4745));
#3294=EDGE_LOOP('',(#4746));
#3295=EDGE_LOOP('',(#4747,#4748,#4749,#4750));
#3296=EDGE_LOOP('',(#4751));
#3297=EDGE_LOOP('',(#4752));
#3298=EDGE_LOOP('',(#4753,#4754,#4755,#4756));
#3299=EDGE_LOOP('',(#4757));
#3300=EDGE_LOOP('',(#4758));
#3301=EDGE_LOOP('',(#4759,#4760,#4761,#4762));
#3302=EDGE_LOOP('',(#4763));
#3303=EDGE_LOOP('',(#4764));
#3304=EDGE_LOOP('',(#4765,#4766,#4767,#4768));
#3305=EDGE_LOOP('',(#4769,#4770,#4771,#4772));
#3306=EDGE_LOOP('',(#4773,#4774,#4775,#4776));
#3307=EDGE_LOOP('',(#4777));
#3308=EDGE_LOOP('',(#4778));
#3309=EDGE_LOOP('',(#4779));
#3310=EDGE_LOOP('',(#4780));
#3311=EDGE_LOOP('',(#4781));
#3312=EDGE_LOOP('',(#4782));
#3313=EDGE_LOOP('',(#4783,#4784,#4785,#4786));
#3314=EDGE_LOOP('',(#4787));
#3315=EDGE_LOOP('',(#4788));
#3316=EDGE_LOOP('',(#4789,#4790,#4791,#4792));
#3317=EDGE_LOOP('',(#4793));
#3318=EDGE_LOOP('',(#4794));
#3319=EDGE_LOOP('',(#4795,#4796,#4797,#4798));
#3320=EDGE_LOOP('',(#4799));
#3321=EDGE_LOOP('',(#4800));
#3322=EDGE_LOOP('',(#4801,#4802,#4803,#4804));
#3323=EDGE_LOOP('',(#4805,#4806,#4807,#4808));
#3324=EDGE_LOOP('',(#4809,#4810,#4811,#4812));
#3325=EDGE_LOOP('',(#4813));
#3326=EDGE_LOOP('',(#4814));
#3327=EDGE_LOOP('',(#4815));
#3328=EDGE_LOOP('',(#4816));
#3329=EDGE_LOOP('',(#4817));
#3330=EDGE_LOOP('',(#4818));
#3331=EDGE_LOOP('',(#4819));
#3332=EDGE_LOOP('',(#4820));
#3333=EDGE_LOOP('',(#4821));
#3334=EDGE_LOOP('',(#4822));
#3335=EDGE_LOOP('',(#4823));
#3336=EDGE_LOOP('',(#4824));
#3337=EDGE_LOOP('',(#4825,#4826,#4827,#4828));
#3338=EDGE_LOOP('',(#4829,#4830,#4831,#4832));
#3339=EDGE_LOOP('',(#4833,#4834,#4835,#4836));
#3340=EDGE_LOOP('',(#4837,#4838,#4839,#4840));
#3341=EDGE_LOOP('',(#4841,#4842,#4843,#4844));
#3342=EDGE_LOOP('',(#4845,#4846,#4847,#4848));
#3343=EDGE_LOOP('',(#4849,#4850,#4851,#4852));
#3344=EDGE_LOOP('',(#4853,#4854,#4855,#4856));
#3345=EDGE_LOOP('',(#4857,#4858,#4859,#4860));
#3346=EDGE_LOOP('',(#4861,#4862,#4863,#4864));
#3347=EDGE_LOOP('',(#4865,#4866,#4867,#4868));
#3348=EDGE_LOOP('',(#4869,#4870,#4871,#4872));
#3349=EDGE_LOOP('',(#4873,#4874,#4875,#4876));
#3350=EDGE_LOOP('',(#4877,#4878,#4879,#4880));
#3351=EDGE_LOOP('',(#4881,#4882,#4883,#4884));
#3352=EDGE_LOOP('',(#4885,#4886,#4887,#4888));
#3353=EDGE_LOOP('',(#4889,#4890,#4891,#4892));
#3354=EDGE_LOOP('',(#4893,#4894,#4895,#4896));
#3355=EDGE_LOOP('',(#4897,#4898,#4899,#4900));
#3356=EDGE_LOOP('',(#4901,#4902,#4903,#4904));
#3357=EDGE_LOOP('',(#4905,#4906,#4907,#4908));
#3358=EDGE_LOOP('',(#4909,#4910,#4911,#4912));
#3359=EDGE_LOOP('',(#4913,#4914,#4915,#4916));
#3360=EDGE_LOOP('',(#4917,#4918,#4919,#4920));
#3361=EDGE_LOOP('',(#4921,#4922,#4923,#4924));
#3362=EDGE_LOOP('',(#4925,#4926,#4927,#4928));
#3363=EDGE_LOOP('',(#4929,#4930,#4931,#4932));
#3364=EDGE_LOOP('',(#4933,#4934,#4935,#4936));
#3365=EDGE_LOOP('',(#4937,#4938,#4939,#4940,#4941,#4942));
#3366=EDGE_LOOP('',(#4943,#4944,#4945,#4946));
#3367=EDGE_LOOP('',(#4947,#4948,#4949,#4950,#4951,#4952));
#3368=EDGE_LOOP('',(#4953,#4954,#4955,#4956));
#3369=EDGE_LOOP('',(#4957,#4958,#4959,#4960));
#3370=EDGE_LOOP('',(#4961,#4962,#4963,#4964));
#3371=EDGE_LOOP('',(#4965,#4966,#4967,#4968));
#3372=EDGE_LOOP('',(#4969,#4970,#4971,#4972));
#3373=EDGE_LOOP('',(#4973,#4974,#4975,#4976));
#3374=EDGE_LOOP('',(#4977,#4978,#4979,#4980));
#3375=EDGE_LOOP('',(#4981,#4982,#4983,#4984));
#3376=EDGE_LOOP('',(#4985,#4986,#4987,#4988));
#3377=EDGE_LOOP('',(#4989,#4990,#4991,#4992));
#3378=EDGE_LOOP('',(#4993,#4994,#4995,#4996));
#3379=EDGE_LOOP('',(#4997,#4998,#4999,#5000,#5001,#5002));
#3380=EDGE_LOOP('',(#5003,#5004,#5005,#5006));
#3381=EDGE_LOOP('',(#5007,#5008,#5009,#5010,#5011,#5012));
#3382=EDGE_LOOP('',(#5013,#5014,#5015,#5016));
#3383=EDGE_LOOP('',(#5017,#5018,#5019,#5020));
#3384=EDGE_LOOP('',(#5021,#5022,#5023,#5024));
#3385=EDGE_LOOP('',(#5025,#5026,#5027,#5028));
#3386=EDGE_LOOP('',(#5029,#5030,#5031,#5032));
#3387=EDGE_LOOP('',(#5033,#5034,#5035,#5036));
#3388=EDGE_LOOP('',(#5037,#5038,#5039,#5040));
#3389=EDGE_LOOP('',(#5041,#5042,#5043,#5044));
#3390=EDGE_LOOP('',(#5045,#5046,#5047,#5048));
#3391=EDGE_LOOP('',(#5049,#5050,#5051,#5052));
#3392=EDGE_LOOP('',(#5053,#5054,#5055,#5056));
#3393=EDGE_LOOP('',(#5057,#5058,#5059,#5060));
#3394=EDGE_LOOP('',(#5061,#5062,#5063,#5064));
#3395=EDGE_LOOP('',(#5065,#5066,#5067,#5068));
#3396=EDGE_LOOP('',(#5069,#5070,#5071,#5072));
#3397=EDGE_LOOP('',(#5073,#5074,#5075,#5076));
#3398=EDGE_LOOP('',(#5077,#5078,#5079,#5080));
#3399=EDGE_LOOP('',(#5081,#5082,#5083,#5084));
#3400=EDGE_LOOP('',(#5085,#5086,#5087,#5088));
#3401=EDGE_LOOP('',(#5089,#5090,#5091,#5092));
#3402=EDGE_LOOP('',(#5093,#5094,#5095,#5096));
#3403=EDGE_LOOP('',(#5097,#5098,#5099,#5100));
#3404=EDGE_LOOP('',(#5101,#5102,#5103,#5104));
#3405=EDGE_LOOP('',(#5105,#5106,#5107,#5108));
#3406=EDGE_LOOP('',(#5109,#5110,#5111,#5112));
#3407=EDGE_LOOP('',(#5113,#5114,#5115,#5116));
#3408=EDGE_LOOP('',(#5117,#5118,#5119,#5120));
#3409=EDGE_LOOP('',(#5121,#5122,#5123,#5124));
#3410=EDGE_LOOP('',(#5125,#5126,#5127,#5128));
#3411=EDGE_LOOP('',(#5129,#5130,#5131,#5132));
#3412=EDGE_LOOP('',(#5133,#5134,#5135,#5136));
#3413=EDGE_LOOP('',(#5137,#5138,#5139,#5140));
#3414=EDGE_LOOP('',(#5141,#5142,#5143,#5144));
#3415=EDGE_LOOP('',(#5145,#5146,#5147,#5148));
#3416=EDGE_LOOP('',(#5149,#5150,#5151,#5152));
#3417=EDGE_LOOP('',(#5153,#5154,#5155,#5156));
#3418=EDGE_LOOP('',(#5157,#5158,#5159,#5160));
#3419=EDGE_LOOP('',(#5161,#5162,#5163,#5164));
#3420=EDGE_LOOP('',(#5165,#5166,#5167,#5168));
#3421=EDGE_LOOP('',(#5169,#5170,#5171,#5172));
#3422=EDGE_LOOP('',(#5173,#5174,#5175,#5176));
#3423=EDGE_LOOP('',(#5177,#5178,#5179,#5180));
#3424=EDGE_LOOP('',(#5181,#5182,#5183,#5184));
#3425=EDGE_LOOP('',(#5185,#5186,#5187,#5188));
#3426=EDGE_LOOP('',(#5189,#5190,#5191,#5192));
#3427=EDGE_LOOP('',(#5193,#5194,#5195,#5196,#5197,#5198,#5199,#5200));
#3428=EDGE_LOOP('',(#5201,#5202,#5203,#5204,#5205,#5206,#5207,#5208));
#3429=EDGE_LOOP('',(#5209));
#3430=EDGE_LOOP('',(#5210));
#3431=EDGE_LOOP('',(#5211));
#3432=EDGE_LOOP('',(#5212));
#3433=EDGE_LOOP('',(#5213));
#3434=EDGE_LOOP('',(#5214));
#3435=EDGE_LOOP('',(#5215));
#3436=EDGE_LOOP('',(#5216));
#3437=EDGE_LOOP('',(#5217));
#3438=EDGE_LOOP('',(#5218));
#3439=EDGE_LOOP('',(#5219));
#3440=EDGE_LOOP('',(#5220));
#3441=EDGE_LOOP('',(#5221));
#3442=EDGE_LOOP('',(#5222));
#3443=EDGE_LOOP('',(#5223));
#3444=EDGE_LOOP('',(#5224));
#3445=EDGE_LOOP('',(#5225));
#3446=EDGE_LOOP('',(#5226));
#3447=EDGE_LOOP('',(#5227));
#3448=EDGE_LOOP('',(#5228));
#3449=EDGE_LOOP('',(#5229));
#3450=EDGE_LOOP('',(#5230));
#3451=EDGE_LOOP('',(#5231));
#3452=EDGE_LOOP('',(#5232));
#3453=EDGE_LOOP('',(#5233));
#3454=EDGE_LOOP('',(#5234));
#3455=EDGE_LOOP('',(#5235));
#3456=EDGE_LOOP('',(#5236));
#3457=EDGE_LOOP('',(#5237));
#3458=EDGE_LOOP('',(#5238));
#3459=EDGE_LOOP('',(#5239));
#3460=EDGE_LOOP('',(#5240));
#3461=EDGE_LOOP('',(#5241,#5242,#5243,#5244,#5245,#5246,#5247,#5248));
#3462=EDGE_LOOP('',(#5249,#5250,#5251,#5252));
#3463=EDGE_LOOP('',(#5253,#5254,#5255,#5256,#5257,#5258,#5259,#5260));
#3464=EDGE_LOOP('',(#5261,#5262,#5263,#5264));
#3465=EDGE_LOOP('',(#5265,#5266,#5267,#5268));
#3466=EDGE_LOOP('',(#5269,#5270,#5271,#5272));
#3467=EDGE_LOOP('',(#5273,#5274,#5275,#5276));
#3468=EDGE_LOOP('',(#5277,#5278,#5279,#5280));
#3469=EDGE_LOOP('',(#5281,#5282,#5283,#5284));
#3470=EDGE_LOOP('',(#5285,#5286,#5287,#5288));
#3471=EDGE_LOOP('',(#5289,#5290,#5291,#5292));
#3472=EDGE_LOOP('',(#5293,#5294,#5295,#5296));
#3473=EDGE_LOOP('',(#5297,#5298,#5299,#5300));
#3474=EDGE_LOOP('',(#5301,#5302,#5303,#5304));
#3475=EDGE_LOOP('',(#5305,#5306,#5307,#5308));
#3476=EDGE_LOOP('',(#5309,#5310,#5311,#5312));
#3477=EDGE_LOOP('',(#5313,#5314,#5315,#5316));
#3478=EDGE_LOOP('',(#5317,#5318,#5319,#5320));
#3479=EDGE_LOOP('',(#5321,#5322,#5323,#5324));
#3480=EDGE_LOOP('',(#5325,#5326,#5327,#5328));
#3481=EDGE_LOOP('',(#5329,#5330,#5331,#5332));
#3482=EDGE_LOOP('',(#5333,#5334,#5335,#5336));
#3483=EDGE_LOOP('',(#5337,#5338,#5339,#5340));
#3484=EDGE_LOOP('',(#5341,#5342,#5343,#5344));
#3485=EDGE_LOOP('',(#5345,#5346,#5347,#5348));
#3486=EDGE_LOOP('',(#5349,#5350,#5351,#5352));
#3487=EDGE_LOOP('',(#5353,#5354,#5355,#5356));
#3488=EDGE_LOOP('',(#5357,#5358,#5359,#5360));
#3489=EDGE_LOOP('',(#5361,#5362,#5363,#5364));
#3490=EDGE_LOOP('',(#5365,#5366,#5367,#5368));
#3491=EDGE_LOOP('',(#5369,#5370,#5371,#5372));
#3492=EDGE_LOOP('',(#5373,#5374,#5375,#5376));
#3493=EDGE_LOOP('',(#5377,#5378,#5379,#5380));
#3494=EDGE_LOOP('',(#5381,#5382,#5383,#5384));
#3495=EDGE_LOOP('',(#5385,#5386,#5387,#5388,#5389,#5390,#5391,#5392));
#3496=EDGE_LOOP('',(#5393,#5394,#5395,#5396,#5397,#5398,#5399,#5400));
#3497=EDGE_LOOP('',(#5401,#5402,#5403,#5404));
#3498=EDGE_LOOP('',(#5405,#5406,#5407,#5408));
#3499=EDGE_LOOP('',(#5409,#5410,#5411,#5412));
#3500=EDGE_LOOP('',(#5413,#5414,#5415,#5416));
#3501=EDGE_LOOP('',(#5417,#5418,#5419,#5420));
#3502=EDGE_LOOP('',(#5421,#5422,#5423,#5424));
#3503=EDGE_LOOP('',(#5425,#5426,#5427,#5428));
#3504=EDGE_LOOP('',(#5429,#5430,#5431,#5432));
#3505=EDGE_LOOP('',(#5433,#5434,#5435,#5436));
#3506=EDGE_LOOP('',(#5437,#5438,#5439,#5440));
#3507=EDGE_LOOP('',(#5441,#5442,#5443,#5444));
#3508=EDGE_LOOP('',(#5445,#5446,#5447,#5448));
#3509=EDGE_LOOP('',(#5449,#5450,#5451,#5452));
#3510=EDGE_LOOP('',(#5453,#5454,#5455,#5456));
#3511=EDGE_LOOP('',(#5457,#5458,#5459,#5460));
#3512=EDGE_LOOP('',(#5461,#5462,#5463,#5464));
#3513=EDGE_LOOP('',(#5465,#5466,#5467,#5468));
#3514=EDGE_LOOP('',(#5469,#5470,#5471,#5472));
#3515=EDGE_LOOP('',(#5473,#5474,#5475,#5476));
#3516=EDGE_LOOP('',(#5477,#5478,#5479,#5480));
#3517=EDGE_LOOP('',(#5481,#5482,#5483,#5484));
#3518=EDGE_LOOP('',(#5485,#5486,#5487,#5488));
#3519=EDGE_LOOP('',(#5489,#5490,#5491,#5492));
#3520=EDGE_LOOP('',(#5493,#5494,#5495,#5496));
#3521=EDGE_LOOP('',(#5497,#5498,#5499,#5500));
#3522=EDGE_LOOP('',(#5501,#5502,#5503,#5504));
#3523=EDGE_LOOP('',(#5505,#5506,#5507,#5508,#5509,#5510,#5511,#5512));
#3524=EDGE_LOOP('',(#5513,#5514,#5515,#5516,#5517,#5518,#5519,#5520));
#3525=EDGE_LOOP('',(#5521));
#3526=EDGE_LOOP('',(#5522));
#3527=EDGE_LOOP('',(#5523));
#3528=EDGE_LOOP('',(#5524));
#3529=EDGE_LOOP('',(#5525));
#3530=EDGE_LOOP('',(#5526));
#3531=EDGE_LOOP('',(#5527));
#3532=EDGE_LOOP('',(#5528));
#3533=EDGE_LOOP('',(#5529));
#3534=EDGE_LOOP('',(#5530));
#3535=EDGE_LOOP('',(#5531));
#3536=EDGE_LOOP('',(#5532));
#3537=EDGE_LOOP('',(#5533));
#3538=EDGE_LOOP('',(#5534));
#3539=EDGE_LOOP('',(#5535));
#3540=EDGE_LOOP('',(#5536));
#3541=EDGE_LOOP('',(#5537));
#3542=EDGE_LOOP('',(#5538));
#3543=EDGE_LOOP('',(#5539));
#3544=EDGE_LOOP('',(#5540));
#3545=EDGE_LOOP('',(#5541));
#3546=EDGE_LOOP('',(#5542));
#3547=EDGE_LOOP('',(#5543));
#3548=EDGE_LOOP('',(#5544));
#3549=EDGE_LOOP('',(#5545));
#3550=EDGE_LOOP('',(#5546));
#3551=EDGE_LOOP('',(#5547));
#3552=EDGE_LOOP('',(#5548));
#3553=EDGE_LOOP('',(#5549));
#3554=EDGE_LOOP('',(#5550));
#3555=EDGE_LOOP('',(#5551));
#3556=EDGE_LOOP('',(#5552));
#3557=EDGE_LOOP('',(#5553));
#3558=EDGE_LOOP('',(#5554));
#3559=EDGE_LOOP('',(#5555));
#3560=EDGE_LOOP('',(#5556));
#3561=EDGE_LOOP('',(#5557));
#3562=EDGE_LOOP('',(#5558));
#3563=EDGE_LOOP('',(#5559));
#3564=EDGE_LOOP('',(#5560));
#3565=EDGE_LOOP('',(#5561));
#3566=EDGE_LOOP('',(#5562));
#3567=EDGE_LOOP('',(#5563));
#3568=EDGE_LOOP('',(#5564));
#3569=EDGE_LOOP('',(#5565));
#3570=EDGE_LOOP('',(#5566));
#3571=EDGE_LOOP('',(#5567));
#3572=EDGE_LOOP('',(#5568));
#3573=EDGE_LOOP('',(#5569));
#3574=EDGE_LOOP('',(#5570));
#3575=EDGE_LOOP('',(#5571));
#3576=EDGE_LOOP('',(#5572));
#3577=EDGE_LOOP('',(#5573));
#3578=EDGE_LOOP('',(#5574));
#3579=EDGE_LOOP('',(#5575));
#3580=EDGE_LOOP('',(#5576));
#3581=EDGE_LOOP('',(#5577));
#3582=EDGE_LOOP('',(#5578,#5579,#5580));
#3583=EDGE_LOOP('',(#5581));
#3584=EDGE_LOOP('',(#5582,#5583,#5584));
#3585=EDGE_LOOP('',(#5585,#5586,#5587));
#3586=EDGE_LOOP('',(#5588,#5589,#5590,#5591,#5592,#5593));
#3587=EDGE_LOOP('',(#5594,#5595,#5596,#5597,#5598,#5599));
#3588=EDGE_LOOP('',(#5600,#5601,#5602,#5603,#5604));
#3589=EDGE_LOOP('',(#5605,#5606,#5607,#5608,#5609));
#3590=EDGE_LOOP('',(#5610,#5611,#5612,#5613,#5614));
#3591=EDGE_LOOP('',(#5615,#5616,#5617,#5618));
#3592=EDGE_LOOP('',(#5619));
#3593=EDGE_LOOP('',(#5620));
#3594=EDGE_LOOP('',(#5621));
#3595=EDGE_LOOP('',(#5622));
#3596=EDGE_LOOP('',(#5623));
#3597=EDGE_LOOP('',(#5624));
#3598=EDGE_LOOP('',(#5625));
#3599=EDGE_LOOP('',(#5626));
#3600=EDGE_LOOP('',(#5627,#5628,#5629,#5630));
#3601=EDGE_LOOP('',(#5631,#5632,#5633,#5634));
#3602=EDGE_LOOP('',(#5635,#5636,#5637,#5638));
#3603=EDGE_LOOP('',(#5639));
#3604=EDGE_LOOP('',(#5640));
#3605=EDGE_LOOP('',(#5641));
#3606=EDGE_LOOP('',(#5642));
#3607=EDGE_LOOP('',(#5643,#5644,#5645,#5646));
#3608=EDGE_LOOP('',(#5647,#5648,#5649,#5650));
#3609=EDGE_LOOP('',(#5651,#5652,#5653,#5654));
#3610=EDGE_LOOP('',(#5655,#5656,#5657,#5658));
#3611=EDGE_LOOP('',(#5659));
#3612=EDGE_LOOP('',(#5660));
#3613=EDGE_LOOP('',(#5661));
#3614=EDGE_LOOP('',(#5662));
#3615=EDGE_LOOP('',(#5663,#5664,#5665,#5666));
#3616=EDGE_LOOP('',(#5667));
#3617=EDGE_LOOP('',(#5668));
#3618=EDGE_LOOP('',(#5669));
#3619=EDGE_LOOP('',(#5670));
#3620=EDGE_LOOP('',(#5671));
#3621=EDGE_LOOP('',(#5672));
#3622=EDGE_LOOP('',(#5673));
#3623=EDGE_LOOP('',(#5674));
#3624=EDGE_LOOP('',(#5675,#5676,#5677,#5678));
#3625=EDGE_LOOP('',(#5679,#5680,#5681,#5682));
#3626=EDGE_LOOP('',(#5683));
#3627=EDGE_LOOP('',(#5684));
#3628=EDGE_LOOP('',(#5685,#5686,#5687,#5688));
#3629=EDGE_LOOP('',(#5689,#5690,#5691,#5692));
#3630=EDGE_LOOP('',(#5693,#5694,#5695,#5696));
#3631=EDGE_LOOP('',(#5697,#5698,#5699,#5700));
#3632=EDGE_LOOP('',(#5701,#5702,#5703,#5704));
#3633=EDGE_LOOP('',(#5705,#5706,#5707,#5708));
#3634=EDGE_LOOP('',(#5709,#5710,#5711,#5712));
#3635=EDGE_LOOP('',(#5713,#5714,#5715,#5716));
#3636=EDGE_LOOP('',(#5717));
#3637=EDGE_LOOP('',(#5718));
#3638=EDGE_LOOP('',(#5719,#5720,#5721,#5722));
#3639=EDGE_LOOP('',(#5723,#5724,#5725,#5726));
#3640=EDGE_LOOP('',(#5727));
#3641=EDGE_LOOP('',(#5728));
#3642=EDGE_LOOP('',(#5729,#5730,#5731,#5732));
#3643=EDGE_LOOP('',(#5733,#5734,#5735,#5736));
#3644=EDGE_LOOP('',(#5737,#5738,#5739,#5740));
#3645=EDGE_LOOP('',(#5741,#5742,#5743,#5744));
#3646=EDGE_LOOP('',(#5745,#5746,#5747,#5748));
#3647=EDGE_LOOP('',(#5749,#5750,#5751,#5752));
#3648=EDGE_LOOP('',(#5753,#5754,#5755,#5756));
#3649=EDGE_LOOP('',(#5757,#5758,#5759,#5760));
#3650=EDGE_LOOP('',(#5761));
#3651=EDGE_LOOP('',(#5762));
#3652=EDGE_LOOP('',(#5763,#5764,#5765,#5766));
#3653=EDGE_LOOP('',(#5767,#5768,#5769,#5770,#5771,#5772,#5773,#5774,#5775,
#5776,#5777,#5778,#5779,#5780,#5781,#5782,#5783,#5784,#5785,#5786,#5787,
#5788,#5789,#5790));
#3654=EDGE_LOOP('',(#5791));
#3655=EDGE_LOOP('',(#5792,#5793,#5794,#5795,#5796,#5797,#5798,#5799,#5800,
#5801,#5802,#5803,#5804,#5805,#5806,#5807,#5808,#5809,#5810,#5811,#5812,
#5813,#5814,#5815));
#3656=EDGE_LOOP('',(#5816));
#3657=EDGE_LOOP('',(#5817));
#3658=EDGE_LOOP('',(#5818));
#3659=EDGE_LOOP('',(#5819));
#3660=EDGE_LOOP('',(#5820));
#3661=EDGE_LOOP('',(#5821));
#3662=EDGE_LOOP('',(#5822));
#3663=EDGE_LOOP('',(#5823));
#3664=EDGE_LOOP('',(#5824));
#3665=EDGE_LOOP('',(#5825,#5826,#5827,#5828));
#3666=EDGE_LOOP('',(#5829,#5830,#5831,#5832));
#3667=EDGE_LOOP('',(#5833,#5834,#5835,#5836));
#3668=EDGE_LOOP('',(#5837));
#3669=EDGE_LOOP('',(#5838));
#3670=EDGE_LOOP('',(#5839,#5840));
#3671=EDGE_LOOP('',(#5841,#5842,#5843,#5844));
#3672=EDGE_LOOP('',(#5845,#5846));
#3673=EDGE_LOOP('',(#5847));
#3674=EDGE_LOOP('',(#5848));
#3675=EDGE_LOOP('',(#5849));
#3676=EDGE_LOOP('',(#5850));
#3677=EDGE_LOOP('',(#5851,#5852,#5853,#5854));
#3678=EDGE_LOOP('',(#5855,#5856,#5857,#5858));
#3679=EDGE_LOOP('',(#5859,#5860,#5861,#5862));
#3680=EDGE_LOOP('',(#5863));
#3681=EDGE_LOOP('',(#5864,#5865,#5866,#5867));
#3682=EDGE_LOOP('',(#5868));
#3683=EDGE_LOOP('',(#5869,#5870,#5871,#5872));
#3684=EDGE_LOOP('',(#5873,#5874));
#3685=EDGE_LOOP('',(#5875));
#3686=EDGE_LOOP('',(#5876,#5877));
#3687=EDGE_LOOP('',(#5878,#5879));
#3688=EDGE_LOOP('',(#5880));
#3689=EDGE_LOOP('',(#5881,#5882));
#3690=EDGE_LOOP('',(#5883));
#3691=EDGE_LOOP('',(#5884,#5885,#5886,#5887));
#3692=EDGE_LOOP('',(#5888));
#3693=EDGE_LOOP('',(#5889));
#3694=EDGE_LOOP('',(#5890));
#3695=EDGE_LOOP('',(#5891));
#3696=EDGE_LOOP('',(#5892));
#3697=EDGE_LOOP('',(#5893));
#3698=EDGE_LOOP('',(#5894,#5895,#5896));
#3699=EDGE_LOOP('',(#5897,#5898,#5899));
#3700=EDGE_LOOP('',(#5900));
#3701=EDGE_LOOP('',(#5901));
#3702=EDGE_LOOP('',(#5902));
#3703=EDGE_LOOP('',(#5903,#5904,#5905,#5906,#5907,#5908));
#3704=EDGE_LOOP('',(#5909,#5910,#5911,#5912,#5913));
#3705=EDGE_LOOP('',(#5914,#5915,#5916,#5917,#5918));
#3706=EDGE_LOOP('',(#5919,#5920,#5921,#5922,#5923));
#3707=EDGE_LOOP('',(#5924,#5925,#5926,#5927,#5928,#5929));
#3708=EDGE_LOOP('',(#5930));
#3709=EDGE_LOOP('',(#5931,#5932,#5933));
#3710=EDGE_LOOP('',(#5934));
#3711=EDGE_LOOP('',(#5935));
#3712=EDGE_LOOP('',(#5936));
#3713=EDGE_LOOP('',(#5937));
#3714=EDGE_LOOP('',(#5938));
#3715=EDGE_LOOP('',(#5939,#5940,#5941,#5942));
#3716=EDGE_LOOP('',(#5943,#5944,#5945,#5946));
#3717=ORIENTED_EDGE('',*,*,#6742,.F.);
#3718=ORIENTED_EDGE('',*,*,#6743,.F.);
#3719=ORIENTED_EDGE('',*,*,#6744,.T.);
#3720=ORIENTED_EDGE('',*,*,#6745,.T.);
#3721=ORIENTED_EDGE('',*,*,#6746,.F.);
#3722=ORIENTED_EDGE('',*,*,#6745,.F.);
#3723=ORIENTED_EDGE('',*,*,#6747,.T.);
#3724=ORIENTED_EDGE('',*,*,#6748,.T.);
#3725=ORIENTED_EDGE('',*,*,#6749,.F.);
#3726=ORIENTED_EDGE('',*,*,#6748,.F.);
#3727=ORIENTED_EDGE('',*,*,#6750,.T.);
#3728=ORIENTED_EDGE('',*,*,#6751,.T.);
#3729=ORIENTED_EDGE('',*,*,#6752,.F.);
#3730=ORIENTED_EDGE('',*,*,#6751,.F.);
#3731=ORIENTED_EDGE('',*,*,#6753,.T.);
#3732=ORIENTED_EDGE('',*,*,#6743,.T.);
#3733=ORIENTED_EDGE('',*,*,#6744,.F.);
#3734=ORIENTED_EDGE('',*,*,#6753,.F.);
#3735=ORIENTED_EDGE('',*,*,#6750,.F.);
#3736=ORIENTED_EDGE('',*,*,#6747,.F.);
#3737=ORIENTED_EDGE('',*,*,#6742,.T.);
#3738=ORIENTED_EDGE('',*,*,#6746,.T.);
#3739=ORIENTED_EDGE('',*,*,#6749,.T.);
#3740=ORIENTED_EDGE('',*,*,#6752,.T.);
#3741=ORIENTED_EDGE('',*,*,#6754,.T.);
#3742=ORIENTED_EDGE('',*,*,#6755,.F.);
#3743=ORIENTED_EDGE('',*,*,#6756,.F.);
#3744=ORIENTED_EDGE('',*,*,#6757,.T.);
#3745=ORIENTED_EDGE('',*,*,#6758,.T.);
#3746=ORIENTED_EDGE('',*,*,#6759,.F.);
#3747=ORIENTED_EDGE('',*,*,#6760,.F.);
#3748=ORIENTED_EDGE('',*,*,#6755,.T.);
#3749=ORIENTED_EDGE('',*,*,#6761,.T.);
#3750=ORIENTED_EDGE('',*,*,#6762,.F.);
#3751=ORIENTED_EDGE('',*,*,#6763,.F.);
#3752=ORIENTED_EDGE('',*,*,#6759,.T.);
#3753=ORIENTED_EDGE('',*,*,#6764,.T.);
#3754=ORIENTED_EDGE('',*,*,#6757,.F.);
#3755=ORIENTED_EDGE('',*,*,#6765,.F.);
#3756=ORIENTED_EDGE('',*,*,#6762,.T.);
#3757=ORIENTED_EDGE('',*,*,#6756,.T.);
#3758=ORIENTED_EDGE('',*,*,#6760,.T.);
#3759=ORIENTED_EDGE('',*,*,#6763,.T.);
#3760=ORIENTED_EDGE('',*,*,#6765,.T.);
#3761=ORIENTED_EDGE('',*,*,#6754,.F.);
#3762=ORIENTED_EDGE('',*,*,#6764,.F.);
#3763=ORIENTED_EDGE('',*,*,#6761,.F.);
#3764=ORIENTED_EDGE('',*,*,#6758,.F.);
#3765=ORIENTED_EDGE('',*,*,#6766,.T.);
#3766=ORIENTED_EDGE('',*,*,#6767,.T.);
#3767=ORIENTED_EDGE('',*,*,#6768,.T.);
#3768=ORIENTED_EDGE('',*,*,#6769,.T.);
#3769=ORIENTED_EDGE('',*,*,#6767,.F.);
#3770=ORIENTED_EDGE('',*,*,#6770,.T.);
#3771=ORIENTED_EDGE('',*,*,#6771,.T.);
#3772=ORIENTED_EDGE('',*,*,#6772,.F.);
#3773=ORIENTED_EDGE('',*,*,#6766,.F.);
#3774=ORIENTED_EDGE('',*,*,#6773,.T.);
#3775=ORIENTED_EDGE('',*,*,#6774,.T.);
#3776=ORIENTED_EDGE('',*,*,#6770,.F.);
#3777=ORIENTED_EDGE('',*,*,#6768,.F.);
#3778=ORIENTED_EDGE('',*,*,#6772,.T.);
#3779=ORIENTED_EDGE('',*,*,#6775,.T.);
#3780=ORIENTED_EDGE('',*,*,#6776,.F.);
#3781=ORIENTED_EDGE('',*,*,#6769,.F.);
#3782=ORIENTED_EDGE('',*,*,#6776,.T.);
#3783=ORIENTED_EDGE('',*,*,#6777,.T.);
#3784=ORIENTED_EDGE('',*,*,#6773,.F.);
#3785=ORIENTED_EDGE('',*,*,#6774,.F.);
#3786=ORIENTED_EDGE('',*,*,#6777,.F.);
#3787=ORIENTED_EDGE('',*,*,#6775,.F.);
#3788=ORIENTED_EDGE('',*,*,#6771,.F.);
#3789=ORIENTED_EDGE('',*,*,#6778,.F.);
#3790=ORIENTED_EDGE('',*,*,#6779,.F.);
#3791=ORIENTED_EDGE('',*,*,#6780,.T.);
#3792=ORIENTED_EDGE('',*,*,#6781,.T.);
#3793=ORIENTED_EDGE('',*,*,#6782,.F.);
#3794=ORIENTED_EDGE('',*,*,#6781,.F.);
#3795=ORIENTED_EDGE('',*,*,#6783,.T.);
#3796=ORIENTED_EDGE('',*,*,#6784,.T.);
#3797=ORIENTED_EDGE('',*,*,#6785,.F.);
#3798=ORIENTED_EDGE('',*,*,#6784,.F.);
#3799=ORIENTED_EDGE('',*,*,#6786,.T.);
#3800=ORIENTED_EDGE('',*,*,#6787,.T.);
#3801=ORIENTED_EDGE('',*,*,#6788,.F.);
#3802=ORIENTED_EDGE('',*,*,#6787,.F.);
#3803=ORIENTED_EDGE('',*,*,#6789,.T.);
#3804=ORIENTED_EDGE('',*,*,#6779,.T.);
#3805=ORIENTED_EDGE('',*,*,#6780,.F.);
#3806=ORIENTED_EDGE('',*,*,#6789,.F.);
#3807=ORIENTED_EDGE('',*,*,#6786,.F.);
#3808=ORIENTED_EDGE('',*,*,#6783,.F.);
#3809=ORIENTED_EDGE('',*,*,#6778,.T.);
#3810=ORIENTED_EDGE('',*,*,#6782,.T.);
#3811=ORIENTED_EDGE('',*,*,#6785,.T.);
#3812=ORIENTED_EDGE('',*,*,#6788,.T.);
#3813=ORIENTED_EDGE('',*,*,#6790,.T.);
#3814=ORIENTED_EDGE('',*,*,#6791,.T.);
#3815=ORIENTED_EDGE('',*,*,#6792,.T.);
#3816=ORIENTED_EDGE('',*,*,#6793,.T.);
#3817=ORIENTED_EDGE('',*,*,#6791,.F.);
#3818=ORIENTED_EDGE('',*,*,#6794,.T.);
#3819=ORIENTED_EDGE('',*,*,#6795,.T.);
#3820=ORIENTED_EDGE('',*,*,#6796,.F.);
#3821=ORIENTED_EDGE('',*,*,#6790,.F.);
#3822=ORIENTED_EDGE('',*,*,#6797,.T.);
#3823=ORIENTED_EDGE('',*,*,#6798,.T.);
#3824=ORIENTED_EDGE('',*,*,#6794,.F.);
#3825=ORIENTED_EDGE('',*,*,#6792,.F.);
#3826=ORIENTED_EDGE('',*,*,#6796,.T.);
#3827=ORIENTED_EDGE('',*,*,#6799,.T.);
#3828=ORIENTED_EDGE('',*,*,#6800,.F.);
#3829=ORIENTED_EDGE('',*,*,#6793,.F.);
#3830=ORIENTED_EDGE('',*,*,#6800,.T.);
#3831=ORIENTED_EDGE('',*,*,#6801,.T.);
#3832=ORIENTED_EDGE('',*,*,#6797,.F.);
#3833=ORIENTED_EDGE('',*,*,#6798,.F.);
#3834=ORIENTED_EDGE('',*,*,#6801,.F.);
#3835=ORIENTED_EDGE('',*,*,#6799,.F.);
#3836=ORIENTED_EDGE('',*,*,#6795,.F.);
#3837=ORIENTED_EDGE('',*,*,#6802,.T.);
#3838=ORIENTED_EDGE('',*,*,#6803,.F.);
#3839=ORIENTED_EDGE('',*,*,#6804,.F.);
#3840=ORIENTED_EDGE('',*,*,#6805,.T.);
#3841=ORIENTED_EDGE('',*,*,#6806,.F.);
#3842=ORIENTED_EDGE('',*,*,#6807,.T.);
#3843=ORIENTED_EDGE('',*,*,#6804,.T.);
#3844=ORIENTED_EDGE('',*,*,#6808,.T.);
#3845=ORIENTED_EDGE('',*,*,#6809,.F.);
#3846=ORIENTED_EDGE('',*,*,#6810,.T.);
#3847=ORIENTED_EDGE('',*,*,#6811,.F.);
#3848=ORIENTED_EDGE('',*,*,#6802,.F.);
#3849=ORIENTED_EDGE('',*,*,#6811,.T.);
#3850=ORIENTED_EDGE('',*,*,#6812,.F.);
#3851=ORIENTED_EDGE('',*,*,#6808,.F.);
#3852=ORIENTED_EDGE('',*,*,#6803,.T.);
#3853=ORIENTED_EDGE('',*,*,#6809,.T.);
#3854=ORIENTED_EDGE('',*,*,#6805,.F.);
#3855=ORIENTED_EDGE('',*,*,#6807,.F.);
#3856=ORIENTED_EDGE('',*,*,#6813,.T.);
#3857=ORIENTED_EDGE('',*,*,#6810,.F.);
#3858=ORIENTED_EDGE('',*,*,#6813,.F.);
#3859=ORIENTED_EDGE('',*,*,#6806,.T.);
#3860=ORIENTED_EDGE('',*,*,#6812,.T.);
#3861=ORIENTED_EDGE('',*,*,#6814,.F.);
#3862=ORIENTED_EDGE('',*,*,#6815,.F.);
#3863=ORIENTED_EDGE('',*,*,#6816,.T.);
#3864=ORIENTED_EDGE('',*,*,#6817,.T.);
#3865=ORIENTED_EDGE('',*,*,#6818,.F.);
#3866=ORIENTED_EDGE('',*,*,#6819,.F.);
#3867=ORIENTED_EDGE('',*,*,#6820,.T.);
#3868=ORIENTED_EDGE('',*,*,#6821,.T.);
#3869=ORIENTED_EDGE('',*,*,#6822,.T.);
#3870=ORIENTED_EDGE('',*,*,#6816,.F.);
#3871=ORIENTED_EDGE('',*,*,#6823,.F.);
#3872=ORIENTED_EDGE('',*,*,#6824,.T.);
#3873=ORIENTED_EDGE('',*,*,#6825,.F.);
#3874=ORIENTED_EDGE('',*,*,#6826,.T.);
#3875=ORIENTED_EDGE('',*,*,#6827,.T.);
#3876=ORIENTED_EDGE('',*,*,#6828,.F.);
#3877=ORIENTED_EDGE('',*,*,#6829,.T.);
#3878=ORIENTED_EDGE('',*,*,#6820,.F.);
#3879=ORIENTED_EDGE('',*,*,#6830,.F.);
#3880=ORIENTED_EDGE('',*,*,#6828,.T.);
#3881=ORIENTED_EDGE('',*,*,#6831,.F.);
#3882=ORIENTED_EDGE('',*,*,#6832,.T.);
#3883=ORIENTED_EDGE('',*,*,#6833,.T.);
#3884=ORIENTED_EDGE('',*,*,#6824,.F.);
#3885=ORIENTED_EDGE('',*,*,#6823,.T.);
#3886=ORIENTED_EDGE('',*,*,#6815,.T.);
#3887=ORIENTED_EDGE('',*,*,#6834,.F.);
#3888=ORIENTED_EDGE('',*,*,#6835,.F.);
#3889=ORIENTED_EDGE('',*,*,#6836,.F.);
#3890=ORIENTED_EDGE('',*,*,#6825,.T.);
#3891=ORIENTED_EDGE('',*,*,#6830,.T.);
#3892=ORIENTED_EDGE('',*,*,#6819,.T.);
#3893=ORIENTED_EDGE('',*,*,#6837,.F.);
#3894=ORIENTED_EDGE('',*,*,#6838,.F.);
#3895=ORIENTED_EDGE('',*,*,#6839,.F.);
#3896=ORIENTED_EDGE('',*,*,#6831,.T.);
#3897=ORIENTED_EDGE('',*,*,#6822,.F.);
#3898=ORIENTED_EDGE('',*,*,#6833,.F.);
#3899=ORIENTED_EDGE('',*,*,#6840,.T.);
#3900=ORIENTED_EDGE('',*,*,#6841,.T.);
#3901=ORIENTED_EDGE('',*,*,#6842,.T.);
#3902=ORIENTED_EDGE('',*,*,#6821,.F.);
#3903=ORIENTED_EDGE('',*,*,#6829,.F.);
#3904=ORIENTED_EDGE('',*,*,#6827,.F.);
#3905=ORIENTED_EDGE('',*,*,#6843,.T.);
#3906=ORIENTED_EDGE('',*,*,#6844,.T.);
#3907=ORIENTED_EDGE('',*,*,#6845,.T.);
#3908=ORIENTED_EDGE('',*,*,#6817,.F.);
#3909=ORIENTED_EDGE('',*,*,#6842,.F.);
#3910=ORIENTED_EDGE('',*,*,#6846,.F.);
#3911=ORIENTED_EDGE('',*,*,#6837,.T.);
#3912=ORIENTED_EDGE('',*,*,#6818,.T.);
#3913=ORIENTED_EDGE('',*,*,#6840,.F.);
#3914=ORIENTED_EDGE('',*,*,#6832,.F.);
#3915=ORIENTED_EDGE('',*,*,#6839,.T.);
#3916=ORIENTED_EDGE('',*,*,#6847,.T.);
#3917=ORIENTED_EDGE('',*,*,#6841,.F.);
#3918=ORIENTED_EDGE('',*,*,#6847,.F.);
#3919=ORIENTED_EDGE('',*,*,#6838,.T.);
#3920=ORIENTED_EDGE('',*,*,#6846,.T.);
#3921=ORIENTED_EDGE('',*,*,#6843,.F.);
#3922=ORIENTED_EDGE('',*,*,#6826,.F.);
#3923=ORIENTED_EDGE('',*,*,#6836,.T.);
#3924=ORIENTED_EDGE('',*,*,#6848,.T.);
#3925=ORIENTED_EDGE('',*,*,#6844,.F.);
#3926=ORIENTED_EDGE('',*,*,#6848,.F.);
#3927=ORIENTED_EDGE('',*,*,#6835,.T.);
#3928=ORIENTED_EDGE('',*,*,#6849,.T.);
#3929=ORIENTED_EDGE('',*,*,#6845,.F.);
#3930=ORIENTED_EDGE('',*,*,#6849,.F.);
#3931=ORIENTED_EDGE('',*,*,#6834,.T.);
#3932=ORIENTED_EDGE('',*,*,#6814,.T.);
#3933=ORIENTED_EDGE('',*,*,#6850,.T.);
#3934=ORIENTED_EDGE('',*,*,#6851,.F.);
#3935=ORIENTED_EDGE('',*,*,#6852,.F.);
#3936=ORIENTED_EDGE('',*,*,#6853,.T.);
#3937=ORIENTED_EDGE('',*,*,#6854,.F.);
#3938=ORIENTED_EDGE('',*,*,#6855,.T.);
#3939=ORIENTED_EDGE('',*,*,#6852,.T.);
#3940=ORIENTED_EDGE('',*,*,#6856,.T.);
#3941=ORIENTED_EDGE('',*,*,#6857,.F.);
#3942=ORIENTED_EDGE('',*,*,#6858,.T.);
#3943=ORIENTED_EDGE('',*,*,#6859,.F.);
#3944=ORIENTED_EDGE('',*,*,#6850,.F.);
#3945=ORIENTED_EDGE('',*,*,#6859,.T.);
#3946=ORIENTED_EDGE('',*,*,#6860,.F.);
#3947=ORIENTED_EDGE('',*,*,#6856,.F.);
#3948=ORIENTED_EDGE('',*,*,#6851,.T.);
#3949=ORIENTED_EDGE('',*,*,#6857,.T.);
#3950=ORIENTED_EDGE('',*,*,#6853,.F.);
#3951=ORIENTED_EDGE('',*,*,#6855,.F.);
#3952=ORIENTED_EDGE('',*,*,#6861,.T.);
#3953=ORIENTED_EDGE('',*,*,#6858,.F.);
#3954=ORIENTED_EDGE('',*,*,#6861,.F.);
#3955=ORIENTED_EDGE('',*,*,#6854,.T.);
#3956=ORIENTED_EDGE('',*,*,#6860,.T.);
#3957=ORIENTED_EDGE('',*,*,#6862,.F.);
#3958=ORIENTED_EDGE('',*,*,#6863,.T.);
#3959=ORIENTED_EDGE('',*,*,#6864,.T.);
#3960=ORIENTED_EDGE('',*,*,#6865,.T.);
#3961=ORIENTED_EDGE('',*,*,#6866,.F.);
#3962=ORIENTED_EDGE('',*,*,#6867,.T.);
#3963=ORIENTED_EDGE('',*,*,#6868,.F.);
#3964=ORIENTED_EDGE('',*,*,#6869,.F.);
#3965=ORIENTED_EDGE('',*,*,#6869,.T.);
#3966=ORIENTED_EDGE('',*,*,#6870,.F.);
#3967=ORIENTED_EDGE('',*,*,#6864,.F.);
#3968=ORIENTED_EDGE('',*,*,#6871,.T.);
#3969=ORIENTED_EDGE('',*,*,#6868,.T.);
#3970=ORIENTED_EDGE('',*,*,#6872,.F.);
#3971=ORIENTED_EDGE('',*,*,#6865,.F.);
#3972=ORIENTED_EDGE('',*,*,#6870,.T.);
#3973=ORIENTED_EDGE('',*,*,#6866,.T.);
#3974=ORIENTED_EDGE('',*,*,#6871,.F.);
#3975=ORIENTED_EDGE('',*,*,#6863,.F.);
#3976=ORIENTED_EDGE('',*,*,#6873,.T.);
#3977=ORIENTED_EDGE('',*,*,#6867,.F.);
#3978=ORIENTED_EDGE('',*,*,#6873,.F.);
#3979=ORIENTED_EDGE('',*,*,#6862,.T.);
#3980=ORIENTED_EDGE('',*,*,#6872,.T.);
#3981=ORIENTED_EDGE('',*,*,#6874,.T.);
#3982=ORIENTED_EDGE('',*,*,#6875,.F.);
#3983=ORIENTED_EDGE('',*,*,#6876,.F.);
#3984=ORIENTED_EDGE('',*,*,#6877,.T.);
#3985=ORIENTED_EDGE('',*,*,#6878,.F.);
#3986=ORIENTED_EDGE('',*,*,#6879,.T.);
#3987=ORIENTED_EDGE('',*,*,#6876,.T.);
#3988=ORIENTED_EDGE('',*,*,#6880,.T.);
#3989=ORIENTED_EDGE('',*,*,#6881,.F.);
#3990=ORIENTED_EDGE('',*,*,#6882,.T.);
#3991=ORIENTED_EDGE('',*,*,#6883,.F.);
#3992=ORIENTED_EDGE('',*,*,#6874,.F.);
#3993=ORIENTED_EDGE('',*,*,#6883,.T.);
#3994=ORIENTED_EDGE('',*,*,#6884,.F.);
#3995=ORIENTED_EDGE('',*,*,#6880,.F.);
#3996=ORIENTED_EDGE('',*,*,#6875,.T.);
#3997=ORIENTED_EDGE('',*,*,#6881,.T.);
#3998=ORIENTED_EDGE('',*,*,#6877,.F.);
#3999=ORIENTED_EDGE('',*,*,#6879,.F.);
#4000=ORIENTED_EDGE('',*,*,#6885,.T.);
#4001=ORIENTED_EDGE('',*,*,#6882,.F.);
#4002=ORIENTED_EDGE('',*,*,#6885,.F.);
#4003=ORIENTED_EDGE('',*,*,#6878,.T.);
#4004=ORIENTED_EDGE('',*,*,#6884,.T.);
#4005=ORIENTED_EDGE('',*,*,#6886,.T.);
#4006=ORIENTED_EDGE('',*,*,#6887,.T.);
#4007=ORIENTED_EDGE('',*,*,#6888,.T.);
#4008=ORIENTED_EDGE('',*,*,#6889,.F.);
#4009=ORIENTED_EDGE('',*,*,#6890,.F.);
#4010=ORIENTED_EDGE('',*,*,#6891,.T.);
#4011=ORIENTED_EDGE('',*,*,#6892,.T.);
#4012=ORIENTED_EDGE('',*,*,#6893,.T.);
#4013=ORIENTED_EDGE('',*,*,#6894,.T.);
#4014=ORIENTED_EDGE('',*,*,#6895,.F.);
#4015=ORIENTED_EDGE('',*,*,#6896,.F.);
#4016=ORIENTED_EDGE('',*,*,#6889,.T.);
#4017=ORIENTED_EDGE('',*,*,#6897,.T.);
#4018=ORIENTED_EDGE('',*,*,#6898,.T.);
#4019=ORIENTED_EDGE('',*,*,#6899,.T.);
#4020=ORIENTED_EDGE('',*,*,#6900,.F.);
#4021=ORIENTED_EDGE('',*,*,#6901,.F.);
#4022=ORIENTED_EDGE('',*,*,#6895,.T.);
#4023=ORIENTED_EDGE('',*,*,#6902,.T.);
#4024=ORIENTED_EDGE('',*,*,#6903,.T.);
#4025=ORIENTED_EDGE('',*,*,#6904,.T.);
#4026=ORIENTED_EDGE('',*,*,#6891,.F.);
#4027=ORIENTED_EDGE('',*,*,#6905,.F.);
#4028=ORIENTED_EDGE('',*,*,#6900,.T.);
#4029=ORIENTED_EDGE('',*,*,#6890,.T.);
#4030=ORIENTED_EDGE('',*,*,#6896,.T.);
#4031=ORIENTED_EDGE('',*,*,#6901,.T.);
#4032=ORIENTED_EDGE('',*,*,#6905,.T.);
#4033=ORIENTED_EDGE('',*,*,#6888,.F.);
#4034=ORIENTED_EDGE('',*,*,#6904,.F.);
#4035=ORIENTED_EDGE('',*,*,#6899,.F.);
#4036=ORIENTED_EDGE('',*,*,#6894,.F.);
#4037=ORIENTED_EDGE('',*,*,#6906,.T.);
#4038=ORIENTED_EDGE('',*,*,#6903,.F.);
#4039=ORIENTED_EDGE('',*,*,#6907,.F.);
#4040=ORIENTED_EDGE('',*,*,#6893,.F.);
#4041=ORIENTED_EDGE('',*,*,#6908,.T.);
#4042=ORIENTED_EDGE('',*,*,#6909,.T.);
#4043=ORIENTED_EDGE('',*,*,#6910,.F.);
#4044=ORIENTED_EDGE('',*,*,#6911,.F.);
#4045=ORIENTED_EDGE('',*,*,#6912,.T.);
#4046=ORIENTED_EDGE('',*,*,#6913,.T.);
#4047=ORIENTED_EDGE('',*,*,#6914,.T.);
#4048=ORIENTED_EDGE('',*,*,#6907,.T.);
#4049=ORIENTED_EDGE('',*,*,#6915,.F.);
#4050=ORIENTED_EDGE('',*,*,#6913,.F.);
#4051=ORIENTED_EDGE('',*,*,#6916,.T.);
#4052=ORIENTED_EDGE('',*,*,#6917,.T.);
#4053=ORIENTED_EDGE('',*,*,#6918,.F.);
#4054=ORIENTED_EDGE('',*,*,#6919,.F.);
#4055=ORIENTED_EDGE('',*,*,#6920,.F.);
#4056=ORIENTED_EDGE('',*,*,#6917,.F.);
#4057=ORIENTED_EDGE('',*,*,#6921,.T.);
#4058=ORIENTED_EDGE('',*,*,#6922,.T.);
#4059=ORIENTED_EDGE('',*,*,#6923,.F.);
#4060=ORIENTED_EDGE('',*,*,#6906,.F.);
#4061=ORIENTED_EDGE('',*,*,#6924,.F.);
#4062=ORIENTED_EDGE('',*,*,#6922,.F.);
#4063=ORIENTED_EDGE('',*,*,#6925,.T.);
#4064=ORIENTED_EDGE('',*,*,#6911,.T.);
#4065=ORIENTED_EDGE('',*,*,#6912,.F.);
#4066=ORIENTED_EDGE('',*,*,#6925,.F.);
#4067=ORIENTED_EDGE('',*,*,#6921,.F.);
#4068=ORIENTED_EDGE('',*,*,#6916,.F.);
#4069=ORIENTED_EDGE('',*,*,#6910,.T.);
#4070=ORIENTED_EDGE('',*,*,#6915,.T.);
#4071=ORIENTED_EDGE('',*,*,#6920,.T.);
#4072=ORIENTED_EDGE('',*,*,#6924,.T.);
#4073=ORIENTED_EDGE('',*,*,#6919,.T.);
#4074=ORIENTED_EDGE('',*,*,#6898,.F.);
#4075=ORIENTED_EDGE('',*,*,#6909,.F.);
#4076=ORIENTED_EDGE('',*,*,#6887,.F.);
#4077=ORIENTED_EDGE('',*,*,#6923,.T.);
#4078=ORIENTED_EDGE('',*,*,#6902,.F.);
#4079=ORIENTED_EDGE('',*,*,#6914,.F.);
#4080=ORIENTED_EDGE('',*,*,#6892,.F.);
#4081=ORIENTED_EDGE('',*,*,#6918,.T.);
#4082=ORIENTED_EDGE('',*,*,#6897,.F.);
#4083=ORIENTED_EDGE('',*,*,#6908,.F.);
#4084=ORIENTED_EDGE('',*,*,#6886,.F.);
#4085=ORIENTED_EDGE('',*,*,#6926,.T.);
#4086=ORIENTED_EDGE('',*,*,#6927,.F.);
#4087=ORIENTED_EDGE('',*,*,#6928,.F.);
#4088=ORIENTED_EDGE('',*,*,#6929,.T.);
#4089=ORIENTED_EDGE('',*,*,#6930,.T.);
#4090=ORIENTED_EDGE('',*,*,#6931,.F.);
#4091=ORIENTED_EDGE('',*,*,#6932,.F.);
#4092=ORIENTED_EDGE('',*,*,#6927,.T.);
#4093=ORIENTED_EDGE('',*,*,#6933,.T.);
#4094=ORIENTED_EDGE('',*,*,#6934,.F.);
#4095=ORIENTED_EDGE('',*,*,#6935,.F.);
#4096=ORIENTED_EDGE('',*,*,#6931,.T.);
#4097=ORIENTED_EDGE('',*,*,#6936,.T.);
#4098=ORIENTED_EDGE('',*,*,#6929,.F.);
#4099=ORIENTED_EDGE('',*,*,#6937,.F.);
#4100=ORIENTED_EDGE('',*,*,#6934,.T.);
#4101=ORIENTED_EDGE('',*,*,#6928,.T.);
#4102=ORIENTED_EDGE('',*,*,#6932,.T.);
#4103=ORIENTED_EDGE('',*,*,#6935,.T.);
#4104=ORIENTED_EDGE('',*,*,#6937,.T.);
#4105=ORIENTED_EDGE('',*,*,#6926,.F.);
#4106=ORIENTED_EDGE('',*,*,#6936,.F.);
#4107=ORIENTED_EDGE('',*,*,#6933,.F.);
#4108=ORIENTED_EDGE('',*,*,#6930,.F.);
#4109=ORIENTED_EDGE('',*,*,#6938,.T.);
#4110=ORIENTED_EDGE('',*,*,#6939,.F.);
#4111=ORIENTED_EDGE('',*,*,#6940,.F.);
#4112=ORIENTED_EDGE('',*,*,#6941,.T.);
#4113=ORIENTED_EDGE('',*,*,#6942,.T.);
#4114=ORIENTED_EDGE('',*,*,#6943,.F.);
#4115=ORIENTED_EDGE('',*,*,#6944,.F.);
#4116=ORIENTED_EDGE('',*,*,#6939,.T.);
#4117=ORIENTED_EDGE('',*,*,#6945,.T.);
#4118=ORIENTED_EDGE('',*,*,#6946,.F.);
#4119=ORIENTED_EDGE('',*,*,#6947,.F.);
#4120=ORIENTED_EDGE('',*,*,#6943,.T.);
#4121=ORIENTED_EDGE('',*,*,#6948,.T.);
#4122=ORIENTED_EDGE('',*,*,#6941,.F.);
#4123=ORIENTED_EDGE('',*,*,#6949,.F.);
#4124=ORIENTED_EDGE('',*,*,#6946,.T.);
#4125=ORIENTED_EDGE('',*,*,#6940,.T.);
#4126=ORIENTED_EDGE('',*,*,#6944,.T.);
#4127=ORIENTED_EDGE('',*,*,#6947,.T.);
#4128=ORIENTED_EDGE('',*,*,#6949,.T.);
#4129=ORIENTED_EDGE('',*,*,#6938,.F.);
#4130=ORIENTED_EDGE('',*,*,#6948,.F.);
#4131=ORIENTED_EDGE('',*,*,#6945,.F.);
#4132=ORIENTED_EDGE('',*,*,#6942,.F.);
#4133=ORIENTED_EDGE('',*,*,#6950,.T.);
#4134=ORIENTED_EDGE('',*,*,#6951,.F.);
#4135=ORIENTED_EDGE('',*,*,#6952,.F.);
#4136=ORIENTED_EDGE('',*,*,#6953,.T.);
#4137=ORIENTED_EDGE('',*,*,#6954,.T.);
#4138=ORIENTED_EDGE('',*,*,#6955,.F.);
#4139=ORIENTED_EDGE('',*,*,#6956,.F.);
#4140=ORIENTED_EDGE('',*,*,#6951,.T.);
#4141=ORIENTED_EDGE('',*,*,#6957,.T.);
#4142=ORIENTED_EDGE('',*,*,#6958,.F.);
#4143=ORIENTED_EDGE('',*,*,#6959,.F.);
#4144=ORIENTED_EDGE('',*,*,#6955,.T.);
#4145=ORIENTED_EDGE('',*,*,#6960,.T.);
#4146=ORIENTED_EDGE('',*,*,#6953,.F.);
#4147=ORIENTED_EDGE('',*,*,#6961,.F.);
#4148=ORIENTED_EDGE('',*,*,#6958,.T.);
#4149=ORIENTED_EDGE('',*,*,#6952,.T.);
#4150=ORIENTED_EDGE('',*,*,#6956,.T.);
#4151=ORIENTED_EDGE('',*,*,#6959,.T.);
#4152=ORIENTED_EDGE('',*,*,#6961,.T.);
#4153=ORIENTED_EDGE('',*,*,#6950,.F.);
#4154=ORIENTED_EDGE('',*,*,#6960,.F.);
#4155=ORIENTED_EDGE('',*,*,#6957,.F.);
#4156=ORIENTED_EDGE('',*,*,#6954,.F.);
#4157=ORIENTED_EDGE('',*,*,#6962,.T.);
#4158=ORIENTED_EDGE('',*,*,#6963,.T.);
#4159=ORIENTED_EDGE('',*,*,#6964,.T.);
#4160=ORIENTED_EDGE('',*,*,#6965,.F.);
#4161=ORIENTED_EDGE('',*,*,#6966,.F.);
#4162=ORIENTED_EDGE('',*,*,#6967,.T.);
#4163=ORIENTED_EDGE('',*,*,#6968,.T.);
#4164=ORIENTED_EDGE('',*,*,#6969,.T.);
#4165=ORIENTED_EDGE('',*,*,#6970,.T.);
#4166=ORIENTED_EDGE('',*,*,#6971,.F.);
#4167=ORIENTED_EDGE('',*,*,#6972,.F.);
#4168=ORIENTED_EDGE('',*,*,#6965,.T.);
#4169=ORIENTED_EDGE('',*,*,#6973,.T.);
#4170=ORIENTED_EDGE('',*,*,#6974,.T.);
#4171=ORIENTED_EDGE('',*,*,#6975,.T.);
#4172=ORIENTED_EDGE('',*,*,#6976,.F.);
#4173=ORIENTED_EDGE('',*,*,#6977,.F.);
#4174=ORIENTED_EDGE('',*,*,#6971,.T.);
#4175=ORIENTED_EDGE('',*,*,#6978,.T.);
#4176=ORIENTED_EDGE('',*,*,#6979,.T.);
#4177=ORIENTED_EDGE('',*,*,#6980,.T.);
#4178=ORIENTED_EDGE('',*,*,#6967,.F.);
#4179=ORIENTED_EDGE('',*,*,#6981,.F.);
#4180=ORIENTED_EDGE('',*,*,#6976,.T.);
#4181=ORIENTED_EDGE('',*,*,#6966,.T.);
#4182=ORIENTED_EDGE('',*,*,#6972,.T.);
#4183=ORIENTED_EDGE('',*,*,#6977,.T.);
#4184=ORIENTED_EDGE('',*,*,#6981,.T.);
#4185=ORIENTED_EDGE('',*,*,#6964,.F.);
#4186=ORIENTED_EDGE('',*,*,#6980,.F.);
#4187=ORIENTED_EDGE('',*,*,#6975,.F.);
#4188=ORIENTED_EDGE('',*,*,#6970,.F.);
#4189=ORIENTED_EDGE('',*,*,#6982,.T.);
#4190=ORIENTED_EDGE('',*,*,#6974,.F.);
#4191=ORIENTED_EDGE('',*,*,#6983,.F.);
#4192=ORIENTED_EDGE('',*,*,#6963,.F.);
#4193=ORIENTED_EDGE('',*,*,#6984,.T.);
#4194=ORIENTED_EDGE('',*,*,#6983,.T.);
#4195=ORIENTED_EDGE('',*,*,#6985,.F.);
#4196=ORIENTED_EDGE('',*,*,#6986,.F.);
#4197=ORIENTED_EDGE('',*,*,#6987,.T.);
#4198=ORIENTED_EDGE('',*,*,#6988,.T.);
#4199=ORIENTED_EDGE('',*,*,#6989,.F.);
#4200=ORIENTED_EDGE('',*,*,#6990,.F.);
#4201=ORIENTED_EDGE('',*,*,#6991,.F.);
#4202=ORIENTED_EDGE('',*,*,#6988,.F.);
#4203=ORIENTED_EDGE('',*,*,#6992,.T.);
#4204=ORIENTED_EDGE('',*,*,#6993,.T.);
#4205=ORIENTED_EDGE('',*,*,#6994,.F.);
#4206=ORIENTED_EDGE('',*,*,#6982,.F.);
#4207=ORIENTED_EDGE('',*,*,#6995,.F.);
#4208=ORIENTED_EDGE('',*,*,#6993,.F.);
#4209=ORIENTED_EDGE('',*,*,#6996,.T.);
#4210=ORIENTED_EDGE('',*,*,#6997,.T.);
#4211=ORIENTED_EDGE('',*,*,#6998,.T.);
#4212=ORIENTED_EDGE('',*,*,#6999,.T.);
#4213=ORIENTED_EDGE('',*,*,#7000,.F.);
#4214=ORIENTED_EDGE('',*,*,#6997,.F.);
#4215=ORIENTED_EDGE('',*,*,#7001,.T.);
#4216=ORIENTED_EDGE('',*,*,#6986,.T.);
#4217=ORIENTED_EDGE('',*,*,#6987,.F.);
#4218=ORIENTED_EDGE('',*,*,#7001,.F.);
#4219=ORIENTED_EDGE('',*,*,#6996,.F.);
#4220=ORIENTED_EDGE('',*,*,#6992,.F.);
#4221=ORIENTED_EDGE('',*,*,#6985,.T.);
#4222=ORIENTED_EDGE('',*,*,#6991,.T.);
#4223=ORIENTED_EDGE('',*,*,#6995,.T.);
#4224=ORIENTED_EDGE('',*,*,#7000,.T.);
#4225=ORIENTED_EDGE('',*,*,#6999,.F.);
#4226=ORIENTED_EDGE('',*,*,#6979,.F.);
#4227=ORIENTED_EDGE('',*,*,#6990,.T.);
#4228=ORIENTED_EDGE('',*,*,#6969,.F.);
#4229=ORIENTED_EDGE('',*,*,#6994,.T.);
#4230=ORIENTED_EDGE('',*,*,#6973,.F.);
#4231=ORIENTED_EDGE('',*,*,#6984,.F.);
#4232=ORIENTED_EDGE('',*,*,#6962,.F.);
#4233=ORIENTED_EDGE('',*,*,#6998,.F.);
#4234=ORIENTED_EDGE('',*,*,#6978,.F.);
#4235=ORIENTED_EDGE('',*,*,#6989,.T.);
#4236=ORIENTED_EDGE('',*,*,#6968,.F.);
#4237=ORIENTED_EDGE('',*,*,#7002,.T.);
#4238=ORIENTED_EDGE('',*,*,#7003,.F.);
#4239=ORIENTED_EDGE('',*,*,#7004,.F.);
#4240=ORIENTED_EDGE('',*,*,#7005,.T.);
#4241=ORIENTED_EDGE('',*,*,#7006,.T.);
#4242=ORIENTED_EDGE('',*,*,#7007,.F.);
#4243=ORIENTED_EDGE('',*,*,#7008,.F.);
#4244=ORIENTED_EDGE('',*,*,#7003,.T.);
#4245=ORIENTED_EDGE('',*,*,#7009,.T.);
#4246=ORIENTED_EDGE('',*,*,#7010,.F.);
#4247=ORIENTED_EDGE('',*,*,#7011,.F.);
#4248=ORIENTED_EDGE('',*,*,#7007,.T.);
#4249=ORIENTED_EDGE('',*,*,#7012,.T.);
#4250=ORIENTED_EDGE('',*,*,#7005,.F.);
#4251=ORIENTED_EDGE('',*,*,#7013,.F.);
#4252=ORIENTED_EDGE('',*,*,#7010,.T.);
#4253=ORIENTED_EDGE('',*,*,#7004,.T.);
#4254=ORIENTED_EDGE('',*,*,#7008,.T.);
#4255=ORIENTED_EDGE('',*,*,#7011,.T.);
#4256=ORIENTED_EDGE('',*,*,#7013,.T.);
#4257=ORIENTED_EDGE('',*,*,#7002,.F.);
#4258=ORIENTED_EDGE('',*,*,#7012,.F.);
#4259=ORIENTED_EDGE('',*,*,#7009,.F.);
#4260=ORIENTED_EDGE('',*,*,#7006,.F.);
#4261=ORIENTED_EDGE('',*,*,#7014,.T.);
#4262=ORIENTED_EDGE('',*,*,#7015,.T.);
#4263=ORIENTED_EDGE('',*,*,#7016,.F.);
#4264=ORIENTED_EDGE('',*,*,#7017,.F.);
#4265=ORIENTED_EDGE('',*,*,#7018,.T.);
#4266=ORIENTED_EDGE('',*,*,#7019,.T.);
#4267=ORIENTED_EDGE('',*,*,#7020,.F.);
#4268=ORIENTED_EDGE('',*,*,#7021,.F.);
#4269=ORIENTED_EDGE('',*,*,#7016,.T.);
#4270=ORIENTED_EDGE('',*,*,#7022,.T.);
#4271=ORIENTED_EDGE('',*,*,#7023,.F.);
#4272=ORIENTED_EDGE('',*,*,#7024,.F.);
#4273=ORIENTED_EDGE('',*,*,#7020,.T.);
#4274=ORIENTED_EDGE('',*,*,#7025,.T.);
#4275=ORIENTED_EDGE('',*,*,#7018,.F.);
#4276=ORIENTED_EDGE('',*,*,#7026,.F.);
#4277=ORIENTED_EDGE('',*,*,#7023,.T.);
#4278=ORIENTED_EDGE('',*,*,#7017,.T.);
#4279=ORIENTED_EDGE('',*,*,#7021,.T.);
#4280=ORIENTED_EDGE('',*,*,#7024,.T.);
#4281=ORIENTED_EDGE('',*,*,#7026,.T.);
#4282=ORIENTED_EDGE('',*,*,#7015,.F.);
#4283=ORIENTED_EDGE('',*,*,#7025,.F.);
#4284=ORIENTED_EDGE('',*,*,#7022,.F.);
#4285=ORIENTED_EDGE('',*,*,#7019,.F.);
#4286=ORIENTED_EDGE('',*,*,#7027,.F.);
#4287=ORIENTED_EDGE('',*,*,#7027,.T.);
#4288=ORIENTED_EDGE('',*,*,#7014,.F.);
#4289=ORIENTED_EDGE('',*,*,#7028,.T.);
#4290=ORIENTED_EDGE('',*,*,#7029,.F.);
#4291=ORIENTED_EDGE('',*,*,#7030,.F.);
#4292=ORIENTED_EDGE('',*,*,#7031,.T.);
#4293=ORIENTED_EDGE('',*,*,#7032,.T.);
#4294=ORIENTED_EDGE('',*,*,#7033,.F.);
#4295=ORIENTED_EDGE('',*,*,#7034,.F.);
#4296=ORIENTED_EDGE('',*,*,#7029,.T.);
#4297=ORIENTED_EDGE('',*,*,#7035,.T.);
#4298=ORIENTED_EDGE('',*,*,#7036,.F.);
#4299=ORIENTED_EDGE('',*,*,#7037,.F.);
#4300=ORIENTED_EDGE('',*,*,#7033,.T.);
#4301=ORIENTED_EDGE('',*,*,#7038,.T.);
#4302=ORIENTED_EDGE('',*,*,#7031,.F.);
#4303=ORIENTED_EDGE('',*,*,#7039,.F.);
#4304=ORIENTED_EDGE('',*,*,#7036,.T.);
#4305=ORIENTED_EDGE('',*,*,#7030,.T.);
#4306=ORIENTED_EDGE('',*,*,#7034,.T.);
#4307=ORIENTED_EDGE('',*,*,#7037,.T.);
#4308=ORIENTED_EDGE('',*,*,#7039,.T.);
#4309=ORIENTED_EDGE('',*,*,#7028,.F.);
#4310=ORIENTED_EDGE('',*,*,#7038,.F.);
#4311=ORIENTED_EDGE('',*,*,#7035,.F.);
#4312=ORIENTED_EDGE('',*,*,#7032,.F.);
#4313=ORIENTED_EDGE('',*,*,#7040,.T.);
#4314=ORIENTED_EDGE('',*,*,#7041,.F.);
#4315=ORIENTED_EDGE('',*,*,#7042,.F.);
#4316=ORIENTED_EDGE('',*,*,#7043,.T.);
#4317=ORIENTED_EDGE('',*,*,#7044,.T.);
#4318=ORIENTED_EDGE('',*,*,#7045,.F.);
#4319=ORIENTED_EDGE('',*,*,#7046,.F.);
#4320=ORIENTED_EDGE('',*,*,#7041,.T.);
#4321=ORIENTED_EDGE('',*,*,#7047,.T.);
#4322=ORIENTED_EDGE('',*,*,#7048,.F.);
#4323=ORIENTED_EDGE('',*,*,#7049,.F.);
#4324=ORIENTED_EDGE('',*,*,#7045,.T.);
#4325=ORIENTED_EDGE('',*,*,#7050,.T.);
#4326=ORIENTED_EDGE('',*,*,#7043,.F.);
#4327=ORIENTED_EDGE('',*,*,#7051,.F.);
#4328=ORIENTED_EDGE('',*,*,#7048,.T.);
#4329=ORIENTED_EDGE('',*,*,#7042,.T.);
#4330=ORIENTED_EDGE('',*,*,#7046,.T.);
#4331=ORIENTED_EDGE('',*,*,#7049,.T.);
#4332=ORIENTED_EDGE('',*,*,#7051,.T.);
#4333=ORIENTED_EDGE('',*,*,#7040,.F.);
#4334=ORIENTED_EDGE('',*,*,#7050,.F.);
#4335=ORIENTED_EDGE('',*,*,#7047,.F.);
#4336=ORIENTED_EDGE('',*,*,#7044,.F.);
#4337=ORIENTED_EDGE('',*,*,#7052,.T.);
#4338=ORIENTED_EDGE('',*,*,#7053,.F.);
#4339=ORIENTED_EDGE('',*,*,#7054,.F.);
#4340=ORIENTED_EDGE('',*,*,#7055,.T.);
#4341=ORIENTED_EDGE('',*,*,#7056,.T.);
#4342=ORIENTED_EDGE('',*,*,#7057,.T.);
#4343=ORIENTED_EDGE('',*,*,#7058,.T.);
#4344=ORIENTED_EDGE('',*,*,#7059,.F.);
#4345=ORIENTED_EDGE('',*,*,#7060,.F.);
#4346=ORIENTED_EDGE('',*,*,#7053,.T.);
#4347=ORIENTED_EDGE('',*,*,#7061,.T.);
#4348=ORIENTED_EDGE('',*,*,#7062,.F.);
#4349=ORIENTED_EDGE('',*,*,#7063,.F.);
#4350=ORIENTED_EDGE('',*,*,#7059,.T.);
#4351=ORIENTED_EDGE('',*,*,#7064,.T.);
#4352=ORIENTED_EDGE('',*,*,#7065,.T.);
#4353=ORIENTED_EDGE('',*,*,#7066,.T.);
#4354=ORIENTED_EDGE('',*,*,#7055,.F.);
#4355=ORIENTED_EDGE('',*,*,#7067,.F.);
#4356=ORIENTED_EDGE('',*,*,#7062,.T.);
#4357=ORIENTED_EDGE('',*,*,#7054,.T.);
#4358=ORIENTED_EDGE('',*,*,#7060,.T.);
#4359=ORIENTED_EDGE('',*,*,#7063,.T.);
#4360=ORIENTED_EDGE('',*,*,#7067,.T.);
#4361=ORIENTED_EDGE('',*,*,#7052,.F.);
#4362=ORIENTED_EDGE('',*,*,#7066,.F.);
#4363=ORIENTED_EDGE('',*,*,#7061,.F.);
#4364=ORIENTED_EDGE('',*,*,#7058,.F.);
#4365=ORIENTED_EDGE('',*,*,#7068,.T.);
#4366=ORIENTED_EDGE('',*,*,#7065,.F.);
#4367=ORIENTED_EDGE('',*,*,#7069,.F.);
#4368=ORIENTED_EDGE('',*,*,#7057,.F.);
#4369=ORIENTED_EDGE('',*,*,#7070,.F.);
#4370=ORIENTED_EDGE('',*,*,#7071,.F.);
#4371=ORIENTED_EDGE('',*,*,#7072,.T.);
#4372=ORIENTED_EDGE('',*,*,#7073,.T.);
#4373=ORIENTED_EDGE('',*,*,#7074,.T.);
#4374=ORIENTED_EDGE('',*,*,#7069,.T.);
#4375=ORIENTED_EDGE('',*,*,#7075,.F.);
#4376=ORIENTED_EDGE('',*,*,#7073,.F.);
#4377=ORIENTED_EDGE('',*,*,#7076,.T.);
#4378=ORIENTED_EDGE('',*,*,#7077,.T.);
#4379=ORIENTED_EDGE('',*,*,#7078,.F.);
#4380=ORIENTED_EDGE('',*,*,#7077,.F.);
#4381=ORIENTED_EDGE('',*,*,#7079,.T.);
#4382=ORIENTED_EDGE('',*,*,#7080,.T.);
#4383=ORIENTED_EDGE('',*,*,#7081,.F.);
#4384=ORIENTED_EDGE('',*,*,#7068,.F.);
#4385=ORIENTED_EDGE('',*,*,#7082,.F.);
#4386=ORIENTED_EDGE('',*,*,#7080,.F.);
#4387=ORIENTED_EDGE('',*,*,#7083,.T.);
#4388=ORIENTED_EDGE('',*,*,#7071,.T.);
#4389=ORIENTED_EDGE('',*,*,#7072,.F.);
#4390=ORIENTED_EDGE('',*,*,#7083,.F.);
#4391=ORIENTED_EDGE('',*,*,#7079,.F.);
#4392=ORIENTED_EDGE('',*,*,#7076,.F.);
#4393=ORIENTED_EDGE('',*,*,#7070,.T.);
#4394=ORIENTED_EDGE('',*,*,#7075,.T.);
#4395=ORIENTED_EDGE('',*,*,#7078,.T.);
#4396=ORIENTED_EDGE('',*,*,#7082,.T.);
#4397=ORIENTED_EDGE('',*,*,#7081,.T.);
#4398=ORIENTED_EDGE('',*,*,#7064,.F.);
#4399=ORIENTED_EDGE('',*,*,#7074,.F.);
#4400=ORIENTED_EDGE('',*,*,#7056,.F.);
#4401=ORIENTED_EDGE('',*,*,#7084,.T.);
#4402=ORIENTED_EDGE('',*,*,#7085,.F.);
#4403=ORIENTED_EDGE('',*,*,#7086,.F.);
#4404=ORIENTED_EDGE('',*,*,#7087,.T.);
#4405=ORIENTED_EDGE('',*,*,#7088,.T.);
#4406=ORIENTED_EDGE('',*,*,#7089,.F.);
#4407=ORIENTED_EDGE('',*,*,#7090,.F.);
#4408=ORIENTED_EDGE('',*,*,#7085,.T.);
#4409=ORIENTED_EDGE('',*,*,#7091,.T.);
#4410=ORIENTED_EDGE('',*,*,#7092,.F.);
#4411=ORIENTED_EDGE('',*,*,#7093,.F.);
#4412=ORIENTED_EDGE('',*,*,#7089,.T.);
#4413=ORIENTED_EDGE('',*,*,#7094,.T.);
#4414=ORIENTED_EDGE('',*,*,#7087,.F.);
#4415=ORIENTED_EDGE('',*,*,#7095,.F.);
#4416=ORIENTED_EDGE('',*,*,#7092,.T.);
#4417=ORIENTED_EDGE('',*,*,#7086,.T.);
#4418=ORIENTED_EDGE('',*,*,#7090,.T.);
#4419=ORIENTED_EDGE('',*,*,#7093,.T.);
#4420=ORIENTED_EDGE('',*,*,#7095,.T.);
#4421=ORIENTED_EDGE('',*,*,#7084,.F.);
#4422=ORIENTED_EDGE('',*,*,#7094,.F.);
#4423=ORIENTED_EDGE('',*,*,#7091,.F.);
#4424=ORIENTED_EDGE('',*,*,#7088,.F.);
#4425=ORIENTED_EDGE('',*,*,#7096,.F.);
#4426=ORIENTED_EDGE('',*,*,#7097,.F.);
#4427=ORIENTED_EDGE('',*,*,#7098,.T.);
#4428=ORIENTED_EDGE('',*,*,#7099,.T.);
#4429=ORIENTED_EDGE('',*,*,#7100,.F.);
#4430=ORIENTED_EDGE('',*,*,#7101,.F.);
#4431=ORIENTED_EDGE('',*,*,#7102,.F.);
#4432=ORIENTED_EDGE('',*,*,#7099,.F.);
#4433=ORIENTED_EDGE('',*,*,#7103,.T.);
#4434=ORIENTED_EDGE('',*,*,#7104,.T.);
#4435=ORIENTED_EDGE('',*,*,#7105,.F.);
#4436=ORIENTED_EDGE('',*,*,#7104,.F.);
#4437=ORIENTED_EDGE('',*,*,#7106,.T.);
#4438=ORIENTED_EDGE('',*,*,#7107,.T.);
#4439=ORIENTED_EDGE('',*,*,#7108,.F.);
#4440=ORIENTED_EDGE('',*,*,#7109,.F.);
#4441=ORIENTED_EDGE('',*,*,#7110,.F.);
#4442=ORIENTED_EDGE('',*,*,#7107,.F.);
#4443=ORIENTED_EDGE('',*,*,#7111,.T.);
#4444=ORIENTED_EDGE('',*,*,#7097,.T.);
#4445=ORIENTED_EDGE('',*,*,#7098,.F.);
#4446=ORIENTED_EDGE('',*,*,#7111,.F.);
#4447=ORIENTED_EDGE('',*,*,#7106,.F.);
#4448=ORIENTED_EDGE('',*,*,#7103,.F.);
#4449=ORIENTED_EDGE('',*,*,#7096,.T.);
#4450=ORIENTED_EDGE('',*,*,#7102,.T.);
#4451=ORIENTED_EDGE('',*,*,#7105,.T.);
#4452=ORIENTED_EDGE('',*,*,#7110,.T.);
#4453=ORIENTED_EDGE('',*,*,#7109,.T.);
#4454=ORIENTED_EDGE('',*,*,#7112,.F.);
#4455=ORIENTED_EDGE('',*,*,#7101,.T.);
#4456=ORIENTED_EDGE('',*,*,#7113,.F.);
#4457=ORIENTED_EDGE('',*,*,#7114,.T.);
#4458=ORIENTED_EDGE('',*,*,#7115,.F.);
#4459=ORIENTED_EDGE('',*,*,#7116,.F.);
#4460=ORIENTED_EDGE('',*,*,#7117,.T.);
#4461=ORIENTED_EDGE('',*,*,#7118,.T.);
#4462=ORIENTED_EDGE('',*,*,#7113,.T.);
#4463=ORIENTED_EDGE('',*,*,#7119,.T.);
#4464=ORIENTED_EDGE('',*,*,#7120,.F.);
#4465=ORIENTED_EDGE('',*,*,#7121,.F.);
#4466=ORIENTED_EDGE('',*,*,#7115,.T.);
#4467=ORIENTED_EDGE('',*,*,#7122,.T.);
#4468=ORIENTED_EDGE('',*,*,#7123,.F.);
#4469=ORIENTED_EDGE('',*,*,#7124,.F.);
#4470=ORIENTED_EDGE('',*,*,#7120,.T.);
#4471=ORIENTED_EDGE('',*,*,#7125,.T.);
#4472=ORIENTED_EDGE('',*,*,#7112,.T.);
#4473=ORIENTED_EDGE('',*,*,#7126,.T.);
#4474=ORIENTED_EDGE('',*,*,#7117,.F.);
#4475=ORIENTED_EDGE('',*,*,#7127,.F.);
#4476=ORIENTED_EDGE('',*,*,#7123,.T.);
#4477=ORIENTED_EDGE('',*,*,#7116,.T.);
#4478=ORIENTED_EDGE('',*,*,#7121,.T.);
#4479=ORIENTED_EDGE('',*,*,#7124,.T.);
#4480=ORIENTED_EDGE('',*,*,#7127,.T.);
#4481=ORIENTED_EDGE('',*,*,#7114,.F.);
#4482=ORIENTED_EDGE('',*,*,#7126,.F.);
#4483=ORIENTED_EDGE('',*,*,#7122,.F.);
#4484=ORIENTED_EDGE('',*,*,#7119,.F.);
#4485=ORIENTED_EDGE('',*,*,#7108,.T.);
#4486=ORIENTED_EDGE('',*,*,#7125,.F.);
#4487=ORIENTED_EDGE('',*,*,#7100,.T.);
#4488=ORIENTED_EDGE('',*,*,#7118,.F.);
#4489=ORIENTED_EDGE('',*,*,#7128,.T.);
#4490=ORIENTED_EDGE('',*,*,#7129,.F.);
#4491=ORIENTED_EDGE('',*,*,#7130,.F.);
#4492=ORIENTED_EDGE('',*,*,#7131,.T.);
#4493=ORIENTED_EDGE('',*,*,#7132,.T.);
#4494=ORIENTED_EDGE('',*,*,#7133,.F.);
#4495=ORIENTED_EDGE('',*,*,#7134,.F.);
#4496=ORIENTED_EDGE('',*,*,#7129,.T.);
#4497=ORIENTED_EDGE('',*,*,#7135,.T.);
#4498=ORIENTED_EDGE('',*,*,#7136,.F.);
#4499=ORIENTED_EDGE('',*,*,#7137,.F.);
#4500=ORIENTED_EDGE('',*,*,#7133,.T.);
#4501=ORIENTED_EDGE('',*,*,#7138,.T.);
#4502=ORIENTED_EDGE('',*,*,#7131,.F.);
#4503=ORIENTED_EDGE('',*,*,#7139,.F.);
#4504=ORIENTED_EDGE('',*,*,#7136,.T.);
#4505=ORIENTED_EDGE('',*,*,#7130,.T.);
#4506=ORIENTED_EDGE('',*,*,#7134,.T.);
#4507=ORIENTED_EDGE('',*,*,#7137,.T.);
#4508=ORIENTED_EDGE('',*,*,#7139,.T.);
#4509=ORIENTED_EDGE('',*,*,#7128,.F.);
#4510=ORIENTED_EDGE('',*,*,#7138,.F.);
#4511=ORIENTED_EDGE('',*,*,#7135,.F.);
#4512=ORIENTED_EDGE('',*,*,#7132,.F.);
#4513=ORIENTED_EDGE('',*,*,#7140,.F.);
#4514=ORIENTED_EDGE('',*,*,#7141,.F.);
#4515=ORIENTED_EDGE('',*,*,#7142,.T.);
#4516=ORIENTED_EDGE('',*,*,#7143,.T.);
#4517=ORIENTED_EDGE('',*,*,#7144,.F.);
#4518=ORIENTED_EDGE('',*,*,#7145,.F.);
#4519=ORIENTED_EDGE('',*,*,#7146,.F.);
#4520=ORIENTED_EDGE('',*,*,#7143,.F.);
#4521=ORIENTED_EDGE('',*,*,#7147,.T.);
#4522=ORIENTED_EDGE('',*,*,#7148,.T.);
#4523=ORIENTED_EDGE('',*,*,#7149,.F.);
#4524=ORIENTED_EDGE('',*,*,#7148,.F.);
#4525=ORIENTED_EDGE('',*,*,#7150,.T.);
#4526=ORIENTED_EDGE('',*,*,#7151,.T.);
#4527=ORIENTED_EDGE('',*,*,#7152,.F.);
#4528=ORIENTED_EDGE('',*,*,#7153,.F.);
#4529=ORIENTED_EDGE('',*,*,#7154,.F.);
#4530=ORIENTED_EDGE('',*,*,#7151,.F.);
#4531=ORIENTED_EDGE('',*,*,#7155,.T.);
#4532=ORIENTED_EDGE('',*,*,#7141,.T.);
#4533=ORIENTED_EDGE('',*,*,#7142,.F.);
#4534=ORIENTED_EDGE('',*,*,#7155,.F.);
#4535=ORIENTED_EDGE('',*,*,#7150,.F.);
#4536=ORIENTED_EDGE('',*,*,#7147,.F.);
#4537=ORIENTED_EDGE('',*,*,#7140,.T.);
#4538=ORIENTED_EDGE('',*,*,#7146,.T.);
#4539=ORIENTED_EDGE('',*,*,#7149,.T.);
#4540=ORIENTED_EDGE('',*,*,#7154,.T.);
#4541=ORIENTED_EDGE('',*,*,#7153,.T.);
#4542=ORIENTED_EDGE('',*,*,#7156,.F.);
#4543=ORIENTED_EDGE('',*,*,#7145,.T.);
#4544=ORIENTED_EDGE('',*,*,#7157,.F.);
#4545=ORIENTED_EDGE('',*,*,#7158,.T.);
#4546=ORIENTED_EDGE('',*,*,#7159,.F.);
#4547=ORIENTED_EDGE('',*,*,#7160,.F.);
#4548=ORIENTED_EDGE('',*,*,#7161,.T.);
#4549=ORIENTED_EDGE('',*,*,#7162,.T.);
#4550=ORIENTED_EDGE('',*,*,#7157,.T.);
#4551=ORIENTED_EDGE('',*,*,#7163,.T.);
#4552=ORIENTED_EDGE('',*,*,#7164,.F.);
#4553=ORIENTED_EDGE('',*,*,#7165,.F.);
#4554=ORIENTED_EDGE('',*,*,#7159,.T.);
#4555=ORIENTED_EDGE('',*,*,#7166,.T.);
#4556=ORIENTED_EDGE('',*,*,#7167,.F.);
#4557=ORIENTED_EDGE('',*,*,#7168,.F.);
#4558=ORIENTED_EDGE('',*,*,#7164,.T.);
#4559=ORIENTED_EDGE('',*,*,#7169,.T.);
#4560=ORIENTED_EDGE('',*,*,#7156,.T.);
#4561=ORIENTED_EDGE('',*,*,#7170,.T.);
#4562=ORIENTED_EDGE('',*,*,#7161,.F.);
#4563=ORIENTED_EDGE('',*,*,#7171,.F.);
#4564=ORIENTED_EDGE('',*,*,#7167,.T.);
#4565=ORIENTED_EDGE('',*,*,#7160,.T.);
#4566=ORIENTED_EDGE('',*,*,#7165,.T.);
#4567=ORIENTED_EDGE('',*,*,#7168,.T.);
#4568=ORIENTED_EDGE('',*,*,#7171,.T.);
#4569=ORIENTED_EDGE('',*,*,#7158,.F.);
#4570=ORIENTED_EDGE('',*,*,#7170,.F.);
#4571=ORIENTED_EDGE('',*,*,#7166,.F.);
#4572=ORIENTED_EDGE('',*,*,#7163,.F.);
#4573=ORIENTED_EDGE('',*,*,#7152,.T.);
#4574=ORIENTED_EDGE('',*,*,#7169,.F.);
#4575=ORIENTED_EDGE('',*,*,#7144,.T.);
#4576=ORIENTED_EDGE('',*,*,#7162,.F.);
#4577=ORIENTED_EDGE('',*,*,#7172,.T.);
#4578=ORIENTED_EDGE('',*,*,#7173,.T.);
#4579=ORIENTED_EDGE('',*,*,#7174,.T.);
#4580=ORIENTED_EDGE('',*,*,#7175,.F.);
#4581=ORIENTED_EDGE('',*,*,#7176,.F.);
#4582=ORIENTED_EDGE('',*,*,#7177,.T.);
#4583=ORIENTED_EDGE('',*,*,#7178,.T.);
#4584=ORIENTED_EDGE('',*,*,#7179,.T.);
#4585=ORIENTED_EDGE('',*,*,#7180,.T.);
#4586=ORIENTED_EDGE('',*,*,#7181,.F.);
#4587=ORIENTED_EDGE('',*,*,#7182,.F.);
#4588=ORIENTED_EDGE('',*,*,#7175,.T.);
#4589=ORIENTED_EDGE('',*,*,#7183,.T.);
#4590=ORIENTED_EDGE('',*,*,#7184,.T.);
#4591=ORIENTED_EDGE('',*,*,#7185,.T.);
#4592=ORIENTED_EDGE('',*,*,#7186,.F.);
#4593=ORIENTED_EDGE('',*,*,#7187,.F.);
#4594=ORIENTED_EDGE('',*,*,#7181,.T.);
#4595=ORIENTED_EDGE('',*,*,#7188,.T.);
#4596=ORIENTED_EDGE('',*,*,#7189,.T.);
#4597=ORIENTED_EDGE('',*,*,#7190,.T.);
#4598=ORIENTED_EDGE('',*,*,#7177,.F.);
#4599=ORIENTED_EDGE('',*,*,#7191,.F.);
#4600=ORIENTED_EDGE('',*,*,#7186,.T.);
#4601=ORIENTED_EDGE('',*,*,#7176,.T.);
#4602=ORIENTED_EDGE('',*,*,#7182,.T.);
#4603=ORIENTED_EDGE('',*,*,#7187,.T.);
#4604=ORIENTED_EDGE('',*,*,#7191,.T.);
#4605=ORIENTED_EDGE('',*,*,#7174,.F.);
#4606=ORIENTED_EDGE('',*,*,#7190,.F.);
#4607=ORIENTED_EDGE('',*,*,#7185,.F.);
#4608=ORIENTED_EDGE('',*,*,#7180,.F.);
#4609=ORIENTED_EDGE('',*,*,#7192,.F.);
#4610=ORIENTED_EDGE('',*,*,#7184,.F.);
#4611=ORIENTED_EDGE('',*,*,#7193,.T.);
#4612=ORIENTED_EDGE('',*,*,#7173,.F.);
#4613=ORIENTED_EDGE('',*,*,#7194,.F.);
#4614=ORIENTED_EDGE('',*,*,#7193,.F.);
#4615=ORIENTED_EDGE('',*,*,#7195,.F.);
#4616=ORIENTED_EDGE('',*,*,#7196,.F.);
#4617=ORIENTED_EDGE('',*,*,#7197,.T.);
#4618=ORIENTED_EDGE('',*,*,#7198,.T.);
#4619=ORIENTED_EDGE('',*,*,#7199,.T.);
#4620=ORIENTED_EDGE('',*,*,#7200,.T.);
#4621=ORIENTED_EDGE('',*,*,#7201,.F.);
#4622=ORIENTED_EDGE('',*,*,#7198,.F.);
#4623=ORIENTED_EDGE('',*,*,#7202,.T.);
#4624=ORIENTED_EDGE('',*,*,#7203,.T.);
#4625=ORIENTED_EDGE('',*,*,#7204,.T.);
#4626=ORIENTED_EDGE('',*,*,#7192,.T.);
#4627=ORIENTED_EDGE('',*,*,#7205,.F.);
#4628=ORIENTED_EDGE('',*,*,#7203,.F.);
#4629=ORIENTED_EDGE('',*,*,#7206,.T.);
#4630=ORIENTED_EDGE('',*,*,#7207,.T.);
#4631=ORIENTED_EDGE('',*,*,#7208,.F.);
#4632=ORIENTED_EDGE('',*,*,#7209,.F.);
#4633=ORIENTED_EDGE('',*,*,#7210,.F.);
#4634=ORIENTED_EDGE('',*,*,#7207,.F.);
#4635=ORIENTED_EDGE('',*,*,#7211,.T.);
#4636=ORIENTED_EDGE('',*,*,#7196,.T.);
#4637=ORIENTED_EDGE('',*,*,#7197,.F.);
#4638=ORIENTED_EDGE('',*,*,#7211,.F.);
#4639=ORIENTED_EDGE('',*,*,#7206,.F.);
#4640=ORIENTED_EDGE('',*,*,#7202,.F.);
#4641=ORIENTED_EDGE('',*,*,#7195,.T.);
#4642=ORIENTED_EDGE('',*,*,#7201,.T.);
#4643=ORIENTED_EDGE('',*,*,#7205,.T.);
#4644=ORIENTED_EDGE('',*,*,#7210,.T.);
#4645=ORIENTED_EDGE('',*,*,#7209,.T.);
#4646=ORIENTED_EDGE('',*,*,#7189,.F.);
#4647=ORIENTED_EDGE('',*,*,#7200,.F.);
#4648=ORIENTED_EDGE('',*,*,#7179,.F.);
#4649=ORIENTED_EDGE('',*,*,#7204,.F.);
#4650=ORIENTED_EDGE('',*,*,#7183,.F.);
#4651=ORIENTED_EDGE('',*,*,#7194,.T.);
#4652=ORIENTED_EDGE('',*,*,#7172,.F.);
#4653=ORIENTED_EDGE('',*,*,#7208,.T.);
#4654=ORIENTED_EDGE('',*,*,#7188,.F.);
#4655=ORIENTED_EDGE('',*,*,#7199,.F.);
#4656=ORIENTED_EDGE('',*,*,#7178,.F.);
#4657=ORIENTED_EDGE('',*,*,#7212,.F.);
#4658=ORIENTED_EDGE('',*,*,#7213,.F.);
#4659=ORIENTED_EDGE('',*,*,#7214,.T.);
#4660=ORIENTED_EDGE('',*,*,#7215,.T.);
#4661=ORIENTED_EDGE('',*,*,#7216,.F.);
#4662=ORIENTED_EDGE('',*,*,#7217,.F.);
#4663=ORIENTED_EDGE('',*,*,#7218,.F.);
#4664=ORIENTED_EDGE('',*,*,#7215,.F.);
#4665=ORIENTED_EDGE('',*,*,#7219,.T.);
#4666=ORIENTED_EDGE('',*,*,#7220,.T.);
#4667=ORIENTED_EDGE('',*,*,#7221,.F.);
#4668=ORIENTED_EDGE('',*,*,#7220,.F.);
#4669=ORIENTED_EDGE('',*,*,#7222,.T.);
#4670=ORIENTED_EDGE('',*,*,#7223,.T.);
#4671=ORIENTED_EDGE('',*,*,#7224,.F.);
#4672=ORIENTED_EDGE('',*,*,#7225,.F.);
#4673=ORIENTED_EDGE('',*,*,#7226,.F.);
#4674=ORIENTED_EDGE('',*,*,#7223,.F.);
#4675=ORIENTED_EDGE('',*,*,#7227,.T.);
#4676=ORIENTED_EDGE('',*,*,#7213,.T.);
#4677=ORIENTED_EDGE('',*,*,#7214,.F.);
#4678=ORIENTED_EDGE('',*,*,#7227,.F.);
#4679=ORIENTED_EDGE('',*,*,#7222,.F.);
#4680=ORIENTED_EDGE('',*,*,#7219,.F.);
#4681=ORIENTED_EDGE('',*,*,#7212,.T.);
#4682=ORIENTED_EDGE('',*,*,#7218,.T.);
#4683=ORIENTED_EDGE('',*,*,#7221,.T.);
#4684=ORIENTED_EDGE('',*,*,#7226,.T.);
#4685=ORIENTED_EDGE('',*,*,#7225,.T.);
#4686=ORIENTED_EDGE('',*,*,#7228,.F.);
#4687=ORIENTED_EDGE('',*,*,#7217,.T.);
#4688=ORIENTED_EDGE('',*,*,#7229,.F.);
#4689=ORIENTED_EDGE('',*,*,#7230,.T.);
#4690=ORIENTED_EDGE('',*,*,#7231,.F.);
#4691=ORIENTED_EDGE('',*,*,#7232,.F.);
#4692=ORIENTED_EDGE('',*,*,#7233,.T.);
#4693=ORIENTED_EDGE('',*,*,#7234,.T.);
#4694=ORIENTED_EDGE('',*,*,#7229,.T.);
#4695=ORIENTED_EDGE('',*,*,#7235,.T.);
#4696=ORIENTED_EDGE('',*,*,#7236,.F.);
#4697=ORIENTED_EDGE('',*,*,#7237,.F.);
#4698=ORIENTED_EDGE('',*,*,#7231,.T.);
#4699=ORIENTED_EDGE('',*,*,#7238,.T.);
#4700=ORIENTED_EDGE('',*,*,#7239,.F.);
#4701=ORIENTED_EDGE('',*,*,#7240,.F.);
#4702=ORIENTED_EDGE('',*,*,#7236,.T.);
#4703=ORIENTED_EDGE('',*,*,#7241,.T.);
#4704=ORIENTED_EDGE('',*,*,#7228,.T.);
#4705=ORIENTED_EDGE('',*,*,#7242,.T.);
#4706=ORIENTED_EDGE('',*,*,#7233,.F.);
#4707=ORIENTED_EDGE('',*,*,#7243,.F.);
#4708=ORIENTED_EDGE('',*,*,#7239,.T.);
#4709=ORIENTED_EDGE('',*,*,#7232,.T.);
#4710=ORIENTED_EDGE('',*,*,#7237,.T.);
#4711=ORIENTED_EDGE('',*,*,#7240,.T.);
#4712=ORIENTED_EDGE('',*,*,#7243,.T.);
#4713=ORIENTED_EDGE('',*,*,#7230,.F.);
#4714=ORIENTED_EDGE('',*,*,#7242,.F.);
#4715=ORIENTED_EDGE('',*,*,#7238,.F.);
#4716=ORIENTED_EDGE('',*,*,#7235,.F.);
#4717=ORIENTED_EDGE('',*,*,#7224,.T.);
#4718=ORIENTED_EDGE('',*,*,#7241,.F.);
#4719=ORIENTED_EDGE('',*,*,#7216,.T.);
#4720=ORIENTED_EDGE('',*,*,#7234,.F.);
#4721=ORIENTED_EDGE('',*,*,#7244,.T.);
#4722=ORIENTED_EDGE('',*,*,#7245,.F.);
#4723=ORIENTED_EDGE('',*,*,#7246,.F.);
#4724=ORIENTED_EDGE('',*,*,#7247,.T.);
#4725=ORIENTED_EDGE('',*,*,#7248,.T.);
#4726=ORIENTED_EDGE('',*,*,#7249,.F.);
#4727=ORIENTED_EDGE('',*,*,#7250,.F.);
#4728=ORIENTED_EDGE('',*,*,#7245,.T.);
#4729=ORIENTED_EDGE('',*,*,#7251,.T.);
#4730=ORIENTED_EDGE('',*,*,#7252,.F.);
#4731=ORIENTED_EDGE('',*,*,#7253,.F.);
#4732=ORIENTED_EDGE('',*,*,#7249,.T.);
#4733=ORIENTED_EDGE('',*,*,#7254,.T.);
#4734=ORIENTED_EDGE('',*,*,#7247,.F.);
#4735=ORIENTED_EDGE('',*,*,#7255,.F.);
#4736=ORIENTED_EDGE('',*,*,#7252,.T.);
#4737=ORIENTED_EDGE('',*,*,#7246,.T.);
#4738=ORIENTED_EDGE('',*,*,#7250,.T.);
#4739=ORIENTED_EDGE('',*,*,#7253,.T.);
#4740=ORIENTED_EDGE('',*,*,#7255,.T.);
#4741=ORIENTED_EDGE('',*,*,#7244,.F.);
#4742=ORIENTED_EDGE('',*,*,#7254,.F.);
#4743=ORIENTED_EDGE('',*,*,#7251,.F.);
#4744=ORIENTED_EDGE('',*,*,#7248,.F.);
#4745=ORIENTED_EDGE('',*,*,#7256,.T.);
#4746=ORIENTED_EDGE('',*,*,#7257,.T.);
#4747=ORIENTED_EDGE('',*,*,#7258,.T.);
#4748=ORIENTED_EDGE('',*,*,#7259,.F.);
#4749=ORIENTED_EDGE('',*,*,#7260,.F.);
#4750=ORIENTED_EDGE('',*,*,#7261,.T.);
#4751=ORIENTED_EDGE('',*,*,#7262,.T.);
#4752=ORIENTED_EDGE('',*,*,#7263,.T.);
#4753=ORIENTED_EDGE('',*,*,#7264,.T.);
#4754=ORIENTED_EDGE('',*,*,#7265,.F.);
#4755=ORIENTED_EDGE('',*,*,#7266,.F.);
#4756=ORIENTED_EDGE('',*,*,#7259,.T.);
#4757=ORIENTED_EDGE('',*,*,#7267,.T.);
#4758=ORIENTED_EDGE('',*,*,#7268,.T.);
#4759=ORIENTED_EDGE('',*,*,#7269,.T.);
#4760=ORIENTED_EDGE('',*,*,#7270,.F.);
#4761=ORIENTED_EDGE('',*,*,#7271,.F.);
#4762=ORIENTED_EDGE('',*,*,#7265,.T.);
#4763=ORIENTED_EDGE('',*,*,#7272,.T.);
#4764=ORIENTED_EDGE('',*,*,#7273,.T.);
#4765=ORIENTED_EDGE('',*,*,#7274,.T.);
#4766=ORIENTED_EDGE('',*,*,#7261,.F.);
#4767=ORIENTED_EDGE('',*,*,#7275,.F.);
#4768=ORIENTED_EDGE('',*,*,#7270,.T.);
#4769=ORIENTED_EDGE('',*,*,#7260,.T.);
#4770=ORIENTED_EDGE('',*,*,#7266,.T.);
#4771=ORIENTED_EDGE('',*,*,#7271,.T.);
#4772=ORIENTED_EDGE('',*,*,#7275,.T.);
#4773=ORIENTED_EDGE('',*,*,#7258,.F.);
#4774=ORIENTED_EDGE('',*,*,#7274,.F.);
#4775=ORIENTED_EDGE('',*,*,#7269,.F.);
#4776=ORIENTED_EDGE('',*,*,#7264,.F.);
#4777=ORIENTED_EDGE('',*,*,#7276,.F.);
#4778=ORIENTED_EDGE('',*,*,#7268,.F.);
#4779=ORIENTED_EDGE('',*,*,#7277,.T.);
#4780=ORIENTED_EDGE('',*,*,#7257,.F.);
#4781=ORIENTED_EDGE('',*,*,#7278,.F.);
#4782=ORIENTED_EDGE('',*,*,#7277,.F.);
#4783=ORIENTED_EDGE('',*,*,#7279,.F.);
#4784=ORIENTED_EDGE('',*,*,#7280,.F.);
#4785=ORIENTED_EDGE('',*,*,#7281,.T.);
#4786=ORIENTED_EDGE('',*,*,#7282,.T.);
#4787=ORIENTED_EDGE('',*,*,#7283,.F.);
#4788=ORIENTED_EDGE('',*,*,#7284,.F.);
#4789=ORIENTED_EDGE('',*,*,#7285,.F.);
#4790=ORIENTED_EDGE('',*,*,#7282,.F.);
#4791=ORIENTED_EDGE('',*,*,#7286,.T.);
#4792=ORIENTED_EDGE('',*,*,#7287,.T.);
#4793=ORIENTED_EDGE('',*,*,#7288,.T.);
#4794=ORIENTED_EDGE('',*,*,#7276,.T.);
#4795=ORIENTED_EDGE('',*,*,#7289,.F.);
#4796=ORIENTED_EDGE('',*,*,#7287,.F.);
#4797=ORIENTED_EDGE('',*,*,#7290,.T.);
#4798=ORIENTED_EDGE('',*,*,#7291,.T.);
#4799=ORIENTED_EDGE('',*,*,#7292,.T.);
#4800=ORIENTED_EDGE('',*,*,#7293,.T.);
#4801=ORIENTED_EDGE('',*,*,#7294,.F.);
#4802=ORIENTED_EDGE('',*,*,#7291,.F.);
#4803=ORIENTED_EDGE('',*,*,#7295,.T.);
#4804=ORIENTED_EDGE('',*,*,#7280,.T.);
#4805=ORIENTED_EDGE('',*,*,#7281,.F.);
#4806=ORIENTED_EDGE('',*,*,#7295,.F.);
#4807=ORIENTED_EDGE('',*,*,#7290,.F.);
#4808=ORIENTED_EDGE('',*,*,#7286,.F.);
#4809=ORIENTED_EDGE('',*,*,#7279,.T.);
#4810=ORIENTED_EDGE('',*,*,#7285,.T.);
#4811=ORIENTED_EDGE('',*,*,#7289,.T.);
#4812=ORIENTED_EDGE('',*,*,#7294,.T.);
#4813=ORIENTED_EDGE('',*,*,#7288,.F.);
#4814=ORIENTED_EDGE('',*,*,#7267,.F.);
#4815=ORIENTED_EDGE('',*,*,#7278,.T.);
#4816=ORIENTED_EDGE('',*,*,#7256,.F.);
#4817=ORIENTED_EDGE('',*,*,#7293,.F.);
#4818=ORIENTED_EDGE('',*,*,#7273,.F.);
#4819=ORIENTED_EDGE('',*,*,#7284,.T.);
#4820=ORIENTED_EDGE('',*,*,#7263,.F.);
#4821=ORIENTED_EDGE('',*,*,#7292,.F.);
#4822=ORIENTED_EDGE('',*,*,#7272,.F.);
#4823=ORIENTED_EDGE('',*,*,#7283,.T.);
#4824=ORIENTED_EDGE('',*,*,#7262,.F.);
#4825=ORIENTED_EDGE('',*,*,#7296,.T.);
#4826=ORIENTED_EDGE('',*,*,#7297,.F.);
#4827=ORIENTED_EDGE('',*,*,#7298,.F.);
#4828=ORIENTED_EDGE('',*,*,#7299,.T.);
#4829=ORIENTED_EDGE('',*,*,#7300,.T.);
#4830=ORIENTED_EDGE('',*,*,#7301,.F.);
#4831=ORIENTED_EDGE('',*,*,#7302,.F.);
#4832=ORIENTED_EDGE('',*,*,#7297,.T.);
#4833=ORIENTED_EDGE('',*,*,#7303,.T.);
#4834=ORIENTED_EDGE('',*,*,#7304,.F.);
#4835=ORIENTED_EDGE('',*,*,#7305,.F.);
#4836=ORIENTED_EDGE('',*,*,#7301,.T.);
#4837=ORIENTED_EDGE('',*,*,#7306,.T.);
#4838=ORIENTED_EDGE('',*,*,#7299,.F.);
#4839=ORIENTED_EDGE('',*,*,#7307,.F.);
#4840=ORIENTED_EDGE('',*,*,#7304,.T.);
#4841=ORIENTED_EDGE('',*,*,#7298,.T.);
#4842=ORIENTED_EDGE('',*,*,#7302,.T.);
#4843=ORIENTED_EDGE('',*,*,#7305,.T.);
#4844=ORIENTED_EDGE('',*,*,#7307,.T.);
#4845=ORIENTED_EDGE('',*,*,#7296,.F.);
#4846=ORIENTED_EDGE('',*,*,#7306,.F.);
#4847=ORIENTED_EDGE('',*,*,#7303,.F.);
#4848=ORIENTED_EDGE('',*,*,#7300,.F.);
#4849=ORIENTED_EDGE('',*,*,#7308,.T.);
#4850=ORIENTED_EDGE('',*,*,#7309,.F.);
#4851=ORIENTED_EDGE('',*,*,#7310,.F.);
#4852=ORIENTED_EDGE('',*,*,#7311,.T.);
#4853=ORIENTED_EDGE('',*,*,#7312,.T.);
#4854=ORIENTED_EDGE('',*,*,#7313,.F.);
#4855=ORIENTED_EDGE('',*,*,#7314,.F.);
#4856=ORIENTED_EDGE('',*,*,#7309,.T.);
#4857=ORIENTED_EDGE('',*,*,#7315,.T.);
#4858=ORIENTED_EDGE('',*,*,#7316,.F.);
#4859=ORIENTED_EDGE('',*,*,#7317,.F.);
#4860=ORIENTED_EDGE('',*,*,#7313,.T.);
#4861=ORIENTED_EDGE('',*,*,#7318,.T.);
#4862=ORIENTED_EDGE('',*,*,#7311,.F.);
#4863=ORIENTED_EDGE('',*,*,#7319,.F.);
#4864=ORIENTED_EDGE('',*,*,#7316,.T.);
#4865=ORIENTED_EDGE('',*,*,#7310,.T.);
#4866=ORIENTED_EDGE('',*,*,#7314,.T.);
#4867=ORIENTED_EDGE('',*,*,#7317,.T.);
#4868=ORIENTED_EDGE('',*,*,#7319,.T.);
#4869=ORIENTED_EDGE('',*,*,#7308,.F.);
#4870=ORIENTED_EDGE('',*,*,#7318,.F.);
#4871=ORIENTED_EDGE('',*,*,#7315,.F.);
#4872=ORIENTED_EDGE('',*,*,#7312,.F.);
#4873=ORIENTED_EDGE('',*,*,#7320,.T.);
#4874=ORIENTED_EDGE('',*,*,#7321,.F.);
#4875=ORIENTED_EDGE('',*,*,#7322,.F.);
#4876=ORIENTED_EDGE('',*,*,#7323,.T.);
#4877=ORIENTED_EDGE('',*,*,#7324,.T.);
#4878=ORIENTED_EDGE('',*,*,#7325,.F.);
#4879=ORIENTED_EDGE('',*,*,#7326,.F.);
#4880=ORIENTED_EDGE('',*,*,#7321,.T.);
#4881=ORIENTED_EDGE('',*,*,#7327,.T.);
#4882=ORIENTED_EDGE('',*,*,#7328,.F.);
#4883=ORIENTED_EDGE('',*,*,#7329,.F.);
#4884=ORIENTED_EDGE('',*,*,#7325,.T.);
#4885=ORIENTED_EDGE('',*,*,#7330,.T.);
#4886=ORIENTED_EDGE('',*,*,#7323,.F.);
#4887=ORIENTED_EDGE('',*,*,#7331,.F.);
#4888=ORIENTED_EDGE('',*,*,#7328,.T.);
#4889=ORIENTED_EDGE('',*,*,#7322,.T.);
#4890=ORIENTED_EDGE('',*,*,#7326,.T.);
#4891=ORIENTED_EDGE('',*,*,#7329,.T.);
#4892=ORIENTED_EDGE('',*,*,#7331,.T.);
#4893=ORIENTED_EDGE('',*,*,#7320,.F.);
#4894=ORIENTED_EDGE('',*,*,#7330,.F.);
#4895=ORIENTED_EDGE('',*,*,#7327,.F.);
#4896=ORIENTED_EDGE('',*,*,#7324,.F.);
#4897=ORIENTED_EDGE('',*,*,#7332,.T.);
#4898=ORIENTED_EDGE('',*,*,#7333,.F.);
#4899=ORIENTED_EDGE('',*,*,#7334,.F.);
#4900=ORIENTED_EDGE('',*,*,#7335,.T.);
#4901=ORIENTED_EDGE('',*,*,#7336,.T.);
#4902=ORIENTED_EDGE('',*,*,#7337,.F.);
#4903=ORIENTED_EDGE('',*,*,#7338,.F.);
#4904=ORIENTED_EDGE('',*,*,#7333,.T.);
#4905=ORIENTED_EDGE('',*,*,#7339,.T.);
#4906=ORIENTED_EDGE('',*,*,#7340,.F.);
#4907=ORIENTED_EDGE('',*,*,#7341,.F.);
#4908=ORIENTED_EDGE('',*,*,#7337,.T.);
#4909=ORIENTED_EDGE('',*,*,#7342,.T.);
#4910=ORIENTED_EDGE('',*,*,#7343,.F.);
#4911=ORIENTED_EDGE('',*,*,#7344,.F.);
#4912=ORIENTED_EDGE('',*,*,#7345,.T.);
#4913=ORIENTED_EDGE('',*,*,#7346,.T.);
#4914=ORIENTED_EDGE('',*,*,#7347,.F.);
#4915=ORIENTED_EDGE('',*,*,#7348,.F.);
#4916=ORIENTED_EDGE('',*,*,#7343,.T.);
#4917=ORIENTED_EDGE('',*,*,#7349,.T.);
#4918=ORIENTED_EDGE('',*,*,#7350,.F.);
#4919=ORIENTED_EDGE('',*,*,#7351,.F.);
#4920=ORIENTED_EDGE('',*,*,#7347,.T.);
#4921=ORIENTED_EDGE('',*,*,#7352,.T.);
#4922=ORIENTED_EDGE('',*,*,#7353,.F.);
#4923=ORIENTED_EDGE('',*,*,#7354,.F.);
#4924=ORIENTED_EDGE('',*,*,#7350,.T.);
#4925=ORIENTED_EDGE('',*,*,#7355,.T.);
#4926=ORIENTED_EDGE('',*,*,#7356,.F.);
#4927=ORIENTED_EDGE('',*,*,#7357,.F.);
#4928=ORIENTED_EDGE('',*,*,#7353,.T.);
#4929=ORIENTED_EDGE('',*,*,#7358,.T.);
#4930=ORIENTED_EDGE('',*,*,#7345,.F.);
#4931=ORIENTED_EDGE('',*,*,#7359,.F.);
#4932=ORIENTED_EDGE('',*,*,#7356,.T.);
#4933=ORIENTED_EDGE('',*,*,#7360,.T.);
#4934=ORIENTED_EDGE('',*,*,#7335,.F.);
#4935=ORIENTED_EDGE('',*,*,#7361,.F.);
#4936=ORIENTED_EDGE('',*,*,#7340,.T.);
#4937=ORIENTED_EDGE('',*,*,#7344,.T.);
#4938=ORIENTED_EDGE('',*,*,#7348,.T.);
#4939=ORIENTED_EDGE('',*,*,#7351,.T.);
#4940=ORIENTED_EDGE('',*,*,#7354,.T.);
#4941=ORIENTED_EDGE('',*,*,#7357,.T.);
#4942=ORIENTED_EDGE('',*,*,#7359,.T.);
#4943=ORIENTED_EDGE('',*,*,#7334,.T.);
#4944=ORIENTED_EDGE('',*,*,#7338,.T.);
#4945=ORIENTED_EDGE('',*,*,#7341,.T.);
#4946=ORIENTED_EDGE('',*,*,#7361,.T.);
#4947=ORIENTED_EDGE('',*,*,#7342,.F.);
#4948=ORIENTED_EDGE('',*,*,#7358,.F.);
#4949=ORIENTED_EDGE('',*,*,#7355,.F.);
#4950=ORIENTED_EDGE('',*,*,#7352,.F.);
#4951=ORIENTED_EDGE('',*,*,#7349,.F.);
#4952=ORIENTED_EDGE('',*,*,#7346,.F.);
#4953=ORIENTED_EDGE('',*,*,#7332,.F.);
#4954=ORIENTED_EDGE('',*,*,#7360,.F.);
#4955=ORIENTED_EDGE('',*,*,#7339,.F.);
#4956=ORIENTED_EDGE('',*,*,#7336,.F.);
#4957=ORIENTED_EDGE('',*,*,#7362,.F.);
#4958=ORIENTED_EDGE('',*,*,#7363,.F.);
#4959=ORIENTED_EDGE('',*,*,#7364,.T.);
#4960=ORIENTED_EDGE('',*,*,#7365,.T.);
#4961=ORIENTED_EDGE('',*,*,#7366,.F.);
#4962=ORIENTED_EDGE('',*,*,#7367,.F.);
#4963=ORIENTED_EDGE('',*,*,#7368,.T.);
#4964=ORIENTED_EDGE('',*,*,#7363,.T.);
#4965=ORIENTED_EDGE('',*,*,#7369,.F.);
#4966=ORIENTED_EDGE('',*,*,#7370,.F.);
#4967=ORIENTED_EDGE('',*,*,#7371,.T.);
#4968=ORIENTED_EDGE('',*,*,#7367,.T.);
#4969=ORIENTED_EDGE('',*,*,#7372,.F.);
#4970=ORIENTED_EDGE('',*,*,#7373,.F.);
#4971=ORIENTED_EDGE('',*,*,#7374,.T.);
#4972=ORIENTED_EDGE('',*,*,#7375,.T.);
#4973=ORIENTED_EDGE('',*,*,#7376,.F.);
#4974=ORIENTED_EDGE('',*,*,#7377,.F.);
#4975=ORIENTED_EDGE('',*,*,#7378,.T.);
#4976=ORIENTED_EDGE('',*,*,#7373,.T.);
#4977=ORIENTED_EDGE('',*,*,#7379,.F.);
#4978=ORIENTED_EDGE('',*,*,#7380,.F.);
#4979=ORIENTED_EDGE('',*,*,#7381,.T.);
#4980=ORIENTED_EDGE('',*,*,#7377,.T.);
#4981=ORIENTED_EDGE('',*,*,#7382,.F.);
#4982=ORIENTED_EDGE('',*,*,#7383,.F.);
#4983=ORIENTED_EDGE('',*,*,#7384,.T.);
#4984=ORIENTED_EDGE('',*,*,#7380,.T.);
#4985=ORIENTED_EDGE('',*,*,#7385,.F.);
#4986=ORIENTED_EDGE('',*,*,#7386,.F.);
#4987=ORIENTED_EDGE('',*,*,#7387,.T.);
#4988=ORIENTED_EDGE('',*,*,#7383,.T.);
#4989=ORIENTED_EDGE('',*,*,#7388,.F.);
#4990=ORIENTED_EDGE('',*,*,#7375,.F.);
#4991=ORIENTED_EDGE('',*,*,#7389,.T.);
#4992=ORIENTED_EDGE('',*,*,#7386,.T.);
#4993=ORIENTED_EDGE('',*,*,#7390,.F.);
#4994=ORIENTED_EDGE('',*,*,#7365,.F.);
#4995=ORIENTED_EDGE('',*,*,#7391,.T.);
#4996=ORIENTED_EDGE('',*,*,#7370,.T.);
#4997=ORIENTED_EDGE('',*,*,#7374,.F.);
#4998=ORIENTED_EDGE('',*,*,#7378,.F.);
#4999=ORIENTED_EDGE('',*,*,#7381,.F.);
#5000=ORIENTED_EDGE('',*,*,#7384,.F.);
#5001=ORIENTED_EDGE('',*,*,#7387,.F.);
#5002=ORIENTED_EDGE('',*,*,#7389,.F.);
#5003=ORIENTED_EDGE('',*,*,#7364,.F.);
#5004=ORIENTED_EDGE('',*,*,#7368,.F.);
#5005=ORIENTED_EDGE('',*,*,#7371,.F.);
#5006=ORIENTED_EDGE('',*,*,#7391,.F.);
#5007=ORIENTED_EDGE('',*,*,#7372,.T.);
#5008=ORIENTED_EDGE('',*,*,#7388,.T.);
#5009=ORIENTED_EDGE('',*,*,#7385,.T.);
#5010=ORIENTED_EDGE('',*,*,#7382,.T.);
#5011=ORIENTED_EDGE('',*,*,#7379,.T.);
#5012=ORIENTED_EDGE('',*,*,#7376,.T.);
#5013=ORIENTED_EDGE('',*,*,#7362,.T.);
#5014=ORIENTED_EDGE('',*,*,#7390,.T.);
#5015=ORIENTED_EDGE('',*,*,#7369,.T.);
#5016=ORIENTED_EDGE('',*,*,#7366,.T.);
#5017=ORIENTED_EDGE('',*,*,#7392,.F.);
#5018=ORIENTED_EDGE('',*,*,#7393,.F.);
#5019=ORIENTED_EDGE('',*,*,#7394,.T.);
#5020=ORIENTED_EDGE('',*,*,#7395,.T.);
#5021=ORIENTED_EDGE('',*,*,#7396,.F.);
#5022=ORIENTED_EDGE('',*,*,#7397,.T.);
#5023=ORIENTED_EDGE('',*,*,#7398,.F.);
#5024=ORIENTED_EDGE('',*,*,#7399,.F.);
#5025=ORIENTED_EDGE('',*,*,#7393,.T.);
#5026=ORIENTED_EDGE('',*,*,#7400,.F.);
#5027=ORIENTED_EDGE('',*,*,#7399,.T.);
#5028=ORIENTED_EDGE('',*,*,#7401,.T.);
#5029=ORIENTED_EDGE('',*,*,#7402,.T.);
#5030=ORIENTED_EDGE('',*,*,#7395,.F.);
#5031=ORIENTED_EDGE('',*,*,#7403,.F.);
#5032=ORIENTED_EDGE('',*,*,#7397,.F.);
#5033=ORIENTED_EDGE('',*,*,#7402,.F.);
#5034=ORIENTED_EDGE('',*,*,#7396,.T.);
#5035=ORIENTED_EDGE('',*,*,#7400,.T.);
#5036=ORIENTED_EDGE('',*,*,#7392,.T.);
#5037=ORIENTED_EDGE('',*,*,#7403,.T.);
#5038=ORIENTED_EDGE('',*,*,#7394,.F.);
#5039=ORIENTED_EDGE('',*,*,#7401,.F.);
#5040=ORIENTED_EDGE('',*,*,#7398,.T.);
#5041=ORIENTED_EDGE('',*,*,#7404,.F.);
#5042=ORIENTED_EDGE('',*,*,#7405,.F.);
#5043=ORIENTED_EDGE('',*,*,#7406,.T.);
#5044=ORIENTED_EDGE('',*,*,#7407,.T.);
#5045=ORIENTED_EDGE('',*,*,#7408,.F.);
#5046=ORIENTED_EDGE('',*,*,#7407,.F.);
#5047=ORIENTED_EDGE('',*,*,#7409,.T.);
#5048=ORIENTED_EDGE('',*,*,#7410,.T.);
#5049=ORIENTED_EDGE('',*,*,#7411,.F.);
#5050=ORIENTED_EDGE('',*,*,#7410,.F.);
#5051=ORIENTED_EDGE('',*,*,#7412,.T.);
#5052=ORIENTED_EDGE('',*,*,#7413,.T.);
#5053=ORIENTED_EDGE('',*,*,#7414,.F.);
#5054=ORIENTED_EDGE('',*,*,#7413,.F.);
#5055=ORIENTED_EDGE('',*,*,#7415,.T.);
#5056=ORIENTED_EDGE('',*,*,#7405,.T.);
#5057=ORIENTED_EDGE('',*,*,#7406,.F.);
#5058=ORIENTED_EDGE('',*,*,#7415,.F.);
#5059=ORIENTED_EDGE('',*,*,#7412,.F.);
#5060=ORIENTED_EDGE('',*,*,#7409,.F.);
#5061=ORIENTED_EDGE('',*,*,#7404,.T.);
#5062=ORIENTED_EDGE('',*,*,#7408,.T.);
#5063=ORIENTED_EDGE('',*,*,#7411,.T.);
#5064=ORIENTED_EDGE('',*,*,#7414,.T.);
#5065=ORIENTED_EDGE('',*,*,#7416,.F.);
#5066=ORIENTED_EDGE('',*,*,#7417,.F.);
#5067=ORIENTED_EDGE('',*,*,#7418,.T.);
#5068=ORIENTED_EDGE('',*,*,#7419,.T.);
#5069=ORIENTED_EDGE('',*,*,#7420,.F.);
#5070=ORIENTED_EDGE('',*,*,#7419,.F.);
#5071=ORIENTED_EDGE('',*,*,#7421,.T.);
#5072=ORIENTED_EDGE('',*,*,#7422,.T.);
#5073=ORIENTED_EDGE('',*,*,#7423,.F.);
#5074=ORIENTED_EDGE('',*,*,#7422,.F.);
#5075=ORIENTED_EDGE('',*,*,#7424,.T.);
#5076=ORIENTED_EDGE('',*,*,#7425,.T.);
#5077=ORIENTED_EDGE('',*,*,#7426,.F.);
#5078=ORIENTED_EDGE('',*,*,#7425,.F.);
#5079=ORIENTED_EDGE('',*,*,#7427,.T.);
#5080=ORIENTED_EDGE('',*,*,#7417,.T.);
#5081=ORIENTED_EDGE('',*,*,#7418,.F.);
#5082=ORIENTED_EDGE('',*,*,#7427,.F.);
#5083=ORIENTED_EDGE('',*,*,#7424,.F.);
#5084=ORIENTED_EDGE('',*,*,#7421,.F.);
#5085=ORIENTED_EDGE('',*,*,#7416,.T.);
#5086=ORIENTED_EDGE('',*,*,#7420,.T.);
#5087=ORIENTED_EDGE('',*,*,#7423,.T.);
#5088=ORIENTED_EDGE('',*,*,#7426,.T.);
#5089=ORIENTED_EDGE('',*,*,#7428,.T.);
#5090=ORIENTED_EDGE('',*,*,#7429,.F.);
#5091=ORIENTED_EDGE('',*,*,#7430,.T.);
#5092=ORIENTED_EDGE('',*,*,#7431,.T.);
#5093=ORIENTED_EDGE('',*,*,#7432,.T.);
#5094=ORIENTED_EDGE('',*,*,#7433,.F.);
#5095=ORIENTED_EDGE('',*,*,#7434,.F.);
#5096=ORIENTED_EDGE('',*,*,#7435,.F.);
#5097=ORIENTED_EDGE('',*,*,#7436,.F.);
#5098=ORIENTED_EDGE('',*,*,#7428,.F.);
#5099=ORIENTED_EDGE('',*,*,#7437,.T.);
#5100=ORIENTED_EDGE('',*,*,#7433,.T.);
#5101=ORIENTED_EDGE('',*,*,#7438,.F.);
#5102=ORIENTED_EDGE('',*,*,#7435,.T.);
#5103=ORIENTED_EDGE('',*,*,#7439,.F.);
#5104=ORIENTED_EDGE('',*,*,#7430,.F.);
#5105=ORIENTED_EDGE('',*,*,#7434,.T.);
#5106=ORIENTED_EDGE('',*,*,#7437,.F.);
#5107=ORIENTED_EDGE('',*,*,#7431,.F.);
#5108=ORIENTED_EDGE('',*,*,#7439,.T.);
#5109=ORIENTED_EDGE('',*,*,#7432,.F.);
#5110=ORIENTED_EDGE('',*,*,#7438,.T.);
#5111=ORIENTED_EDGE('',*,*,#7429,.T.);
#5112=ORIENTED_EDGE('',*,*,#7436,.T.);
#5113=ORIENTED_EDGE('',*,*,#7440,.F.);
#5114=ORIENTED_EDGE('',*,*,#7441,.F.);
#5115=ORIENTED_EDGE('',*,*,#7442,.F.);
#5116=ORIENTED_EDGE('',*,*,#7443,.T.);
#5117=ORIENTED_EDGE('',*,*,#7444,.T.);
#5118=ORIENTED_EDGE('',*,*,#7445,.T.);
#5119=ORIENTED_EDGE('',*,*,#7446,.F.);
#5120=ORIENTED_EDGE('',*,*,#7442,.T.);
#5121=ORIENTED_EDGE('',*,*,#7447,.F.);
#5122=ORIENTED_EDGE('',*,*,#7440,.T.);
#5123=ORIENTED_EDGE('',*,*,#7448,.T.);
#5124=ORIENTED_EDGE('',*,*,#7449,.T.);
#5125=ORIENTED_EDGE('',*,*,#7447,.T.);
#5126=ORIENTED_EDGE('',*,*,#7450,.T.);
#5127=ORIENTED_EDGE('',*,*,#7444,.F.);
#5128=ORIENTED_EDGE('',*,*,#7441,.T.);
#5129=ORIENTED_EDGE('',*,*,#7451,.F.);
#5130=ORIENTED_EDGE('',*,*,#7448,.F.);
#5131=ORIENTED_EDGE('',*,*,#7443,.F.);
#5132=ORIENTED_EDGE('',*,*,#7446,.T.);
#5133=ORIENTED_EDGE('',*,*,#7450,.F.);
#5134=ORIENTED_EDGE('',*,*,#7449,.F.);
#5135=ORIENTED_EDGE('',*,*,#7451,.T.);
#5136=ORIENTED_EDGE('',*,*,#7445,.F.);
#5137=ORIENTED_EDGE('',*,*,#7452,.T.);
#5138=ORIENTED_EDGE('',*,*,#7453,.F.);
#5139=ORIENTED_EDGE('',*,*,#7454,.F.);
#5140=ORIENTED_EDGE('',*,*,#7455,.T.);
#5141=ORIENTED_EDGE('',*,*,#7456,.F.);
#5142=ORIENTED_EDGE('',*,*,#7457,.F.);
#5143=ORIENTED_EDGE('',*,*,#7458,.T.);
#5144=ORIENTED_EDGE('',*,*,#7455,.F.);
#5145=ORIENTED_EDGE('',*,*,#7459,.F.);
#5146=ORIENTED_EDGE('',*,*,#7460,.T.);
#5147=ORIENTED_EDGE('',*,*,#7461,.T.);
#5148=ORIENTED_EDGE('',*,*,#7453,.T.);
#5149=ORIENTED_EDGE('',*,*,#7461,.F.);
#5150=ORIENTED_EDGE('',*,*,#7462,.T.);
#5151=ORIENTED_EDGE('',*,*,#7456,.T.);
#5152=ORIENTED_EDGE('',*,*,#7454,.T.);
#5153=ORIENTED_EDGE('',*,*,#7463,.F.);
#5154=ORIENTED_EDGE('',*,*,#7459,.T.);
#5155=ORIENTED_EDGE('',*,*,#7452,.F.);
#5156=ORIENTED_EDGE('',*,*,#7458,.F.);
#5157=ORIENTED_EDGE('',*,*,#7460,.F.);
#5158=ORIENTED_EDGE('',*,*,#7463,.T.);
#5159=ORIENTED_EDGE('',*,*,#7457,.T.);
#5160=ORIENTED_EDGE('',*,*,#7462,.F.);
#5161=ORIENTED_EDGE('',*,*,#7464,.T.);
#5162=ORIENTED_EDGE('',*,*,#7465,.F.);
#5163=ORIENTED_EDGE('',*,*,#7466,.F.);
#5164=ORIENTED_EDGE('',*,*,#7467,.T.);
#5165=ORIENTED_EDGE('',*,*,#7468,.T.);
#5166=ORIENTED_EDGE('',*,*,#7469,.F.);
#5167=ORIENTED_EDGE('',*,*,#7470,.F.);
#5168=ORIENTED_EDGE('',*,*,#7465,.T.);
#5169=ORIENTED_EDGE('',*,*,#7471,.T.);
#5170=ORIENTED_EDGE('',*,*,#7472,.F.);
#5171=ORIENTED_EDGE('',*,*,#7473,.F.);
#5172=ORIENTED_EDGE('',*,*,#7469,.T.);
#5173=ORIENTED_EDGE('',*,*,#7474,.T.);
#5174=ORIENTED_EDGE('',*,*,#7475,.F.);
#5175=ORIENTED_EDGE('',*,*,#7476,.F.);
#5176=ORIENTED_EDGE('',*,*,#7472,.T.);
#5177=ORIENTED_EDGE('',*,*,#7477,.T.);
#5178=ORIENTED_EDGE('',*,*,#7478,.F.);
#5179=ORIENTED_EDGE('',*,*,#7479,.F.);
#5180=ORIENTED_EDGE('',*,*,#7475,.T.);
#5181=ORIENTED_EDGE('',*,*,#7480,.T.);
#5182=ORIENTED_EDGE('',*,*,#7481,.F.);
#5183=ORIENTED_EDGE('',*,*,#7482,.F.);
#5184=ORIENTED_EDGE('',*,*,#7478,.T.);
#5185=ORIENTED_EDGE('',*,*,#7483,.T.);
#5186=ORIENTED_EDGE('',*,*,#7484,.F.);
#5187=ORIENTED_EDGE('',*,*,#7485,.F.);
#5188=ORIENTED_EDGE('',*,*,#7481,.T.);
#5189=ORIENTED_EDGE('',*,*,#7486,.T.);
#5190=ORIENTED_EDGE('',*,*,#7467,.F.);
#5191=ORIENTED_EDGE('',*,*,#7487,.F.);
#5192=ORIENTED_EDGE('',*,*,#7484,.T.);
#5193=ORIENTED_EDGE('',*,*,#7466,.T.);
#5194=ORIENTED_EDGE('',*,*,#7470,.T.);
#5195=ORIENTED_EDGE('',*,*,#7473,.T.);
#5196=ORIENTED_EDGE('',*,*,#7476,.T.);
#5197=ORIENTED_EDGE('',*,*,#7479,.T.);
#5198=ORIENTED_EDGE('',*,*,#7482,.T.);
#5199=ORIENTED_EDGE('',*,*,#7485,.T.);
#5200=ORIENTED_EDGE('',*,*,#7487,.T.);
#5201=ORIENTED_EDGE('',*,*,#7464,.F.);
#5202=ORIENTED_EDGE('',*,*,#7486,.F.);
#5203=ORIENTED_EDGE('',*,*,#7483,.F.);
#5204=ORIENTED_EDGE('',*,*,#7480,.F.);
#5205=ORIENTED_EDGE('',*,*,#7477,.F.);
#5206=ORIENTED_EDGE('',*,*,#7474,.F.);
#5207=ORIENTED_EDGE('',*,*,#7471,.F.);
#5208=ORIENTED_EDGE('',*,*,#7468,.F.);
#5209=ORIENTED_EDGE('',*,*,#7488,.T.);
#5210=ORIENTED_EDGE('',*,*,#7489,.F.);
#5211=ORIENTED_EDGE('',*,*,#7490,.T.);
#5212=ORIENTED_EDGE('',*,*,#7488,.F.);
#5213=ORIENTED_EDGE('',*,*,#7491,.T.);
#5214=ORIENTED_EDGE('',*,*,#7490,.F.);
#5215=ORIENTED_EDGE('',*,*,#7492,.T.);
#5216=ORIENTED_EDGE('',*,*,#7491,.F.);
#5217=ORIENTED_EDGE('',*,*,#7493,.T.);
#5218=ORIENTED_EDGE('',*,*,#7492,.F.);
#5219=ORIENTED_EDGE('',*,*,#7494,.T.);
#5220=ORIENTED_EDGE('',*,*,#7493,.F.);
#5221=ORIENTED_EDGE('',*,*,#7495,.T.);
#5222=ORIENTED_EDGE('',*,*,#7494,.F.);
#5223=ORIENTED_EDGE('',*,*,#7496,.T.);
#5224=ORIENTED_EDGE('',*,*,#7495,.F.);
#5225=ORIENTED_EDGE('',*,*,#7497,.T.);
#5226=ORIENTED_EDGE('',*,*,#7496,.F.);
#5227=ORIENTED_EDGE('',*,*,#7498,.T.);
#5228=ORIENTED_EDGE('',*,*,#7497,.F.);
#5229=ORIENTED_EDGE('',*,*,#7499,.T.);
#5230=ORIENTED_EDGE('',*,*,#7498,.F.);
#5231=ORIENTED_EDGE('',*,*,#7500,.T.);
#5232=ORIENTED_EDGE('',*,*,#7499,.F.);
#5233=ORIENTED_EDGE('',*,*,#7501,.T.);
#5234=ORIENTED_EDGE('',*,*,#7500,.F.);
#5235=ORIENTED_EDGE('',*,*,#7502,.T.);
#5236=ORIENTED_EDGE('',*,*,#7501,.F.);
#5237=ORIENTED_EDGE('',*,*,#7502,.F.);
#5238=ORIENTED_EDGE('',*,*,#7503,.T.);
#5239=ORIENTED_EDGE('',*,*,#7503,.F.);
#5240=ORIENTED_EDGE('',*,*,#7489,.T.);
#5241=ORIENTED_EDGE('',*,*,#7504,.T.);
#5242=ORIENTED_EDGE('',*,*,#7505,.T.);
#5243=ORIENTED_EDGE('',*,*,#7506,.T.);
#5244=ORIENTED_EDGE('',*,*,#7507,.T.);
#5245=ORIENTED_EDGE('',*,*,#7508,.T.);
#5246=ORIENTED_EDGE('',*,*,#7509,.T.);
#5247=ORIENTED_EDGE('',*,*,#7510,.T.);
#5248=ORIENTED_EDGE('',*,*,#7511,.T.);
#5249=ORIENTED_EDGE('',*,*,#7512,.T.);
#5250=ORIENTED_EDGE('',*,*,#7513,.T.);
#5251=ORIENTED_EDGE('',*,*,#7514,.T.);
#5252=ORIENTED_EDGE('',*,*,#7515,.T.);
#5253=ORIENTED_EDGE('',*,*,#7516,.T.);
#5254=ORIENTED_EDGE('',*,*,#7517,.T.);
#5255=ORIENTED_EDGE('',*,*,#7518,.T.);
#5256=ORIENTED_EDGE('',*,*,#7519,.T.);
#5257=ORIENTED_EDGE('',*,*,#7520,.T.);
#5258=ORIENTED_EDGE('',*,*,#7521,.T.);
#5259=ORIENTED_EDGE('',*,*,#7522,.T.);
#5260=ORIENTED_EDGE('',*,*,#7523,.T.);
#5261=ORIENTED_EDGE('',*,*,#7524,.T.);
#5262=ORIENTED_EDGE('',*,*,#7525,.T.);
#5263=ORIENTED_EDGE('',*,*,#7526,.T.);
#5264=ORIENTED_EDGE('',*,*,#7527,.T.);
#5265=ORIENTED_EDGE('',*,*,#7528,.T.);
#5266=ORIENTED_EDGE('',*,*,#7529,.T.);
#5267=ORIENTED_EDGE('',*,*,#7530,.T.);
#5268=ORIENTED_EDGE('',*,*,#7531,.T.);
#5269=ORIENTED_EDGE('',*,*,#7532,.T.);
#5270=ORIENTED_EDGE('',*,*,#7533,.T.);
#5271=ORIENTED_EDGE('',*,*,#7534,.T.);
#5272=ORIENTED_EDGE('',*,*,#7535,.T.);
#5273=ORIENTED_EDGE('',*,*,#7514,.F.);
#5274=ORIENTED_EDGE('',*,*,#7536,.T.);
#5275=ORIENTED_EDGE('',*,*,#7524,.F.);
#5276=ORIENTED_EDGE('',*,*,#7537,.T.);
#5277=ORIENTED_EDGE('',*,*,#7530,.F.);
#5278=ORIENTED_EDGE('',*,*,#7538,.T.);
#5279=ORIENTED_EDGE('',*,*,#7512,.F.);
#5280=ORIENTED_EDGE('',*,*,#7539,.T.);
#5281=ORIENTED_EDGE('',*,*,#7526,.F.);
#5282=ORIENTED_EDGE('',*,*,#7540,.T.);
#5283=ORIENTED_EDGE('',*,*,#7532,.F.);
#5284=ORIENTED_EDGE('',*,*,#7541,.T.);
#5285=ORIENTED_EDGE('',*,*,#7534,.F.);
#5286=ORIENTED_EDGE('',*,*,#7542,.T.);
#5287=ORIENTED_EDGE('',*,*,#7528,.F.);
#5288=ORIENTED_EDGE('',*,*,#7543,.T.);
#5289=ORIENTED_EDGE('',*,*,#7544,.F.);
#5290=ORIENTED_EDGE('',*,*,#7513,.F.);
#5291=ORIENTED_EDGE('',*,*,#7545,.F.);
#5292=ORIENTED_EDGE('',*,*,#7521,.F.);
#5293=ORIENTED_EDGE('',*,*,#7545,.T.);
#5294=ORIENTED_EDGE('',*,*,#7538,.F.);
#5295=ORIENTED_EDGE('',*,*,#7546,.F.);
#5296=ORIENTED_EDGE('',*,*,#7522,.F.);
#5297=ORIENTED_EDGE('',*,*,#7544,.T.);
#5298=ORIENTED_EDGE('',*,*,#7520,.F.);
#5299=ORIENTED_EDGE('',*,*,#7547,.F.);
#5300=ORIENTED_EDGE('',*,*,#7536,.F.);
#5301=ORIENTED_EDGE('',*,*,#7546,.T.);
#5302=ORIENTED_EDGE('',*,*,#7529,.F.);
#5303=ORIENTED_EDGE('',*,*,#7548,.F.);
#5304=ORIENTED_EDGE('',*,*,#7523,.F.);
#5305=ORIENTED_EDGE('',*,*,#7547,.T.);
#5306=ORIENTED_EDGE('',*,*,#7519,.F.);
#5307=ORIENTED_EDGE('',*,*,#7549,.F.);
#5308=ORIENTED_EDGE('',*,*,#7525,.F.);
#5309=ORIENTED_EDGE('',*,*,#7548,.T.);
#5310=ORIENTED_EDGE('',*,*,#7542,.F.);
#5311=ORIENTED_EDGE('',*,*,#7550,.F.);
#5312=ORIENTED_EDGE('',*,*,#7516,.F.);
#5313=ORIENTED_EDGE('',*,*,#7549,.T.);
#5314=ORIENTED_EDGE('',*,*,#7518,.F.);
#5315=ORIENTED_EDGE('',*,*,#7551,.F.);
#5316=ORIENTED_EDGE('',*,*,#7540,.F.);
#5317=ORIENTED_EDGE('',*,*,#7550,.T.);
#5318=ORIENTED_EDGE('',*,*,#7533,.F.);
#5319=ORIENTED_EDGE('',*,*,#7551,.T.);
#5320=ORIENTED_EDGE('',*,*,#7517,.F.);
#5321=ORIENTED_EDGE('',*,*,#7552,.F.);
#5322=ORIENTED_EDGE('',*,*,#7515,.F.);
#5323=ORIENTED_EDGE('',*,*,#7553,.F.);
#5324=ORIENTED_EDGE('',*,*,#7509,.F.);
#5325=ORIENTED_EDGE('',*,*,#7553,.T.);
#5326=ORIENTED_EDGE('',*,*,#7537,.F.);
#5327=ORIENTED_EDGE('',*,*,#7554,.F.);
#5328=ORIENTED_EDGE('',*,*,#7510,.F.);
#5329=ORIENTED_EDGE('',*,*,#7552,.T.);
#5330=ORIENTED_EDGE('',*,*,#7508,.F.);
#5331=ORIENTED_EDGE('',*,*,#7555,.F.);
#5332=ORIENTED_EDGE('',*,*,#7539,.F.);
#5333=ORIENTED_EDGE('',*,*,#7554,.T.);
#5334=ORIENTED_EDGE('',*,*,#7527,.F.);
#5335=ORIENTED_EDGE('',*,*,#7556,.F.);
#5336=ORIENTED_EDGE('',*,*,#7511,.F.);
#5337=ORIENTED_EDGE('',*,*,#7555,.T.);
#5338=ORIENTED_EDGE('',*,*,#7507,.F.);
#5339=ORIENTED_EDGE('',*,*,#7557,.F.);
#5340=ORIENTED_EDGE('',*,*,#7531,.F.);
#5341=ORIENTED_EDGE('',*,*,#7556,.T.);
#5342=ORIENTED_EDGE('',*,*,#7541,.F.);
#5343=ORIENTED_EDGE('',*,*,#7558,.F.);
#5344=ORIENTED_EDGE('',*,*,#7504,.F.);
#5345=ORIENTED_EDGE('',*,*,#7557,.T.);
#5346=ORIENTED_EDGE('',*,*,#7506,.F.);
#5347=ORIENTED_EDGE('',*,*,#7559,.F.);
#5348=ORIENTED_EDGE('',*,*,#7543,.F.);
#5349=ORIENTED_EDGE('',*,*,#7558,.T.);
#5350=ORIENTED_EDGE('',*,*,#7535,.F.);
#5351=ORIENTED_EDGE('',*,*,#7559,.T.);
#5352=ORIENTED_EDGE('',*,*,#7505,.F.);
#5353=ORIENTED_EDGE('',*,*,#7560,.F.);
#5354=ORIENTED_EDGE('',*,*,#7561,.F.);
#5355=ORIENTED_EDGE('',*,*,#7562,.T.);
#5356=ORIENTED_EDGE('',*,*,#7563,.T.);
#5357=ORIENTED_EDGE('',*,*,#7564,.F.);
#5358=ORIENTED_EDGE('',*,*,#7563,.F.);
#5359=ORIENTED_EDGE('',*,*,#7565,.T.);
#5360=ORIENTED_EDGE('',*,*,#7566,.T.);
#5361=ORIENTED_EDGE('',*,*,#7567,.T.);
#5362=ORIENTED_EDGE('',*,*,#7566,.F.);
#5363=ORIENTED_EDGE('',*,*,#7568,.F.);
#5364=ORIENTED_EDGE('',*,*,#7569,.T.);
#5365=ORIENTED_EDGE('',*,*,#7570,.F.);
#5366=ORIENTED_EDGE('',*,*,#7569,.F.);
#5367=ORIENTED_EDGE('',*,*,#7571,.T.);
#5368=ORIENTED_EDGE('',*,*,#7572,.T.);
#5369=ORIENTED_EDGE('',*,*,#7573,.F.);
#5370=ORIENTED_EDGE('',*,*,#7572,.F.);
#5371=ORIENTED_EDGE('',*,*,#7574,.T.);
#5372=ORIENTED_EDGE('',*,*,#7575,.T.);
#5373=ORIENTED_EDGE('',*,*,#7576,.F.);
#5374=ORIENTED_EDGE('',*,*,#7575,.F.);
#5375=ORIENTED_EDGE('',*,*,#7577,.T.);
#5376=ORIENTED_EDGE('',*,*,#7578,.T.);
#5377=ORIENTED_EDGE('',*,*,#7579,.T.);
#5378=ORIENTED_EDGE('',*,*,#7578,.F.);
#5379=ORIENTED_EDGE('',*,*,#7580,.F.);
#5380=ORIENTED_EDGE('',*,*,#7581,.T.);
#5381=ORIENTED_EDGE('',*,*,#7582,.F.);
#5382=ORIENTED_EDGE('',*,*,#7581,.F.);
#5383=ORIENTED_EDGE('',*,*,#7583,.T.);
#5384=ORIENTED_EDGE('',*,*,#7561,.T.);
#5385=ORIENTED_EDGE('',*,*,#7562,.F.);
#5386=ORIENTED_EDGE('',*,*,#7583,.F.);
#5387=ORIENTED_EDGE('',*,*,#7580,.T.);
#5388=ORIENTED_EDGE('',*,*,#7577,.F.);
#5389=ORIENTED_EDGE('',*,*,#7574,.F.);
#5390=ORIENTED_EDGE('',*,*,#7571,.F.);
#5391=ORIENTED_EDGE('',*,*,#7568,.T.);
#5392=ORIENTED_EDGE('',*,*,#7565,.F.);
#5393=ORIENTED_EDGE('',*,*,#7560,.T.);
#5394=ORIENTED_EDGE('',*,*,#7564,.T.);
#5395=ORIENTED_EDGE('',*,*,#7567,.F.);
#5396=ORIENTED_EDGE('',*,*,#7570,.T.);
#5397=ORIENTED_EDGE('',*,*,#7573,.T.);
#5398=ORIENTED_EDGE('',*,*,#7576,.T.);
#5399=ORIENTED_EDGE('',*,*,#7579,.F.);
#5400=ORIENTED_EDGE('',*,*,#7582,.T.);
#5401=ORIENTED_EDGE('',*,*,#7584,.F.);
#5402=ORIENTED_EDGE('',*,*,#7585,.F.);
#5403=ORIENTED_EDGE('',*,*,#7586,.T.);
#5404=ORIENTED_EDGE('',*,*,#7587,.T.);
#5405=ORIENTED_EDGE('',*,*,#7588,.F.);
#5406=ORIENTED_EDGE('',*,*,#7587,.F.);
#5407=ORIENTED_EDGE('',*,*,#7589,.T.);
#5408=ORIENTED_EDGE('',*,*,#7590,.T.);
#5409=ORIENTED_EDGE('',*,*,#7591,.F.);
#5410=ORIENTED_EDGE('',*,*,#7590,.F.);
#5411=ORIENTED_EDGE('',*,*,#7592,.T.);
#5412=ORIENTED_EDGE('',*,*,#7593,.T.);
#5413=ORIENTED_EDGE('',*,*,#7594,.F.);
#5414=ORIENTED_EDGE('',*,*,#7593,.F.);
#5415=ORIENTED_EDGE('',*,*,#7595,.T.);
#5416=ORIENTED_EDGE('',*,*,#7585,.T.);
#5417=ORIENTED_EDGE('',*,*,#7586,.F.);
#5418=ORIENTED_EDGE('',*,*,#7595,.F.);
#5419=ORIENTED_EDGE('',*,*,#7592,.F.);
#5420=ORIENTED_EDGE('',*,*,#7589,.F.);
#5421=ORIENTED_EDGE('',*,*,#7584,.T.);
#5422=ORIENTED_EDGE('',*,*,#7588,.T.);
#5423=ORIENTED_EDGE('',*,*,#7591,.T.);
#5424=ORIENTED_EDGE('',*,*,#7594,.T.);
#5425=ORIENTED_EDGE('',*,*,#7596,.F.);
#5426=ORIENTED_EDGE('',*,*,#7597,.F.);
#5427=ORIENTED_EDGE('',*,*,#7598,.T.);
#5428=ORIENTED_EDGE('',*,*,#7599,.T.);
#5429=ORIENTED_EDGE('',*,*,#7600,.F.);
#5430=ORIENTED_EDGE('',*,*,#7601,.F.);
#5431=ORIENTED_EDGE('',*,*,#7602,.T.);
#5432=ORIENTED_EDGE('',*,*,#7597,.T.);
#5433=ORIENTED_EDGE('',*,*,#7603,.F.);
#5434=ORIENTED_EDGE('',*,*,#7604,.F.);
#5435=ORIENTED_EDGE('',*,*,#7605,.T.);
#5436=ORIENTED_EDGE('',*,*,#7601,.T.);
#5437=ORIENTED_EDGE('',*,*,#7606,.T.);
#5438=ORIENTED_EDGE('',*,*,#7607,.F.);
#5439=ORIENTED_EDGE('',*,*,#7608,.F.);
#5440=ORIENTED_EDGE('',*,*,#7609,.T.);
#5441=ORIENTED_EDGE('',*,*,#7610,.T.);
#5442=ORIENTED_EDGE('',*,*,#7611,.F.);
#5443=ORIENTED_EDGE('',*,*,#7612,.F.);
#5444=ORIENTED_EDGE('',*,*,#7607,.T.);
#5445=ORIENTED_EDGE('',*,*,#7613,.T.);
#5446=ORIENTED_EDGE('',*,*,#7614,.F.);
#5447=ORIENTED_EDGE('',*,*,#7615,.F.);
#5448=ORIENTED_EDGE('',*,*,#7611,.T.);
#5449=ORIENTED_EDGE('',*,*,#7616,.T.);
#5450=ORIENTED_EDGE('',*,*,#7609,.F.);
#5451=ORIENTED_EDGE('',*,*,#7617,.F.);
#5452=ORIENTED_EDGE('',*,*,#7614,.T.);
#5453=ORIENTED_EDGE('',*,*,#7618,.F.);
#5454=ORIENTED_EDGE('',*,*,#7599,.F.);
#5455=ORIENTED_EDGE('',*,*,#7619,.T.);
#5456=ORIENTED_EDGE('',*,*,#7604,.T.);
#5457=ORIENTED_EDGE('',*,*,#7608,.T.);
#5458=ORIENTED_EDGE('',*,*,#7612,.T.);
#5459=ORIENTED_EDGE('',*,*,#7615,.T.);
#5460=ORIENTED_EDGE('',*,*,#7617,.T.);
#5461=ORIENTED_EDGE('',*,*,#7598,.F.);
#5462=ORIENTED_EDGE('',*,*,#7602,.F.);
#5463=ORIENTED_EDGE('',*,*,#7605,.F.);
#5464=ORIENTED_EDGE('',*,*,#7619,.F.);
#5465=ORIENTED_EDGE('',*,*,#7606,.F.);
#5466=ORIENTED_EDGE('',*,*,#7616,.F.);
#5467=ORIENTED_EDGE('',*,*,#7613,.F.);
#5468=ORIENTED_EDGE('',*,*,#7610,.F.);
#5469=ORIENTED_EDGE('',*,*,#7596,.T.);
#5470=ORIENTED_EDGE('',*,*,#7618,.T.);
#5471=ORIENTED_EDGE('',*,*,#7603,.T.);
#5472=ORIENTED_EDGE('',*,*,#7600,.T.);
#5473=ORIENTED_EDGE('',*,*,#7620,.T.);
#5474=ORIENTED_EDGE('',*,*,#7621,.F.);
#5475=ORIENTED_EDGE('',*,*,#7622,.F.);
#5476=ORIENTED_EDGE('',*,*,#7623,.T.);
#5477=ORIENTED_EDGE('',*,*,#7624,.T.);
#5478=ORIENTED_EDGE('',*,*,#7623,.F.);
#5479=ORIENTED_EDGE('',*,*,#7625,.F.);
#5480=ORIENTED_EDGE('',*,*,#7626,.T.);
#5481=ORIENTED_EDGE('',*,*,#7627,.F.);
#5482=ORIENTED_EDGE('',*,*,#7626,.F.);
#5483=ORIENTED_EDGE('',*,*,#7628,.T.);
#5484=ORIENTED_EDGE('',*,*,#7629,.T.);
#5485=ORIENTED_EDGE('',*,*,#7630,.T.);
#5486=ORIENTED_EDGE('',*,*,#7629,.F.);
#5487=ORIENTED_EDGE('',*,*,#7631,.F.);
#5488=ORIENTED_EDGE('',*,*,#7632,.T.);
#5489=ORIENTED_EDGE('',*,*,#7633,.T.);
#5490=ORIENTED_EDGE('',*,*,#7632,.F.);
#5491=ORIENTED_EDGE('',*,*,#7634,.F.);
#5492=ORIENTED_EDGE('',*,*,#7635,.T.);
#5493=ORIENTED_EDGE('',*,*,#7636,.T.);
#5494=ORIENTED_EDGE('',*,*,#7635,.F.);
#5495=ORIENTED_EDGE('',*,*,#7637,.F.);
#5496=ORIENTED_EDGE('',*,*,#7638,.T.);
#5497=ORIENTED_EDGE('',*,*,#7639,.F.);
#5498=ORIENTED_EDGE('',*,*,#7638,.F.);
#5499=ORIENTED_EDGE('',*,*,#7640,.T.);
#5500=ORIENTED_EDGE('',*,*,#7641,.T.);
#5501=ORIENTED_EDGE('',*,*,#7642,.T.);
#5502=ORIENTED_EDGE('',*,*,#7641,.F.);
#5503=ORIENTED_EDGE('',*,*,#7643,.F.);
#5504=ORIENTED_EDGE('',*,*,#7621,.T.);
#5505=ORIENTED_EDGE('',*,*,#7622,.T.);
#5506=ORIENTED_EDGE('',*,*,#7643,.T.);
#5507=ORIENTED_EDGE('',*,*,#7640,.F.);
#5508=ORIENTED_EDGE('',*,*,#7637,.T.);
#5509=ORIENTED_EDGE('',*,*,#7634,.T.);
#5510=ORIENTED_EDGE('',*,*,#7631,.T.);
#5511=ORIENTED_EDGE('',*,*,#7628,.F.);
#5512=ORIENTED_EDGE('',*,*,#7625,.T.);
#5513=ORIENTED_EDGE('',*,*,#7620,.F.);
#5514=ORIENTED_EDGE('',*,*,#7624,.F.);
#5515=ORIENTED_EDGE('',*,*,#7627,.T.);
#5516=ORIENTED_EDGE('',*,*,#7630,.F.);
#5517=ORIENTED_EDGE('',*,*,#7633,.F.);
#5518=ORIENTED_EDGE('',*,*,#7636,.F.);
#5519=ORIENTED_EDGE('',*,*,#7639,.T.);
#5520=ORIENTED_EDGE('',*,*,#7642,.F.);
#5521=ORIENTED_EDGE('',*,*,#7644,.F.);
#5522=ORIENTED_EDGE('',*,*,#7645,.F.);
#5523=ORIENTED_EDGE('',*,*,#7646,.F.);
#5524=ORIENTED_EDGE('',*,*,#7647,.F.);
#5525=ORIENTED_EDGE('',*,*,#7648,.F.);
#5526=ORIENTED_EDGE('',*,*,#7649,.F.);
#5527=ORIENTED_EDGE('',*,*,#7650,.F.);
#5528=ORIENTED_EDGE('',*,*,#7651,.F.);
#5529=ORIENTED_EDGE('',*,*,#7652,.T.);
#5530=ORIENTED_EDGE('',*,*,#7653,.T.);
#5531=ORIENTED_EDGE('',*,*,#7654,.F.);
#5532=ORIENTED_EDGE('',*,*,#7655,.T.);
#5533=ORIENTED_EDGE('',*,*,#7653,.F.);
#5534=ORIENTED_EDGE('',*,*,#7654,.T.);
#5535=ORIENTED_EDGE('',*,*,#7655,.F.);
#5536=ORIENTED_EDGE('',*,*,#7652,.F.);
#5537=ORIENTED_EDGE('',*,*,#7656,.T.);
#5538=ORIENTED_EDGE('',*,*,#7657,.F.);
#5539=ORIENTED_EDGE('',*,*,#7650,.T.);
#5540=ORIENTED_EDGE('',*,*,#7656,.F.);
#5541=ORIENTED_EDGE('',*,*,#7658,.F.);
#5542=ORIENTED_EDGE('',*,*,#7657,.T.);
#5543=ORIENTED_EDGE('',*,*,#7659,.F.);
#5544=ORIENTED_EDGE('',*,*,#7658,.T.);
#5545=ORIENTED_EDGE('',*,*,#7651,.T.);
#5546=ORIENTED_EDGE('',*,*,#7659,.T.);
#5547=ORIENTED_EDGE('',*,*,#7660,.T.);
#5548=ORIENTED_EDGE('',*,*,#7661,.F.);
#5549=ORIENTED_EDGE('',*,*,#7648,.T.);
#5550=ORIENTED_EDGE('',*,*,#7661,.T.);
#5551=ORIENTED_EDGE('',*,*,#7662,.T.);
#5552=ORIENTED_EDGE('',*,*,#7660,.F.);
#5553=ORIENTED_EDGE('',*,*,#7663,.T.);
#5554=ORIENTED_EDGE('',*,*,#7662,.F.);
#5555=ORIENTED_EDGE('',*,*,#7649,.T.);
#5556=ORIENTED_EDGE('',*,*,#7663,.F.);
#5557=ORIENTED_EDGE('',*,*,#7664,.T.);
#5558=ORIENTED_EDGE('',*,*,#7665,.F.);
#5559=ORIENTED_EDGE('',*,*,#7646,.T.);
#5560=ORIENTED_EDGE('',*,*,#7665,.T.);
#5561=ORIENTED_EDGE('',*,*,#7666,.T.);
#5562=ORIENTED_EDGE('',*,*,#7664,.F.);
#5563=ORIENTED_EDGE('',*,*,#7667,.T.);
#5564=ORIENTED_EDGE('',*,*,#7666,.F.);
#5565=ORIENTED_EDGE('',*,*,#7647,.T.);
#5566=ORIENTED_EDGE('',*,*,#7667,.F.);
#5567=ORIENTED_EDGE('',*,*,#7644,.T.);
#5568=ORIENTED_EDGE('',*,*,#7668,.F.);
#5569=ORIENTED_EDGE('',*,*,#7668,.T.);
#5570=ORIENTED_EDGE('',*,*,#7669,.F.);
#5571=ORIENTED_EDGE('',*,*,#7645,.T.);
#5572=ORIENTED_EDGE('',*,*,#7670,.T.);
#5573=ORIENTED_EDGE('',*,*,#7670,.F.);
#5574=ORIENTED_EDGE('',*,*,#7671,.T.);
#5575=ORIENTED_EDGE('',*,*,#7671,.F.);
#5576=ORIENTED_EDGE('',*,*,#7669,.T.);
#5577=ORIENTED_EDGE('',*,*,#7672,.T.);
#5578=ORIENTED_EDGE('',*,*,#7673,.T.);
#5579=ORIENTED_EDGE('',*,*,#7674,.T.);
#5580=ORIENTED_EDGE('',*,*,#7675,.T.);
#5581=ORIENTED_EDGE('',*,*,#7672,.F.);
#5582=ORIENTED_EDGE('',*,*,#7673,.F.);
#5583=ORIENTED_EDGE('',*,*,#7676,.F.);
#5584=ORIENTED_EDGE('',*,*,#7677,.F.);
#5585=ORIENTED_EDGE('',*,*,#7674,.F.);
#5586=ORIENTED_EDGE('',*,*,#7678,.F.);
#5587=ORIENTED_EDGE('',*,*,#7679,.T.);
#5588=ORIENTED_EDGE('',*,*,#7680,.T.);
#5589=ORIENTED_EDGE('',*,*,#7681,.T.);
#5590=ORIENTED_EDGE('',*,*,#7682,.T.);
#5591=ORIENTED_EDGE('',*,*,#7683,.T.);
#5592=ORIENTED_EDGE('',*,*,#7684,.F.);
#5593=ORIENTED_EDGE('',*,*,#7675,.F.);
#5594=ORIENTED_EDGE('',*,*,#7685,.F.);
#5595=ORIENTED_EDGE('',*,*,#7686,.T.);
#5596=ORIENTED_EDGE('',*,*,#7687,.T.);
#5597=ORIENTED_EDGE('',*,*,#7688,.T.);
#5598=ORIENTED_EDGE('',*,*,#7689,.T.);
#5599=ORIENTED_EDGE('',*,*,#7690,.T.);
#5600=ORIENTED_EDGE('',*,*,#7691,.F.);
#5601=ORIENTED_EDGE('',*,*,#7690,.F.);
#5602=ORIENTED_EDGE('',*,*,#7692,.T.);
#5603=ORIENTED_EDGE('',*,*,#7678,.T.);
#5604=ORIENTED_EDGE('',*,*,#7677,.T.);
#5605=ORIENTED_EDGE('',*,*,#7693,.F.);
#5606=ORIENTED_EDGE('',*,*,#7680,.F.);
#5607=ORIENTED_EDGE('',*,*,#7679,.F.);
#5608=ORIENTED_EDGE('',*,*,#7692,.F.);
#5609=ORIENTED_EDGE('',*,*,#7689,.F.);
#5610=ORIENTED_EDGE('',*,*,#7694,.T.);
#5611=ORIENTED_EDGE('',*,*,#7685,.T.);
#5612=ORIENTED_EDGE('',*,*,#7691,.T.);
#5613=ORIENTED_EDGE('',*,*,#7676,.T.);
#5614=ORIENTED_EDGE('',*,*,#7684,.T.);
#5615=ORIENTED_EDGE('',*,*,#7687,.F.);
#5616=ORIENTED_EDGE('',*,*,#7695,.T.);
#5617=ORIENTED_EDGE('',*,*,#7682,.F.);
#5618=ORIENTED_EDGE('',*,*,#7696,.T.);
#5619=ORIENTED_EDGE('',*,*,#7697,.F.);
#5620=ORIENTED_EDGE('',*,*,#7698,.T.);
#5621=ORIENTED_EDGE('',*,*,#7699,.T.);
#5622=ORIENTED_EDGE('',*,*,#7700,.F.);
#5623=ORIENTED_EDGE('',*,*,#7697,.T.);
#5624=ORIENTED_EDGE('',*,*,#7699,.F.);
#5625=ORIENTED_EDGE('',*,*,#7698,.F.);
#5626=ORIENTED_EDGE('',*,*,#7700,.T.);
#5627=ORIENTED_EDGE('',*,*,#7683,.F.);
#5628=ORIENTED_EDGE('',*,*,#7695,.F.);
#5629=ORIENTED_EDGE('',*,*,#7686,.F.);
#5630=ORIENTED_EDGE('',*,*,#7694,.F.);
#5631=ORIENTED_EDGE('',*,*,#7688,.F.);
#5632=ORIENTED_EDGE('',*,*,#7696,.F.);
#5633=ORIENTED_EDGE('',*,*,#7681,.F.);
#5634=ORIENTED_EDGE('',*,*,#7693,.T.);
#5635=ORIENTED_EDGE('',*,*,#7701,.F.);
#5636=ORIENTED_EDGE('',*,*,#7702,.F.);
#5637=ORIENTED_EDGE('',*,*,#7703,.F.);
#5638=ORIENTED_EDGE('',*,*,#7704,.F.);
#5639=ORIENTED_EDGE('',*,*,#7705,.T.);
#5640=ORIENTED_EDGE('',*,*,#7706,.T.);
#5641=ORIENTED_EDGE('',*,*,#7707,.T.);
#5642=ORIENTED_EDGE('',*,*,#7708,.T.);
#5643=ORIENTED_EDGE('',*,*,#7709,.F.);
#5644=ORIENTED_EDGE('',*,*,#7704,.T.);
#5645=ORIENTED_EDGE('',*,*,#7710,.T.);
#5646=ORIENTED_EDGE('',*,*,#7711,.F.);
#5647=ORIENTED_EDGE('',*,*,#7712,.T.);
#5648=ORIENTED_EDGE('',*,*,#7711,.T.);
#5649=ORIENTED_EDGE('',*,*,#7713,.T.);
#5650=ORIENTED_EDGE('',*,*,#7714,.T.);
#5651=ORIENTED_EDGE('',*,*,#7715,.F.);
#5652=ORIENTED_EDGE('',*,*,#7701,.T.);
#5653=ORIENTED_EDGE('',*,*,#7709,.T.);
#5654=ORIENTED_EDGE('',*,*,#7712,.F.);
#5655=ORIENTED_EDGE('',*,*,#7710,.F.);
#5656=ORIENTED_EDGE('',*,*,#7703,.T.);
#5657=ORIENTED_EDGE('',*,*,#7716,.T.);
#5658=ORIENTED_EDGE('',*,*,#7713,.F.);
#5659=ORIENTED_EDGE('',*,*,#7717,.T.);
#5660=ORIENTED_EDGE('',*,*,#7718,.T.);
#5661=ORIENTED_EDGE('',*,*,#7719,.T.);
#5662=ORIENTED_EDGE('',*,*,#7720,.T.);
#5663=ORIENTED_EDGE('',*,*,#7716,.F.);
#5664=ORIENTED_EDGE('',*,*,#7702,.T.);
#5665=ORIENTED_EDGE('',*,*,#7715,.T.);
#5666=ORIENTED_EDGE('',*,*,#7714,.F.);
#5667=ORIENTED_EDGE('',*,*,#7708,.F.);
#5668=ORIENTED_EDGE('',*,*,#7720,.F.);
#5669=ORIENTED_EDGE('',*,*,#7707,.F.);
#5670=ORIENTED_EDGE('',*,*,#7719,.F.);
#5671=ORIENTED_EDGE('',*,*,#7706,.F.);
#5672=ORIENTED_EDGE('',*,*,#7718,.F.);
#5673=ORIENTED_EDGE('',*,*,#7705,.F.);
#5674=ORIENTED_EDGE('',*,*,#7717,.F.);
#5675=ORIENTED_EDGE('',*,*,#7721,.F.);
#5676=ORIENTED_EDGE('',*,*,#7722,.F.);
#5677=ORIENTED_EDGE('',*,*,#7723,.T.);
#5678=ORIENTED_EDGE('',*,*,#7724,.T.);
#5679=ORIENTED_EDGE('',*,*,#7725,.T.);
#5680=ORIENTED_EDGE('',*,*,#7726,.F.);
#5681=ORIENTED_EDGE('',*,*,#7727,.F.);
#5682=ORIENTED_EDGE('',*,*,#7728,.T.);
#5683=ORIENTED_EDGE('',*,*,#7729,.F.);
#5684=ORIENTED_EDGE('',*,*,#7730,.F.);
#5685=ORIENTED_EDGE('',*,*,#7731,.T.);
#5686=ORIENTED_EDGE('',*,*,#7732,.F.);
#5687=ORIENTED_EDGE('',*,*,#7733,.F.);
#5688=ORIENTED_EDGE('',*,*,#7726,.T.);
#5689=ORIENTED_EDGE('',*,*,#7734,.T.);
#5690=ORIENTED_EDGE('',*,*,#7735,.F.);
#5691=ORIENTED_EDGE('',*,*,#7736,.F.);
#5692=ORIENTED_EDGE('',*,*,#7732,.T.);
#5693=ORIENTED_EDGE('',*,*,#7737,.T.);
#5694=ORIENTED_EDGE('',*,*,#7738,.F.);
#5695=ORIENTED_EDGE('',*,*,#7739,.F.);
#5696=ORIENTED_EDGE('',*,*,#7735,.T.);
#5697=ORIENTED_EDGE('',*,*,#7740,.T.);
#5698=ORIENTED_EDGE('',*,*,#7723,.F.);
#5699=ORIENTED_EDGE('',*,*,#7741,.F.);
#5700=ORIENTED_EDGE('',*,*,#7738,.T.);
#5701=ORIENTED_EDGE('',*,*,#7742,.F.);
#5702=ORIENTED_EDGE('',*,*,#7743,.T.);
#5703=ORIENTED_EDGE('',*,*,#7744,.T.);
#5704=ORIENTED_EDGE('',*,*,#7745,.F.);
#5705=ORIENTED_EDGE('',*,*,#7746,.T.);
#5706=ORIENTED_EDGE('',*,*,#7747,.F.);
#5707=ORIENTED_EDGE('',*,*,#7748,.F.);
#5708=ORIENTED_EDGE('',*,*,#7745,.T.);
#5709=ORIENTED_EDGE('',*,*,#7749,.T.);
#5710=ORIENTED_EDGE('',*,*,#7750,.F.);
#5711=ORIENTED_EDGE('',*,*,#7751,.F.);
#5712=ORIENTED_EDGE('',*,*,#7747,.T.);
#5713=ORIENTED_EDGE('',*,*,#7752,.T.);
#5714=ORIENTED_EDGE('',*,*,#7753,.F.);
#5715=ORIENTED_EDGE('',*,*,#7754,.F.);
#5716=ORIENTED_EDGE('',*,*,#7750,.T.);
#5717=ORIENTED_EDGE('',*,*,#7755,.F.);
#5718=ORIENTED_EDGE('',*,*,#7756,.F.);
#5719=ORIENTED_EDGE('',*,*,#7757,.T.);
#5720=ORIENTED_EDGE('',*,*,#7758,.F.);
#5721=ORIENTED_EDGE('',*,*,#7759,.F.);
#5722=ORIENTED_EDGE('',*,*,#7753,.T.);
#5723=ORIENTED_EDGE('',*,*,#7760,.T.);
#5724=ORIENTED_EDGE('',*,*,#7761,.F.);
#5725=ORIENTED_EDGE('',*,*,#7762,.F.);
#5726=ORIENTED_EDGE('',*,*,#7758,.T.);
#5727=ORIENTED_EDGE('',*,*,#7763,.F.);
#5728=ORIENTED_EDGE('',*,*,#7764,.F.);
#5729=ORIENTED_EDGE('',*,*,#7765,.T.);
#5730=ORIENTED_EDGE('',*,*,#7766,.F.);
#5731=ORIENTED_EDGE('',*,*,#7767,.F.);
#5732=ORIENTED_EDGE('',*,*,#7761,.T.);
#5733=ORIENTED_EDGE('',*,*,#7768,.T.);
#5734=ORIENTED_EDGE('',*,*,#7769,.F.);
#5735=ORIENTED_EDGE('',*,*,#7770,.F.);
#5736=ORIENTED_EDGE('',*,*,#7766,.T.);
#5737=ORIENTED_EDGE('',*,*,#7771,.T.);
#5738=ORIENTED_EDGE('',*,*,#7772,.F.);
#5739=ORIENTED_EDGE('',*,*,#7773,.F.);
#5740=ORIENTED_EDGE('',*,*,#7769,.T.);
#5741=ORIENTED_EDGE('',*,*,#7774,.T.);
#5742=ORIENTED_EDGE('',*,*,#7775,.F.);
#5743=ORIENTED_EDGE('',*,*,#7776,.F.);
#5744=ORIENTED_EDGE('',*,*,#7772,.T.);
#5745=ORIENTED_EDGE('',*,*,#7777,.T.);
#5746=ORIENTED_EDGE('',*,*,#7778,.F.);
#5747=ORIENTED_EDGE('',*,*,#7779,.F.);
#5748=ORIENTED_EDGE('',*,*,#7775,.T.);
#5749=ORIENTED_EDGE('',*,*,#7780,.T.);
#5750=ORIENTED_EDGE('',*,*,#7781,.F.);
#5751=ORIENTED_EDGE('',*,*,#7782,.F.);
#5752=ORIENTED_EDGE('',*,*,#7778,.T.);
#5753=ORIENTED_EDGE('',*,*,#7783,.T.);
#5754=ORIENTED_EDGE('',*,*,#7784,.F.);
#5755=ORIENTED_EDGE('',*,*,#7785,.F.);
#5756=ORIENTED_EDGE('',*,*,#7781,.T.);
#5757=ORIENTED_EDGE('',*,*,#7786,.T.);
#5758=ORIENTED_EDGE('',*,*,#7787,.F.);
#5759=ORIENTED_EDGE('',*,*,#7788,.F.);
#5760=ORIENTED_EDGE('',*,*,#7784,.T.);
#5761=ORIENTED_EDGE('',*,*,#7789,.F.);
#5762=ORIENTED_EDGE('',*,*,#7790,.F.);
#5763=ORIENTED_EDGE('',*,*,#7791,.T.);
#5764=ORIENTED_EDGE('',*,*,#7728,.F.);
#5765=ORIENTED_EDGE('',*,*,#7792,.F.);
#5766=ORIENTED_EDGE('',*,*,#7787,.T.);
#5767=ORIENTED_EDGE('',*,*,#7727,.T.);
#5768=ORIENTED_EDGE('',*,*,#7733,.T.);
#5769=ORIENTED_EDGE('',*,*,#7736,.T.);
#5770=ORIENTED_EDGE('',*,*,#7739,.T.);
#5771=ORIENTED_EDGE('',*,*,#7741,.T.);
#5772=ORIENTED_EDGE('',*,*,#7722,.T.);
#5773=ORIENTED_EDGE('',*,*,#7793,.F.);
#5774=ORIENTED_EDGE('',*,*,#7794,.F.);
#5775=ORIENTED_EDGE('',*,*,#7795,.F.);
#5776=ORIENTED_EDGE('',*,*,#7742,.T.);
#5777=ORIENTED_EDGE('',*,*,#7748,.T.);
#5778=ORIENTED_EDGE('',*,*,#7751,.T.);
#5779=ORIENTED_EDGE('',*,*,#7754,.T.);
#5780=ORIENTED_EDGE('',*,*,#7759,.T.);
#5781=ORIENTED_EDGE('',*,*,#7762,.T.);
#5782=ORIENTED_EDGE('',*,*,#7767,.T.);
#5783=ORIENTED_EDGE('',*,*,#7770,.T.);
#5784=ORIENTED_EDGE('',*,*,#7773,.T.);
#5785=ORIENTED_EDGE('',*,*,#7776,.T.);
#5786=ORIENTED_EDGE('',*,*,#7779,.T.);
#5787=ORIENTED_EDGE('',*,*,#7782,.T.);
#5788=ORIENTED_EDGE('',*,*,#7785,.T.);
#5789=ORIENTED_EDGE('',*,*,#7788,.T.);
#5790=ORIENTED_EDGE('',*,*,#7792,.T.);
#5791=ORIENTED_EDGE('',*,*,#7796,.T.);
#5792=ORIENTED_EDGE('',*,*,#7725,.F.);
#5793=ORIENTED_EDGE('',*,*,#7791,.F.);
#5794=ORIENTED_EDGE('',*,*,#7786,.F.);
#5795=ORIENTED_EDGE('',*,*,#7783,.F.);
#5796=ORIENTED_EDGE('',*,*,#7780,.F.);
#5797=ORIENTED_EDGE('',*,*,#7777,.F.);
#5798=ORIENTED_EDGE('',*,*,#7774,.F.);
#5799=ORIENTED_EDGE('',*,*,#7771,.F.);
#5800=ORIENTED_EDGE('',*,*,#7768,.F.);
#5801=ORIENTED_EDGE('',*,*,#7765,.F.);
#5802=ORIENTED_EDGE('',*,*,#7760,.F.);
#5803=ORIENTED_EDGE('',*,*,#7757,.F.);
#5804=ORIENTED_EDGE('',*,*,#7752,.F.);
#5805=ORIENTED_EDGE('',*,*,#7749,.F.);
#5806=ORIENTED_EDGE('',*,*,#7746,.F.);
#5807=ORIENTED_EDGE('',*,*,#7744,.F.);
#5808=ORIENTED_EDGE('',*,*,#7797,.T.);
#5809=ORIENTED_EDGE('',*,*,#7798,.T.);
#5810=ORIENTED_EDGE('',*,*,#7799,.T.);
#5811=ORIENTED_EDGE('',*,*,#7724,.F.);
#5812=ORIENTED_EDGE('',*,*,#7740,.F.);
#5813=ORIENTED_EDGE('',*,*,#7737,.F.);
#5814=ORIENTED_EDGE('',*,*,#7734,.F.);
#5815=ORIENTED_EDGE('',*,*,#7731,.F.);
#5816=ORIENTED_EDGE('',*,*,#7800,.F.);
#5817=ORIENTED_EDGE('',*,*,#7790,.T.);
#5818=ORIENTED_EDGE('',*,*,#7730,.T.);
#5819=ORIENTED_EDGE('',*,*,#7789,.T.);
#5820=ORIENTED_EDGE('',*,*,#7729,.T.);
#5821=ORIENTED_EDGE('',*,*,#7764,.T.);
#5822=ORIENTED_EDGE('',*,*,#7756,.T.);
#5823=ORIENTED_EDGE('',*,*,#7763,.T.);
#5824=ORIENTED_EDGE('',*,*,#7755,.T.);
#5825=ORIENTED_EDGE('',*,*,#7801,.F.);
#5826=ORIENTED_EDGE('',*,*,#7794,.T.);
#5827=ORIENTED_EDGE('',*,*,#7802,.T.);
#5828=ORIENTED_EDGE('',*,*,#7798,.F.);
#5829=ORIENTED_EDGE('',*,*,#7743,.F.);
#5830=ORIENTED_EDGE('',*,*,#7795,.T.);
#5831=ORIENTED_EDGE('',*,*,#7801,.T.);
#5832=ORIENTED_EDGE('',*,*,#7797,.F.);
#5833=ORIENTED_EDGE('',*,*,#7802,.F.);
#5834=ORIENTED_EDGE('',*,*,#7793,.T.);
#5835=ORIENTED_EDGE('',*,*,#7721,.T.);
#5836=ORIENTED_EDGE('',*,*,#7799,.F.);
#5837=ORIENTED_EDGE('',*,*,#7796,.F.);
#5838=ORIENTED_EDGE('',*,*,#7800,.T.);
#5839=ORIENTED_EDGE('',*,*,#7803,.T.);
#5840=ORIENTED_EDGE('',*,*,#7804,.F.);
#5841=ORIENTED_EDGE('',*,*,#7805,.F.);
#5842=ORIENTED_EDGE('',*,*,#7806,.F.);
#5843=ORIENTED_EDGE('',*,*,#7807,.T.);
#5844=ORIENTED_EDGE('',*,*,#7808,.T.);
#5845=ORIENTED_EDGE('',*,*,#7809,.F.);
#5846=ORIENTED_EDGE('',*,*,#7810,.F.);
#5847=ORIENTED_EDGE('',*,*,#7811,.T.);
#5848=ORIENTED_EDGE('',*,*,#7812,.F.);
#5849=ORIENTED_EDGE('',*,*,#7813,.T.);
#5850=ORIENTED_EDGE('',*,*,#7814,.F.);
#5851=ORIENTED_EDGE('',*,*,#7815,.T.);
#5852=ORIENTED_EDGE('',*,*,#7816,.T.);
#5853=ORIENTED_EDGE('',*,*,#7817,.F.);
#5854=ORIENTED_EDGE('',*,*,#7818,.F.);
#5855=ORIENTED_EDGE('',*,*,#7815,.F.);
#5856=ORIENTED_EDGE('',*,*,#7819,.T.);
#5857=ORIENTED_EDGE('',*,*,#7806,.T.);
#5858=ORIENTED_EDGE('',*,*,#7820,.T.);
#5859=ORIENTED_EDGE('',*,*,#7808,.F.);
#5860=ORIENTED_EDGE('',*,*,#7821,.T.);
#5861=ORIENTED_EDGE('',*,*,#7817,.T.);
#5862=ORIENTED_EDGE('',*,*,#7822,.T.);
#5863=ORIENTED_EDGE('',*,*,#7811,.F.);
#5864=ORIENTED_EDGE('',*,*,#7805,.T.);
#5865=ORIENTED_EDGE('',*,*,#7822,.F.);
#5866=ORIENTED_EDGE('',*,*,#7816,.F.);
#5867=ORIENTED_EDGE('',*,*,#7820,.F.);
#5868=ORIENTED_EDGE('',*,*,#7813,.F.);
#5869=ORIENTED_EDGE('',*,*,#7818,.T.);
#5870=ORIENTED_EDGE('',*,*,#7821,.F.);
#5871=ORIENTED_EDGE('',*,*,#7807,.F.);
#5872=ORIENTED_EDGE('',*,*,#7819,.F.);
#5873=ORIENTED_EDGE('',*,*,#7804,.T.);
#5874=ORIENTED_EDGE('',*,*,#7823,.T.);
#5875=ORIENTED_EDGE('',*,*,#7814,.T.);
#5876=ORIENTED_EDGE('',*,*,#7823,.F.);
#5877=ORIENTED_EDGE('',*,*,#7803,.F.);
#5878=ORIENTED_EDGE('',*,*,#7810,.T.);
#5879=ORIENTED_EDGE('',*,*,#7824,.F.);
#5880=ORIENTED_EDGE('',*,*,#7812,.T.);
#5881=ORIENTED_EDGE('',*,*,#7809,.T.);
#5882=ORIENTED_EDGE('',*,*,#7824,.T.);
#5883=ORIENTED_EDGE('',*,*,#7825,.F.);
#5884=ORIENTED_EDGE('',*,*,#7826,.F.);
#5885=ORIENTED_EDGE('',*,*,#7827,.T.);
#5886=ORIENTED_EDGE('',*,*,#7828,.T.);
#5887=ORIENTED_EDGE('',*,*,#7829,.T.);
#5888=ORIENTED_EDGE('',*,*,#7830,.F.);
#5889=ORIENTED_EDGE('',*,*,#7831,.F.);
#5890=ORIENTED_EDGE('',*,*,#7832,.T.);
#5891=ORIENTED_EDGE('',*,*,#7833,.F.);
#5892=ORIENTED_EDGE('',*,*,#7834,.T.);
#5893=ORIENTED_EDGE('',*,*,#7835,.T.);
#5894=ORIENTED_EDGE('',*,*,#7836,.F.);
#5895=ORIENTED_EDGE('',*,*,#7837,.T.);
#5896=ORIENTED_EDGE('',*,*,#7838,.F.);
#5897=ORIENTED_EDGE('',*,*,#7839,.F.);
#5898=ORIENTED_EDGE('',*,*,#7840,.T.);
#5899=ORIENTED_EDGE('',*,*,#7841,.F.);
#5900=ORIENTED_EDGE('',*,*,#7825,.T.);
#5901=ORIENTED_EDGE('',*,*,#7834,.F.);
#5902=ORIENTED_EDGE('',*,*,#7833,.T.);
#5903=ORIENTED_EDGE('',*,*,#7842,.F.);
#5904=ORIENTED_EDGE('',*,*,#7843,.T.);
#5905=ORIENTED_EDGE('',*,*,#7844,.F.);
#5906=ORIENTED_EDGE('',*,*,#7845,.T.);
#5907=ORIENTED_EDGE('',*,*,#7828,.F.);
#5908=ORIENTED_EDGE('',*,*,#7846,.T.);
#5909=ORIENTED_EDGE('',*,*,#7841,.T.);
#5910=ORIENTED_EDGE('',*,*,#7842,.T.);
#5911=ORIENTED_EDGE('',*,*,#7847,.F.);
#5912=ORIENTED_EDGE('',*,*,#7848,.F.);
#5913=ORIENTED_EDGE('',*,*,#7849,.T.);
#5914=ORIENTED_EDGE('',*,*,#7838,.T.);
#5915=ORIENTED_EDGE('',*,*,#7839,.T.);
#5916=ORIENTED_EDGE('',*,*,#7849,.F.);
#5917=ORIENTED_EDGE('',*,*,#7850,.F.);
#5918=ORIENTED_EDGE('',*,*,#7851,.T.);
#5919=ORIENTED_EDGE('',*,*,#7844,.T.);
#5920=ORIENTED_EDGE('',*,*,#7836,.T.);
#5921=ORIENTED_EDGE('',*,*,#7851,.F.);
#5922=ORIENTED_EDGE('',*,*,#7852,.F.);
#5923=ORIENTED_EDGE('',*,*,#7853,.T.);
#5924=ORIENTED_EDGE('',*,*,#7848,.T.);
#5925=ORIENTED_EDGE('',*,*,#7854,.T.);
#5926=ORIENTED_EDGE('',*,*,#7826,.T.);
#5927=ORIENTED_EDGE('',*,*,#7855,.T.);
#5928=ORIENTED_EDGE('',*,*,#7852,.T.);
#5929=ORIENTED_EDGE('',*,*,#7850,.T.);
#5930=ORIENTED_EDGE('',*,*,#7856,.T.);
#5931=ORIENTED_EDGE('',*,*,#7837,.F.);
#5932=ORIENTED_EDGE('',*,*,#7843,.F.);
#5933=ORIENTED_EDGE('',*,*,#7840,.F.);
#5934=ORIENTED_EDGE('',*,*,#7856,.F.);
#5935=ORIENTED_EDGE('',*,*,#7832,.F.);
#5936=ORIENTED_EDGE('',*,*,#7830,.T.);
#5937=ORIENTED_EDGE('',*,*,#7835,.F.);
#5938=ORIENTED_EDGE('',*,*,#7831,.T.);
#5939=ORIENTED_EDGE('',*,*,#7854,.F.);
#5940=ORIENTED_EDGE('',*,*,#7847,.T.);
#5941=ORIENTED_EDGE('',*,*,#7846,.F.);
#5942=ORIENTED_EDGE('',*,*,#7827,.F.);
#5943=ORIENTED_EDGE('',*,*,#7845,.F.);
#5944=ORIENTED_EDGE('',*,*,#7853,.F.);
#5945=ORIENTED_EDGE('',*,*,#7855,.F.);
#5946=ORIENTED_EDGE('',*,*,#7829,.F.);
#5947=VERTEX_POINT('',#12848);
#5948=VERTEX_POINT('',#12849);
#5949=VERTEX_POINT('',#12851);
#5950=VERTEX_POINT('',#12853);
#5951=VERTEX_POINT('',#12857);
#5952=VERTEX_POINT('',#12859);
#5953=VERTEX_POINT('',#12863);
#5954=VERTEX_POINT('',#12865);
#5955=VERTEX_POINT('',#12874);
#5956=VERTEX_POINT('',#12875);
#5957=VERTEX_POINT('',#12877);
#5958=VERTEX_POINT('',#12879);
#5959=VERTEX_POINT('',#12883);
#5960=VERTEX_POINT('',#12885);
#5961=VERTEX_POINT('',#12889);
#5962=VERTEX_POINT('',#12891);
#5963=VERTEX_POINT('',#12900);
#5964=VERTEX_POINT('',#12901);
#5965=VERTEX_POINT('',#12903);
#5966=VERTEX_POINT('',#12905);
#5967=VERTEX_POINT('',#12909);
#5968=VERTEX_POINT('',#12911);
#5969=VERTEX_POINT('',#12915);
#5970=VERTEX_POINT('',#12919);
#5971=VERTEX_POINT('',#12926);
#5972=VERTEX_POINT('',#12927);
#5973=VERTEX_POINT('',#12929);
#5974=VERTEX_POINT('',#12931);
#5975=VERTEX_POINT('',#12935);
#5976=VERTEX_POINT('',#12937);
#5977=VERTEX_POINT('',#12941);
#5978=VERTEX_POINT('',#12943);
#5979=VERTEX_POINT('',#12952);
#5980=VERTEX_POINT('',#12953);
#5981=VERTEX_POINT('',#12955);
#5982=VERTEX_POINT('',#12957);
#5983=VERTEX_POINT('',#12961);
#5984=VERTEX_POINT('',#12963);
#5985=VERTEX_POINT('',#12967);
#5986=VERTEX_POINT('',#12971);
#5987=VERTEX_POINT('',#12978);
#5988=VERTEX_POINT('',#12979);
#5989=VERTEX_POINT('',#12981);
#5990=VERTEX_POINT('',#12983);
#5991=VERTEX_POINT('',#12987);
#5992=VERTEX_POINT('',#12988);
#5993=VERTEX_POINT('',#12993);
#5994=VERTEX_POINT('',#12995);
#5995=VERTEX_POINT('',#13004);
#5996=VERTEX_POINT('',#13005);
#5997=VERTEX_POINT('',#13007);
#5998=VERTEX_POINT('',#13009);
#5999=VERTEX_POINT('',#13013);
#6000=VERTEX_POINT('',#13014);
#6001=VERTEX_POINT('',#13016);
#6002=VERTEX_POINT('',#13018);
#6003=VERTEX_POINT('',#13022);
#6004=VERTEX_POINT('',#13024);
#6005=VERTEX_POINT('',#13028);
#6006=VERTEX_POINT('',#13029);
#6007=VERTEX_POINT('',#13031);
#6008=VERTEX_POINT('',#13033);
#6009=VERTEX_POINT('',#13040);
#6010=VERTEX_POINT('',#13042);
#6011=VERTEX_POINT('',#13046);
#6012=VERTEX_POINT('',#13048);
#6013=VERTEX_POINT('',#13051);
#6014=VERTEX_POINT('',#13053);
#6015=VERTEX_POINT('',#13057);
#6016=VERTEX_POINT('',#13059);
#6017=VERTEX_POINT('',#13062);
#6018=VERTEX_POINT('',#13064);
#6019=VERTEX_POINT('',#13078);
#6020=VERTEX_POINT('',#13079);
#6021=VERTEX_POINT('',#13081);
#6022=VERTEX_POINT('',#13083);
#6023=VERTEX_POINT('',#13087);
#6024=VERTEX_POINT('',#13088);
#6025=VERTEX_POINT('',#13093);
#6026=VERTEX_POINT('',#13095);
#6027=VERTEX_POINT('',#13104);
#6028=VERTEX_POINT('',#13105);
#6029=VERTEX_POINT('',#13107);
#6030=VERTEX_POINT('',#13109);
#6031=VERTEX_POINT('',#13113);
#6032=VERTEX_POINT('',#13114);
#6033=VERTEX_POINT('',#13116);
#6034=VERTEX_POINT('',#13118);
#6035=VERTEX_POINT('',#13130);
#6036=VERTEX_POINT('',#13131);
#6037=VERTEX_POINT('',#13133);
#6038=VERTEX_POINT('',#13135);
#6039=VERTEX_POINT('',#13139);
#6040=VERTEX_POINT('',#13140);
#6041=VERTEX_POINT('',#13145);
#6042=VERTEX_POINT('',#13147);
#6043=VERTEX_POINT('',#13156);
#6044=VERTEX_POINT('',#13158);
#6045=VERTEX_POINT('',#13160);
#6046=VERTEX_POINT('',#13161);
#6047=VERTEX_POINT('',#13163);
#6048=VERTEX_POINT('',#13165);
#6049=VERTEX_POINT('',#13169);
#6050=VERTEX_POINT('',#13171);
#6051=VERTEX_POINT('',#13173);
#6052=VERTEX_POINT('',#13175);
#6053=VERTEX_POINT('',#13179);
#6054=VERTEX_POINT('',#13181);
#6055=VERTEX_POINT('',#13183);
#6056=VERTEX_POINT('',#13185);
#6057=VERTEX_POINT('',#13189);
#6058=VERTEX_POINT('',#13191);
#6059=VERTEX_POINT('',#13198);
#6060=VERTEX_POINT('',#13201);
#6061=VERTEX_POINT('',#13204);
#6062=VERTEX_POINT('',#13206);
#6063=VERTEX_POINT('',#13208);
#6064=VERTEX_POINT('',#13209);
#6065=VERTEX_POINT('',#13211);
#6066=VERTEX_POINT('',#13213);
#6067=VERTEX_POINT('',#13217);
#6068=VERTEX_POINT('',#13219);
#6069=VERTEX_POINT('',#13221);
#6070=VERTEX_POINT('',#13225);
#6071=VERTEX_POINT('',#13227);
#6072=VERTEX_POINT('',#13229);
#6073=VERTEX_POINT('',#13231);
#6074=VERTEX_POINT('',#13235);
#6075=VERTEX_POINT('',#13248);
#6076=VERTEX_POINT('',#13249);
#6077=VERTEX_POINT('',#13251);
#6078=VERTEX_POINT('',#13253);
#6079=VERTEX_POINT('',#13257);
#6080=VERTEX_POINT('',#13259);
#6081=VERTEX_POINT('',#13263);
#6082=VERTEX_POINT('',#13265);
#6083=VERTEX_POINT('',#13274);
#6084=VERTEX_POINT('',#13275);
#6085=VERTEX_POINT('',#13277);
#6086=VERTEX_POINT('',#13279);
#6087=VERTEX_POINT('',#13283);
#6088=VERTEX_POINT('',#13285);
#6089=VERTEX_POINT('',#13289);
#6090=VERTEX_POINT('',#13291);
#6091=VERTEX_POINT('',#13300);
#6092=VERTEX_POINT('',#13301);
#6093=VERTEX_POINT('',#13303);
#6094=VERTEX_POINT('',#13305);
#6095=VERTEX_POINT('',#13309);
#6096=VERTEX_POINT('',#13311);
#6097=VERTEX_POINT('',#13315);
#6098=VERTEX_POINT('',#13317);
#6099=VERTEX_POINT('',#13326);
#6100=VERTEX_POINT('',#13328);
#6101=VERTEX_POINT('',#13330);
#6102=VERTEX_POINT('',#13331);
#6103=VERTEX_POINT('',#13333);
#6104=VERTEX_POINT('',#13335);
#6105=VERTEX_POINT('',#13339);
#6106=VERTEX_POINT('',#13341);
#6107=VERTEX_POINT('',#13343);
#6108=VERTEX_POINT('',#13345);
#6109=VERTEX_POINT('',#13349);
#6110=VERTEX_POINT('',#13351);
#6111=VERTEX_POINT('',#13353);
#6112=VERTEX_POINT('',#13355);
#6113=VERTEX_POINT('',#13359);
#6114=VERTEX_POINT('',#13361);
#6115=VERTEX_POINT('',#13368);
#6116=VERTEX_POINT('',#13371);
#6117=VERTEX_POINT('',#13374);
#6118=VERTEX_POINT('',#13376);
#6119=VERTEX_POINT('',#13377);
#6120=VERTEX_POINT('',#13379);
#6121=VERTEX_POINT('',#13381);
#6122=VERTEX_POINT('',#13385);
#6123=VERTEX_POINT('',#13387);
#6124=VERTEX_POINT('',#13389);
#6125=VERTEX_POINT('',#13391);
#6126=VERTEX_POINT('',#13395);
#6127=VERTEX_POINT('',#13397);
#6128=VERTEX_POINT('',#13399);
#6129=VERTEX_POINT('',#13403);
#6130=VERTEX_POINT('',#13405);
#6131=VERTEX_POINT('',#13418);
#6132=VERTEX_POINT('',#13419);
#6133=VERTEX_POINT('',#13421);
#6134=VERTEX_POINT('',#13423);
#6135=VERTEX_POINT('',#13427);
#6136=VERTEX_POINT('',#13429);
#6137=VERTEX_POINT('',#13433);
#6138=VERTEX_POINT('',#13435);
#6139=VERTEX_POINT('',#13444);
#6140=VERTEX_POINT('',#13446);
#6141=VERTEX_POINT('',#13447);
#6142=VERTEX_POINT('',#13449);
#6143=VERTEX_POINT('',#13451);
#6144=VERTEX_POINT('',#13455);
#6145=VERTEX_POINT('',#13457);
#6146=VERTEX_POINT('',#13461);
#6147=VERTEX_POINT('',#13463);
#6148=VERTEX_POINT('',#13472);
#6149=VERTEX_POINT('',#13476);
#6150=VERTEX_POINT('',#13477);
#6151=VERTEX_POINT('',#13479);
#6152=VERTEX_POINT('',#13481);
#6153=VERTEX_POINT('',#13485);
#6154=VERTEX_POINT('',#13487);
#6155=VERTEX_POINT('',#13491);
#6156=VERTEX_POINT('',#13493);
#6157=VERTEX_POINT('',#13502);
#6158=VERTEX_POINT('',#13503);
#6159=VERTEX_POINT('',#13505);
#6160=VERTEX_POINT('',#13507);
#6161=VERTEX_POINT('',#13511);
#6162=VERTEX_POINT('',#13513);
#6163=VERTEX_POINT('',#13517);
#6164=VERTEX_POINT('',#13519);
#6165=VERTEX_POINT('',#13528);
#6166=VERTEX_POINT('',#13529);
#6167=VERTEX_POINT('',#13531);
#6168=VERTEX_POINT('',#13533);
#6169=VERTEX_POINT('',#13537);
#6170=VERTEX_POINT('',#13539);
#6171=VERTEX_POINT('',#13541);
#6172=VERTEX_POINT('',#13543);
#6173=VERTEX_POINT('',#13547);
#6174=VERTEX_POINT('',#13549);
#6175=VERTEX_POINT('',#13553);
#6176=VERTEX_POINT('',#13555);
#6177=VERTEX_POINT('',#13562);
#6178=VERTEX_POINT('',#13565);
#6179=VERTEX_POINT('',#13568);
#6180=VERTEX_POINT('',#13569);
#6181=VERTEX_POINT('',#13571);
#6182=VERTEX_POINT('',#13573);
#6183=VERTEX_POINT('',#13577);
#6184=VERTEX_POINT('',#13579);
#6185=VERTEX_POINT('',#13581);
#6186=VERTEX_POINT('',#13585);
#6187=VERTEX_POINT('',#13587);
#6188=VERTEX_POINT('',#13591);
#6189=VERTEX_POINT('',#13600);
#6190=VERTEX_POINT('',#13601);
#6191=VERTEX_POINT('',#13603);
#6192=VERTEX_POINT('',#13605);
#6193=VERTEX_POINT('',#13609);
#6194=VERTEX_POINT('',#13611);
#6195=VERTEX_POINT('',#13615);
#6196=VERTEX_POINT('',#13617);
#6197=VERTEX_POINT('',#13626);
#6198=VERTEX_POINT('',#13627);
#6199=VERTEX_POINT('',#13629);
#6200=VERTEX_POINT('',#13631);
#6201=VERTEX_POINT('',#13635);
#6202=VERTEX_POINT('',#13637);
#6203=VERTEX_POINT('',#13639);
#6204=VERTEX_POINT('',#13641);
#6205=VERTEX_POINT('',#13645);
#6206=VERTEX_POINT('',#13647);
#6207=VERTEX_POINT('',#13651);
#6208=VERTEX_POINT('',#13653);
#6209=VERTEX_POINT('',#13660);
#6210=VERTEX_POINT('',#13663);
#6211=VERTEX_POINT('',#13666);
#6212=VERTEX_POINT('',#13667);
#6213=VERTEX_POINT('',#13669);
#6214=VERTEX_POINT('',#13671);
#6215=VERTEX_POINT('',#13675);
#6216=VERTEX_POINT('',#13677);
#6217=VERTEX_POINT('',#13679);
#6218=VERTEX_POINT('',#13683);
#6219=VERTEX_POINT('',#13685);
#6220=VERTEX_POINT('',#13689);
#6221=VERTEX_POINT('',#13698);
#6222=VERTEX_POINT('',#13699);
#6223=VERTEX_POINT('',#13701);
#6224=VERTEX_POINT('',#13703);
#6225=VERTEX_POINT('',#13707);
#6226=VERTEX_POINT('',#13709);
#6227=VERTEX_POINT('',#13713);
#6228=VERTEX_POINT('',#13715);
#6229=VERTEX_POINT('',#13724);
#6230=VERTEX_POINT('',#13725);
#6231=VERTEX_POINT('',#13727);
#6232=VERTEX_POINT('',#13729);
#6233=VERTEX_POINT('',#13733);
#6234=VERTEX_POINT('',#13735);
#6235=VERTEX_POINT('',#13737);
#6236=VERTEX_POINT('',#13739);
#6237=VERTEX_POINT('',#13743);
#6238=VERTEX_POINT('',#13745);
#6239=VERTEX_POINT('',#13749);
#6240=VERTEX_POINT('',#13751);
#6241=VERTEX_POINT('',#13758);
#6242=VERTEX_POINT('',#13761);
#6243=VERTEX_POINT('',#13764);
#6244=VERTEX_POINT('',#13765);
#6245=VERTEX_POINT('',#13767);
#6246=VERTEX_POINT('',#13769);
#6247=VERTEX_POINT('',#13773);
#6248=VERTEX_POINT('',#13775);
#6249=VERTEX_POINT('',#13777);
#6250=VERTEX_POINT('',#13781);
#6251=VERTEX_POINT('',#13783);
#6252=VERTEX_POINT('',#13787);
#6253=VERTEX_POINT('',#13796);
#6254=VERTEX_POINT('',#13798);
#6255=VERTEX_POINT('',#13800);
#6256=VERTEX_POINT('',#13801);
#6257=VERTEX_POINT('',#13803);
#6258=VERTEX_POINT('',#13805);
#6259=VERTEX_POINT('',#13809);
#6260=VERTEX_POINT('',#13811);
#6261=VERTEX_POINT('',#13813);
#6262=VERTEX_POINT('',#13815);
#6263=VERTEX_POINT('',#13819);
#6264=VERTEX_POINT('',#13821);
#6265=VERTEX_POINT('',#13823);
#6266=VERTEX_POINT('',#13825);
#6267=VERTEX_POINT('',#13829);
#6268=VERTEX_POINT('',#13831);
#6269=VERTEX_POINT('',#13838);
#6270=VERTEX_POINT('',#13841);
#6271=VERTEX_POINT('',#13844);
#6272=VERTEX_POINT('',#13846);
#6273=VERTEX_POINT('',#13847);
#6274=VERTEX_POINT('',#13849);
#6275=VERTEX_POINT('',#13851);
#6276=VERTEX_POINT('',#13855);
#6277=VERTEX_POINT('',#13857);
#6278=VERTEX_POINT('',#13859);
#6279=VERTEX_POINT('',#13861);
#6280=VERTEX_POINT('',#13865);
#6281=VERTEX_POINT('',#13867);
#6282=VERTEX_POINT('',#13869);
#6283=VERTEX_POINT('',#13873);
#6284=VERTEX_POINT('',#13875);
#6285=VERTEX_POINT('',#13888);
#6286=VERTEX_POINT('',#13889);
#6287=VERTEX_POINT('',#13891);
#6288=VERTEX_POINT('',#13893);
#6289=VERTEX_POINT('',#13897);
#6290=VERTEX_POINT('',#13899);
#6291=VERTEX_POINT('',#13901);
#6292=VERTEX_POINT('',#13903);
#6293=VERTEX_POINT('',#13907);
#6294=VERTEX_POINT('',#13909);
#6295=VERTEX_POINT('',#13913);
#6296=VERTEX_POINT('',#13915);
#6297=VERTEX_POINT('',#13922);
#6298=VERTEX_POINT('',#13925);
#6299=VERTEX_POINT('',#13928);
#6300=VERTEX_POINT('',#13929);
#6301=VERTEX_POINT('',#13931);
#6302=VERTEX_POINT('',#13933);
#6303=VERTEX_POINT('',#13937);
#6304=VERTEX_POINT('',#13939);
#6305=VERTEX_POINT('',#13941);
#6306=VERTEX_POINT('',#13945);
#6307=VERTEX_POINT('',#13947);
#6308=VERTEX_POINT('',#13951);
#6309=VERTEX_POINT('',#13960);
#6310=VERTEX_POINT('',#13961);
#6311=VERTEX_POINT('',#13963);
#6312=VERTEX_POINT('',#13965);
#6313=VERTEX_POINT('',#13969);
#6314=VERTEX_POINT('',#13971);
#6315=VERTEX_POINT('',#13975);
#6316=VERTEX_POINT('',#13977);
#6317=VERTEX_POINT('',#13986);
#6318=VERTEX_POINT('',#13988);
#6319=VERTEX_POINT('',#13990);
#6320=VERTEX_POINT('',#13991);
#6321=VERTEX_POINT('',#13993);
#6322=VERTEX_POINT('',#13995);
#6323=VERTEX_POINT('',#13999);
#6324=VERTEX_POINT('',#14001);
#6325=VERTEX_POINT('',#14003);
#6326=VERTEX_POINT('',#14005);
#6327=VERTEX_POINT('',#14009);
#6328=VERTEX_POINT('',#14011);
#6329=VERTEX_POINT('',#14013);
#6330=VERTEX_POINT('',#14015);
#6331=VERTEX_POINT('',#14019);
#6332=VERTEX_POINT('',#14021);
#6333=VERTEX_POINT('',#14028);
#6334=VERTEX_POINT('',#14031);
#6335=VERTEX_POINT('',#14034);
#6336=VERTEX_POINT('',#14036);
#6337=VERTEX_POINT('',#14037);
#6338=VERTEX_POINT('',#14039);
#6339=VERTEX_POINT('',#14041);
#6340=VERTEX_POINT('',#14045);
#6341=VERTEX_POINT('',#14047);
#6342=VERTEX_POINT('',#14049);
#6343=VERTEX_POINT('',#14051);
#6344=VERTEX_POINT('',#14055);
#6345=VERTEX_POINT('',#14057);
#6346=VERTEX_POINT('',#14059);
#6347=VERTEX_POINT('',#14063);
#6348=VERTEX_POINT('',#14065);
#6349=VERTEX_POINT('',#14078);
#6350=VERTEX_POINT('',#14079);
#6351=VERTEX_POINT('',#14081);
#6352=VERTEX_POINT('',#14083);
#6353=VERTEX_POINT('',#14087);
#6354=VERTEX_POINT('',#14089);
#6355=VERTEX_POINT('',#14093);
#6356=VERTEX_POINT('',#14095);
#6357=VERTEX_POINT('',#14104);
#6358=VERTEX_POINT('',#14105);
#6359=VERTEX_POINT('',#14107);
#6360=VERTEX_POINT('',#14109);
#6361=VERTEX_POINT('',#14113);
#6362=VERTEX_POINT('',#14115);
#6363=VERTEX_POINT('',#14119);
#6364=VERTEX_POINT('',#14121);
#6365=VERTEX_POINT('',#14130);
#6366=VERTEX_POINT('',#14131);
#6367=VERTEX_POINT('',#14133);
#6368=VERTEX_POINT('',#14135);
#6369=VERTEX_POINT('',#14139);
#6370=VERTEX_POINT('',#14141);
#6371=VERTEX_POINT('',#14145);
#6372=VERTEX_POINT('',#14147);
#6373=VERTEX_POINT('',#14156);
#6374=VERTEX_POINT('',#14157);
#6375=VERTEX_POINT('',#14159);
#6376=VERTEX_POINT('',#14161);
#6377=VERTEX_POINT('',#14165);
#6378=VERTEX_POINT('',#14167);
#6379=VERTEX_POINT('',#14171);
#6380=VERTEX_POINT('',#14173);
#6381=VERTEX_POINT('',#14177);
#6382=VERTEX_POINT('',#14178);
#6383=VERTEX_POINT('',#14180);
#6384=VERTEX_POINT('',#14182);
#6385=VERTEX_POINT('',#14186);
#6386=VERTEX_POINT('',#14188);
#6387=VERTEX_POINT('',#14192);
#6388=VERTEX_POINT('',#14194);
#6389=VERTEX_POINT('',#14198);
#6390=VERTEX_POINT('',#14200);
#6391=VERTEX_POINT('',#14204);
#6392=VERTEX_POINT('',#14206);
#6393=VERTEX_POINT('',#14218);
#6394=VERTEX_POINT('',#14219);
#6395=VERTEX_POINT('',#14221);
#6396=VERTEX_POINT('',#14223);
#6397=VERTEX_POINT('',#14227);
#6398=VERTEX_POINT('',#14229);
#6399=VERTEX_POINT('',#14233);
#6400=VERTEX_POINT('',#14235);
#6401=VERTEX_POINT('',#14239);
#6402=VERTEX_POINT('',#14240);
#6403=VERTEX_POINT('',#14242);
#6404=VERTEX_POINT('',#14244);
#6405=VERTEX_POINT('',#14248);
#6406=VERTEX_POINT('',#14250);
#6407=VERTEX_POINT('',#14254);
#6408=VERTEX_POINT('',#14256);
#6409=VERTEX_POINT('',#14260);
#6410=VERTEX_POINT('',#14262);
#6411=VERTEX_POINT('',#14266);
#6412=VERTEX_POINT('',#14268);
#6413=VERTEX_POINT('',#14280);
#6414=VERTEX_POINT('',#14281);
#6415=VERTEX_POINT('',#14283);
#6416=VERTEX_POINT('',#14285);
#6417=VERTEX_POINT('',#14289);
#6418=VERTEX_POINT('',#14290);
#6419=VERTEX_POINT('',#14292);
#6420=VERTEX_POINT('',#14294);
#6421=VERTEX_POINT('',#14306);
#6422=VERTEX_POINT('',#14307);
#6423=VERTEX_POINT('',#14309);
#6424=VERTEX_POINT('',#14311);
#6425=VERTEX_POINT('',#14315);
#6426=VERTEX_POINT('',#14317);
#6427=VERTEX_POINT('',#14321);
#6428=VERTEX_POINT('',#14323);
#6429=VERTEX_POINT('',#14332);
#6430=VERTEX_POINT('',#14333);
#6431=VERTEX_POINT('',#14335);
#6432=VERTEX_POINT('',#14337);
#6433=VERTEX_POINT('',#14341);
#6434=VERTEX_POINT('',#14343);
#6435=VERTEX_POINT('',#14347);
#6436=VERTEX_POINT('',#14349);
#6437=VERTEX_POINT('',#14358);
#6438=VERTEX_POINT('',#14359);
#6439=VERTEX_POINT('',#14361);
#6440=VERTEX_POINT('',#14363);
#6441=VERTEX_POINT('',#14367);
#6442=VERTEX_POINT('',#14368);
#6443=VERTEX_POINT('',#14370);
#6444=VERTEX_POINT('',#14372);
#6445=VERTEX_POINT('',#14384);
#6446=VERTEX_POINT('',#14385);
#6447=VERTEX_POINT('',#14387);
#6448=VERTEX_POINT('',#14389);
#6449=VERTEX_POINT('',#14393);
#6450=VERTEX_POINT('',#14395);
#6451=VERTEX_POINT('',#14399);
#6452=VERTEX_POINT('',#14401);
#6453=VERTEX_POINT('',#14410);
#6454=VERTEX_POINT('',#14411);
#6455=VERTEX_POINT('',#14413);
#6456=VERTEX_POINT('',#14415);
#6457=VERTEX_POINT('',#14419);
#6458=VERTEX_POINT('',#14421);
#6459=VERTEX_POINT('',#14425);
#6460=VERTEX_POINT('',#14427);
#6461=VERTEX_POINT('',#14436);
#6462=VERTEX_POINT('',#14437);
#6463=VERTEX_POINT('',#14439);
#6464=VERTEX_POINT('',#14441);
#6465=VERTEX_POINT('',#14445);
#6466=VERTEX_POINT('',#14447);
#6467=VERTEX_POINT('',#14451);
#6468=VERTEX_POINT('',#14453);
#6469=VERTEX_POINT('',#14457);
#6470=VERTEX_POINT('',#14459);
#6471=VERTEX_POINT('',#14463);
#6472=VERTEX_POINT('',#14465);
#6473=VERTEX_POINT('',#14469);
#6474=VERTEX_POINT('',#14471);
#6475=VERTEX_POINT('',#14475);
#6476=VERTEX_POINT('',#14477);
#6477=VERTEX_POINT('',#14486);
#6478=VERTEX_POINT('',#14488);
#6479=VERTEX_POINT('',#14491);
#6480=VERTEX_POINT('',#14494);
#6481=VERTEX_POINT('',#14497);
#6482=VERTEX_POINT('',#14500);
#6483=VERTEX_POINT('',#14503);
#6484=VERTEX_POINT('',#14506);
#6485=VERTEX_POINT('',#14509);
#6486=VERTEX_POINT('',#14512);
#6487=VERTEX_POINT('',#14515);
#6488=VERTEX_POINT('',#14518);
#6489=VERTEX_POINT('',#14521);
#6490=VERTEX_POINT('',#14524);
#6491=VERTEX_POINT('',#14527);
#6492=VERTEX_POINT('',#14530);
#6493=VERTEX_POINT('',#14534);
#6494=VERTEX_POINT('',#14535);
#6495=VERTEX_POINT('',#14537);
#6496=VERTEX_POINT('',#14539);
#6497=VERTEX_POINT('',#14541);
#6498=VERTEX_POINT('',#14543);
#6499=VERTEX_POINT('',#14545);
#6500=VERTEX_POINT('',#14547);
#6501=VERTEX_POINT('',#14551);
#6502=VERTEX_POINT('',#14552);
#6503=VERTEX_POINT('',#14554);
#6504=VERTEX_POINT('',#14556);
#6505=VERTEX_POINT('',#14560);
#6506=VERTEX_POINT('',#14561);
#6507=VERTEX_POINT('',#14563);
#6508=VERTEX_POINT('',#14565);
#6509=VERTEX_POINT('',#14567);
#6510=VERTEX_POINT('',#14569);
#6511=VERTEX_POINT('',#14571);
#6512=VERTEX_POINT('',#14573);
#6513=VERTEX_POINT('',#14577);
#6514=VERTEX_POINT('',#14578);
#6515=VERTEX_POINT('',#14580);
#6516=VERTEX_POINT('',#14582);
#6517=VERTEX_POINT('',#14586);
#6518=VERTEX_POINT('',#14587);
#6519=VERTEX_POINT('',#14589);
#6520=VERTEX_POINT('',#14591);
#6521=VERTEX_POINT('',#14595);
#6522=VERTEX_POINT('',#14596);
#6523=VERTEX_POINT('',#14598);
#6524=VERTEX_POINT('',#14600);
#6525=VERTEX_POINT('',#14648);
#6526=VERTEX_POINT('',#14649);
#6527=VERTEX_POINT('',#14651);
#6528=VERTEX_POINT('',#14653);
#6529=VERTEX_POINT('',#14657);
#6530=VERTEX_POINT('',#14659);
#6531=VERTEX_POINT('',#14663);
#6532=VERTEX_POINT('',#14665);
#6533=VERTEX_POINT('',#14669);
#6534=VERTEX_POINT('',#14671);
#6535=VERTEX_POINT('',#14675);
#6536=VERTEX_POINT('',#14677);
#6537=VERTEX_POINT('',#14681);
#6538=VERTEX_POINT('',#14683);
#6539=VERTEX_POINT('',#14687);
#6540=VERTEX_POINT('',#14689);
#6541=VERTEX_POINT('',#14698);
#6542=VERTEX_POINT('',#14699);
#6543=VERTEX_POINT('',#14701);
#6544=VERTEX_POINT('',#14703);
#6545=VERTEX_POINT('',#14707);
#6546=VERTEX_POINT('',#14709);
#6547=VERTEX_POINT('',#14713);
#6548=VERTEX_POINT('',#14715);
#6549=VERTEX_POINT('',#14724);
#6550=VERTEX_POINT('',#14725);
#6551=VERTEX_POINT('',#14727);
#6552=VERTEX_POINT('',#14729);
#6553=VERTEX_POINT('',#14733);
#6554=VERTEX_POINT('',#14735);
#6555=VERTEX_POINT('',#14739);
#6556=VERTEX_POINT('',#14741);
#6557=VERTEX_POINT('',#14745);
#6558=VERTEX_POINT('',#14746);
#6559=VERTEX_POINT('',#14748);
#6560=VERTEX_POINT('',#14750);
#6561=VERTEX_POINT('',#14754);
#6562=VERTEX_POINT('',#14756);
#6563=VERTEX_POINT('',#14760);
#6564=VERTEX_POINT('',#14762);
#6565=VERTEX_POINT('',#14774);
#6566=VERTEX_POINT('',#14775);
#6567=VERTEX_POINT('',#14777);
#6568=VERTEX_POINT('',#14779);
#6569=VERTEX_POINT('',#14783);
#6570=VERTEX_POINT('',#14785);
#6571=VERTEX_POINT('',#14789);
#6572=VERTEX_POINT('',#14791);
#6573=VERTEX_POINT('',#14795);
#6574=VERTEX_POINT('',#14797);
#6575=VERTEX_POINT('',#14801);
#6576=VERTEX_POINT('',#14803);
#6577=VERTEX_POINT('',#14807);
#6578=VERTEX_POINT('',#14809);
#6579=VERTEX_POINT('',#14813);
#6580=VERTEX_POINT('',#14815);
#6581=VERTEX_POINT('',#14881);
#6582=VERTEX_POINT('',#14940);
#6583=VERTEX_POINT('',#14999);
#6584=VERTEX_POINT('',#15058);
#6585=VERTEX_POINT('',#15117);
#6586=VERTEX_POINT('',#15176);
#6587=VERTEX_POINT('',#15235);
#6588=VERTEX_POINT('',#15294);
#6589=VERTEX_POINT('',#15353);
#6590=VERTEX_POINT('',#15355);
#6591=VERTEX_POINT('',#15357);
#6592=VERTEX_POINT('',#15416);
#6593=VERTEX_POINT('',#15422);
#6594=VERTEX_POINT('',#15424);
#6595=VERTEX_POINT('',#15428);
#6596=VERTEX_POINT('',#15431);
#6597=VERTEX_POINT('',#15435);
#6598=VERTEX_POINT('',#15437);
#6599=VERTEX_POINT('',#15441);
#6600=VERTEX_POINT('',#15444);
#6601=VERTEX_POINT('',#15448);
#6602=VERTEX_POINT('',#15450);
#6603=VERTEX_POINT('',#15454);
#6604=VERTEX_POINT('',#15457);
#6605=VERTEX_POINT('',#15461);
#6606=VERTEX_POINT('',#15464);
#6607=VERTEX_POINT('',#15467);
#6608=VERTEX_POINT('',#15470);
#6609=VERTEX_POINT('',#15474);
#6610=VERTEX_POINT('',#15477);
#6611=VERTEX_POINT('',#15478);
#6612=VERTEX_POINT('',#15480);
#6613=VERTEX_POINT('',#15484);
#6614=VERTEX_POINT('',#15488);
#6615=VERTEX_POINT('',#15492);
#6616=VERTEX_POINT('',#15494);
#6617=VERTEX_POINT('',#15496);
#6618=VERTEX_POINT('',#15498);
#6619=VERTEX_POINT('',#15502);
#6620=VERTEX_POINT('',#15503);
#6621=VERTEX_POINT('',#15505);
#6622=VERTEX_POINT('',#15507);
#6623=VERTEX_POINT('',#15509);
#6624=VERTEX_POINT('',#15511);
#6625=VERTEX_POINT('',#15524);
#6626=VERTEX_POINT('',#15526);
#6627=VERTEX_POINT('',#15529);
#6628=VERTEX_POINT('',#15531);
#6629=VERTEX_POINT('',#15538);
#6630=VERTEX_POINT('',#15539);
#6631=VERTEX_POINT('',#15541);
#6632=VERTEX_POINT('',#15543);
#6633=VERTEX_POINT('',#15547);
#6634=VERTEX_POINT('',#15549);
#6635=VERTEX_POINT('',#15551);
#6636=VERTEX_POINT('',#15553);
#6637=VERTEX_POINT('',#15555);
#6638=VERTEX_POINT('',#15557);
#6639=VERTEX_POINT('',#15561);
#6640=VERTEX_POINT('',#15563);
#6641=VERTEX_POINT('',#15571);
#6642=VERTEX_POINT('',#15573);
#6643=VERTEX_POINT('',#15575);
#6644=VERTEX_POINT('',#15577);
#6645=VERTEX_POINT('',#15584);
#6646=VERTEX_POINT('',#15585);
#6647=VERTEX_POINT('',#15587);
#6648=VERTEX_POINT('',#15589);
#6649=VERTEX_POINT('',#15593);
#6650=VERTEX_POINT('',#15594);
#6651=VERTEX_POINT('',#15596);
#6652=VERTEX_POINT('',#15598);
#6653=VERTEX_POINT('',#15602);
#6654=VERTEX_POINT('',#15604);
#6655=VERTEX_POINT('',#15606);
#6656=VERTEX_POINT('',#15608);
#6657=VERTEX_POINT('',#15612);
#6658=VERTEX_POINT('',#15614);
#6659=VERTEX_POINT('',#15618);
#6660=VERTEX_POINT('',#15620);
#6661=VERTEX_POINT('',#15627);
#6662=VERTEX_POINT('',#15628);
#6663=VERTEX_POINT('',#15630);
#6664=VERTEX_POINT('',#15632);
#6665=VERTEX_POINT('',#15636);
#6666=VERTEX_POINT('',#15638);
#6667=VERTEX_POINT('',#15642);
#6668=VERTEX_POINT('',#15644);
#6669=VERTEX_POINT('',#15648);
#6670=VERTEX_POINT('',#15650);
#6671=VERTEX_POINT('',#15654);
#6672=VERTEX_POINT('',#15656);
#6673=VERTEX_POINT('',#15658);
#6674=VERTEX_POINT('',#15660);
#6675=VERTEX_POINT('',#15664);
#6676=VERTEX_POINT('',#15666);
#6677=VERTEX_POINT('',#15670);
#6678=VERTEX_POINT('',#15672);
#6679=VERTEX_POINT('',#15674);
#6680=VERTEX_POINT('',#15676);
#6681=VERTEX_POINT('',#15680);
#6682=VERTEX_POINT('',#15682);
#6683=VERTEX_POINT('',#15686);
#6684=VERTEX_POINT('',#15688);
#6685=VERTEX_POINT('',#15692);
#6686=VERTEX_POINT('',#15694);
#6687=VERTEX_POINT('',#15698);
#6688=VERTEX_POINT('',#15700);
#6689=VERTEX_POINT('',#15704);
#6690=VERTEX_POINT('',#15706);
#6691=VERTEX_POINT('',#15710);
#6692=VERTEX_POINT('',#15712);
#6693=VERTEX_POINT('',#15716);
#6694=VERTEX_POINT('',#15718);
#6695=VERTEX_POINT('',#15722);
#6696=VERTEX_POINT('',#15724);
#6697=VERTEX_POINT('',#15729);
#6698=VERTEX_POINT('',#15731);
#6699=VERTEX_POINT('',#15734);
#6700=VERTEX_POINT('',#15737);
#6701=VERTEX_POINT('',#15739);
#6702=VERTEX_POINT('',#15742);
#6703=VERTEX_POINT('',#15772);
#6704=VERTEX_POINT('',#15773);
#6705=VERTEX_POINT('',#15776);
#6706=VERTEX_POINT('',#15777);
#6707=VERTEX_POINT('',#15779);
#6708=VERTEX_POINT('',#15781);
#6709=VERTEX_POINT('',#15801);
#6710=VERTEX_POINT('',#15802);
#6711=VERTEX_POINT('',#15806);
#6712=VERTEX_POINT('',#15808);
#6713=VERTEX_POINT('',#15811);
#6714=VERTEX_POINT('',#15813);
#6715=VERTEX_POINT('',#15816);
#6716=VERTEX_POINT('',#15817);
#6717=VERTEX_POINT('',#15819);
#6718=VERTEX_POINT('',#15821);
#6719=VERTEX_POINT('',#15839);
#6720=VERTEX_POINT('',#15841);
#6721=VERTEX_POINT('',#15842);
#6722=VERTEX_POINT('',#15844);
#6723=VERTEX_POINT('',#15846);
#6724=VERTEX_POINT('',#15906);
#6725=VERTEX_POINT('',#15965);
#6726=VERTEX_POINT('',#16025);
#6727=VERTEX_POINT('',#16027);
#6728=VERTEX_POINT('',#16029);
#6729=VERTEX_POINT('',#16088);
#6730=VERTEX_POINT('',#16091);
#6731=VERTEX_POINT('',#16092);
#6732=VERTEX_POINT('',#16094);
#6733=VERTEX_POINT('',#16098);
#6734=VERTEX_POINT('',#16100);
#6735=VERTEX_POINT('',#16105);
#6736=VERTEX_POINT('',#16108);
#6737=VERTEX_POINT('',#16113);
#6738=VERTEX_POINT('',#16115);
#6739=VERTEX_POINT('',#16119);
#6740=VERTEX_POINT('',#16123);
#6741=VERTEX_POINT('',#16130);
#6742=EDGE_CURVE('',#5947,#5948,#7857,.T.);
#6743=EDGE_CURVE('',#5949,#5947,#7858,.T.);
#6744=EDGE_CURVE('',#5949,#5950,#7859,.T.);
#6745=EDGE_CURVE('',#5950,#5948,#7860,.T.);
#6746=EDGE_CURVE('',#5948,#5951,#7861,.T.);
#6747=EDGE_CURVE('',#5950,#5952,#7862,.T.);
#6748=EDGE_CURVE('',#5952,#5951,#7863,.T.);
#6749=EDGE_CURVE('',#5951,#5953,#7864,.T.);
#6750=EDGE_CURVE('',#5952,#5954,#7865,.T.);
#6751=EDGE_CURVE('',#5954,#5953,#7866,.T.);
#6752=EDGE_CURVE('',#5953,#5947,#7867,.T.);
#6753=EDGE_CURVE('',#5954,#5949,#7868,.T.);
#6754=EDGE_CURVE('',#5955,#5956,#7869,.T.);
#6755=EDGE_CURVE('',#5957,#5956,#7870,.T.);
#6756=EDGE_CURVE('',#5958,#5957,#7871,.T.);
#6757=EDGE_CURVE('',#5958,#5955,#7872,.T.);
#6758=EDGE_CURVE('',#5956,#5959,#7873,.T.);
#6759=EDGE_CURVE('',#5960,#5959,#7874,.T.);
#6760=EDGE_CURVE('',#5957,#5960,#7875,.T.);
#6761=EDGE_CURVE('',#5959,#5961,#7876,.T.);
#6762=EDGE_CURVE('',#5962,#5961,#7877,.T.);
#6763=EDGE_CURVE('',#5960,#5962,#7878,.T.);
#6764=EDGE_CURVE('',#5961,#5955,#7879,.T.);
#6765=EDGE_CURVE('',#5962,#5958,#7880,.T.);
#6766=EDGE_CURVE('',#5963,#5964,#7881,.T.);
#6767=EDGE_CURVE('',#5964,#5965,#7882,.T.);
#6768=EDGE_CURVE('',#5965,#5966,#7883,.T.);
#6769=EDGE_CURVE('',#5966,#5963,#7884,.T.);
#6770=EDGE_CURVE('',#5964,#5967,#7885,.T.);
#6771=EDGE_CURVE('',#5967,#5968,#7886,.T.);
#6772=EDGE_CURVE('',#5965,#5968,#7887,.T.);
#6773=EDGE_CURVE('',#5963,#5969,#7888,.T.);
#6774=EDGE_CURVE('',#5969,#5967,#7889,.T.);
#6775=EDGE_CURVE('',#5968,#5970,#7890,.T.);
#6776=EDGE_CURVE('',#5966,#5970,#7891,.T.);
#6777=EDGE_CURVE('',#5970,#5969,#7892,.T.);
#6778=EDGE_CURVE('',#5971,#5972,#7893,.T.);
#6779=EDGE_CURVE('',#5973,#5971,#7894,.T.);
#6780=EDGE_CURVE('',#5973,#5974,#7895,.T.);
#6781=EDGE_CURVE('',#5974,#5972,#7896,.T.);
#6782=EDGE_CURVE('',#5972,#5975,#7897,.T.);
#6783=EDGE_CURVE('',#5974,#5976,#7898,.T.);
#6784=EDGE_CURVE('',#5976,#5975,#7899,.T.);
#6785=EDGE_CURVE('',#5975,#5977,#7900,.T.);
#6786=EDGE_CURVE('',#5976,#5978,#7901,.T.);
#6787=EDGE_CURVE('',#5978,#5977,#7902,.T.);
#6788=EDGE_CURVE('',#5977,#5971,#7903,.T.);
#6789=EDGE_CURVE('',#5978,#5973,#7904,.T.);
#6790=EDGE_CURVE('',#5979,#5980,#7905,.T.);
#6791=EDGE_CURVE('',#5980,#5981,#7906,.T.);
#6792=EDGE_CURVE('',#5981,#5982,#7907,.T.);
#6793=EDGE_CURVE('',#5982,#5979,#7908,.T.);
#6794=EDGE_CURVE('',#5980,#5983,#7909,.T.);
#6795=EDGE_CURVE('',#5983,#5984,#7910,.T.);
#6796=EDGE_CURVE('',#5981,#5984,#7911,.T.);
#6797=EDGE_CURVE('',#5979,#5985,#7912,.T.);
#6798=EDGE_CURVE('',#5985,#5983,#7913,.T.);
#6799=EDGE_CURVE('',#5984,#5986,#7914,.T.);
#6800=EDGE_CURVE('',#5982,#5986,#7915,.T.);
#6801=EDGE_CURVE('',#5986,#5985,#7916,.T.);
#6802=EDGE_CURVE('',#5987,#5988,#7917,.T.);
#6803=EDGE_CURVE('',#5989,#5988,#7918,.T.);
#6804=EDGE_CURVE('',#5990,#5989,#7919,.T.);
#6805=EDGE_CURVE('',#5990,#5987,#7920,.T.);
#6806=EDGE_CURVE('',#5991,#5992,#7921,.T.);
#6807=EDGE_CURVE('',#5991,#5990,#7922,.T.);
#6808=EDGE_CURVE('',#5989,#5992,#7923,.T.);
#6809=EDGE_CURVE('',#5993,#5987,#7924,.T.);
#6810=EDGE_CURVE('',#5993,#5994,#7925,.T.);
#6811=EDGE_CURVE('',#5988,#5994,#7926,.T.);
#6812=EDGE_CURVE('',#5992,#5994,#7927,.T.);
#6813=EDGE_CURVE('',#5991,#5993,#7928,.T.);
#6814=EDGE_CURVE('',#5995,#5996,#7929,.T.);
#6815=EDGE_CURVE('',#5997,#5995,#7930,.T.);
#6816=EDGE_CURVE('',#5997,#5998,#7931,.T.);
#6817=EDGE_CURVE('',#5998,#5996,#7932,.T.);
#6818=EDGE_CURVE('',#5999,#6000,#7933,.T.);
#6819=EDGE_CURVE('',#6001,#5999,#7934,.T.);
#6820=EDGE_CURVE('',#6001,#6002,#7935,.T.);
#6821=EDGE_CURVE('',#6002,#6000,#7936,.T.);
#6822=EDGE_CURVE('',#6003,#5998,#7937,.T.);
#6823=EDGE_CURVE('',#6004,#5997,#7938,.T.);
#6824=EDGE_CURVE('',#6004,#6003,#7939,.T.);
#6825=EDGE_CURVE('',#6005,#6006,#7940,.T.);
#6826=EDGE_CURVE('',#6005,#6007,#7941,.T.);
#6827=EDGE_CURVE('',#6007,#6008,#7942,.T.);
#6828=EDGE_CURVE('',#6006,#6008,#7943,.T.);
#6829=EDGE_CURVE('',#6008,#6002,#7944,.T.);
#6830=EDGE_CURVE('',#6006,#6001,#7945,.T.);
#6831=EDGE_CURVE('',#6009,#6004,#7946,.T.);
#6832=EDGE_CURVE('',#6009,#6010,#7947,.T.);
#6833=EDGE_CURVE('',#6010,#6003,#7948,.T.);
#6834=EDGE_CURVE('',#6011,#5995,#7949,.T.);
#6835=EDGE_CURVE('',#6012,#6011,#7950,.T.);
#6836=EDGE_CURVE('',#6005,#6012,#7951,.T.);
#6837=EDGE_CURVE('',#6013,#5999,#7952,.T.);
#6838=EDGE_CURVE('',#6014,#6013,#7953,.T.);
#6839=EDGE_CURVE('',#6009,#6014,#7954,.T.);
#6840=EDGE_CURVE('',#6010,#6015,#7955,.T.);
#6841=EDGE_CURVE('',#6015,#6016,#7956,.T.);
#6842=EDGE_CURVE('',#6016,#6000,#7957,.T.);
#6843=EDGE_CURVE('',#6007,#6017,#7958,.T.);
#6844=EDGE_CURVE('',#6017,#6018,#7959,.T.);
#6845=EDGE_CURVE('',#6018,#5996,#7960,.T.);
#6846=EDGE_CURVE('',#6013,#6016,#7961,.T.);
#6847=EDGE_CURVE('',#6014,#6015,#7962,.T.);
#6848=EDGE_CURVE('',#6012,#6017,#7963,.T.);
#6849=EDGE_CURVE('',#6011,#6018,#7964,.T.);
#6850=EDGE_CURVE('',#6019,#6020,#7965,.T.);
#6851=EDGE_CURVE('',#6021,#6020,#7966,.T.);
#6852=EDGE_CURVE('',#6022,#6021,#7967,.T.);
#6853=EDGE_CURVE('',#6022,#6019,#7968,.T.);
#6854=EDGE_CURVE('',#6023,#6024,#7969,.T.);
#6855=EDGE_CURVE('',#6023,#6022,#7970,.T.);
#6856=EDGE_CURVE('',#6021,#6024,#7971,.T.);
#6857=EDGE_CURVE('',#6025,#6019,#7972,.T.);
#6858=EDGE_CURVE('',#6025,#6026,#7973,.T.);
#6859=EDGE_CURVE('',#6020,#6026,#7974,.T.);
#6860=EDGE_CURVE('',#6024,#6026,#7975,.T.);
#6861=EDGE_CURVE('',#6023,#6025,#7976,.T.);
#6862=EDGE_CURVE('',#6027,#6028,#7977,.T.);
#6863=EDGE_CURVE('',#6027,#6029,#7978,.T.);
#6864=EDGE_CURVE('',#6029,#6030,#7979,.T.);
#6865=EDGE_CURVE('',#6030,#6028,#7980,.T.);
#6866=EDGE_CURVE('',#6031,#6032,#7981,.T.);
#6867=EDGE_CURVE('',#6031,#6033,#7982,.T.);
#6868=EDGE_CURVE('',#6034,#6033,#7983,.T.);
#6869=EDGE_CURVE('',#6032,#6034,#7984,.T.);
#6870=EDGE_CURVE('',#6030,#6034,#7985,.T.);
#6871=EDGE_CURVE('',#6029,#6032,#7986,.T.);
#6872=EDGE_CURVE('',#6028,#6033,#7987,.T.);
#6873=EDGE_CURVE('',#6027,#6031,#7988,.T.);
#6874=EDGE_CURVE('',#6035,#6036,#7989,.T.);
#6875=EDGE_CURVE('',#6037,#6036,#7990,.T.);
#6876=EDGE_CURVE('',#6038,#6037,#7991,.T.);
#6877=EDGE_CURVE('',#6038,#6035,#7992,.T.);
#6878=EDGE_CURVE('',#6039,#6040,#7993,.T.);
#6879=EDGE_CURVE('',#6039,#6038,#7994,.T.);
#6880=EDGE_CURVE('',#6037,#6040,#7995,.T.);
#6881=EDGE_CURVE('',#6041,#6035,#7996,.T.);
#6882=EDGE_CURVE('',#6041,#6042,#7997,.T.);
#6883=EDGE_CURVE('',#6036,#6042,#7998,.T.);
#6884=EDGE_CURVE('',#6040,#6042,#7999,.T.);
#6885=EDGE_CURVE('',#6039,#6041,#8000,.T.);
#6886=EDGE_CURVE('',#6043,#6043,#839,.T.);
#6887=EDGE_CURVE('',#6044,#6044,#840,.T.);
#6888=EDGE_CURVE('',#6045,#6046,#8001,.T.);
#6889=EDGE_CURVE('',#6047,#6046,#8002,.T.);
#6890=EDGE_CURVE('',#6048,#6047,#8003,.T.);
#6891=EDGE_CURVE('',#6048,#6045,#8004,.T.);
#6892=EDGE_CURVE('',#6049,#6049,#841,.T.);
#6893=EDGE_CURVE('',#6050,#6050,#842,.T.);
#6894=EDGE_CURVE('',#6046,#6051,#8005,.T.);
#6895=EDGE_CURVE('',#6052,#6051,#8006,.T.);
#6896=EDGE_CURVE('',#6047,#6052,#8007,.T.);
#6897=EDGE_CURVE('',#6053,#6053,#843,.T.);
#6898=EDGE_CURVE('',#6054,#6054,#844,.T.);
#6899=EDGE_CURVE('',#6051,#6055,#8008,.T.);
#6900=EDGE_CURVE('',#6056,#6055,#8009,.T.);
#6901=EDGE_CURVE('',#6052,#6056,#8010,.T.);
#6902=EDGE_CURVE('',#6057,#6057,#845,.T.);
#6903=EDGE_CURVE('',#6058,#6058,#846,.T.);
#6904=EDGE_CURVE('',#6055,#6045,#8011,.T.);
#6905=EDGE_CURVE('',#6056,#6048,#8012,.T.);
#6906=EDGE_CURVE('',#6059,#6059,#847,.T.);
#6907=EDGE_CURVE('',#6060,#6060,#848,.T.);
#6908=EDGE_CURVE('',#6061,#6061,#849,.T.);
#6909=EDGE_CURVE('',#6062,#6062,#850,.T.);
#6910=EDGE_CURVE('',#6063,#6064,#8013,.T.);
#6911=EDGE_CURVE('',#6065,#6063,#8014,.T.);
#6912=EDGE_CURVE('',#6065,#6066,#8015,.T.);
#6913=EDGE_CURVE('',#6066,#6064,#8016,.T.);
#6914=EDGE_CURVE('',#6067,#6067,#851,.T.);
#6915=EDGE_CURVE('',#6064,#6068,#8017,.T.);
#6916=EDGE_CURVE('',#6066,#6069,#8018,.T.);
#6917=EDGE_CURVE('',#6069,#6068,#8019,.T.);
#6918=EDGE_CURVE('',#6070,#6070,#852,.T.);
#6919=EDGE_CURVE('',#6071,#6071,#853,.T.);
#6920=EDGE_CURVE('',#6068,#6072,#8020,.T.);
#6921=EDGE_CURVE('',#6069,#6073,#8021,.T.);
#6922=EDGE_CURVE('',#6073,#6072,#8022,.T.);
#6923=EDGE_CURVE('',#6074,#6074,#854,.T.);
#6924=EDGE_CURVE('',#6072,#6063,#8023,.T.);
#6925=EDGE_CURVE('',#6073,#6065,#8024,.T.);
#6926=EDGE_CURVE('',#6075,#6076,#8025,.T.);
#6927=EDGE_CURVE('',#6077,#6076,#8026,.T.);
#6928=EDGE_CURVE('',#6078,#6077,#8027,.T.);
#6929=EDGE_CURVE('',#6078,#6075,#8028,.T.);
#6930=EDGE_CURVE('',#6076,#6079,#8029,.T.);
#6931=EDGE_CURVE('',#6080,#6079,#8030,.T.);
#6932=EDGE_CURVE('',#6077,#6080,#8031,.T.);
#6933=EDGE_CURVE('',#6079,#6081,#8032,.T.);
#6934=EDGE_CURVE('',#6082,#6081,#8033,.T.);
#6935=EDGE_CURVE('',#6080,#6082,#8034,.T.);
#6936=EDGE_CURVE('',#6081,#6075,#8035,.T.);
#6937=EDGE_CURVE('',#6082,#6078,#8036,.T.);
#6938=EDGE_CURVE('',#6083,#6084,#8037,.T.);
#6939=EDGE_CURVE('',#6085,#6084,#8038,.T.);
#6940=EDGE_CURVE('',#6086,#6085,#8039,.T.);
#6941=EDGE_CURVE('',#6086,#6083,#8040,.T.);
#6942=EDGE_CURVE('',#6084,#6087,#8041,.T.);
#6943=EDGE_CURVE('',#6088,#6087,#8042,.T.);
#6944=EDGE_CURVE('',#6085,#6088,#8043,.T.);
#6945=EDGE_CURVE('',#6087,#6089,#8044,.T.);
#6946=EDGE_CURVE('',#6090,#6089,#8045,.T.);
#6947=EDGE_CURVE('',#6088,#6090,#8046,.T.);
#6948=EDGE_CURVE('',#6089,#6083,#8047,.T.);
#6949=EDGE_CURVE('',#6090,#6086,#8048,.T.);
#6950=EDGE_CURVE('',#6091,#6092,#8049,.T.);
#6951=EDGE_CURVE('',#6093,#6092,#8050,.T.);
#6952=EDGE_CURVE('',#6094,#6093,#8051,.T.);
#6953=EDGE_CURVE('',#6094,#6091,#8052,.T.);
#6954=EDGE_CURVE('',#6092,#6095,#8053,.T.);
#6955=EDGE_CURVE('',#6096,#6095,#8054,.T.);
#6956=EDGE_CURVE('',#6093,#6096,#8055,.T.);
#6957=EDGE_CURVE('',#6095,#6097,#8056,.T.);
#6958=EDGE_CURVE('',#6098,#6097,#8057,.T.);
#6959=EDGE_CURVE('',#6096,#6098,#8058,.T.);
#6960=EDGE_CURVE('',#6097,#6091,#8059,.T.);
#6961=EDGE_CURVE('',#6098,#6094,#8060,.T.);
#6962=EDGE_CURVE('',#6099,#6099,#855,.T.);
#6963=EDGE_CURVE('',#6100,#6100,#856,.T.);
#6964=EDGE_CURVE('',#6101,#6102,#8061,.T.);
#6965=EDGE_CURVE('',#6103,#6102,#8062,.T.);
#6966=EDGE_CURVE('',#6104,#6103,#8063,.T.);
#6967=EDGE_CURVE('',#6104,#6101,#8064,.T.);
#6968=EDGE_CURVE('',#6105,#6105,#857,.T.);
#6969=EDGE_CURVE('',#6106,#6106,#858,.T.);
#6970=EDGE_CURVE('',#6102,#6107,#8065,.T.);
#6971=EDGE_CURVE('',#6108,#6107,#8066,.T.);
#6972=EDGE_CURVE('',#6103,#6108,#8067,.T.);
#6973=EDGE_CURVE('',#6109,#6109,#859,.T.);
#6974=EDGE_CURVE('',#6110,#6110,#860,.T.);
#6975=EDGE_CURVE('',#6107,#6111,#8068,.T.);
#6976=EDGE_CURVE('',#6112,#6111,#8069,.T.);
#6977=EDGE_CURVE('',#6108,#6112,#8070,.T.);
#6978=EDGE_CURVE('',#6113,#6113,#861,.T.);
#6979=EDGE_CURVE('',#6114,#6114,#862,.T.);
#6980=EDGE_CURVE('',#6111,#6101,#8071,.T.);
#6981=EDGE_CURVE('',#6112,#6104,#8072,.T.);
#6982=EDGE_CURVE('',#6115,#6115,#863,.T.);
#6983=EDGE_CURVE('',#6116,#6116,#864,.T.);
#6984=EDGE_CURVE('',#6117,#6117,#865,.T.);
#6985=EDGE_CURVE('',#6118,#6119,#8073,.T.);
#6986=EDGE_CURVE('',#6120,#6118,#8074,.T.);
#6987=EDGE_CURVE('',#6120,#6121,#8075,.T.);
#6988=EDGE_CURVE('',#6121,#6119,#8076,.T.);
#6989=EDGE_CURVE('',#6122,#6122,#866,.T.);
#6990=EDGE_CURVE('',#6123,#6123,#867,.T.);
#6991=EDGE_CURVE('',#6119,#6124,#8077,.T.);
#6992=EDGE_CURVE('',#6121,#6125,#8078,.T.);
#6993=EDGE_CURVE('',#6125,#6124,#8079,.T.);
#6994=EDGE_CURVE('',#6126,#6126,#868,.T.);
#6995=EDGE_CURVE('',#6124,#6127,#8080,.T.);
#6996=EDGE_CURVE('',#6125,#6128,#8081,.T.);
#6997=EDGE_CURVE('',#6128,#6127,#8082,.T.);
#6998=EDGE_CURVE('',#6129,#6129,#869,.T.);
#6999=EDGE_CURVE('',#6130,#6130,#870,.T.);
#7000=EDGE_CURVE('',#6127,#6118,#8083,.T.);
#7001=EDGE_CURVE('',#6128,#6120,#8084,.T.);
#7002=EDGE_CURVE('',#6131,#6132,#8085,.T.);
#7003=EDGE_CURVE('',#6133,#6132,#8086,.T.);
#7004=EDGE_CURVE('',#6134,#6133,#8087,.T.);
#7005=EDGE_CURVE('',#6134,#6131,#8088,.T.);
#7006=EDGE_CURVE('',#6132,#6135,#8089,.T.);
#7007=EDGE_CURVE('',#6136,#6135,#8090,.T.);
#7008=EDGE_CURVE('',#6133,#6136,#8091,.T.);
#7009=EDGE_CURVE('',#6135,#6137,#8092,.T.);
#7010=EDGE_CURVE('',#6138,#6137,#8093,.T.);
#7011=EDGE_CURVE('',#6136,#6138,#8094,.T.);
#7012=EDGE_CURVE('',#6137,#6131,#8095,.T.);
#7013=EDGE_CURVE('',#6138,#6134,#8096,.T.);
#7014=EDGE_CURVE('',#6139,#6139,#871,.T.);
#7015=EDGE_CURVE('',#6140,#6141,#8097,.T.);
#7016=EDGE_CURVE('',#6142,#6141,#8098,.T.);
#7017=EDGE_CURVE('',#6143,#6142,#8099,.T.);
#7018=EDGE_CURVE('',#6143,#6140,#8100,.T.);
#7019=EDGE_CURVE('',#6141,#6144,#8101,.T.);
#7020=EDGE_CURVE('',#6145,#6144,#8102,.T.);
#7021=EDGE_CURVE('',#6142,#6145,#8103,.T.);
#7022=EDGE_CURVE('',#6144,#6146,#8104,.T.);
#7023=EDGE_CURVE('',#6147,#6146,#8105,.T.);
#7024=EDGE_CURVE('',#6145,#6147,#8106,.T.);
#7025=EDGE_CURVE('',#6146,#6140,#8107,.T.);
#7026=EDGE_CURVE('',#6147,#6143,#8108,.T.);
#7027=EDGE_CURVE('',#6148,#6148,#872,.T.);
#7028=EDGE_CURVE('',#6149,#6150,#8109,.T.);
#7029=EDGE_CURVE('',#6151,#6150,#8110,.T.);
#7030=EDGE_CURVE('',#6152,#6151,#8111,.T.);
#7031=EDGE_CURVE('',#6152,#6149,#8112,.T.);
#7032=EDGE_CURVE('',#6150,#6153,#8113,.T.);
#7033=EDGE_CURVE('',#6154,#6153,#8114,.T.);
#7034=EDGE_CURVE('',#6151,#6154,#8115,.T.);
#7035=EDGE_CURVE('',#6153,#6155,#8116,.T.);
#7036=EDGE_CURVE('',#6156,#6155,#8117,.T.);
#7037=EDGE_CURVE('',#6154,#6156,#8118,.T.);
#7038=EDGE_CURVE('',#6155,#6149,#8119,.T.);
#7039=EDGE_CURVE('',#6156,#6152,#8120,.T.);
#7040=EDGE_CURVE('',#6157,#6158,#8121,.T.);
#7041=EDGE_CURVE('',#6159,#6158,#8122,.T.);
#7042=EDGE_CURVE('',#6160,#6159,#8123,.T.);
#7043=EDGE_CURVE('',#6160,#6157,#8124,.T.);
#7044=EDGE_CURVE('',#6158,#6161,#8125,.T.);
#7045=EDGE_CURVE('',#6162,#6161,#8126,.T.);
#7046=EDGE_CURVE('',#6159,#6162,#8127,.T.);
#7047=EDGE_CURVE('',#6161,#6163,#8128,.T.);
#7048=EDGE_CURVE('',#6164,#6163,#8129,.T.);
#7049=EDGE_CURVE('',#6162,#6164,#8130,.T.);
#7050=EDGE_CURVE('',#6163,#6157,#8131,.T.);
#7051=EDGE_CURVE('',#6164,#6160,#8132,.T.);
#7052=EDGE_CURVE('',#6165,#6166,#8133,.T.);
#7053=EDGE_CURVE('',#6167,#6166,#8134,.T.);
#7054=EDGE_CURVE('',#6168,#6167,#8135,.T.);
#7055=EDGE_CURVE('',#6168,#6165,#8136,.T.);
#7056=EDGE_CURVE('',#6169,#6169,#873,.T.);
#7057=EDGE_CURVE('',#6170,#6170,#874,.T.);
#7058=EDGE_CURVE('',#6166,#6171,#8137,.T.);
#7059=EDGE_CURVE('',#6172,#6171,#8138,.T.);
#7060=EDGE_CURVE('',#6167,#6172,#8139,.T.);
#7061=EDGE_CURVE('',#6171,#6173,#8140,.T.);
#7062=EDGE_CURVE('',#6174,#6173,#8141,.T.);
#7063=EDGE_CURVE('',#6172,#6174,#8142,.T.);
#7064=EDGE_CURVE('',#6175,#6175,#875,.T.);
#7065=EDGE_CURVE('',#6176,#6176,#876,.T.);
#7066=EDGE_CURVE('',#6173,#6165,#8143,.T.);
#7067=EDGE_CURVE('',#6174,#6168,#8144,.T.);
#7068=EDGE_CURVE('',#6177,#6177,#877,.T.);
#7069=EDGE_CURVE('',#6178,#6178,#878,.T.);
#7070=EDGE_CURVE('',#6179,#6180,#8145,.T.);
#7071=EDGE_CURVE('',#6181,#6179,#8146,.T.);
#7072=EDGE_CURVE('',#6181,#6182,#8147,.T.);
#7073=EDGE_CURVE('',#6182,#6180,#8148,.T.);
#7074=EDGE_CURVE('',#6183,#6183,#879,.T.);
#7075=EDGE_CURVE('',#6180,#6184,#8149,.T.);
#7076=EDGE_CURVE('',#6182,#6185,#8150,.T.);
#7077=EDGE_CURVE('',#6185,#6184,#8151,.T.);
#7078=EDGE_CURVE('',#6184,#6186,#8152,.T.);
#7079=EDGE_CURVE('',#6185,#6187,#8153,.T.);
#7080=EDGE_CURVE('',#6187,#6186,#8154,.T.);
#7081=EDGE_CURVE('',#6188,#6188,#880,.T.);
#7082=EDGE_CURVE('',#6186,#6179,#8155,.T.);
#7083=EDGE_CURVE('',#6187,#6181,#8156,.T.);
#7084=EDGE_CURVE('',#6189,#6190,#8157,.T.);
#7085=EDGE_CURVE('',#6191,#6190,#8158,.T.);
#7086=EDGE_CURVE('',#6192,#6191,#8159,.T.);
#7087=EDGE_CURVE('',#6192,#6189,#8160,.T.);
#7088=EDGE_CURVE('',#6190,#6193,#8161,.T.);
#7089=EDGE_CURVE('',#6194,#6193,#8162,.T.);
#7090=EDGE_CURVE('',#6191,#6194,#8163,.T.);
#7091=EDGE_CURVE('',#6193,#6195,#8164,.T.);
#7092=EDGE_CURVE('',#6196,#6195,#8165,.T.);
#7093=EDGE_CURVE('',#6194,#6196,#8166,.T.);
#7094=EDGE_CURVE('',#6195,#6189,#8167,.T.);
#7095=EDGE_CURVE('',#6196,#6192,#8168,.T.);
#7096=EDGE_CURVE('',#6197,#6198,#8169,.T.);
#7097=EDGE_CURVE('',#6199,#6197,#8170,.T.);
#7098=EDGE_CURVE('',#6199,#6200,#8171,.T.);
#7099=EDGE_CURVE('',#6200,#6198,#8172,.T.);
#7100=EDGE_CURVE('',#6201,#6201,#881,.T.);
#7101=EDGE_CURVE('',#6202,#6202,#882,.T.);
#7102=EDGE_CURVE('',#6198,#6203,#8173,.T.);
#7103=EDGE_CURVE('',#6200,#6204,#8174,.T.);
#7104=EDGE_CURVE('',#6204,#6203,#8175,.T.);
#7105=EDGE_CURVE('',#6203,#6205,#8176,.T.);
#7106=EDGE_CURVE('',#6204,#6206,#8177,.T.);
#7107=EDGE_CURVE('',#6206,#6205,#8178,.T.);
#7108=EDGE_CURVE('',#6207,#6207,#883,.T.);
#7109=EDGE_CURVE('',#6208,#6208,#884,.T.);
#7110=EDGE_CURVE('',#6205,#6197,#8179,.T.);
#7111=EDGE_CURVE('',#6206,#6199,#8180,.T.);
#7112=EDGE_CURVE('',#6209,#6209,#885,.T.);
#7113=EDGE_CURVE('',#6210,#6210,#886,.T.);
#7114=EDGE_CURVE('',#6211,#6212,#8181,.T.);
#7115=EDGE_CURVE('',#6213,#6212,#8182,.T.);
#7116=EDGE_CURVE('',#6214,#6213,#8183,.T.);
#7117=EDGE_CURVE('',#6214,#6211,#8184,.T.);
#7118=EDGE_CURVE('',#6215,#6215,#887,.T.);
#7119=EDGE_CURVE('',#6212,#6216,#8185,.T.);
#7120=EDGE_CURVE('',#6217,#6216,#8186,.T.);
#7121=EDGE_CURVE('',#6213,#6217,#8187,.T.);
#7122=EDGE_CURVE('',#6216,#6218,#8188,.T.);
#7123=EDGE_CURVE('',#6219,#6218,#8189,.T.);
#7124=EDGE_CURVE('',#6217,#6219,#8190,.T.);
#7125=EDGE_CURVE('',#6220,#6220,#888,.T.);
#7126=EDGE_CURVE('',#6218,#6211,#8191,.T.);
#7127=EDGE_CURVE('',#6219,#6214,#8192,.T.);
#7128=EDGE_CURVE('',#6221,#6222,#8193,.T.);
#7129=EDGE_CURVE('',#6223,#6222,#8194,.T.);
#7130=EDGE_CURVE('',#6224,#6223,#8195,.T.);
#7131=EDGE_CURVE('',#6224,#6221,#8196,.T.);
#7132=EDGE_CURVE('',#6222,#6225,#8197,.T.);
#7133=EDGE_CURVE('',#6226,#6225,#8198,.T.);
#7134=EDGE_CURVE('',#6223,#6226,#8199,.T.);
#7135=EDGE_CURVE('',#6225,#6227,#8200,.T.);
#7136=EDGE_CURVE('',#6228,#6227,#8201,.T.);
#7137=EDGE_CURVE('',#6226,#6228,#8202,.T.);
#7138=EDGE_CURVE('',#6227,#6221,#8203,.T.);
#7139=EDGE_CURVE('',#6228,#6224,#8204,.T.);
#7140=EDGE_CURVE('',#6229,#6230,#8205,.T.);
#7141=EDGE_CURVE('',#6231,#6229,#8206,.T.);
#7142=EDGE_CURVE('',#6231,#6232,#8207,.T.);
#7143=EDGE_CURVE('',#6232,#6230,#8208,.T.);
#7144=EDGE_CURVE('',#6233,#6233,#889,.T.);
#7145=EDGE_CURVE('',#6234,#6234,#890,.T.);
#7146=EDGE_CURVE('',#6230,#6235,#8209,.T.);
#7147=EDGE_CURVE('',#6232,#6236,#8210,.T.);
#7148=EDGE_CURVE('',#6236,#6235,#8211,.T.);
#7149=EDGE_CURVE('',#6235,#6237,#8212,.T.);
#7150=EDGE_CURVE('',#6236,#6238,#8213,.T.);
#7151=EDGE_CURVE('',#6238,#6237,#8214,.T.);
#7152=EDGE_CURVE('',#6239,#6239,#891,.T.);
#7153=EDGE_CURVE('',#6240,#6240,#892,.T.);
#7154=EDGE_CURVE('',#6237,#6229,#8215,.T.);
#7155=EDGE_CURVE('',#6238,#6231,#8216,.T.);
#7156=EDGE_CURVE('',#6241,#6241,#893,.T.);
#7157=EDGE_CURVE('',#6242,#6242,#894,.T.);
#7158=EDGE_CURVE('',#6243,#6244,#8217,.T.);
#7159=EDGE_CURVE('',#6245,#6244,#8218,.T.);
#7160=EDGE_CURVE('',#6246,#6245,#8219,.T.);
#7161=EDGE_CURVE('',#6246,#6243,#8220,.T.);
#7162=EDGE_CURVE('',#6247,#6247,#895,.T.);
#7163=EDGE_CURVE('',#6244,#6248,#8221,.T.);
#7164=EDGE_CURVE('',#6249,#6248,#8222,.T.);
#7165=EDGE_CURVE('',#6245,#6249,#8223,.T.);
#7166=EDGE_CURVE('',#6248,#6250,#8224,.T.);
#7167=EDGE_CURVE('',#6251,#6250,#8225,.T.);
#7168=EDGE_CURVE('',#6249,#6251,#8226,.T.);
#7169=EDGE_CURVE('',#6252,#6252,#896,.T.);
#7170=EDGE_CURVE('',#6250,#6243,#8227,.T.);
#7171=EDGE_CURVE('',#6251,#6246,#8228,.T.);
#7172=EDGE_CURVE('',#6253,#6253,#897,.T.);
#7173=EDGE_CURVE('',#6254,#6254,#898,.T.);
#7174=EDGE_CURVE('',#6255,#6256,#8229,.T.);
#7175=EDGE_CURVE('',#6257,#6256,#8230,.T.);
#7176=EDGE_CURVE('',#6258,#6257,#8231,.T.);
#7177=EDGE_CURVE('',#6258,#6255,#8232,.T.);
#7178=EDGE_CURVE('',#6259,#6259,#899,.T.);
#7179=EDGE_CURVE('',#6260,#6260,#900,.T.);
#7180=EDGE_CURVE('',#6256,#6261,#8233,.T.);
#7181=EDGE_CURVE('',#6262,#6261,#8234,.T.);
#7182=EDGE_CURVE('',#6257,#6262,#8235,.T.);
#7183=EDGE_CURVE('',#6263,#6263,#901,.T.);
#7184=EDGE_CURVE('',#6264,#6264,#902,.T.);
#7185=EDGE_CURVE('',#6261,#6265,#8236,.T.);
#7186=EDGE_CURVE('',#6266,#6265,#8237,.T.);
#7187=EDGE_CURVE('',#6262,#6266,#8238,.T.);
#7188=EDGE_CURVE('',#6267,#6267,#903,.T.);
#7189=EDGE_CURVE('',#6268,#6268,#904,.T.);
#7190=EDGE_CURVE('',#6265,#6255,#8239,.T.);
#7191=EDGE_CURVE('',#6266,#6258,#8240,.T.);
#7192=EDGE_CURVE('',#6269,#6269,#905,.T.);
#7193=EDGE_CURVE('',#6270,#6270,#906,.T.);
#7194=EDGE_CURVE('',#6271,#6271,#907,.T.);
#7195=EDGE_CURVE('',#6272,#6273,#8241,.T.);
#7196=EDGE_CURVE('',#6274,#6272,#8242,.T.);
#7197=EDGE_CURVE('',#6274,#6275,#8243,.T.);
#7198=EDGE_CURVE('',#6275,#6273,#8244,.T.);
#7199=EDGE_CURVE('',#6276,#6276,#908,.T.);
#7200=EDGE_CURVE('',#6277,#6277,#909,.T.);
#7201=EDGE_CURVE('',#6273,#6278,#8245,.T.);
#7202=EDGE_CURVE('',#6275,#6279,#8246,.T.);
#7203=EDGE_CURVE('',#6279,#6278,#8247,.T.);
#7204=EDGE_CURVE('',#6280,#6280,#910,.T.);
#7205=EDGE_CURVE('',#6278,#6281,#8248,.T.);
#7206=EDGE_CURVE('',#6279,#6282,#8249,.T.);
#7207=EDGE_CURVE('',#6282,#6281,#8250,.T.);
#7208=EDGE_CURVE('',#6283,#6283,#911,.T.);
#7209=EDGE_CURVE('',#6284,#6284,#912,.T.);
#7210=EDGE_CURVE('',#6281,#6272,#8251,.T.);
#7211=EDGE_CURVE('',#6282,#6274,#8252,.T.);
#7212=EDGE_CURVE('',#6285,#6286,#8253,.T.);
#7213=EDGE_CURVE('',#6287,#6285,#8254,.T.);
#7214=EDGE_CURVE('',#6287,#6288,#8255,.T.);
#7215=EDGE_CURVE('',#6288,#6286,#8256,.T.);
#7216=EDGE_CURVE('',#6289,#6289,#913,.T.);
#7217=EDGE_CURVE('',#6290,#6290,#914,.T.);
#7218=EDGE_CURVE('',#6286,#6291,#8257,.T.);
#7219=EDGE_CURVE('',#6288,#6292,#8258,.T.);
#7220=EDGE_CURVE('',#6292,#6291,#8259,.T.);
#7221=EDGE_CURVE('',#6291,#6293,#8260,.T.);
#7222=EDGE_CURVE('',#6292,#6294,#8261,.T.);
#7223=EDGE_CURVE('',#6294,#6293,#8262,.T.);
#7224=EDGE_CURVE('',#6295,#6295,#915,.T.);
#7225=EDGE_CURVE('',#6296,#6296,#916,.T.);
#7226=EDGE_CURVE('',#6293,#6285,#8263,.T.);
#7227=EDGE_CURVE('',#6294,#6287,#8264,.T.);
#7228=EDGE_CURVE('',#6297,#6297,#917,.T.);
#7229=EDGE_CURVE('',#6298,#6298,#918,.T.);
#7230=EDGE_CURVE('',#6299,#6300,#8265,.T.);
#7231=EDGE_CURVE('',#6301,#6300,#8266,.T.);
#7232=EDGE_CURVE('',#6302,#6301,#8267,.T.);
#7233=EDGE_CURVE('',#6302,#6299,#8268,.T.);
#7234=EDGE_CURVE('',#6303,#6303,#919,.T.);
#7235=EDGE_CURVE('',#6300,#6304,#8269,.T.);
#7236=EDGE_CURVE('',#6305,#6304,#8270,.T.);
#7237=EDGE_CURVE('',#6301,#6305,#8271,.T.);
#7238=EDGE_CURVE('',#6304,#6306,#8272,.T.);
#7239=EDGE_CURVE('',#6307,#6306,#8273,.T.);
#7240=EDGE_CURVE('',#6305,#6307,#8274,.T.);
#7241=EDGE_CURVE('',#6308,#6308,#920,.T.);
#7242=EDGE_CURVE('',#6306,#6299,#8275,.T.);
#7243=EDGE_CURVE('',#6307,#6302,#8276,.T.);
#7244=EDGE_CURVE('',#6309,#6310,#8277,.T.);
#7245=EDGE_CURVE('',#6311,#6310,#8278,.T.);
#7246=EDGE_CURVE('',#6312,#6311,#8279,.T.);
#7247=EDGE_CURVE('',#6312,#6309,#8280,.T.);
#7248=EDGE_CURVE('',#6310,#6313,#8281,.T.);
#7249=EDGE_CURVE('',#6314,#6313,#8282,.T.);
#7250=EDGE_CURVE('',#6311,#6314,#8283,.T.);
#7251=EDGE_CURVE('',#6313,#6315,#8284,.T.);
#7252=EDGE_CURVE('',#6316,#6315,#8285,.T.);
#7253=EDGE_CURVE('',#6314,#6316,#8286,.T.);
#7254=EDGE_CURVE('',#6315,#6309,#8287,.T.);
#7255=EDGE_CURVE('',#6316,#6312,#8288,.T.);
#7256=EDGE_CURVE('',#6317,#6317,#921,.T.);
#7257=EDGE_CURVE('',#6318,#6318,#922,.T.);
#7258=EDGE_CURVE('',#6319,#6320,#8289,.T.);
#7259=EDGE_CURVE('',#6321,#6320,#8290,.T.);
#7260=EDGE_CURVE('',#6322,#6321,#8291,.T.);
#7261=EDGE_CURVE('',#6322,#6319,#8292,.T.);
#7262=EDGE_CURVE('',#6323,#6323,#923,.T.);
#7263=EDGE_CURVE('',#6324,#6324,#924,.T.);
#7264=EDGE_CURVE('',#6320,#6325,#8293,.T.);
#7265=EDGE_CURVE('',#6326,#6325,#8294,.T.);
#7266=EDGE_CURVE('',#6321,#6326,#8295,.T.);
#7267=EDGE_CURVE('',#6327,#6327,#925,.T.);
#7268=EDGE_CURVE('',#6328,#6328,#926,.T.);
#7269=EDGE_CURVE('',#6325,#6329,#8296,.T.);
#7270=EDGE_CURVE('',#6330,#6329,#8297,.T.);
#7271=EDGE_CURVE('',#6326,#6330,#8298,.T.);
#7272=EDGE_CURVE('',#6331,#6331,#927,.T.);
#7273=EDGE_CURVE('',#6332,#6332,#928,.T.);
#7274=EDGE_CURVE('',#6329,#6319,#8299,.T.);
#7275=EDGE_CURVE('',#6330,#6322,#8300,.T.);
#7276=EDGE_CURVE('',#6333,#6333,#929,.T.);
#7277=EDGE_CURVE('',#6334,#6334,#930,.T.);
#7278=EDGE_CURVE('',#6335,#6335,#931,.T.);
#7279=EDGE_CURVE('',#6336,#6337,#8301,.T.);
#7280=EDGE_CURVE('',#6338,#6336,#8302,.T.);
#7281=EDGE_CURVE('',#6338,#6339,#8303,.T.);
#7282=EDGE_CURVE('',#6339,#6337,#8304,.T.);
#7283=EDGE_CURVE('',#6340,#6340,#932,.T.);
#7284=EDGE_CURVE('',#6341,#6341,#933,.T.);
#7285=EDGE_CURVE('',#6337,#6342,#8305,.T.);
#7286=EDGE_CURVE('',#6339,#6343,#8306,.T.);
#7287=EDGE_CURVE('',#6343,#6342,#8307,.T.);
#7288=EDGE_CURVE('',#6344,#6344,#934,.T.);
#7289=EDGE_CURVE('',#6342,#6345,#8308,.T.);
#7290=EDGE_CURVE('',#6343,#6346,#8309,.T.);
#7291=EDGE_CURVE('',#6346,#6345,#8310,.T.);
#7292=EDGE_CURVE('',#6347,#6347,#935,.T.);
#7293=EDGE_CURVE('',#6348,#6348,#936,.T.);
#7294=EDGE_CURVE('',#6345,#6336,#8311,.T.);
#7295=EDGE_CURVE('',#6346,#6338,#8312,.T.);
#7296=EDGE_CURVE('',#6349,#6350,#8313,.T.);
#7297=EDGE_CURVE('',#6351,#6350,#8314,.T.);
#7298=EDGE_CURVE('',#6352,#6351,#8315,.T.);
#7299=EDGE_CURVE('',#6352,#6349,#8316,.T.);
#7300=EDGE_CURVE('',#6350,#6353,#8317,.T.);
#7301=EDGE_CURVE('',#6354,#6353,#8318,.T.);
#7302=EDGE_CURVE('',#6351,#6354,#8319,.T.);
#7303=EDGE_CURVE('',#6353,#6355,#8320,.T.);
#7304=EDGE_CURVE('',#6356,#6355,#8321,.T.);
#7305=EDGE_CURVE('',#6354,#6356,#8322,.T.);
#7306=EDGE_CURVE('',#6355,#6349,#8323,.T.);
#7307=EDGE_CURVE('',#6356,#6352,#8324,.T.);
#7308=EDGE_CURVE('',#6357,#6358,#8325,.T.);
#7309=EDGE_CURVE('',#6359,#6358,#8326,.T.);
#7310=EDGE_CURVE('',#6360,#6359,#8327,.T.);
#7311=EDGE_CURVE('',#6360,#6357,#8328,.T.);
#7312=EDGE_CURVE('',#6358,#6361,#8329,.T.);
#7313=EDGE_CURVE('',#6362,#6361,#8330,.T.);
#7314=EDGE_CURVE('',#6359,#6362,#8331,.T.);
#7315=EDGE_CURVE('',#6361,#6363,#8332,.T.);
#7316=EDGE_CURVE('',#6364,#6363,#8333,.T.);
#7317=EDGE_CURVE('',#6362,#6364,#8334,.T.);
#7318=EDGE_CURVE('',#6363,#6357,#8335,.T.);
#7319=EDGE_CURVE('',#6364,#6360,#8336,.T.);
#7320=EDGE_CURVE('',#6365,#6366,#8337,.T.);
#7321=EDGE_CURVE('',#6367,#6366,#8338,.T.);
#7322=EDGE_CURVE('',#6368,#6367,#8339,.T.);
#7323=EDGE_CURVE('',#6368,#6365,#8340,.T.);
#7324=EDGE_CURVE('',#6366,#6369,#8341,.T.);
#7325=EDGE_CURVE('',#6370,#6369,#8342,.T.);
#7326=EDGE_CURVE('',#6367,#6370,#8343,.T.);
#7327=EDGE_CURVE('',#6369,#6371,#8344,.T.);
#7328=EDGE_CURVE('',#6372,#6371,#8345,.T.);
#7329=EDGE_CURVE('',#6370,#6372,#8346,.T.);
#7330=EDGE_CURVE('',#6371,#6365,#8347,.T.);
#7331=EDGE_CURVE('',#6372,#6368,#8348,.T.);
#7332=EDGE_CURVE('',#6373,#6374,#8349,.T.);
#7333=EDGE_CURVE('',#6375,#6374,#8350,.T.);
#7334=EDGE_CURVE('',#6376,#6375,#8351,.T.);
#7335=EDGE_CURVE('',#6376,#6373,#8352,.T.);
#7336=EDGE_CURVE('',#6374,#6377,#8353,.T.);
#7337=EDGE_CURVE('',#6378,#6377,#8354,.T.);
#7338=EDGE_CURVE('',#6375,#6378,#8355,.T.);
#7339=EDGE_CURVE('',#6377,#6379,#8356,.T.);
#7340=EDGE_CURVE('',#6380,#6379,#8357,.T.);
#7341=EDGE_CURVE('',#6378,#6380,#8358,.T.);
#7342=EDGE_CURVE('',#6381,#6382,#8359,.T.);
#7343=EDGE_CURVE('',#6383,#6382,#8360,.T.);
#7344=EDGE_CURVE('',#6384,#6383,#8361,.T.);
#7345=EDGE_CURVE('',#6384,#6381,#8362,.T.);
#7346=EDGE_CURVE('',#6382,#6385,#8363,.T.);
#7347=EDGE_CURVE('',#6386,#6385,#8364,.T.);
#7348=EDGE_CURVE('',#6383,#6386,#8365,.T.);
#7349=EDGE_CURVE('',#6385,#6387,#8366,.T.);
#7350=EDGE_CURVE('',#6388,#6387,#8367,.T.);
#7351=EDGE_CURVE('',#6386,#6388,#8368,.T.);
#7352=EDGE_CURVE('',#6387,#6389,#8369,.T.);
#7353=EDGE_CURVE('',#6390,#6389,#8370,.T.);
#7354=EDGE_CURVE('',#6388,#6390,#8371,.T.);
#7355=EDGE_CURVE('',#6389,#6391,#8372,.T.);
#7356=EDGE_CURVE('',#6392,#6391,#8373,.T.);
#7357=EDGE_CURVE('',#6390,#6392,#8374,.T.);
#7358=EDGE_CURVE('',#6391,#6381,#8375,.T.);
#7359=EDGE_CURVE('',#6392,#6384,#8376,.T.);
#7360=EDGE_CURVE('',#6379,#6373,#8377,.T.);
#7361=EDGE_CURVE('',#6380,#6376,#8378,.T.);
#7362=EDGE_CURVE('',#6393,#6394,#8379,.T.);
#7363=EDGE_CURVE('',#6395,#6393,#8380,.T.);
#7364=EDGE_CURVE('',#6395,#6396,#8381,.T.);
#7365=EDGE_CURVE('',#6396,#6394,#8382,.T.);
#7366=EDGE_CURVE('',#6397,#6393,#8383,.T.);
#7367=EDGE_CURVE('',#6398,#6397,#8384,.T.);
#7368=EDGE_CURVE('',#6398,#6395,#8385,.T.);
#7369=EDGE_CURVE('',#6399,#6397,#8386,.T.);
#7370=EDGE_CURVE('',#6400,#6399,#8387,.T.);
#7371=EDGE_CURVE('',#6400,#6398,#8388,.T.);
#7372=EDGE_CURVE('',#6401,#6402,#8389,.T.);
#7373=EDGE_CURVE('',#6403,#6401,#8390,.T.);
#7374=EDGE_CURVE('',#6403,#6404,#8391,.T.);
#7375=EDGE_CURVE('',#6404,#6402,#8392,.T.);
#7376=EDGE_CURVE('',#6405,#6401,#8393,.T.);
#7377=EDGE_CURVE('',#6406,#6405,#8394,.T.);
#7378=EDGE_CURVE('',#6406,#6403,#8395,.T.);
#7379=EDGE_CURVE('',#6407,#6405,#8396,.T.);
#7380=EDGE_CURVE('',#6408,#6407,#8397,.T.);
#7381=EDGE_CURVE('',#6408,#6406,#8398,.T.);
#7382=EDGE_CURVE('',#6409,#6407,#8399,.T.);
#7383=EDGE_CURVE('',#6410,#6409,#8400,.T.);
#7384=EDGE_CURVE('',#6410,#6408,#8401,.T.);
#7385=EDGE_CURVE('',#6411,#6409,#8402,.T.);
#7386=EDGE_CURVE('',#6412,#6411,#8403,.T.);
#7387=EDGE_CURVE('',#6412,#6410,#8404,.T.);
#7388=EDGE_CURVE('',#6402,#6411,#8405,.T.);
#7389=EDGE_CURVE('',#6404,#6412,#8406,.T.);
#7390=EDGE_CURVE('',#6394,#6399,#8407,.T.);
#7391=EDGE_CURVE('',#6396,#6400,#8408,.T.);
#7392=EDGE_CURVE('',#6413,#6414,#8409,.T.);
#7393=EDGE_CURVE('',#6415,#6413,#8410,.T.);
#7394=EDGE_CURVE('',#6415,#6416,#8411,.T.);
#7395=EDGE_CURVE('',#6416,#6414,#8412,.T.);
#7396=EDGE_CURVE('',#6417,#6418,#8413,.T.);
#7397=EDGE_CURVE('',#6417,#6419,#8414,.T.);
#7398=EDGE_CURVE('',#6420,#6419,#8415,.T.);
#7399=EDGE_CURVE('',#6418,#6420,#8416,.T.);
#7400=EDGE_CURVE('',#6418,#6413,#8417,.T.);
#7401=EDGE_CURVE('',#6420,#6415,#8418,.T.);
#7402=EDGE_CURVE('',#6417,#6414,#8419,.T.);
#7403=EDGE_CURVE('',#6419,#6416,#8420,.T.);
#7404=EDGE_CURVE('',#6421,#6422,#8421,.T.);
#7405=EDGE_CURVE('',#6423,#6421,#8422,.T.);
#7406=EDGE_CURVE('',#6423,#6424,#8423,.T.);
#7407=EDGE_CURVE('',#6424,#6422,#8424,.T.);
#7408=EDGE_CURVE('',#6422,#6425,#8425,.T.);
#7409=EDGE_CURVE('',#6424,#6426,#8426,.T.);
#7410=EDGE_CURVE('',#6426,#6425,#8427,.T.);
#7411=EDGE_CURVE('',#6425,#6427,#8428,.T.);
#7412=EDGE_CURVE('',#6426,#6428,#8429,.T.);
#7413=EDGE_CURVE('',#6428,#6427,#8430,.T.);
#7414=EDGE_CURVE('',#6427,#6421,#8431,.T.);
#7415=EDGE_CURVE('',#6428,#6423,#8432,.T.);
#7416=EDGE_CURVE('',#6429,#6430,#8433,.T.);
#7417=EDGE_CURVE('',#6431,#6429,#8434,.T.);
#7418=EDGE_CURVE('',#6431,#6432,#8435,.T.);
#7419=EDGE_CURVE('',#6432,#6430,#8436,.T.);
#7420=EDGE_CURVE('',#6430,#6433,#8437,.T.);
#7421=EDGE_CURVE('',#6432,#6434,#8438,.T.);
#7422=EDGE_CURVE('',#6434,#6433,#8439,.T.);
#7423=EDGE_CURVE('',#6433,#6435,#8440,.T.);
#7424=EDGE_CURVE('',#6434,#6436,#8441,.T.);
#7425=EDGE_CURVE('',#6436,#6435,#8442,.T.);
#7426=EDGE_CURVE('',#6435,#6429,#8443,.T.);
#7427=EDGE_CURVE('',#6436,#6431,#8444,.T.);
#7428=EDGE_CURVE('',#6437,#6438,#8445,.T.);
#7429=EDGE_CURVE('',#6439,#6438,#8446,.T.);
#7430=EDGE_CURVE('',#6439,#6440,#8447,.T.);
#7431=EDGE_CURVE('',#6440,#6437,#8448,.T.);
#7432=EDGE_CURVE('',#6441,#6442,#8449,.T.);
#7433=EDGE_CURVE('',#6443,#6442,#8450,.T.);
#7434=EDGE_CURVE('',#6444,#6443,#8451,.T.);
#7435=EDGE_CURVE('',#6441,#6444,#8452,.T.);
#7436=EDGE_CURVE('',#6438,#6442,#8453,.T.);
#7437=EDGE_CURVE('',#6437,#6443,#8454,.T.);
#7438=EDGE_CURVE('',#6441,#6439,#8455,.T.);
#7439=EDGE_CURVE('',#6440,#6444,#8456,.T.);
#7440=EDGE_CURVE('',#6445,#6446,#8457,.T.);
#7441=EDGE_CURVE('',#6447,#6445,#8458,.T.);
#7442=EDGE_CURVE('',#6448,#6447,#8459,.T.);
#7443=EDGE_CURVE('',#6448,#6446,#8460,.T.);
#7444=EDGE_CURVE('',#6447,#6449,#8461,.T.);
#7445=EDGE_CURVE('',#6449,#6450,#8462,.T.);
#7446=EDGE_CURVE('',#6448,#6450,#8463,.T.);
#7447=EDGE_CURVE('',#6445,#6451,#8464,.T.);
#7448=EDGE_CURVE('',#6446,#6452,#8465,.T.);
#7449=EDGE_CURVE('',#6452,#6451,#8466,.T.);
#7450=EDGE_CURVE('',#6451,#6449,#8467,.T.);
#7451=EDGE_CURVE('',#6452,#6450,#8468,.T.);
#7452=EDGE_CURVE('',#6453,#6454,#8469,.T.);
#7453=EDGE_CURVE('',#6455,#6454,#8470,.T.);
#7454=EDGE_CURVE('',#6456,#6455,#8471,.T.);
#7455=EDGE_CURVE('',#6456,#6453,#8472,.T.);
#7456=EDGE_CURVE('',#6457,#6456,#8473,.T.);
#7457=EDGE_CURVE('',#6458,#6457,#8474,.T.);
#7458=EDGE_CURVE('',#6458,#6453,#8475,.T.);
#7459=EDGE_CURVE('',#6459,#6454,#8476,.T.);
#7460=EDGE_CURVE('',#6459,#6460,#8477,.T.);
#7461=EDGE_CURVE('',#6460,#6455,#8478,.T.);
#7462=EDGE_CURVE('',#6460,#6457,#8479,.T.);
#7463=EDGE_CURVE('',#6459,#6458,#8480,.T.);
#7464=EDGE_CURVE('',#6461,#6462,#8481,.T.);
#7465=EDGE_CURVE('',#6463,#6462,#8482,.T.);
#7466=EDGE_CURVE('',#6464,#6463,#8483,.T.);
#7467=EDGE_CURVE('',#6464,#6461,#8484,.T.);
#7468=EDGE_CURVE('',#6462,#6465,#937,.T.);
#7469=EDGE_CURVE('',#6466,#6465,#8485,.T.);
#7470=EDGE_CURVE('',#6463,#6466,#938,.T.);
#7471=EDGE_CURVE('',#6465,#6467,#8486,.T.);
#7472=EDGE_CURVE('',#6468,#6467,#8487,.T.);
#7473=EDGE_CURVE('',#6466,#6468,#8488,.T.);
#7474=EDGE_CURVE('',#6467,#6469,#939,.T.);
#7475=EDGE_CURVE('',#6470,#6469,#8489,.T.);
#7476=EDGE_CURVE('',#6468,#6470,#940,.T.);
#7477=EDGE_CURVE('',#6469,#6471,#8490,.T.);
#7478=EDGE_CURVE('',#6472,#6471,#8491,.T.);
#7479=EDGE_CURVE('',#6470,#6472,#8492,.T.);
#7480=EDGE_CURVE('',#6471,#6473,#941,.T.);
#7481=EDGE_CURVE('',#6474,#6473,#8493,.T.);
#7482=EDGE_CURVE('',#6472,#6474,#942,.T.);
#7483=EDGE_CURVE('',#6473,#6475,#8494,.T.);
#7484=EDGE_CURVE('',#6476,#6475,#8495,.T.);
#7485=EDGE_CURVE('',#6474,#6476,#8496,.T.);
#7486=EDGE_CURVE('',#6475,#6461,#943,.T.);
#7487=EDGE_CURVE('',#6476,#6464,#944,.T.);
#7488=EDGE_CURVE('',#6477,#6477,#945,.T.);
#7489=EDGE_CURVE('',#6478,#6478,#946,.T.);
#7490=EDGE_CURVE('',#6479,#6479,#947,.T.);
#7491=EDGE_CURVE('',#6480,#6480,#948,.T.);
#7492=EDGE_CURVE('',#6481,#6481,#949,.T.);
#7493=EDGE_CURVE('',#6482,#6482,#950,.T.);
#7494=EDGE_CURVE('',#6483,#6483,#951,.T.);
#7495=EDGE_CURVE('',#6484,#6484,#952,.T.);
#7496=EDGE_CURVE('',#6485,#6485,#953,.T.);
#7497=EDGE_CURVE('',#6486,#6486,#954,.T.);
#7498=EDGE_CURVE('',#6487,#6487,#955,.T.);
#7499=EDGE_CURVE('',#6488,#6488,#956,.T.);
#7500=EDGE_CURVE('',#6489,#6489,#957,.T.);
#7501=EDGE_CURVE('',#6490,#6490,#958,.T.);
#7502=EDGE_CURVE('',#6491,#6491,#959,.T.);
#7503=EDGE_CURVE('',#6492,#6492,#960,.T.);
#7504=EDGE_CURVE('',#6493,#6494,#961,.T.);
#7505=EDGE_CURVE('',#6494,#6495,#8497,.T.);
#7506=EDGE_CURVE('',#6495,#6496,#962,.T.);
#7507=EDGE_CURVE('',#6496,#6497,#8498,.T.);
#7508=EDGE_CURVE('',#6497,#6498,#963,.T.);
#7509=EDGE_CURVE('',#6498,#6499,#8499,.T.);
#7510=EDGE_CURVE('',#6499,#6500,#964,.T.);
#7511=EDGE_CURVE('',#6500,#6493,#8500,.T.);
#7512=EDGE_CURVE('',#6501,#6502,#8501,.T.);
#7513=EDGE_CURVE('',#6502,#6503,#8502,.T.);
#7514=EDGE_CURVE('',#6503,#6504,#8503,.T.);
#7515=EDGE_CURVE('',#6504,#6501,#8504,.T.);
#7516=EDGE_CURVE('',#6505,#6506,#965,.T.);
#7517=EDGE_CURVE('',#6506,#6507,#8505,.T.);
#7518=EDGE_CURVE('',#6507,#6508,#966,.T.);
#7519=EDGE_CURVE('',#6508,#6509,#8506,.T.);
#7520=EDGE_CURVE('',#6509,#6510,#967,.T.);
#7521=EDGE_CURVE('',#6510,#6511,#8507,.T.);
#7522=EDGE_CURVE('',#6511,#6512,#968,.T.);
#7523=EDGE_CURVE('',#6512,#6505,#8508,.T.);
#7524=EDGE_CURVE('',#6513,#6514,#8509,.T.);
#7525=EDGE_CURVE('',#6514,#6515,#8510,.T.);
#7526=EDGE_CURVE('',#6515,#6516,#8511,.T.);
#7527=EDGE_CURVE('',#6516,#6513,#8512,.T.);
#7528=EDGE_CURVE('',#6517,#6518,#8513,.T.);
#7529=EDGE_CURVE('',#6518,#6519,#8514,.T.);
#7530=EDGE_CURVE('',#6519,#6520,#8515,.T.);
#7531=EDGE_CURVE('',#6520,#6517,#8516,.T.);
#7532=EDGE_CURVE('',#6521,#6522,#8517,.T.);
#7533=EDGE_CURVE('',#6522,#6523,#8518,.T.);
#7534=EDGE_CURVE('',#6523,#6524,#8519,.T.);
#7535=EDGE_CURVE('',#6524,#6521,#8520,.T.);
#7536=EDGE_CURVE('',#6503,#6514,#969,.T.);
#7537=EDGE_CURVE('',#6513,#6504,#970,.T.);
#7538=EDGE_CURVE('',#6519,#6502,#971,.T.);
#7539=EDGE_CURVE('',#6501,#6520,#972,.T.);
#7540=EDGE_CURVE('',#6515,#6522,#973,.T.);
#7541=EDGE_CURVE('',#6521,#6516,#974,.T.);
#7542=EDGE_CURVE('',#6523,#6518,#975,.T.);
#7543=EDGE_CURVE('',#6517,#6524,#976,.T.);
#7544=EDGE_CURVE('',#6503,#6510,#8521,.T.);
#7545=EDGE_CURVE('',#6511,#6502,#8522,.T.);
#7546=EDGE_CURVE('',#6512,#6519,#8523,.T.);
#7547=EDGE_CURVE('',#6514,#6509,#8524,.T.);
#7548=EDGE_CURVE('',#6505,#6518,#8525,.T.);
#7549=EDGE_CURVE('',#6515,#6508,#8526,.T.);
#7550=EDGE_CURVE('',#6506,#6523,#8527,.T.);
#7551=EDGE_CURVE('',#6522,#6507,#8528,.T.);
#7552=EDGE_CURVE('',#6501,#6498,#8529,.T.);
#7553=EDGE_CURVE('',#6499,#6504,#8530,.T.);
#7554=EDGE_CURVE('',#6500,#6513,#8531,.T.);
#7555=EDGE_CURVE('',#6520,#6497,#8532,.T.);
#7556=EDGE_CURVE('',#6493,#6516,#8533,.T.);
#7557=EDGE_CURVE('',#6517,#6496,#8534,.T.);
#7558=EDGE_CURVE('',#6494,#6521,#8535,.T.);
#7559=EDGE_CURVE('',#6524,#6495,#8536,.T.);
#7560=EDGE_CURVE('',#6525,#6526,#8537,.T.);
#7561=EDGE_CURVE('',#6527,#6525,#8538,.T.);
#7562=EDGE_CURVE('',#6527,#6528,#8539,.T.);
#7563=EDGE_CURVE('',#6528,#6526,#8540,.T.);
#7564=EDGE_CURVE('',#6526,#6529,#8541,.T.);
#7565=EDGE_CURVE('',#6528,#6530,#8542,.T.);
#7566=EDGE_CURVE('',#6530,#6529,#8543,.T.);
#7567=EDGE_CURVE('',#6531,#6529,#8544,.T.);
#7568=EDGE_CURVE('',#6532,#6530,#8545,.T.);
#7569=EDGE_CURVE('',#6532,#6531,#8546,.T.);
#7570=EDGE_CURVE('',#6531,#6533,#8547,.T.);
#7571=EDGE_CURVE('',#6532,#6534,#8548,.T.);
#7572=EDGE_CURVE('',#6534,#6533,#8549,.T.);
#7573=EDGE_CURVE('',#6533,#6535,#8550,.T.);
#7574=EDGE_CURVE('',#6534,#6536,#8551,.T.);
#7575=EDGE_CURVE('',#6536,#6535,#8552,.T.);
#7576=EDGE_CURVE('',#6535,#6537,#8553,.T.);
#7577=EDGE_CURVE('',#6536,#6538,#8554,.T.);
#7578=EDGE_CURVE('',#6538,#6537,#8555,.T.);
#7579=EDGE_CURVE('',#6539,#6537,#8556,.T.);
#7580=EDGE_CURVE('',#6540,#6538,#8557,.T.);
#7581=EDGE_CURVE('',#6540,#6539,#8558,.T.);
#7582=EDGE_CURVE('',#6539,#6525,#8559,.T.);
#7583=EDGE_CURVE('',#6540,#6527,#8560,.T.);
#7584=EDGE_CURVE('',#6541,#6542,#8561,.T.);
#7585=EDGE_CURVE('',#6543,#6541,#8562,.T.);
#7586=EDGE_CURVE('',#6543,#6544,#8563,.T.);
#7587=EDGE_CURVE('',#6544,#6542,#8564,.T.);
#7588=EDGE_CURVE('',#6542,#6545,#8565,.T.);
#7589=EDGE_CURVE('',#6544,#6546,#8566,.T.);
#7590=EDGE_CURVE('',#6546,#6545,#8567,.T.);
#7591=EDGE_CURVE('',#6545,#6547,#8568,.T.);
#7592=EDGE_CURVE('',#6546,#6548,#8569,.T.);
#7593=EDGE_CURVE('',#6548,#6547,#8570,.T.);
#7594=EDGE_CURVE('',#6547,#6541,#8571,.T.);
#7595=EDGE_CURVE('',#6548,#6543,#8572,.T.);
#7596=EDGE_CURVE('',#6549,#6550,#8573,.T.);
#7597=EDGE_CURVE('',#6551,#6549,#8574,.T.);
#7598=EDGE_CURVE('',#6551,#6552,#8575,.T.);
#7599=EDGE_CURVE('',#6552,#6550,#8576,.T.);
#7600=EDGE_CURVE('',#6553,#6549,#8577,.T.);
#7601=EDGE_CURVE('',#6554,#6553,#8578,.T.);
#7602=EDGE_CURVE('',#6554,#6551,#8579,.T.);
#7603=EDGE_CURVE('',#6555,#6553,#8580,.T.);
#7604=EDGE_CURVE('',#6556,#6555,#8581,.T.);
#7605=EDGE_CURVE('',#6556,#6554,#8582,.T.);
#7606=EDGE_CURVE('',#6557,#6558,#8583,.T.);
#7607=EDGE_CURVE('',#6559,#6558,#8584,.T.);
#7608=EDGE_CURVE('',#6560,#6559,#8585,.T.);
#7609=EDGE_CURVE('',#6560,#6557,#8586,.T.);
#7610=EDGE_CURVE('',#6558,#6561,#8587,.T.);
#7611=EDGE_CURVE('',#6562,#6561,#8588,.T.);
#7612=EDGE_CURVE('',#6559,#6562,#8589,.T.);
#7613=EDGE_CURVE('',#6561,#6563,#8590,.T.);
#7614=EDGE_CURVE('',#6564,#6563,#8591,.T.);
#7615=EDGE_CURVE('',#6562,#6564,#8592,.T.);
#7616=EDGE_CURVE('',#6563,#6557,#8593,.T.);
#7617=EDGE_CURVE('',#6564,#6560,#8594,.T.);
#7618=EDGE_CURVE('',#6550,#6555,#8595,.T.);
#7619=EDGE_CURVE('',#6552,#6556,#8596,.T.);
#7620=EDGE_CURVE('',#6565,#6566,#8597,.T.);
#7621=EDGE_CURVE('',#6567,#6566,#8598,.T.);
#7622=EDGE_CURVE('',#6568,#6567,#8599,.T.);
#7623=EDGE_CURVE('',#6568,#6565,#8600,.T.);
#7624=EDGE_CURVE('',#6569,#6565,#8601,.T.);
#7625=EDGE_CURVE('',#6570,#6568,#8602,.T.);
#7626=EDGE_CURVE('',#6570,#6569,#8603,.T.);
#7627=EDGE_CURVE('',#6569,#6571,#8604,.T.);
#7628=EDGE_CURVE('',#6570,#6572,#8605,.T.);
#7629=EDGE_CURVE('',#6572,#6571,#8606,.T.);
#7630=EDGE_CURVE('',#6573,#6571,#8607,.T.);
#7631=EDGE_CURVE('',#6574,#6572,#8608,.T.);
#7632=EDGE_CURVE('',#6574,#6573,#8609,.T.);
#7633=EDGE_CURVE('',#6575,#6573,#8610,.T.);
#7634=EDGE_CURVE('',#6576,#6574,#8611,.T.);
#7635=EDGE_CURVE('',#6576,#6575,#8612,.T.);
#7636=EDGE_CURVE('',#6577,#6575,#8613,.T.);
#7637=EDGE_CURVE('',#6578,#6576,#8614,.T.);
#7638=EDGE_CURVE('',#6578,#6577,#8615,.T.);
#7639=EDGE_CURVE('',#6577,#6579,#8616,.T.);
#7640=EDGE_CURVE('',#6578,#6580,#8617,.T.);
#7641=EDGE_CURVE('',#6580,#6579,#8618,.T.);
#7642=EDGE_CURVE('',#6566,#6579,#8619,.T.);
#7643=EDGE_CURVE('',#6567,#6580,#8620,.T.);
#7644=EDGE_CURVE('',#6581,#6581,#254,.T.);
#7645=EDGE_CURVE('',#6582,#6582,#255,.T.);
#7646=EDGE_CURVE('',#6583,#6583,#256,.T.);
#7647=EDGE_CURVE('',#6584,#6584,#257,.T.);
#7648=EDGE_CURVE('',#6585,#6585,#258,.T.);
#7649=EDGE_CURVE('',#6586,#6586,#259,.T.);
#7650=EDGE_CURVE('',#6587,#6587,#260,.T.);
#7651=EDGE_CURVE('',#6588,#6588,#261,.T.);
#7652=EDGE_CURVE('',#6589,#6589,#262,.T.);
#7653=EDGE_CURVE('',#6590,#6590,#977,.T.);
#7654=EDGE_CURVE('',#6591,#6591,#978,.T.);
#7655=EDGE_CURVE('',#6592,#6592,#263,.T.);
#7656=EDGE_CURVE('',#6593,#6593,#979,.T.);
#7657=EDGE_CURVE('',#6594,#6594,#980,.T.);
#7658=EDGE_CURVE('',#6595,#6595,#981,.T.);
#7659=EDGE_CURVE('',#6596,#6596,#982,.T.);
#7660=EDGE_CURVE('',#6597,#6597,#983,.T.);
#7661=EDGE_CURVE('',#6598,#6598,#984,.T.);
#7662=EDGE_CURVE('',#6599,#6599,#985,.T.);
#7663=EDGE_CURVE('',#6600,#6600,#986,.T.);
#7664=EDGE_CURVE('',#6601,#6601,#987,.T.);
#7665=EDGE_CURVE('',#6602,#6602,#988,.T.);
#7666=EDGE_CURVE('',#6603,#6603,#989,.T.);
#7667=EDGE_CURVE('',#6604,#6604,#990,.T.);
#7668=EDGE_CURVE('',#6605,#6605,#991,.T.);
#7669=EDGE_CURVE('',#6606,#6606,#992,.T.);
#7670=EDGE_CURVE('',#6607,#6607,#993,.T.);
#7671=EDGE_CURVE('',#6608,#6608,#994,.T.);
#7672=EDGE_CURVE('',#6609,#6609,#995,.T.);
#7673=EDGE_CURVE('',#6610,#6611,#996,.T.);
#7674=EDGE_CURVE('',#6611,#6612,#997,.T.);
#7675=EDGE_CURVE('',#6612,#6610,#998,.T.);
#7676=EDGE_CURVE('',#6613,#6610,#8621,.T.);
#7677=EDGE_CURVE('',#6611,#6613,#8622,.T.);
#7678=EDGE_CURVE('',#6614,#6611,#8623,.T.);
#7679=EDGE_CURVE('',#6614,#6612,#8624,.T.);
#7680=EDGE_CURVE('',#6612,#6615,#8625,.T.);
#7681=EDGE_CURVE('',#6615,#6616,#999,.T.);
#7682=EDGE_CURVE('',#6616,#6617,#1000,.T.);
#7683=EDGE_CURVE('',#6617,#6618,#1001,.T.);
#7684=EDGE_CURVE('',#6610,#6618,#8626,.T.);
#7685=EDGE_CURVE('',#6619,#6620,#8627,.T.);
#7686=EDGE_CURVE('',#6619,#6621,#1002,.T.);
#7687=EDGE_CURVE('',#6621,#6622,#1003,.T.);
#7688=EDGE_CURVE('',#6622,#6623,#1004,.T.);
#7689=EDGE_CURVE('',#6623,#6624,#8628,.T.);
#7690=EDGE_CURVE('',#6624,#6620,#8629,.T.);
#7691=EDGE_CURVE('',#6620,#6613,#8630,.T.);
#7692=EDGE_CURVE('',#6624,#6614,#8631,.T.);
#7693=EDGE_CURVE('',#6615,#6623,#8632,.T.);
#7694=EDGE_CURVE('',#6618,#6619,#8633,.T.);
#7695=EDGE_CURVE('',#6621,#6617,#8634,.T.);
#7696=EDGE_CURVE('',#6616,#6622,#8635,.T.);
#7697=EDGE_CURVE('',#6625,#6625,#1005,.T.);
#7698=EDGE_CURVE('',#6626,#6626,#1006,.T.);
#7699=EDGE_CURVE('',#6627,#6627,#1007,.T.);
#7700=EDGE_CURVE('',#6628,#6628,#1008,.T.);
#7701=EDGE_CURVE('',#6629,#6630,#8636,.T.);
#7702=EDGE_CURVE('',#6631,#6629,#8637,.T.);
#7703=EDGE_CURVE('',#6632,#6631,#8638,.T.);
#7704=EDGE_CURVE('',#6630,#6632,#8639,.T.);
#7705=EDGE_CURVE('',#6633,#6633,#1009,.T.);
#7706=EDGE_CURVE('',#6634,#6634,#1010,.T.);
#7707=EDGE_CURVE('',#6635,#6635,#1011,.T.);
#7708=EDGE_CURVE('',#6636,#6636,#1012,.T.);
#7709=EDGE_CURVE('',#6630,#6637,#8640,.T.);
#7710=EDGE_CURVE('',#6632,#6638,#8641,.T.);
#7711=EDGE_CURVE('',#6637,#6638,#8642,.T.);
#7712=EDGE_CURVE('',#6639,#6637,#8643,.T.);
#7713=EDGE_CURVE('',#6638,#6640,#8644,.T.);
#7714=EDGE_CURVE('',#6640,#6639,#8645,.T.);
#7715=EDGE_CURVE('',#6629,#6639,#8646,.T.);
#7716=EDGE_CURVE('',#6631,#6640,#8647,.T.);
#7717=EDGE_CURVE('',#6641,#6641,#1013,.T.);
#7718=EDGE_CURVE('',#6642,#6642,#1014,.T.);
#7719=EDGE_CURVE('',#6643,#6643,#1015,.T.);
#7720=EDGE_CURVE('',#6644,#6644,#1016,.T.);
#7721=EDGE_CURVE('',#6645,#6646,#8648,.T.);
#7722=EDGE_CURVE('',#6647,#6645,#8649,.T.);
#7723=EDGE_CURVE('',#6647,#6648,#8650,.T.);
#7724=EDGE_CURVE('',#6648,#6646,#8651,.T.);
#7725=EDGE_CURVE('',#6649,#6650,#8652,.T.);
#7726=EDGE_CURVE('',#6651,#6650,#8653,.T.);
#7727=EDGE_CURVE('',#6652,#6651,#8654,.T.);
#7728=EDGE_CURVE('',#6652,#6649,#8655,.T.);
#7729=EDGE_CURVE('',#6653,#6653,#1017,.T.);
#7730=EDGE_CURVE('',#6654,#6654,#1018,.T.);
#7731=EDGE_CURVE('',#6650,#6655,#8656,.T.);
#7732=EDGE_CURVE('',#6656,#6655,#8657,.T.);
#7733=EDGE_CURVE('',#6651,#6656,#8658,.T.);
#7734=EDGE_CURVE('',#6655,#6657,#1019,.T.);
#7735=EDGE_CURVE('',#6658,#6657,#8659,.T.);
#7736=EDGE_CURVE('',#6656,#6658,#1020,.T.);
#7737=EDGE_CURVE('',#6657,#6659,#8660,.T.);
#7738=EDGE_CURVE('',#6660,#6659,#8661,.T.);
#7739=EDGE_CURVE('',#6658,#6660,#8662,.T.);
#7740=EDGE_CURVE('',#6659,#6648,#1021,.T.);
#7741=EDGE_CURVE('',#6660,#6647,#1022,.T.);
#7742=EDGE_CURVE('',#6661,#6662,#8663,.T.);
#7743=EDGE_CURVE('',#6661,#6663,#8664,.T.);
#7744=EDGE_CURVE('',#6663,#6664,#8665,.T.);
#7745=EDGE_CURVE('',#6662,#6664,#8666,.T.);
#7746=EDGE_CURVE('',#6664,#6665,#1023,.T.);
#7747=EDGE_CURVE('',#6666,#6665,#8667,.T.);
#7748=EDGE_CURVE('',#6662,#6666,#1024,.T.);
#7749=EDGE_CURVE('',#6665,#6667,#8668,.T.);
#7750=EDGE_CURVE('',#6668,#6667,#8669,.T.);
#7751=EDGE_CURVE('',#6666,#6668,#8670,.T.);
#7752=EDGE_CURVE('',#6667,#6669,#1025,.T.);
#7753=EDGE_CURVE('',#6670,#6669,#8671,.T.);
#7754=EDGE_CURVE('',#6668,#6670,#1026,.T.);
#7755=EDGE_CURVE('',#6671,#6671,#1027,.T.);
#7756=EDGE_CURVE('',#6672,#6672,#1028,.T.);
#7757=EDGE_CURVE('',#6669,#6673,#8672,.T.);
#7758=EDGE_CURVE('',#6674,#6673,#8673,.T.);
#7759=EDGE_CURVE('',#6670,#6674,#8674,.T.);
#7760=EDGE_CURVE('',#6673,#6675,#8675,.T.);
#7761=EDGE_CURVE('',#6676,#6675,#8676,.T.);
#7762=EDGE_CURVE('',#6674,#6676,#8677,.T.);
#7763=EDGE_CURVE('',#6677,#6677,#1029,.T.);
#7764=EDGE_CURVE('',#6678,#6678,#1030,.T.);
#7765=EDGE_CURVE('',#6675,#6679,#8678,.T.);
#7766=EDGE_CURVE('',#6680,#6679,#8679,.T.);
#7767=EDGE_CURVE('',#6676,#6680,#8680,.T.);
#7768=EDGE_CURVE('',#6679,#6681,#1031,.T.);
#7769=EDGE_CURVE('',#6682,#6681,#8681,.T.);
#7770=EDGE_CURVE('',#6680,#6682,#1032,.T.);
#7771=EDGE_CURVE('',#6681,#6683,#8682,.T.);
#7772=EDGE_CURVE('',#6684,#6683,#8683,.T.);
#7773=EDGE_CURVE('',#6682,#6684,#8684,.T.);
#7774=EDGE_CURVE('',#6683,#6685,#1033,.T.);
#7775=EDGE_CURVE('',#6686,#6685,#8685,.T.);
#7776=EDGE_CURVE('',#6684,#6686,#1034,.T.);
#7777=EDGE_CURVE('',#6685,#6687,#8686,.T.);
#7778=EDGE_CURVE('',#6688,#6687,#8687,.T.);
#7779=EDGE_CURVE('',#6686,#6688,#8688,.T.);
#7780=EDGE_CURVE('',#6687,#6689,#1035,.T.);
#7781=EDGE_CURVE('',#6690,#6689,#8689,.T.);
#7782=EDGE_CURVE('',#6688,#6690,#1036,.T.);
#7783=EDGE_CURVE('',#6689,#6691,#8690,.T.);
#7784=EDGE_CURVE('',#6692,#6691,#8691,.T.);
#7785=EDGE_CURVE('',#6690,#6692,#8692,.T.);
#7786=EDGE_CURVE('',#6691,#6693,#1037,.T.);
#7787=EDGE_CURVE('',#6694,#6693,#8693,.T.);
#7788=EDGE_CURVE('',#6692,#6694,#1038,.T.);
#7789=EDGE_CURVE('',#6695,#6695,#1039,.T.);
#7790=EDGE_CURVE('',#6696,#6696,#1040,.T.);
#7791=EDGE_CURVE('',#6693,#6649,#8694,.T.);
#7792=EDGE_CURVE('',#6694,#6652,#8695,.T.);
#7793=EDGE_CURVE('',#6697,#6645,#8696,.T.);
#7794=EDGE_CURVE('',#6698,#6697,#1041,.T.);
#7795=EDGE_CURVE('',#6661,#6698,#8697,.T.);
#7796=EDGE_CURVE('',#6699,#6699,#1042,.T.);
#7797=EDGE_CURVE('',#6663,#6700,#8698,.T.);
#7798=EDGE_CURVE('',#6700,#6701,#1043,.T.);
#7799=EDGE_CURVE('',#6701,#6646,#8699,.T.);
#7800=EDGE_CURVE('',#6702,#6702,#1044,.T.);
#7801=EDGE_CURVE('',#6698,#6700,#8700,.T.);
#7802=EDGE_CURVE('',#6697,#6701,#8701,.T.);
#7803=EDGE_CURVE('',#6703,#6704,#264,.T.);
#7804=EDGE_CURVE('',#6703,#6704,#8702,.T.);
#7805=EDGE_CURVE('',#6705,#6706,#8703,.T.);
#7806=EDGE_CURVE('',#6707,#6705,#1045,.T.);
#7807=EDGE_CURVE('',#6707,#6708,#8704,.T.);
#7808=EDGE_CURVE('',#6708,#6706,#1046,.T.);
#7809=EDGE_CURVE('',#6709,#6710,#265,.T.);
#7810=EDGE_CURVE('',#6710,#6709,#8705,.T.);
#7811=EDGE_CURVE('',#6711,#6711,#1047,.T.);
#7812=EDGE_CURVE('',#6712,#6712,#1048,.T.);
#7813=EDGE_CURVE('',#6713,#6713,#1049,.T.);
#7814=EDGE_CURVE('',#6714,#6714,#1050,.T.);
#7815=EDGE_CURVE('',#6715,#6716,#1051,.T.);
#7816=EDGE_CURVE('',#6716,#6717,#8706,.T.);
#7817=EDGE_CURVE('',#6718,#6717,#1052,.T.);
#7818=EDGE_CURVE('',#6715,#6718,#8707,.T.);
#7819=EDGE_CURVE('',#6715,#6707,#8708,.T.);
#7820=EDGE_CURVE('',#6705,#6716,#8709,.T.);
#7821=EDGE_CURVE('',#6708,#6718,#8710,.T.);
#7822=EDGE_CURVE('',#6717,#6706,#8711,.T.);
#7823=EDGE_CURVE('',#6704,#6703,#1053,.T.);
#7824=EDGE_CURVE('',#6710,#6709,#1054,.T.);
#7825=EDGE_CURVE('',#6719,#6719,#1055,.T.);
#7826=EDGE_CURVE('',#6720,#6721,#1056,.T.);
#7827=EDGE_CURVE('',#6720,#6722,#8712,.T.);
#7828=EDGE_CURVE('',#6722,#6723,#1057,.T.);
#7829=EDGE_CURVE('',#6723,#6721,#8713,.T.);
#7830=EDGE_CURVE('',#6724,#6724,#266,.T.);
#7831=EDGE_CURVE('',#6725,#6725,#267,.T.);
#7832=EDGE_CURVE('',#6726,#6726,#268,.T.);
#7833=EDGE_CURVE('',#6727,#6727,#1058,.T.);
#7834=EDGE_CURVE('',#6728,#6728,#1059,.T.);
#7835=EDGE_CURVE('',#6729,#6729,#269,.T.);
#7836=EDGE_CURVE('',#6730,#6731,#8714,.T.);
#7837=EDGE_CURVE('',#6730,#6732,#1060,.T.);
#7838=EDGE_CURVE('',#6731,#6732,#8715,.T.);
#7839=EDGE_CURVE('',#6732,#6733,#8716,.T.);
#7840=EDGE_CURVE('',#6732,#6734,#1061,.T.);
#7841=EDGE_CURVE('',#6733,#6734,#8717,.T.);
#7842=EDGE_CURVE('',#6734,#6735,#8718,.T.);
#7843=EDGE_CURVE('',#6734,#6730,#1062,.T.);
#7844=EDGE_CURVE('',#6736,#6730,#8719,.T.);
#7845=EDGE_CURVE('',#6736,#6723,#1063,.T.);
#7846=EDGE_CURVE('',#6722,#6735,#1064,.T.);
#7847=EDGE_CURVE('',#6737,#6735,#8720,.T.);
#7848=EDGE_CURVE('',#6738,#6737,#8721,.T.);
#7849=EDGE_CURVE('',#6738,#6733,#8722,.T.);
#7850=EDGE_CURVE('',#6739,#6738,#8723,.T.);
#7851=EDGE_CURVE('',#6739,#6731,#8724,.T.);
#7852=EDGE_CURVE('',#6740,#6739,#8725,.T.);
#7853=EDGE_CURVE('',#6740,#6736,#8726,.T.);
#7854=EDGE_CURVE('',#6737,#6720,#1065,.T.);
#7855=EDGE_CURVE('',#6721,#6740,#1066,.T.);
#7856=EDGE_CURVE('',#6741,#6741,#1067,.T.);
#7857=LINE('',#12847,#8727);
#7858=LINE('',#12850,#8728);
#7859=LINE('',#12852,#8729);
#7860=LINE('',#12854,#8730);
#7861=LINE('',#12856,#8731);
#7862=LINE('',#12858,#8732);
#7863=LINE('',#12860,#8733);
#7864=LINE('',#12862,#8734);
#7865=LINE('',#12864,#8735);
#7866=LINE('',#12866,#8736);
#7867=LINE('',#12868,#8737);
#7868=LINE('',#12869,#8738);
#7869=LINE('',#12873,#8739);
#7870=LINE('',#12876,#8740);
#7871=LINE('',#12878,#8741);
#7872=LINE('',#12880,#8742);
#7873=LINE('',#12882,#8743);
#7874=LINE('',#12884,#8744);
#7875=LINE('',#12886,#8745);
#7876=LINE('',#12888,#8746);
#7877=LINE('',#12890,#8747);
#7878=LINE('',#12892,#8748);
#7879=LINE('',#12894,#8749);
#7880=LINE('',#12895,#8750);
#7881=LINE('',#12899,#8751);
#7882=LINE('',#12902,#8752);
#7883=LINE('',#12904,#8753);
#7884=LINE('',#12906,#8754);
#7885=LINE('',#12908,#8755);
#7886=LINE('',#12910,#8756);
#7887=LINE('',#12912,#8757);
#7888=LINE('',#12914,#8758);
#7889=LINE('',#12916,#8759);
#7890=LINE('',#12918,#8760);
#7891=LINE('',#12920,#8761);
#7892=LINE('',#12922,#8762);
#7893=LINE('',#12925,#8763);
#7894=LINE('',#12928,#8764);
#7895=LINE('',#12930,#8765);
#7896=LINE('',#12932,#8766);
#7897=LINE('',#12934,#8767);
#7898=LINE('',#12936,#8768);
#7899=LINE('',#12938,#8769);
#7900=LINE('',#12940,#8770);
#7901=LINE('',#12942,#8771);
#7902=LINE('',#12944,#8772);
#7903=LINE('',#12946,#8773);
#7904=LINE('',#12947,#8774);
#7905=LINE('',#12951,#8775);
#7906=LINE('',#12954,#8776);
#7907=LINE('',#12956,#8777);
#7908=LINE('',#12958,#8778);
#7909=LINE('',#12960,#8779);
#7910=LINE('',#12962,#8780);
#7911=LINE('',#12964,#8781);
#7912=LINE('',#12966,#8782);
#7913=LINE('',#12968,#8783);
#7914=LINE('',#12970,#8784);
#7915=LINE('',#12972,#8785);
#7916=LINE('',#12974,#8786);
#7917=LINE('',#12977,#8787);
#7918=LINE('',#12980,#8788);
#7919=LINE('',#12982,#8789);
#7920=LINE('',#12984,#8790);
#7921=LINE('',#12986,#8791);
#7922=LINE('',#12989,#8792);
#7923=LINE('',#12990,#8793);
#7924=LINE('',#12992,#8794);
#7925=LINE('',#12994,#8795);
#7926=LINE('',#12996,#8796);
#7927=LINE('',#12998,#8797);
#7928=LINE('',#13000,#8798);
#7929=LINE('',#13003,#8799);
#7930=LINE('',#13006,#8800);
#7931=LINE('',#13008,#8801);
#7932=LINE('',#13010,#8802);
#7933=LINE('',#13012,#8803);
#7934=LINE('',#13015,#8804);
#7935=LINE('',#13017,#8805);
#7936=LINE('',#13019,#8806);
#7937=LINE('',#13021,#8807);
#7938=LINE('',#13023,#8808);
#7939=LINE('',#13025,#8809);
#7940=LINE('',#13027,#8810);
#7941=LINE('',#13030,#8811);
#7942=LINE('',#13032,#8812);
#7943=LINE('',#13034,#8813);
#7944=LINE('',#13036,#8814);
#7945=LINE('',#13037,#8815);
#7946=LINE('',#13039,#8816);
#7947=LINE('',#13041,#8817);
#7948=LINE('',#13043,#8818);
#7949=LINE('',#13045,#8819);
#7950=LINE('',#13047,#8820);
#7951=LINE('',#13049,#8821);
#7952=LINE('',#13050,#8822);
#7953=LINE('',#13052,#8823);
#7954=LINE('',#13054,#8824);
#7955=LINE('',#13056,#8825);
#7956=LINE('',#13058,#8826);
#7957=LINE('',#13060,#8827);
#7958=LINE('',#13061,#8828);
#7959=LINE('',#13063,#8829);
#7960=LINE('',#13065,#8830);
#7961=LINE('',#13067,#8831);
#7962=LINE('',#13069,#8832);
#7963=LINE('',#13072,#8833);
#7964=LINE('',#13074,#8834);
#7965=LINE('',#13077,#8835);
#7966=LINE('',#13080,#8836);
#7967=LINE('',#13082,#8837);
#7968=LINE('',#13084,#8838);
#7969=LINE('',#13086,#8839);
#7970=LINE('',#13089,#8840);
#7971=LINE('',#13090,#8841);
#7972=LINE('',#13092,#8842);
#7973=LINE('',#13094,#8843);
#7974=LINE('',#13096,#8844);
#7975=LINE('',#13098,#8845);
#7976=LINE('',#13100,#8846);
#7977=LINE('',#13103,#8847);
#7978=LINE('',#13106,#8848);
#7979=LINE('',#13108,#8849);
#7980=LINE('',#13110,#8850);
#7981=LINE('',#13112,#8851);
#7982=LINE('',#13115,#8852);
#7983=LINE('',#13117,#8853);
#7984=LINE('',#13119,#8854);
#7985=LINE('',#13121,#8855);
#7986=LINE('',#13122,#8856);
#7987=LINE('',#13124,#8857);
#7988=LINE('',#13126,#8858);
#7989=LINE('',#13129,#8859);
#7990=LINE('',#13132,#8860);
#7991=LINE('',#13134,#8861);
#7992=LINE('',#13136,#8862);
#7993=LINE('',#13138,#8863);
#7994=LINE('',#13141,#8864);
#7995=LINE('',#13142,#8865);
#7996=LINE('',#13144,#8866);
#7997=LINE('',#13146,#8867);
#7998=LINE('',#13148,#8868);
#7999=LINE('',#13150,#8869);
#8000=LINE('',#13152,#8870);
#8001=LINE('',#13159,#8871);
#8002=LINE('',#13162,#8872);
#8003=LINE('',#13164,#8873);
#8004=LINE('',#13166,#8874);
#8005=LINE('',#13172,#8875);
#8006=LINE('',#13174,#8876);
#8007=LINE('',#13176,#8877);
#8008=LINE('',#13182,#8878);
#8009=LINE('',#13184,#8879);
#8010=LINE('',#13186,#8880);
#8011=LINE('',#13192,#8881);
#8012=LINE('',#13193,#8882);
#8013=LINE('',#13207,#8883);
#8014=LINE('',#13210,#8884);
#8015=LINE('',#13212,#8885);
#8016=LINE('',#13214,#8886);
#8017=LINE('',#13218,#8887);
#8018=LINE('',#13220,#8888);
#8019=LINE('',#13222,#8889);
#8020=LINE('',#13228,#8890);
#8021=LINE('',#13230,#8891);
#8022=LINE('',#13232,#8892);
#8023=LINE('',#13236,#8893);
#8024=LINE('',#13237,#8894);
#8025=LINE('',#13247,#8895);
#8026=LINE('',#13250,#8896);
#8027=LINE('',#13252,#8897);
#8028=LINE('',#13254,#8898);
#8029=LINE('',#13256,#8899);
#8030=LINE('',#13258,#8900);
#8031=LINE('',#13260,#8901);
#8032=LINE('',#13262,#8902);
#8033=LINE('',#13264,#8903);
#8034=LINE('',#13266,#8904);
#8035=LINE('',#13268,#8905);
#8036=LINE('',#13269,#8906);
#8037=LINE('',#13273,#8907);
#8038=LINE('',#13276,#8908);
#8039=LINE('',#13278,#8909);
#8040=LINE('',#13280,#8910);
#8041=LINE('',#13282,#8911);
#8042=LINE('',#13284,#8912);
#8043=LINE('',#13286,#8913);
#8044=LINE('',#13288,#8914);
#8045=LINE('',#13290,#8915);
#8046=LINE('',#13292,#8916);
#8047=LINE('',#13294,#8917);
#8048=LINE('',#13295,#8918);
#8049=LINE('',#13299,#8919);
#8050=LINE('',#13302,#8920);
#8051=LINE('',#13304,#8921);
#8052=LINE('',#13306,#8922);
#8053=LINE('',#13308,#8923);
#8054=LINE('',#13310,#8924);
#8055=LINE('',#13312,#8925);
#8056=LINE('',#13314,#8926);
#8057=LINE('',#13316,#8927);
#8058=LINE('',#13318,#8928);
#8059=LINE('',#13320,#8929);
#8060=LINE('',#13321,#8930);
#8061=LINE('',#13329,#8931);
#8062=LINE('',#13332,#8932);
#8063=LINE('',#13334,#8933);
#8064=LINE('',#13336,#8934);
#8065=LINE('',#13342,#8935);
#8066=LINE('',#13344,#8936);
#8067=LINE('',#13346,#8937);
#8068=LINE('',#13352,#8938);
#8069=LINE('',#13354,#8939);
#8070=LINE('',#13356,#8940);
#8071=LINE('',#13362,#8941);
#8072=LINE('',#13363,#8942);
#8073=LINE('',#13375,#8943);
#8074=LINE('',#13378,#8944);
#8075=LINE('',#13380,#8945);
#8076=LINE('',#13382,#8946);
#8077=LINE('',#13388,#8947);
#8078=LINE('',#13390,#8948);
#8079=LINE('',#13392,#8949);
#8080=LINE('',#13396,#8950);
#8081=LINE('',#13398,#8951);
#8082=LINE('',#13400,#8952);
#8083=LINE('',#13406,#8953);
#8084=LINE('',#13407,#8954);
#8085=LINE('',#13417,#8955);
#8086=LINE('',#13420,#8956);
#8087=LINE('',#13422,#8957);
#8088=LINE('',#13424,#8958);
#8089=LINE('',#13426,#8959);
#8090=LINE('',#13428,#8960);
#8091=LINE('',#13430,#8961);
#8092=LINE('',#13432,#8962);
#8093=LINE('',#13434,#8963);
#8094=LINE('',#13436,#8964);
#8095=LINE('',#13438,#8965);
#8096=LINE('',#13439,#8966);
#8097=LINE('',#13445,#8967);
#8098=LINE('',#13448,#8968);
#8099=LINE('',#13450,#8969);
#8100=LINE('',#13452,#8970);
#8101=LINE('',#13454,#8971);
#8102=LINE('',#13456,#8972);
#8103=LINE('',#13458,#8973);
#8104=LINE('',#13460,#8974);
#8105=LINE('',#13462,#8975);
#8106=LINE('',#13464,#8976);
#8107=LINE('',#13466,#8977);
#8108=LINE('',#13467,#8978);
#8109=LINE('',#13475,#8979);
#8110=LINE('',#13478,#8980);
#8111=LINE('',#13480,#8981);
#8112=LINE('',#13482,#8982);
#8113=LINE('',#13484,#8983);
#8114=LINE('',#13486,#8984);
#8115=LINE('',#13488,#8985);
#8116=LINE('',#13490,#8986);
#8117=LINE('',#13492,#8987);
#8118=LINE('',#13494,#8988);
#8119=LINE('',#13496,#8989);
#8120=LINE('',#13497,#8990);
#8121=LINE('',#13501,#8991);
#8122=LINE('',#13504,#8992);
#8123=LINE('',#13506,#8993);
#8124=LINE('',#13508,#8994);
#8125=LINE('',#13510,#8995);
#8126=LINE('',#13512,#8996);
#8127=LINE('',#13514,#8997);
#8128=LINE('',#13516,#8998);
#8129=LINE('',#13518,#8999);
#8130=LINE('',#13520,#9000);
#8131=LINE('',#13522,#9001);
#8132=LINE('',#13523,#9002);
#8133=LINE('',#13527,#9003);
#8134=LINE('',#13530,#9004);
#8135=LINE('',#13532,#9005);
#8136=LINE('',#13534,#9006);
#8137=LINE('',#13540,#9007);
#8138=LINE('',#13542,#9008);
#8139=LINE('',#13544,#9009);
#8140=LINE('',#13546,#9010);
#8141=LINE('',#13548,#9011);
#8142=LINE('',#13550,#9012);
#8143=LINE('',#13556,#9013);
#8144=LINE('',#13557,#9014);
#8145=LINE('',#13567,#9015);
#8146=LINE('',#13570,#9016);
#8147=LINE('',#13572,#9017);
#8148=LINE('',#13574,#9018);
#8149=LINE('',#13578,#9019);
#8150=LINE('',#13580,#9020);
#8151=LINE('',#13582,#9021);
#8152=LINE('',#13584,#9022);
#8153=LINE('',#13586,#9023);
#8154=LINE('',#13588,#9024);
#8155=LINE('',#13592,#9025);
#8156=LINE('',#13593,#9026);
#8157=LINE('',#13599,#9027);
#8158=LINE('',#13602,#9028);
#8159=LINE('',#13604,#9029);
#8160=LINE('',#13606,#9030);
#8161=LINE('',#13608,#9031);
#8162=LINE('',#13610,#9032);
#8163=LINE('',#13612,#9033);
#8164=LINE('',#13614,#9034);
#8165=LINE('',#13616,#9035);
#8166=LINE('',#13618,#9036);
#8167=LINE('',#13620,#9037);
#8168=LINE('',#13621,#9038);
#8169=LINE('',#13625,#9039);
#8170=LINE('',#13628,#9040);
#8171=LINE('',#13630,#9041);
#8172=LINE('',#13632,#9042);
#8173=LINE('',#13638,#9043);
#8174=LINE('',#13640,#9044);
#8175=LINE('',#13642,#9045);
#8176=LINE('',#13644,#9046);
#8177=LINE('',#13646,#9047);
#8178=LINE('',#13648,#9048);
#8179=LINE('',#13654,#9049);
#8180=LINE('',#13655,#9050);
#8181=LINE('',#13665,#9051);
#8182=LINE('',#13668,#9052);
#8183=LINE('',#13670,#9053);
#8184=LINE('',#13672,#9054);
#8185=LINE('',#13676,#9055);
#8186=LINE('',#13678,#9056);
#8187=LINE('',#13680,#9057);
#8188=LINE('',#13682,#9058);
#8189=LINE('',#13684,#9059);
#8190=LINE('',#13686,#9060);
#8191=LINE('',#13690,#9061);
#8192=LINE('',#13691,#9062);
#8193=LINE('',#13697,#9063);
#8194=LINE('',#13700,#9064);
#8195=LINE('',#13702,#9065);
#8196=LINE('',#13704,#9066);
#8197=LINE('',#13706,#9067);
#8198=LINE('',#13708,#9068);
#8199=LINE('',#13710,#9069);
#8200=LINE('',#13712,#9070);
#8201=LINE('',#13714,#9071);
#8202=LINE('',#13716,#9072);
#8203=LINE('',#13718,#9073);
#8204=LINE('',#13719,#9074);
#8205=LINE('',#13723,#9075);
#8206=LINE('',#13726,#9076);
#8207=LINE('',#13728,#9077);
#8208=LINE('',#13730,#9078);
#8209=LINE('',#13736,#9079);
#8210=LINE('',#13738,#9080);
#8211=LINE('',#13740,#9081);
#8212=LINE('',#13742,#9082);
#8213=LINE('',#13744,#9083);
#8214=LINE('',#13746,#9084);
#8215=LINE('',#13752,#9085);
#8216=LINE('',#13753,#9086);
#8217=LINE('',#13763,#9087);
#8218=LINE('',#13766,#9088);
#8219=LINE('',#13768,#9089);
#8220=LINE('',#13770,#9090);
#8221=LINE('',#13774,#9091);
#8222=LINE('',#13776,#9092);
#8223=LINE('',#13778,#9093);
#8224=LINE('',#13780,#9094);
#8225=LINE('',#13782,#9095);
#8226=LINE('',#13784,#9096);
#8227=LINE('',#13788,#9097);
#8228=LINE('',#13789,#9098);
#8229=LINE('',#13799,#9099);
#8230=LINE('',#13802,#9100);
#8231=LINE('',#13804,#9101);
#8232=LINE('',#13806,#9102);
#8233=LINE('',#13812,#9103);
#8234=LINE('',#13814,#9104);
#8235=LINE('',#13816,#9105);
#8236=LINE('',#13822,#9106);
#8237=LINE('',#13824,#9107);
#8238=LINE('',#13826,#9108);
#8239=LINE('',#13832,#9109);
#8240=LINE('',#13833,#9110);
#8241=LINE('',#13845,#9111);
#8242=LINE('',#13848,#9112);
#8243=LINE('',#13850,#9113);
#8244=LINE('',#13852,#9114);
#8245=LINE('',#13858,#9115);
#8246=LINE('',#13860,#9116);
#8247=LINE('',#13862,#9117);
#8248=LINE('',#13866,#9118);
#8249=LINE('',#13868,#9119);
#8250=LINE('',#13870,#9120);
#8251=LINE('',#13876,#9121);
#8252=LINE('',#13877,#9122);
#8253=LINE('',#13887,#9123);
#8254=LINE('',#13890,#9124);
#8255=LINE('',#13892,#9125);
#8256=LINE('',#13894,#9126);
#8257=LINE('',#13900,#9127);
#8258=LINE('',#13902,#9128);
#8259=LINE('',#13904,#9129);
#8260=LINE('',#13906,#9130);
#8261=LINE('',#13908,#9131);
#8262=LINE('',#13910,#9132);
#8263=LINE('',#13916,#9133);
#8264=LINE('',#13917,#9134);
#8265=LINE('',#13927,#9135);
#8266=LINE('',#13930,#9136);
#8267=LINE('',#13932,#9137);
#8268=LINE('',#13934,#9138);
#8269=LINE('',#13938,#9139);
#8270=LINE('',#13940,#9140);
#8271=LINE('',#13942,#9141);
#8272=LINE('',#13944,#9142);
#8273=LINE('',#13946,#9143);
#8274=LINE('',#13948,#9144);
#8275=LINE('',#13952,#9145);
#8276=LINE('',#13953,#9146);
#8277=LINE('',#13959,#9147);
#8278=LINE('',#13962,#9148);
#8279=LINE('',#13964,#9149);
#8280=LINE('',#13966,#9150);
#8281=LINE('',#13968,#9151);
#8282=LINE('',#13970,#9152);
#8283=LINE('',#13972,#9153);
#8284=LINE('',#13974,#9154);
#8285=LINE('',#13976,#9155);
#8286=LINE('',#13978,#9156);
#8287=LINE('',#13980,#9157);
#8288=LINE('',#13981,#9158);
#8289=LINE('',#13989,#9159);
#8290=LINE('',#13992,#9160);
#8291=LINE('',#13994,#9161);
#8292=LINE('',#13996,#9162);
#8293=LINE('',#14002,#9163);
#8294=LINE('',#14004,#9164);
#8295=LINE('',#14006,#9165);
#8296=LINE('',#14012,#9166);
#8297=LINE('',#14014,#9167);
#8298=LINE('',#14016,#9168);
#8299=LINE('',#14022,#9169);
#8300=LINE('',#14023,#9170);
#8301=LINE('',#14035,#9171);
#8302=LINE('',#14038,#9172);
#8303=LINE('',#14040,#9173);
#8304=LINE('',#14042,#9174);
#8305=LINE('',#14048,#9175);
#8306=LINE('',#14050,#9176);
#8307=LINE('',#14052,#9177);
#8308=LINE('',#14056,#9178);
#8309=LINE('',#14058,#9179);
#8310=LINE('',#14060,#9180);
#8311=LINE('',#14066,#9181);
#8312=LINE('',#14067,#9182);
#8313=LINE('',#14077,#9183);
#8314=LINE('',#14080,#9184);
#8315=LINE('',#14082,#9185);
#8316=LINE('',#14084,#9186);
#8317=LINE('',#14086,#9187);
#8318=LINE('',#14088,#9188);
#8319=LINE('',#14090,#9189);
#8320=LINE('',#14092,#9190);
#8321=LINE('',#14094,#9191);
#8322=LINE('',#14096,#9192);
#8323=LINE('',#14098,#9193);
#8324=LINE('',#14099,#9194);
#8325=LINE('',#14103,#9195);
#8326=LINE('',#14106,#9196);
#8327=LINE('',#14108,#9197);
#8328=LINE('',#14110,#9198);
#8329=LINE('',#14112,#9199);
#8330=LINE('',#14114,#9200);
#8331=LINE('',#14116,#9201);
#8332=LINE('',#14118,#9202);
#8333=LINE('',#14120,#9203);
#8334=LINE('',#14122,#9204);
#8335=LINE('',#14124,#9205);
#8336=LINE('',#14125,#9206);
#8337=LINE('',#14129,#9207);
#8338=LINE('',#14132,#9208);
#8339=LINE('',#14134,#9209);
#8340=LINE('',#14136,#9210);
#8341=LINE('',#14138,#9211);
#8342=LINE('',#14140,#9212);
#8343=LINE('',#14142,#9213);
#8344=LINE('',#14144,#9214);
#8345=LINE('',#14146,#9215);
#8346=LINE('',#14148,#9216);
#8347=LINE('',#14150,#9217);
#8348=LINE('',#14151,#9218);
#8349=LINE('',#14155,#9219);
#8350=LINE('',#14158,#9220);
#8351=LINE('',#14160,#9221);
#8352=LINE('',#14162,#9222);
#8353=LINE('',#14164,#9223);
#8354=LINE('',#14166,#9224);
#8355=LINE('',#14168,#9225);
#8356=LINE('',#14170,#9226);
#8357=LINE('',#14172,#9227);
#8358=LINE('',#14174,#9228);
#8359=LINE('',#14176,#9229);
#8360=LINE('',#14179,#9230);
#8361=LINE('',#14181,#9231);
#8362=LINE('',#14183,#9232);
#8363=LINE('',#14185,#9233);
#8364=LINE('',#14187,#9234);
#8365=LINE('',#14189,#9235);
#8366=LINE('',#14191,#9236);
#8367=LINE('',#14193,#9237);
#8368=LINE('',#14195,#9238);
#8369=LINE('',#14197,#9239);
#8370=LINE('',#14199,#9240);
#8371=LINE('',#14201,#9241);
#8372=LINE('',#14203,#9242);
#8373=LINE('',#14205,#9243);
#8374=LINE('',#14207,#9244);
#8375=LINE('',#14209,#9245);
#8376=LINE('',#14210,#9246);
#8377=LINE('',#14212,#9247);
#8378=LINE('',#14213,#9248);
#8379=LINE('',#14217,#9249);
#8380=LINE('',#14220,#9250);
#8381=LINE('',#14222,#9251);
#8382=LINE('',#14224,#9252);
#8383=LINE('',#14226,#9253);
#8384=LINE('',#14228,#9254);
#8385=LINE('',#14230,#9255);
#8386=LINE('',#14232,#9256);
#8387=LINE('',#14234,#9257);
#8388=LINE('',#14236,#9258);
#8389=LINE('',#14238,#9259);
#8390=LINE('',#14241,#9260);
#8391=LINE('',#14243,#9261);
#8392=LINE('',#14245,#9262);
#8393=LINE('',#14247,#9263);
#8394=LINE('',#14249,#9264);
#8395=LINE('',#14251,#9265);
#8396=LINE('',#14253,#9266);
#8397=LINE('',#14255,#9267);
#8398=LINE('',#14257,#9268);
#8399=LINE('',#14259,#9269);
#8400=LINE('',#14261,#9270);
#8401=LINE('',#14263,#9271);
#8402=LINE('',#14265,#9272);
#8403=LINE('',#14267,#9273);
#8404=LINE('',#14269,#9274);
#8405=LINE('',#14271,#9275);
#8406=LINE('',#14272,#9276);
#8407=LINE('',#14274,#9277);
#8408=LINE('',#14275,#9278);
#8409=LINE('',#14279,#9279);
#8410=LINE('',#14282,#9280);
#8411=LINE('',#14284,#9281);
#8412=LINE('',#14286,#9282);
#8413=LINE('',#14288,#9283);
#8414=LINE('',#14291,#9284);
#8415=LINE('',#14293,#9285);
#8416=LINE('',#14295,#9286);
#8417=LINE('',#14297,#9287);
#8418=LINE('',#14298,#9288);
#8419=LINE('',#14300,#9289);
#8420=LINE('',#14301,#9290);
#8421=LINE('',#14305,#9291);
#8422=LINE('',#14308,#9292);
#8423=LINE('',#14310,#9293);
#8424=LINE('',#14312,#9294);
#8425=LINE('',#14314,#9295);
#8426=LINE('',#14316,#9296);
#8427=LINE('',#14318,#9297);
#8428=LINE('',#14320,#9298);
#8429=LINE('',#14322,#9299);
#8430=LINE('',#14324,#9300);
#8431=LINE('',#14326,#9301);
#8432=LINE('',#14327,#9302);
#8433=LINE('',#14331,#9303);
#8434=LINE('',#14334,#9304);
#8435=LINE('',#14336,#9305);
#8436=LINE('',#14338,#9306);
#8437=LINE('',#14340,#9307);
#8438=LINE('',#14342,#9308);
#8439=LINE('',#14344,#9309);
#8440=LINE('',#14346,#9310);
#8441=LINE('',#14348,#9311);
#8442=LINE('',#14350,#9312);
#8443=LINE('',#14352,#9313);
#8444=LINE('',#14353,#9314);
#8445=LINE('',#14357,#9315);
#8446=LINE('',#14360,#9316);
#8447=LINE('',#14362,#9317);
#8448=LINE('',#14364,#9318);
#8449=LINE('',#14366,#9319);
#8450=LINE('',#14369,#9320);
#8451=LINE('',#14371,#9321);
#8452=LINE('',#14373,#9322);
#8453=LINE('',#14375,#9323);
#8454=LINE('',#14376,#9324);
#8455=LINE('',#14378,#9325);
#8456=LINE('',#14379,#9326);
#8457=LINE('',#14383,#9327);
#8458=LINE('',#14386,#9328);
#8459=LINE('',#14388,#9329);
#8460=LINE('',#14390,#9330);
#8461=LINE('',#14392,#9331);
#8462=LINE('',#14394,#9332);
#8463=LINE('',#14396,#9333);
#8464=LINE('',#14398,#9334);
#8465=LINE('',#14400,#9335);
#8466=LINE('',#14402,#9336);
#8467=LINE('',#14404,#9337);
#8468=LINE('',#14406,#9338);
#8469=LINE('',#14409,#9339);
#8470=LINE('',#14412,#9340);
#8471=LINE('',#14414,#9341);
#8472=LINE('',#14416,#9342);
#8473=LINE('',#14418,#9343);
#8474=LINE('',#14420,#9344);
#8475=LINE('',#14422,#9345);
#8476=LINE('',#14424,#9346);
#8477=LINE('',#14426,#9347);
#8478=LINE('',#14428,#9348);
#8479=LINE('',#14430,#9349);
#8480=LINE('',#14432,#9350);
#8481=LINE('',#14435,#9351);
#8482=LINE('',#14438,#9352);
#8483=LINE('',#14440,#9353);
#8484=LINE('',#14442,#9354);
#8485=LINE('',#14446,#9355);
#8486=LINE('',#14450,#9356);
#8487=LINE('',#14452,#9357);
#8488=LINE('',#14454,#9358);
#8489=LINE('',#14458,#9359);
#8490=LINE('',#14462,#9360);
#8491=LINE('',#14464,#9361);
#8492=LINE('',#14466,#9362);
#8493=LINE('',#14470,#9363);
#8494=LINE('',#14474,#9364);
#8495=LINE('',#14476,#9365);
#8496=LINE('',#14478,#9366);
#8497=LINE('',#14536,#9367);
#8498=LINE('',#14540,#9368);
#8499=LINE('',#14544,#9369);
#8500=LINE('',#14548,#9370);
#8501=LINE('',#14550,#9371);
#8502=LINE('',#14553,#9372);
#8503=LINE('',#14555,#9373);
#8504=LINE('',#14557,#9374);
#8505=LINE('',#14562,#9375);
#8506=LINE('',#14566,#9376);
#8507=LINE('',#14570,#9377);
#8508=LINE('',#14574,#9378);
#8509=LINE('',#14576,#9379);
#8510=LINE('',#14579,#9380);
#8511=LINE('',#14581,#9381);
#8512=LINE('',#14583,#9382);
#8513=LINE('',#14585,#9383);
#8514=LINE('',#14588,#9384);
#8515=LINE('',#14590,#9385);
#8516=LINE('',#14592,#9386);
#8517=LINE('',#14594,#9387);
#8518=LINE('',#14597,#9388);
#8519=LINE('',#14599,#9389);
#8520=LINE('',#14601,#9390);
#8521=LINE('',#14615,#9391);
#8522=LINE('',#14616,#9392);
#8523=LINE('',#14618,#9393);
#8524=LINE('',#14620,#9394);
#8525=LINE('',#14622,#9395);
#8526=LINE('',#14624,#9396);
#8527=LINE('',#14626,#9397);
#8528=LINE('',#14628,#9398);
#8529=LINE('',#14631,#9399);
#8530=LINE('',#14632,#9400);
#8531=LINE('',#14634,#9401);
#8532=LINE('',#14636,#9402);
#8533=LINE('',#14638,#9403);
#8534=LINE('',#14640,#9404);
#8535=LINE('',#14642,#9405);
#8536=LINE('',#14644,#9406);
#8537=LINE('',#14647,#9407);
#8538=LINE('',#14650,#9408);
#8539=LINE('',#14652,#9409);
#8540=LINE('',#14654,#9410);
#8541=LINE('',#14656,#9411);
#8542=LINE('',#14658,#9412);
#8543=LINE('',#14660,#9413);
#8544=LINE('',#14662,#9414);
#8545=LINE('',#14664,#9415);
#8546=LINE('',#14666,#9416);
#8547=LINE('',#14668,#9417);
#8548=LINE('',#14670,#9418);
#8549=LINE('',#14672,#9419);
#8550=LINE('',#14674,#9420);
#8551=LINE('',#14676,#9421);
#8552=LINE('',#14678,#9422);
#8553=LINE('',#14680,#9423);
#8554=LINE('',#14682,#9424);
#8555=LINE('',#14684,#9425);
#8556=LINE('',#14686,#9426);
#8557=LINE('',#14688,#9427);
#8558=LINE('',#14690,#9428);
#8559=LINE('',#14692,#9429);
#8560=LINE('',#14693,#9430);
#8561=LINE('',#14697,#9431);
#8562=LINE('',#14700,#9432);
#8563=LINE('',#14702,#9433);
#8564=LINE('',#14704,#9434);
#8565=LINE('',#14706,#9435);
#8566=LINE('',#14708,#9436);
#8567=LINE('',#14710,#9437);
#8568=LINE('',#14712,#9438);
#8569=LINE('',#14714,#9439);
#8570=LINE('',#14716,#9440);
#8571=LINE('',#14718,#9441);
#8572=LINE('',#14719,#9442);
#8573=LINE('',#14723,#9443);
#8574=LINE('',#14726,#9444);
#8575=LINE('',#14728,#9445);
#8576=LINE('',#14730,#9446);
#8577=LINE('',#14732,#9447);
#8578=LINE('',#14734,#9448);
#8579=LINE('',#14736,#9449);
#8580=LINE('',#14738,#9450);
#8581=LINE('',#14740,#9451);
#8582=LINE('',#14742,#9452);
#8583=LINE('',#14744,#9453);
#8584=LINE('',#14747,#9454);
#8585=LINE('',#14749,#9455);
#8586=LINE('',#14751,#9456);
#8587=LINE('',#14753,#9457);
#8588=LINE('',#14755,#9458);
#8589=LINE('',#14757,#9459);
#8590=LINE('',#14759,#9460);
#8591=LINE('',#14761,#9461);
#8592=LINE('',#14763,#9462);
#8593=LINE('',#14765,#9463);
#8594=LINE('',#14766,#9464);
#8595=LINE('',#14768,#9465);
#8596=LINE('',#14769,#9466);
#8597=LINE('',#14773,#9467);
#8598=LINE('',#14776,#9468);
#8599=LINE('',#14778,#9469);
#8600=LINE('',#14780,#9470);
#8601=LINE('',#14782,#9471);
#8602=LINE('',#14784,#9472);
#8603=LINE('',#14786,#9473);
#8604=LINE('',#14788,#9474);
#8605=LINE('',#14790,#9475);
#8606=LINE('',#14792,#9476);
#8607=LINE('',#14794,#9477);
#8608=LINE('',#14796,#9478);
#8609=LINE('',#14798,#9479);
#8610=LINE('',#14800,#9480);
#8611=LINE('',#14802,#9481);
#8612=LINE('',#14804,#9482);
#8613=LINE('',#14806,#9483);
#8614=LINE('',#14808,#9484);
#8615=LINE('',#14810,#9485);
#8616=LINE('',#14812,#9486);
#8617=LINE('',#14814,#9487);
#8618=LINE('',#14816,#9488);
#8619=LINE('',#14818,#9489);
#8620=LINE('',#14819,#9490);
#8621=LINE('',#15483,#9491);
#8622=LINE('',#15485,#9492);
#8623=LINE('',#15487,#9493);
#8624=LINE('',#15489,#9494);
#8625=LINE('',#15491,#9495);
#8626=LINE('',#15499,#9496);
#8627=LINE('',#15501,#9497);
#8628=LINE('',#15510,#9498);
#8629=LINE('',#15512,#9499);
#8630=LINE('',#15514,#9500);
#8631=LINE('',#15515,#9501);
#8632=LINE('',#15517,#9502);
#8633=LINE('',#15519,#9503);
#8634=LINE('',#15521,#9504);
#8635=LINE('',#15522,#9505);
#8636=LINE('',#15537,#9506);
#8637=LINE('',#15540,#9507);
#8638=LINE('',#15542,#9508);
#8639=LINE('',#15544,#9509);
#8640=LINE('',#15554,#9510);
#8641=LINE('',#15556,#9511);
#8642=LINE('',#15558,#9512);
#8643=LINE('',#15560,#9513);
#8644=LINE('',#15562,#9514);
#8645=LINE('',#15564,#9515);
#8646=LINE('',#15566,#9516);
#8647=LINE('',#15568,#9517);
#8648=LINE('',#15583,#9518);
#8649=LINE('',#15586,#9519);
#8650=LINE('',#15588,#9520);
#8651=LINE('',#15590,#9521);
#8652=LINE('',#15592,#9522);
#8653=LINE('',#15595,#9523);
#8654=LINE('',#15597,#9524);
#8655=LINE('',#15599,#9525);
#8656=LINE('',#15605,#9526);
#8657=LINE('',#15607,#9527);
#8658=LINE('',#15609,#9528);
#8659=LINE('',#15613,#9529);
#8660=LINE('',#15617,#9530);
#8661=LINE('',#15619,#9531);
#8662=LINE('',#15621,#9532);
#8663=LINE('',#15626,#9533);
#8664=LINE('',#15629,#9534);
#8665=LINE('',#15631,#9535);
#8666=LINE('',#15633,#9536);
#8667=LINE('',#15637,#9537);
#8668=LINE('',#15641,#9538);
#8669=LINE('',#15643,#9539);
#8670=LINE('',#15645,#9540);
#8671=LINE('',#15649,#9541);
#8672=LINE('',#15657,#9542);
#8673=LINE('',#15659,#9543);
#8674=LINE('',#15661,#9544);
#8675=LINE('',#15663,#9545);
#8676=LINE('',#15665,#9546);
#8677=LINE('',#15667,#9547);
#8678=LINE('',#15673,#9548);
#8679=LINE('',#15675,#9549);
#8680=LINE('',#15677,#9550);
#8681=LINE('',#15681,#9551);
#8682=LINE('',#15685,#9552);
#8683=LINE('',#15687,#9553);
#8684=LINE('',#15689,#9554);
#8685=LINE('',#15693,#9555);
#8686=LINE('',#15697,#9556);
#8687=LINE('',#15699,#9557);
#8688=LINE('',#15701,#9558);
#8689=LINE('',#15705,#9559);
#8690=LINE('',#15709,#9560);
#8691=LINE('',#15711,#9561);
#8692=LINE('',#15713,#9562);
#8693=LINE('',#15717,#9563);
#8694=LINE('',#15725,#9564);
#8695=LINE('',#15726,#9565);
#8696=LINE('',#15728,#9566);
#8697=LINE('',#15732,#9567);
#8698=LINE('',#15736,#9568);
#8699=LINE('',#15740,#9569);
#8700=LINE('',#15748,#9570);
#8701=LINE('',#15749,#9571);
#8702=LINE('',#15774,#9572);
#8703=LINE('',#15775,#9573);
#8704=LINE('',#15780,#9574);
#8705=LINE('',#15803,#9575);
#8706=LINE('',#15818,#9576);
#8707=LINE('',#15822,#9577);
#8708=LINE('',#15824,#9578);
#8709=LINE('',#15825,#9579);
#8710=LINE('',#15827,#9580);
#8711=LINE('',#15828,#9581);
#8712=LINE('',#15843,#9582);
#8713=LINE('',#15847,#9583);
#8714=LINE('',#16090,#9584);
#8715=LINE('',#16095,#9585);
#8716=LINE('',#16097,#9586);
#8717=LINE('',#16101,#9587);
#8718=LINE('',#16104,#9588);
#8719=LINE('',#16107,#9589);
#8720=LINE('',#16112,#9590);
#8721=LINE('',#16114,#9591);
#8722=LINE('',#16116,#9592);
#8723=LINE('',#16118,#9593);
#8724=LINE('',#16120,#9594);
#8725=LINE('',#16122,#9595);
#8726=LINE('',#16124,#9596);
#8727=VECTOR('',#10392,1.);
#8728=VECTOR('',#10393,1.);
#8729=VECTOR('',#10394,1.);
#8730=VECTOR('',#10395,1.);
#8731=VECTOR('',#10398,1.);
#8732=VECTOR('',#10399,1.);
#8733=VECTOR('',#10400,1.);
#8734=VECTOR('',#10403,1.);
#8735=VECTOR('',#10404,1.);
#8736=VECTOR('',#10405,1.);
#8737=VECTOR('',#10408,1.);
#8738=VECTOR('',#10409,1.);
#8739=VECTOR('',#10416,1.);
#8740=VECTOR('',#10417,1.);
#8741=VECTOR('',#10418,1.);
#8742=VECTOR('',#10419,1.);
#8743=VECTOR('',#10422,1.);
#8744=VECTOR('',#10423,1.);
#8745=VECTOR('',#10424,1.);
#8746=VECTOR('',#10427,1.);
#8747=VECTOR('',#10428,1.);
#8748=VECTOR('',#10429,1.);
#8749=VECTOR('',#10432,1.);
#8750=VECTOR('',#10433,1.);
#8751=VECTOR('',#10440,1.);
#8752=VECTOR('',#10441,1.);
#8753=VECTOR('',#10442,1.);
#8754=VECTOR('',#10443,1.);
#8755=VECTOR('',#10446,1.);
#8756=VECTOR('',#10447,1.);
#8757=VECTOR('',#10448,1.);
#8758=VECTOR('',#10451,1.);
#8759=VECTOR('',#10452,1.);
#8760=VECTOR('',#10455,1.);
#8761=VECTOR('',#10456,1.);
#8762=VECTOR('',#10459,1.);
#8763=VECTOR('',#10464,1.);
#8764=VECTOR('',#10465,1.);
#8765=VECTOR('',#10466,1.);
#8766=VECTOR('',#10467,1.);
#8767=VECTOR('',#10470,1.);
#8768=VECTOR('',#10471,1.);
#8769=VECTOR('',#10472,1.);
#8770=VECTOR('',#10475,1.);
#8771=VECTOR('',#10476,1.);
#8772=VECTOR('',#10477,1.);
#8773=VECTOR('',#10480,1.);
#8774=VECTOR('',#10481,1.);
#8775=VECTOR('',#10488,1.);
#8776=VECTOR('',#10489,1.);
#8777=VECTOR('',#10490,1.);
#8778=VECTOR('',#10491,1.);
#8779=VECTOR('',#10494,1.);
#8780=VECTOR('',#10495,1.);
#8781=VECTOR('',#10496,1.);
#8782=VECTOR('',#10499,1.);
#8783=VECTOR('',#10500,1.);
#8784=VECTOR('',#10503,1.);
#8785=VECTOR('',#10504,1.);
#8786=VECTOR('',#10507,1.);
#8787=VECTOR('',#10512,1.);
#8788=VECTOR('',#10513,1.);
#8789=VECTOR('',#10514,1.);
#8790=VECTOR('',#10515,1.);
#8791=VECTOR('',#10518,1.);
#8792=VECTOR('',#10519,1.);
#8793=VECTOR('',#10520,1.);
#8794=VECTOR('',#10523,1.);
#8795=VECTOR('',#10524,1.);
#8796=VECTOR('',#10525,1.);
#8797=VECTOR('',#10528,1.);
#8798=VECTOR('',#10531,1.);
#8799=VECTOR('',#10536,1.);
#8800=VECTOR('',#10537,1.);
#8801=VECTOR('',#10538,1.);
#8802=VECTOR('',#10539,1.);
#8803=VECTOR('',#10542,1.);
#8804=VECTOR('',#10543,1.);
#8805=VECTOR('',#10544,1.);
#8806=VECTOR('',#10545,1.);
#8807=VECTOR('',#10548,1.);
#8808=VECTOR('',#10549,1.);
#8809=VECTOR('',#10550,1.);
#8810=VECTOR('',#10553,1.);
#8811=VECTOR('',#10554,1.);
#8812=VECTOR('',#10555,1.);
#8813=VECTOR('',#10556,1.);
#8814=VECTOR('',#10559,1.);
#8815=VECTOR('',#10560,1.);
#8816=VECTOR('',#10563,1.);
#8817=VECTOR('',#10564,1.);
#8818=VECTOR('',#10565,1.);
#8819=VECTOR('',#10568,1.);
#8820=VECTOR('',#10569,1.);
#8821=VECTOR('',#10570,1.);
#8822=VECTOR('',#10571,1.);
#8823=VECTOR('',#10572,1.);
#8824=VECTOR('',#10573,1.);
#8825=VECTOR('',#10576,1.);
#8826=VECTOR('',#10577,1.);
#8827=VECTOR('',#10578,1.);
#8828=VECTOR('',#10579,1.);
#8829=VECTOR('',#10580,1.);
#8830=VECTOR('',#10581,1.);
#8831=VECTOR('',#10584,1.);
#8832=VECTOR('',#10587,1.);
#8833=VECTOR('',#10592,1.);
#8834=VECTOR('',#10595,1.);
#8835=VECTOR('',#10600,1.);
#8836=VECTOR('',#10601,1.);
#8837=VECTOR('',#10602,1.);
#8838=VECTOR('',#10603,1.);
#8839=VECTOR('',#10606,1.);
#8840=VECTOR('',#10607,1.);
#8841=VECTOR('',#10608,1.);
#8842=VECTOR('',#10611,1.);
#8843=VECTOR('',#10612,1.);
#8844=VECTOR('',#10613,1.);
#8845=VECTOR('',#10616,1.);
#8846=VECTOR('',#10619,1.);
#8847=VECTOR('',#10624,1.);
#8848=VECTOR('',#10625,1.);
#8849=VECTOR('',#10626,1.);
#8850=VECTOR('',#10627,1.);
#8851=VECTOR('',#10630,1.);
#8852=VECTOR('',#10631,1.);
#8853=VECTOR('',#10632,1.);
#8854=VECTOR('',#10633,1.);
#8855=VECTOR('',#10636,1.);
#8856=VECTOR('',#10637,1.);
#8857=VECTOR('',#10640,1.);
#8858=VECTOR('',#10643,1.);
#8859=VECTOR('',#10648,1.);
#8860=VECTOR('',#10649,1.);
#8861=VECTOR('',#10650,1.);
#8862=VECTOR('',#10651,1.);
#8863=VECTOR('',#10654,1.);
#8864=VECTOR('',#10655,1.);
#8865=VECTOR('',#10656,1.);
#8866=VECTOR('',#10659,1.);
#8867=VECTOR('',#10660,1.);
#8868=VECTOR('',#10661,1.);
#8869=VECTOR('',#10664,1.);
#8870=VECTOR('',#10667,1.);
#8871=VECTOR('',#10676,1.);
#8872=VECTOR('',#10677,1.);
#8873=VECTOR('',#10678,1.);
#8874=VECTOR('',#10679,1.);
#8875=VECTOR('',#10686,1.);
#8876=VECTOR('',#10687,1.);
#8877=VECTOR('',#10688,1.);
#8878=VECTOR('',#10695,1.);
#8879=VECTOR('',#10696,1.);
#8880=VECTOR('',#10697,1.);
#8881=VECTOR('',#10704,1.);
#8882=VECTOR('',#10705,1.);
#8883=VECTOR('',#10724,1.);
#8884=VECTOR('',#10725,1.);
#8885=VECTOR('',#10726,1.);
#8886=VECTOR('',#10727,1.);
#8887=VECTOR('',#10732,1.);
#8888=VECTOR('',#10733,1.);
#8889=VECTOR('',#10734,1.);
#8890=VECTOR('',#10741,1.);
#8891=VECTOR('',#10742,1.);
#8892=VECTOR('',#10743,1.);
#8893=VECTOR('',#10748,1.);
#8894=VECTOR('',#10749,1.);
#8895=VECTOR('',#10768,1.);
#8896=VECTOR('',#10769,1.);
#8897=VECTOR('',#10770,1.);
#8898=VECTOR('',#10771,1.);
#8899=VECTOR('',#10774,1.);
#8900=VECTOR('',#10775,1.);
#8901=VECTOR('',#10776,1.);
#8902=VECTOR('',#10779,1.);
#8903=VECTOR('',#10780,1.);
#8904=VECTOR('',#10781,1.);
#8905=VECTOR('',#10784,1.);
#8906=VECTOR('',#10785,1.);
#8907=VECTOR('',#10792,1.);
#8908=VECTOR('',#10793,1.);
#8909=VECTOR('',#10794,1.);
#8910=VECTOR('',#10795,1.);
#8911=VECTOR('',#10798,1.);
#8912=VECTOR('',#10799,1.);
#8913=VECTOR('',#10800,1.);
#8914=VECTOR('',#10803,1.);
#8915=VECTOR('',#10804,1.);
#8916=VECTOR('',#10805,1.);
#8917=VECTOR('',#10808,1.);
#8918=VECTOR('',#10809,1.);
#8919=VECTOR('',#10816,1.);
#8920=VECTOR('',#10817,1.);
#8921=VECTOR('',#10818,1.);
#8922=VECTOR('',#10819,1.);
#8923=VECTOR('',#10822,1.);
#8924=VECTOR('',#10823,1.);
#8925=VECTOR('',#10824,1.);
#8926=VECTOR('',#10827,1.);
#8927=VECTOR('',#10828,1.);
#8928=VECTOR('',#10829,1.);
#8929=VECTOR('',#10832,1.);
#8930=VECTOR('',#10833,1.);
#8931=VECTOR('',#10844,1.);
#8932=VECTOR('',#10845,1.);
#8933=VECTOR('',#10846,1.);
#8934=VECTOR('',#10847,1.);
#8935=VECTOR('',#10854,1.);
#8936=VECTOR('',#10855,1.);
#8937=VECTOR('',#10856,1.);
#8938=VECTOR('',#10863,1.);
#8939=VECTOR('',#10864,1.);
#8940=VECTOR('',#10865,1.);
#8941=VECTOR('',#10872,1.);
#8942=VECTOR('',#10873,1.);
#8943=VECTOR('',#10890,1.);
#8944=VECTOR('',#10891,1.);
#8945=VECTOR('',#10892,1.);
#8946=VECTOR('',#10893,1.);
#8947=VECTOR('',#10900,1.);
#8948=VECTOR('',#10901,1.);
#8949=VECTOR('',#10902,1.);
#8950=VECTOR('',#10907,1.);
#8951=VECTOR('',#10908,1.);
#8952=VECTOR('',#10909,1.);
#8953=VECTOR('',#10916,1.);
#8954=VECTOR('',#10917,1.);
#8955=VECTOR('',#10936,1.);
#8956=VECTOR('',#10937,1.);
#8957=VECTOR('',#10938,1.);
#8958=VECTOR('',#10939,1.);
#8959=VECTOR('',#10942,1.);
#8960=VECTOR('',#10943,1.);
#8961=VECTOR('',#10944,1.);
#8962=VECTOR('',#10947,1.);
#8963=VECTOR('',#10948,1.);
#8964=VECTOR('',#10949,1.);
#8965=VECTOR('',#10952,1.);
#8966=VECTOR('',#10953,1.);
#8967=VECTOR('',#10962,1.);
#8968=VECTOR('',#10963,1.);
#8969=VECTOR('',#10964,1.);
#8970=VECTOR('',#10965,1.);
#8971=VECTOR('',#10968,1.);
#8972=VECTOR('',#10969,1.);
#8973=VECTOR('',#10970,1.);
#8974=VECTOR('',#10973,1.);
#8975=VECTOR('',#10974,1.);
#8976=VECTOR('',#10975,1.);
#8977=VECTOR('',#10978,1.);
#8978=VECTOR('',#10979,1.);
#8979=VECTOR('',#10992,1.);
#8980=VECTOR('',#10993,1.);
#8981=VECTOR('',#10994,1.);
#8982=VECTOR('',#10995,1.);
#8983=VECTOR('',#10998,1.);
#8984=VECTOR('',#10999,1.);
#8985=VECTOR('',#11000,1.);
#8986=VECTOR('',#11003,1.);
#8987=VECTOR('',#11004,1.);
#8988=VECTOR('',#11005,1.);
#8989=VECTOR('',#11008,1.);
#8990=VECTOR('',#11009,1.);
#8991=VECTOR('',#11016,1.);
#8992=VECTOR('',#11017,1.);
#8993=VECTOR('',#11018,1.);
#8994=VECTOR('',#11019,1.);
#8995=VECTOR('',#11022,1.);
#8996=VECTOR('',#11023,1.);
#8997=VECTOR('',#11024,1.);
#8998=VECTOR('',#11027,1.);
#8999=VECTOR('',#11028,1.);
#9000=VECTOR('',#11029,1.);
#9001=VECTOR('',#11032,1.);
#9002=VECTOR('',#11033,1.);
#9003=VECTOR('',#11040,1.);
#9004=VECTOR('',#11041,1.);
#9005=VECTOR('',#11042,1.);
#9006=VECTOR('',#11043,1.);
#9007=VECTOR('',#11050,1.);
#9008=VECTOR('',#11051,1.);
#9009=VECTOR('',#11052,1.);
#9010=VECTOR('',#11055,1.);
#9011=VECTOR('',#11056,1.);
#9012=VECTOR('',#11057,1.);
#9013=VECTOR('',#11064,1.);
#9014=VECTOR('',#11065,1.);
#9015=VECTOR('',#11080,1.);
#9016=VECTOR('',#11081,1.);
#9017=VECTOR('',#11082,1.);
#9018=VECTOR('',#11083,1.);
#9019=VECTOR('',#11088,1.);
#9020=VECTOR('',#11089,1.);
#9021=VECTOR('',#11090,1.);
#9022=VECTOR('',#11093,1.);
#9023=VECTOR('',#11094,1.);
#9024=VECTOR('',#11095,1.);
#9025=VECTOR('',#11100,1.);
#9026=VECTOR('',#11101,1.);
#9027=VECTOR('',#11112,1.);
#9028=VECTOR('',#11113,1.);
#9029=VECTOR('',#11114,1.);
#9030=VECTOR('',#11115,1.);
#9031=VECTOR('',#11118,1.);
#9032=VECTOR('',#11119,1.);
#9033=VECTOR('',#11120,1.);
#9034=VECTOR('',#11123,1.);
#9035=VECTOR('',#11124,1.);
#9036=VECTOR('',#11125,1.);
#9037=VECTOR('',#11128,1.);
#9038=VECTOR('',#11129,1.);
#9039=VECTOR('',#11136,1.);
#9040=VECTOR('',#11137,1.);
#9041=VECTOR('',#11138,1.);
#9042=VECTOR('',#11139,1.);
#9043=VECTOR('',#11146,1.);
#9044=VECTOR('',#11147,1.);
#9045=VECTOR('',#11148,1.);
#9046=VECTOR('',#11151,1.);
#9047=VECTOR('',#11152,1.);
#9048=VECTOR('',#11153,1.);
#9049=VECTOR('',#11160,1.);
#9050=VECTOR('',#11161,1.);
#9051=VECTOR('',#11176,1.);
#9052=VECTOR('',#11177,1.);
#9053=VECTOR('',#11178,1.);
#9054=VECTOR('',#11179,1.);
#9055=VECTOR('',#11184,1.);
#9056=VECTOR('',#11185,1.);
#9057=VECTOR('',#11186,1.);
#9058=VECTOR('',#11189,1.);
#9059=VECTOR('',#11190,1.);
#9060=VECTOR('',#11191,1.);
#9061=VECTOR('',#11196,1.);
#9062=VECTOR('',#11197,1.);
#9063=VECTOR('',#11208,1.);
#9064=VECTOR('',#11209,1.);
#9065=VECTOR('',#11210,1.);
#9066=VECTOR('',#11211,1.);
#9067=VECTOR('',#11214,1.);
#9068=VECTOR('',#11215,1.);
#9069=VECTOR('',#11216,1.);
#9070=VECTOR('',#11219,1.);
#9071=VECTOR('',#11220,1.);
#9072=VECTOR('',#11221,1.);
#9073=VECTOR('',#11224,1.);
#9074=VECTOR('',#11225,1.);
#9075=VECTOR('',#11232,1.);
#9076=VECTOR('',#11233,1.);
#9077=VECTOR('',#11234,1.);
#9078=VECTOR('',#11235,1.);
#9079=VECTOR('',#11242,1.);
#9080=VECTOR('',#11243,1.);
#9081=VECTOR('',#11244,1.);
#9082=VECTOR('',#11247,1.);
#9083=VECTOR('',#11248,1.);
#9084=VECTOR('',#11249,1.);
#9085=VECTOR('',#11256,1.);
#9086=VECTOR('',#11257,1.);
#9087=VECTOR('',#11272,1.);
#9088=VECTOR('',#11273,1.);
#9089=VECTOR('',#11274,1.);
#9090=VECTOR('',#11275,1.);
#9091=VECTOR('',#11280,1.);
#9092=VECTOR('',#11281,1.);
#9093=VECTOR('',#11282,1.);
#9094=VECTOR('',#11285,1.);
#9095=VECTOR('',#11286,1.);
#9096=VECTOR('',#11287,1.);
#9097=VECTOR('',#11292,1.);
#9098=VECTOR('',#11293,1.);
#9099=VECTOR('',#11308,1.);
#9100=VECTOR('',#11309,1.);
#9101=VECTOR('',#11310,1.);
#9102=VECTOR('',#11311,1.);
#9103=VECTOR('',#11318,1.);
#9104=VECTOR('',#11319,1.);
#9105=VECTOR('',#11320,1.);
#9106=VECTOR('',#11327,1.);
#9107=VECTOR('',#11328,1.);
#9108=VECTOR('',#11329,1.);
#9109=VECTOR('',#11336,1.);
#9110=VECTOR('',#11337,1.);
#9111=VECTOR('',#11354,1.);
#9112=VECTOR('',#11355,1.);
#9113=VECTOR('',#11356,1.);
#9114=VECTOR('',#11357,1.);
#9115=VECTOR('',#11364,1.);
#9116=VECTOR('',#11365,1.);
#9117=VECTOR('',#11366,1.);
#9118=VECTOR('',#11371,1.);
#9119=VECTOR('',#11372,1.);
#9120=VECTOR('',#11373,1.);
#9121=VECTOR('',#11380,1.);
#9122=VECTOR('',#11381,1.);
#9123=VECTOR('',#11400,1.);
#9124=VECTOR('',#11401,1.);
#9125=VECTOR('',#11402,1.);
#9126=VECTOR('',#11403,1.);
#9127=VECTOR('',#11410,1.);
#9128=VECTOR('',#11411,1.);
#9129=VECTOR('',#11412,1.);
#9130=VECTOR('',#11415,1.);
#9131=VECTOR('',#11416,1.);
#9132=VECTOR('',#11417,1.);
#9133=VECTOR('',#11424,1.);
#9134=VECTOR('',#11425,1.);
#9135=VECTOR('',#11440,1.);
#9136=VECTOR('',#11441,1.);
#9137=VECTOR('',#11442,1.);
#9138=VECTOR('',#11443,1.);
#9139=VECTOR('',#11448,1.);
#9140=VECTOR('',#11449,1.);
#9141=VECTOR('',#11450,1.);
#9142=VECTOR('',#11453,1.);
#9143=VECTOR('',#11454,1.);
#9144=VECTOR('',#11455,1.);
#9145=VECTOR('',#11460,1.);
#9146=VECTOR('',#11461,1.);
#9147=VECTOR('',#11472,1.);
#9148=VECTOR('',#11473,1.);
#9149=VECTOR('',#11474,1.);
#9150=VECTOR('',#11475,1.);
#9151=VECTOR('',#11478,1.);
#9152=VECTOR('',#11479,1.);
#9153=VECTOR('',#11480,1.);
#9154=VECTOR('',#11483,1.);
#9155=VECTOR('',#11484,1.);
#9156=VECTOR('',#11485,1.);
#9157=VECTOR('',#11488,1.);
#9158=VECTOR('',#11489,1.);
#9159=VECTOR('',#11500,1.);
#9160=VECTOR('',#11501,1.);
#9161=VECTOR('',#11502,1.);
#9162=VECTOR('',#11503,1.);
#9163=VECTOR('',#11510,1.);
#9164=VECTOR('',#11511,1.);
#9165=VECTOR('',#11512,1.);
#9166=VECTOR('',#11519,1.);
#9167=VECTOR('',#11520,1.);
#9168=VECTOR('',#11521,1.);
#9169=VECTOR('',#11528,1.);
#9170=VECTOR('',#11529,1.);
#9171=VECTOR('',#11546,1.);
#9172=VECTOR('',#11547,1.);
#9173=VECTOR('',#11548,1.);
#9174=VECTOR('',#11549,1.);
#9175=VECTOR('',#11556,1.);
#9176=VECTOR('',#11557,1.);
#9177=VECTOR('',#11558,1.);
#9178=VECTOR('',#11563,1.);
#9179=VECTOR('',#11564,1.);
#9180=VECTOR('',#11565,1.);
#9181=VECTOR('',#11572,1.);
#9182=VECTOR('',#11573,1.);
#9183=VECTOR('',#11592,1.);
#9184=VECTOR('',#11593,1.);
#9185=VECTOR('',#11594,1.);
#9186=VECTOR('',#11595,1.);
#9187=VECTOR('',#11598,1.);
#9188=VECTOR('',#11599,1.);
#9189=VECTOR('',#11600,1.);
#9190=VECTOR('',#11603,1.);
#9191=VECTOR('',#11604,1.);
#9192=VECTOR('',#11605,1.);
#9193=VECTOR('',#11608,1.);
#9194=VECTOR('',#11609,1.);
#9195=VECTOR('',#11616,1.);
#9196=VECTOR('',#11617,1.);
#9197=VECTOR('',#11618,1.);
#9198=VECTOR('',#11619,1.);
#9199=VECTOR('',#11622,1.);
#9200=VECTOR('',#11623,1.);
#9201=VECTOR('',#11624,1.);
#9202=VECTOR('',#11627,1.);
#9203=VECTOR('',#11628,1.);
#9204=VECTOR('',#11629,1.);
#9205=VECTOR('',#11632,1.);
#9206=VECTOR('',#11633,1.);
#9207=VECTOR('',#11640,1.);
#9208=VECTOR('',#11641,1.);
#9209=VECTOR('',#11642,1.);
#9210=VECTOR('',#11643,1.);
#9211=VECTOR('',#11646,1.);
#9212=VECTOR('',#11647,1.);
#9213=VECTOR('',#11648,1.);
#9214=VECTOR('',#11651,1.);
#9215=VECTOR('',#11652,1.);
#9216=VECTOR('',#11653,1.);
#9217=VECTOR('',#11656,1.);
#9218=VECTOR('',#11657,1.);
#9219=VECTOR('',#11664,1.);
#9220=VECTOR('',#11665,1.);
#9221=VECTOR('',#11666,1.);
#9222=VECTOR('',#11667,1.);
#9223=VECTOR('',#11670,1.);
#9224=VECTOR('',#11671,1.);
#9225=VECTOR('',#11672,1.);
#9226=VECTOR('',#11675,1.);
#9227=VECTOR('',#11676,1.);
#9228=VECTOR('',#11677,1.);
#9229=VECTOR('',#11680,1.);
#9230=VECTOR('',#11681,1.);
#9231=VECTOR('',#11682,1.);
#9232=VECTOR('',#11683,1.);
#9233=VECTOR('',#11686,1.);
#9234=VECTOR('',#11687,1.);
#9235=VECTOR('',#11688,1.);
#9236=VECTOR('',#11691,1.);
#9237=VECTOR('',#11692,1.);
#9238=VECTOR('',#11693,1.);
#9239=VECTOR('',#11696,1.);
#9240=VECTOR('',#11697,1.);
#9241=VECTOR('',#11698,1.);
#9242=VECTOR('',#11701,1.);
#9243=VECTOR('',#11702,1.);
#9244=VECTOR('',#11703,1.);
#9245=VECTOR('',#11706,1.);
#9246=VECTOR('',#11707,1.);
#9247=VECTOR('',#11710,1.);
#9248=VECTOR('',#11711,1.);
#9249=VECTOR('',#11718,1.);
#9250=VECTOR('',#11719,1.);
#9251=VECTOR('',#11720,1.);
#9252=VECTOR('',#11721,1.);
#9253=VECTOR('',#11724,1.);
#9254=VECTOR('',#11725,1.);
#9255=VECTOR('',#11726,1.);
#9256=VECTOR('',#11729,1.);
#9257=VECTOR('',#11730,1.);
#9258=VECTOR('',#11731,1.);
#9259=VECTOR('',#11734,1.);
#9260=VECTOR('',#11735,1.);
#9261=VECTOR('',#11736,1.);
#9262=VECTOR('',#11737,1.);
#9263=VECTOR('',#11740,1.);
#9264=VECTOR('',#11741,1.);
#9265=VECTOR('',#11742,1.);
#9266=VECTOR('',#11745,1.);
#9267=VECTOR('',#11746,1.);
#9268=VECTOR('',#11747,1.);
#9269=VECTOR('',#11750,1.);
#9270=VECTOR('',#11751,1.);
#9271=VECTOR('',#11752,1.);
#9272=VECTOR('',#11755,1.);
#9273=VECTOR('',#11756,1.);
#9274=VECTOR('',#11757,1.);
#9275=VECTOR('',#11760,1.);
#9276=VECTOR('',#11761,1.);
#9277=VECTOR('',#11764,1.);
#9278=VECTOR('',#11765,1.);
#9279=VECTOR('',#11772,1.);
#9280=VECTOR('',#11773,1.);
#9281=VECTOR('',#11774,1.);
#9282=VECTOR('',#11775,1.);
#9283=VECTOR('',#11778,1.);
#9284=VECTOR('',#11779,1.);
#9285=VECTOR('',#11780,1.);
#9286=VECTOR('',#11781,1.);
#9287=VECTOR('',#11784,1.);
#9288=VECTOR('',#11785,1.);
#9289=VECTOR('',#11788,1.);
#9290=VECTOR('',#11789,1.);
#9291=VECTOR('',#11796,1.);
#9292=VECTOR('',#11797,1.);
#9293=VECTOR('',#11798,1.);
#9294=VECTOR('',#11799,1.);
#9295=VECTOR('',#11802,1.);
#9296=VECTOR('',#11803,1.);
#9297=VECTOR('',#11804,1.);
#9298=VECTOR('',#11807,1.);
#9299=VECTOR('',#11808,1.);
#9300=VECTOR('',#11809,1.);
#9301=VECTOR('',#11812,1.);
#9302=VECTOR('',#11813,1.);
#9303=VECTOR('',#11820,1.);
#9304=VECTOR('',#11821,1.);
#9305=VECTOR('',#11822,1.);
#9306=VECTOR('',#11823,1.);
#9307=VECTOR('',#11826,1.);
#9308=VECTOR('',#11827,1.);
#9309=VECTOR('',#11828,1.);
#9310=VECTOR('',#11831,1.);
#9311=VECTOR('',#11832,1.);
#9312=VECTOR('',#11833,1.);
#9313=VECTOR('',#11836,1.);
#9314=VECTOR('',#11837,1.);
#9315=VECTOR('',#11844,1.);
#9316=VECTOR('',#11845,1.);
#9317=VECTOR('',#11846,1.);
#9318=VECTOR('',#11847,1.);
#9319=VECTOR('',#11850,1.);
#9320=VECTOR('',#11851,1.);
#9321=VECTOR('',#11852,1.);
#9322=VECTOR('',#11853,1.);
#9323=VECTOR('',#11856,1.);
#9324=VECTOR('',#11857,1.);
#9325=VECTOR('',#11860,1.);
#9326=VECTOR('',#11861,1.);
#9327=VECTOR('',#11868,1.);
#9328=VECTOR('',#11869,1.);
#9329=VECTOR('',#11870,1.);
#9330=VECTOR('',#11871,1.);
#9331=VECTOR('',#11874,1.);
#9332=VECTOR('',#11875,1.);
#9333=VECTOR('',#11876,1.);
#9334=VECTOR('',#11879,1.);
#9335=VECTOR('',#11880,1.);
#9336=VECTOR('',#11881,1.);
#9337=VECTOR('',#11884,1.);
#9338=VECTOR('',#11887,1.);
#9339=VECTOR('',#11892,1.);
#9340=VECTOR('',#11893,1.);
#9341=VECTOR('',#11894,1.);
#9342=VECTOR('',#11895,1.);
#9343=VECTOR('',#11898,1.);
#9344=VECTOR('',#11899,1.);
#9345=VECTOR('',#11900,1.);
#9346=VECTOR('',#11903,1.);
#9347=VECTOR('',#11904,1.);
#9348=VECTOR('',#11905,1.);
#9349=VECTOR('',#11908,1.);
#9350=VECTOR('',#11911,1.);
#9351=VECTOR('',#11916,1.);
#9352=VECTOR('',#11917,1.);
#9353=VECTOR('',#11918,1.);
#9354=VECTOR('',#11919,1.);
#9355=VECTOR('',#11924,1.);
#9356=VECTOR('',#11929,1.);
#9357=VECTOR('',#11930,1.);
#9358=VECTOR('',#11931,1.);
#9359=VECTOR('',#11936,1.);
#9360=VECTOR('',#11941,1.);
#9361=VECTOR('',#11942,1.);
#9362=VECTOR('',#11943,1.);
#9363=VECTOR('',#11948,1.);
#9364=VECTOR('',#11953,1.);
#9365=VECTOR('',#11954,1.);
#9366=VECTOR('',#11955,1.);
#9367=VECTOR('',#12034,1.);
#9368=VECTOR('',#12037,1.);
#9369=VECTOR('',#12040,1.);
#9370=VECTOR('',#12043,1.);
#9371=VECTOR('',#12046,1.);
#9372=VECTOR('',#12047,1.);
#9373=VECTOR('',#12048,1.);
#9374=VECTOR('',#12049,1.);
#9375=VECTOR('',#12054,1.);
#9376=VECTOR('',#12057,1.);
#9377=VECTOR('',#12060,1.);
#9378=VECTOR('',#12063,1.);
#9379=VECTOR('',#12066,1.);
#9380=VECTOR('',#12067,1.);
#9381=VECTOR('',#12068,1.);
#9382=VECTOR('',#12069,1.);
#9383=VECTOR('',#12072,1.);
#9384=VECTOR('',#12073,1.);
#9385=VECTOR('',#12074,1.);
#9386=VECTOR('',#12075,1.);
#9387=VECTOR('',#12078,1.);
#9388=VECTOR('',#12079,1.);
#9389=VECTOR('',#12080,1.);
#9390=VECTOR('',#12081,1.);
#9391=VECTOR('',#12108,1.);
#9392=VECTOR('',#12109,1.);
#9393=VECTOR('',#12112,1.);
#9394=VECTOR('',#12115,1.);
#9395=VECTOR('',#12118,1.);
#9396=VECTOR('',#12121,1.);
#9397=VECTOR('',#12124,1.);
#9398=VECTOR('',#12127,1.);
#9399=VECTOR('',#12132,1.);
#9400=VECTOR('',#12133,1.);
#9401=VECTOR('',#12136,1.);
#9402=VECTOR('',#12139,1.);
#9403=VECTOR('',#12142,1.);
#9404=VECTOR('',#12145,1.);
#9405=VECTOR('',#12148,1.);
#9406=VECTOR('',#12151,1.);
#9407=VECTOR('',#12156,1.);
#9408=VECTOR('',#12157,1.);
#9409=VECTOR('',#12158,1.);
#9410=VECTOR('',#12159,1.);
#9411=VECTOR('',#12162,1.);
#9412=VECTOR('',#12163,1.);
#9413=VECTOR('',#12164,1.);
#9414=VECTOR('',#12167,1.);
#9415=VECTOR('',#12168,1.);
#9416=VECTOR('',#12169,1.);
#9417=VECTOR('',#12172,1.);
#9418=VECTOR('',#12173,1.);
#9419=VECTOR('',#12174,1.);
#9420=VECTOR('',#12177,1.);
#9421=VECTOR('',#12178,1.);
#9422=VECTOR('',#12179,1.);
#9423=VECTOR('',#12182,1.);
#9424=VECTOR('',#12183,1.);
#9425=VECTOR('',#12184,1.);
#9426=VECTOR('',#12187,1.);
#9427=VECTOR('',#12188,1.);
#9428=VECTOR('',#12189,1.);
#9429=VECTOR('',#12192,1.);
#9430=VECTOR('',#12193,1.);
#9431=VECTOR('',#12200,1.);
#9432=VECTOR('',#12201,1.);
#9433=VECTOR('',#12202,1.);
#9434=VECTOR('',#12203,1.);
#9435=VECTOR('',#12206,1.);
#9436=VECTOR('',#12207,1.);
#9437=VECTOR('',#12208,1.);
#9438=VECTOR('',#12211,1.);
#9439=VECTOR('',#12212,1.);
#9440=VECTOR('',#12213,1.);
#9441=VECTOR('',#12216,1.);
#9442=VECTOR('',#12217,1.);
#9443=VECTOR('',#12224,1.);
#9444=VECTOR('',#12225,1.);
#9445=VECTOR('',#12226,1.);
#9446=VECTOR('',#12227,1.);
#9447=VECTOR('',#12230,1.);
#9448=VECTOR('',#12231,1.);
#9449=VECTOR('',#12232,1.);
#9450=VECTOR('',#12235,1.);
#9451=VECTOR('',#12236,1.);
#9452=VECTOR('',#12237,1.);
#9453=VECTOR('',#12240,1.);
#9454=VECTOR('',#12241,1.);
#9455=VECTOR('',#12242,1.);
#9456=VECTOR('',#12243,1.);
#9457=VECTOR('',#12246,1.);
#9458=VECTOR('',#12247,1.);
#9459=VECTOR('',#12248,1.);
#9460=VECTOR('',#12251,1.);
#9461=VECTOR('',#12252,1.);
#9462=VECTOR('',#12253,1.);
#9463=VECTOR('',#12256,1.);
#9464=VECTOR('',#12257,1.);
#9465=VECTOR('',#12260,1.);
#9466=VECTOR('',#12261,1.);
#9467=VECTOR('',#12268,1.);
#9468=VECTOR('',#12269,1.);
#9469=VECTOR('',#12270,1.);
#9470=VECTOR('',#12271,1.);
#9471=VECTOR('',#12274,1.);
#9472=VECTOR('',#12275,1.);
#9473=VECTOR('',#12276,1.);
#9474=VECTOR('',#12279,1.);
#9475=VECTOR('',#12280,1.);
#9476=VECTOR('',#12281,1.);
#9477=VECTOR('',#12284,1.);
#9478=VECTOR('',#12285,1.);
#9479=VECTOR('',#12286,1.);
#9480=VECTOR('',#12289,1.);
#9481=VECTOR('',#12290,1.);
#9482=VECTOR('',#12291,1.);
#9483=VECTOR('',#12294,1.);
#9484=VECTOR('',#12295,1.);
#9485=VECTOR('',#12296,1.);
#9486=VECTOR('',#12299,1.);
#9487=VECTOR('',#12300,1.);
#9488=VECTOR('',#12301,1.);
#9489=VECTOR('',#12304,1.);
#9490=VECTOR('',#12305,1.);
#9491=VECTOR('',#12408,1.);
#9492=VECTOR('',#12409,1.);
#9493=VECTOR('',#12412,1.);
#9494=VECTOR('',#12413,1.);
#9495=VECTOR('',#12416,1.);
#9496=VECTOR('',#12423,1.);
#9497=VECTOR('',#12426,1.);
#9498=VECTOR('',#12433,1.);
#9499=VECTOR('',#12434,1.);
#9500=VECTOR('',#12437,1.);
#9501=VECTOR('',#12438,1.);
#9502=VECTOR('',#12441,1.);
#9503=VECTOR('',#12444,1.);
#9504=VECTOR('',#12447,1.);
#9505=VECTOR('',#12448,1.);
#9506=VECTOR('',#12469,1.);
#9507=VECTOR('',#12470,1.);
#9508=VECTOR('',#12471,1.);
#9509=VECTOR('',#12472,1.);
#9510=VECTOR('',#12483,1.);
#9511=VECTOR('',#12484,1.);
#9512=VECTOR('',#12485,1.);
#9513=VECTOR('',#12488,1.);
#9514=VECTOR('',#12489,1.);
#9515=VECTOR('',#12490,1.);
#9516=VECTOR('',#12493,1.);
#9517=VECTOR('',#12496,1.);
#9518=VECTOR('',#12517,1.);
#9519=VECTOR('',#12518,1.);
#9520=VECTOR('',#12519,1.);
#9521=VECTOR('',#12520,1.);
#9522=VECTOR('',#12523,1.);
#9523=VECTOR('',#12524,1.);
#9524=VECTOR('',#12525,1.);
#9525=VECTOR('',#12526,1.);
#9526=VECTOR('',#12533,1.);
#9527=VECTOR('',#12534,1.);
#9528=VECTOR('',#12535,1.);
#9529=VECTOR('',#12540,1.);
#9530=VECTOR('',#12545,1.);
#9531=VECTOR('',#12546,1.);
#9532=VECTOR('',#12547,1.);
#9533=VECTOR('',#12556,1.);
#9534=VECTOR('',#12557,1.);
#9535=VECTOR('',#12558,1.);
#9536=VECTOR('',#12559,1.);
#9537=VECTOR('',#12564,1.);
#9538=VECTOR('',#12569,1.);
#9539=VECTOR('',#12570,1.);
#9540=VECTOR('',#12571,1.);
#9541=VECTOR('',#12576,1.);
#9542=VECTOR('',#12585,1.);
#9543=VECTOR('',#12586,1.);
#9544=VECTOR('',#12587,1.);
#9545=VECTOR('',#12590,1.);
#9546=VECTOR('',#12591,1.);
#9547=VECTOR('',#12592,1.);
#9548=VECTOR('',#12599,1.);
#9549=VECTOR('',#12600,1.);
#9550=VECTOR('',#12601,1.);
#9551=VECTOR('',#12606,1.);
#9552=VECTOR('',#12611,1.);
#9553=VECTOR('',#12612,1.);
#9554=VECTOR('',#12613,1.);
#9555=VECTOR('',#12618,1.);
#9556=VECTOR('',#12623,1.);
#9557=VECTOR('',#12624,1.);
#9558=VECTOR('',#12625,1.);
#9559=VECTOR('',#12630,1.);
#9560=VECTOR('',#12635,1.);
#9561=VECTOR('',#12636,1.);
#9562=VECTOR('',#12637,1.);
#9563=VECTOR('',#12642,1.);
#9564=VECTOR('',#12651,1.);
#9565=VECTOR('',#12652,1.);
#9566=VECTOR('',#12655,1.);
#9567=VECTOR('',#12658,1.);
#9568=VECTOR('',#12663,1.);
#9569=VECTOR('',#12666,1.);
#9570=VECTOR('',#12679,1.);
#9571=VECTOR('',#12680,1.);
#9572=VECTOR('',#12689,1.);
#9573=VECTOR('',#12690,1.);
#9574=VECTOR('',#12693,1.);
#9575=VECTOR('',#12696,1.);
#9576=VECTOR('',#12713,1.);
#9577=VECTOR('',#12716,1.);
#9578=VECTOR('',#12719,1.);
#9579=VECTOR('',#12720,1.);
#9580=VECTOR('',#12723,1.);
#9581=VECTOR('',#12724,1.);
#9582=VECTOR('',#12747,1.);
#9583=VECTOR('',#12750,1.);
#9584=VECTOR('',#12759,1.);
#9585=VECTOR('',#12762,1.);
#9586=VECTOR('',#12765,1.);
#9587=VECTOR('',#12768,1.);
#9588=VECTOR('',#12773,1.);
#9589=VECTOR('',#12776,1.);
#9590=VECTOR('',#12783,1.);
#9591=VECTOR('',#12784,1.);
#9592=VECTOR('',#12785,1.);
#9593=VECTOR('',#12788,1.);
#9594=VECTOR('',#12789,1.);
#9595=VECTOR('',#12792,1.);
#9596=VECTOR('',#12793,1.);
#9597=AXIS2_PLACEMENT_3D('',#12846,#10390,#10391);
#9598=AXIS2_PLACEMENT_3D('',#12855,#10396,#10397);
#9599=AXIS2_PLACEMENT_3D('',#12861,#10401,#10402);
#9600=AXIS2_PLACEMENT_3D('',#12867,#10406,#10407);
#9601=AXIS2_PLACEMENT_3D('',#12870,#10410,#10411);
#9602=AXIS2_PLACEMENT_3D('',#12871,#10412,#10413);
#9603=AXIS2_PLACEMENT_3D('',#12872,#10414,#10415);
#9604=AXIS2_PLACEMENT_3D('',#12881,#10420,#10421);
#9605=AXIS2_PLACEMENT_3D('',#12887,#10425,#10426);
#9606=AXIS2_PLACEMENT_3D('',#12893,#10430,#10431);
#9607=AXIS2_PLACEMENT_3D('',#12896,#10434,#10435);
#9608=AXIS2_PLACEMENT_3D('',#12897,#10436,#10437);
#9609=AXIS2_PLACEMENT_3D('',#12898,#10438,#10439);
#9610=AXIS2_PLACEMENT_3D('',#12907,#10444,#10445);
#9611=AXIS2_PLACEMENT_3D('',#12913,#10449,#10450);
#9612=AXIS2_PLACEMENT_3D('',#12917,#10453,#10454);
#9613=AXIS2_PLACEMENT_3D('',#12921,#10457,#10458);
#9614=AXIS2_PLACEMENT_3D('',#12923,#10460,#10461);
#9615=AXIS2_PLACEMENT_3D('',#12924,#10462,#10463);
#9616=AXIS2_PLACEMENT_3D('',#12933,#10468,#10469);
#9617=AXIS2_PLACEMENT_3D('',#12939,#10473,#10474);
#9618=AXIS2_PLACEMENT_3D('',#12945,#10478,#10479);
#9619=AXIS2_PLACEMENT_3D('',#12948,#10482,#10483);
#9620=AXIS2_PLACEMENT_3D('',#12949,#10484,#10485);
#9621=AXIS2_PLACEMENT_3D('',#12950,#10486,#10487);
#9622=AXIS2_PLACEMENT_3D('',#12959,#10492,#10493);
#9623=AXIS2_PLACEMENT_3D('',#12965,#10497,#10498);
#9624=AXIS2_PLACEMENT_3D('',#12969,#10501,#10502);
#9625=AXIS2_PLACEMENT_3D('',#12973,#10505,#10506);
#9626=AXIS2_PLACEMENT_3D('',#12975,#10508,#10509);
#9627=AXIS2_PLACEMENT_3D('',#12976,#10510,#10511);
#9628=AXIS2_PLACEMENT_3D('',#12985,#10516,#10517);
#9629=AXIS2_PLACEMENT_3D('',#12991,#10521,#10522);
#9630=AXIS2_PLACEMENT_3D('',#12997,#10526,#10527);
#9631=AXIS2_PLACEMENT_3D('',#12999,#10529,#10530);
#9632=AXIS2_PLACEMENT_3D('',#13001,#10532,#10533);
#9633=AXIS2_PLACEMENT_3D('',#13002,#10534,#10535);
#9634=AXIS2_PLACEMENT_3D('',#13011,#10540,#10541);
#9635=AXIS2_PLACEMENT_3D('',#13020,#10546,#10547);
#9636=AXIS2_PLACEMENT_3D('',#13026,#10551,#10552);
#9637=AXIS2_PLACEMENT_3D('',#13035,#10557,#10558);
#9638=AXIS2_PLACEMENT_3D('',#13038,#10561,#10562);
#9639=AXIS2_PLACEMENT_3D('',#13044,#10566,#10567);
#9640=AXIS2_PLACEMENT_3D('',#13055,#10574,#10575);
#9641=AXIS2_PLACEMENT_3D('',#13066,#10582,#10583);
#9642=AXIS2_PLACEMENT_3D('',#13068,#10585,#10586);
#9643=AXIS2_PLACEMENT_3D('',#13070,#10588,#10589);
#9644=AXIS2_PLACEMENT_3D('',#13071,#10590,#10591);
#9645=AXIS2_PLACEMENT_3D('',#13073,#10593,#10594);
#9646=AXIS2_PLACEMENT_3D('',#13075,#10596,#10597);
#9647=AXIS2_PLACEMENT_3D('',#13076,#10598,#10599);
#9648=AXIS2_PLACEMENT_3D('',#13085,#10604,#10605);
#9649=AXIS2_PLACEMENT_3D('',#13091,#10609,#10610);
#9650=AXIS2_PLACEMENT_3D('',#13097,#10614,#10615);
#9651=AXIS2_PLACEMENT_3D('',#13099,#10617,#10618);
#9652=AXIS2_PLACEMENT_3D('',#13101,#10620,#10621);
#9653=AXIS2_PLACEMENT_3D('',#13102,#10622,#10623);
#9654=AXIS2_PLACEMENT_3D('',#13111,#10628,#10629);
#9655=AXIS2_PLACEMENT_3D('',#13120,#10634,#10635);
#9656=AXIS2_PLACEMENT_3D('',#13123,#10638,#10639);
#9657=AXIS2_PLACEMENT_3D('',#13125,#10641,#10642);
#9658=AXIS2_PLACEMENT_3D('',#13127,#10644,#10645);
#9659=AXIS2_PLACEMENT_3D('',#13128,#10646,#10647);
#9660=AXIS2_PLACEMENT_3D('',#13137,#10652,#10653);
#9661=AXIS2_PLACEMENT_3D('',#13143,#10657,#10658);
#9662=AXIS2_PLACEMENT_3D('',#13149,#10662,#10663);
#9663=AXIS2_PLACEMENT_3D('',#13151,#10665,#10666);
#9664=AXIS2_PLACEMENT_3D('',#13153,#10668,#10669);
#9665=AXIS2_PLACEMENT_3D('',#13154,#10670,#10671);
#9666=AXIS2_PLACEMENT_3D('',#13155,#10672,#10673);
#9667=AXIS2_PLACEMENT_3D('',#13157,#10674,#10675);
#9668=AXIS2_PLACEMENT_3D('',#13167,#10680,#10681);
#9669=AXIS2_PLACEMENT_3D('',#13168,#10682,#10683);
#9670=AXIS2_PLACEMENT_3D('',#13170,#10684,#10685);
#9671=AXIS2_PLACEMENT_3D('',#13177,#10689,#10690);
#9672=AXIS2_PLACEMENT_3D('',#13178,#10691,#10692);
#9673=AXIS2_PLACEMENT_3D('',#13180,#10693,#10694);
#9674=AXIS2_PLACEMENT_3D('',#13187,#10698,#10699);
#9675=AXIS2_PLACEMENT_3D('',#13188,#10700,#10701);
#9676=AXIS2_PLACEMENT_3D('',#13190,#10702,#10703);
#9677=AXIS2_PLACEMENT_3D('',#13194,#10706,#10707);
#9678=AXIS2_PLACEMENT_3D('',#13195,#10708,#10709);
#9679=AXIS2_PLACEMENT_3D('',#13196,#10710,#10711);
#9680=AXIS2_PLACEMENT_3D('',#13197,#10712,#10713);
#9681=AXIS2_PLACEMENT_3D('',#13199,#10714,#10715);
#9682=AXIS2_PLACEMENT_3D('',#13200,#10716,#10717);
#9683=AXIS2_PLACEMENT_3D('',#13202,#10718,#10719);
#9684=AXIS2_PLACEMENT_3D('',#13203,#10720,#10721);
#9685=AXIS2_PLACEMENT_3D('',#13205,#10722,#10723);
#9686=AXIS2_PLACEMENT_3D('',#13215,#10728,#10729);
#9687=AXIS2_PLACEMENT_3D('',#13216,#10730,#10731);
#9688=AXIS2_PLACEMENT_3D('',#13223,#10735,#10736);
#9689=AXIS2_PLACEMENT_3D('',#13224,#10737,#10738);
#9690=AXIS2_PLACEMENT_3D('',#13226,#10739,#10740);
#9691=AXIS2_PLACEMENT_3D('',#13233,#10744,#10745);
#9692=AXIS2_PLACEMENT_3D('',#13234,#10746,#10747);
#9693=AXIS2_PLACEMENT_3D('',#13238,#10750,#10751);
#9694=AXIS2_PLACEMENT_3D('',#13239,#10752,#10753);
#9695=AXIS2_PLACEMENT_3D('',#13240,#10754,#10755);
#9696=AXIS2_PLACEMENT_3D('',#13241,#10756,#10757);
#9697=AXIS2_PLACEMENT_3D('',#13242,#10758,#10759);
#9698=AXIS2_PLACEMENT_3D('',#13243,#10760,#10761);
#9699=AXIS2_PLACEMENT_3D('',#13244,#10762,#10763);
#9700=AXIS2_PLACEMENT_3D('',#13245,#10764,#10765);
#9701=AXIS2_PLACEMENT_3D('',#13246,#10766,#10767);
#9702=AXIS2_PLACEMENT_3D('',#13255,#10772,#10773);
#9703=AXIS2_PLACEMENT_3D('',#13261,#10777,#10778);
#9704=AXIS2_PLACEMENT_3D('',#13267,#10782,#10783);
#9705=AXIS2_PLACEMENT_3D('',#13270,#10786,#10787);
#9706=AXIS2_PLACEMENT_3D('',#13271,#10788,#10789);
#9707=AXIS2_PLACEMENT_3D('',#13272,#10790,#10791);
#9708=AXIS2_PLACEMENT_3D('',#13281,#10796,#10797);
#9709=AXIS2_PLACEMENT_3D('',#13287,#10801,#10802);
#9710=AXIS2_PLACEMENT_3D('',#13293,#10806,#10807);
#9711=AXIS2_PLACEMENT_3D('',#13296,#10810,#10811);
#9712=AXIS2_PLACEMENT_3D('',#13297,#10812,#10813);
#9713=AXIS2_PLACEMENT_3D('',#13298,#10814,#10815);
#9714=AXIS2_PLACEMENT_3D('',#13307,#10820,#10821);
#9715=AXIS2_PLACEMENT_3D('',#13313,#10825,#10826);
#9716=AXIS2_PLACEMENT_3D('',#13319,#10830,#10831);
#9717=AXIS2_PLACEMENT_3D('',#13322,#10834,#10835);
#9718=AXIS2_PLACEMENT_3D('',#13323,#10836,#10837);
#9719=AXIS2_PLACEMENT_3D('',#13324,#10838,#10839);
#9720=AXIS2_PLACEMENT_3D('',#13325,#10840,#10841);
#9721=AXIS2_PLACEMENT_3D('',#13327,#10842,#10843);
#9722=AXIS2_PLACEMENT_3D('',#13337,#10848,#10849);
#9723=AXIS2_PLACEMENT_3D('',#13338,#10850,#10851);
#9724=AXIS2_PLACEMENT_3D('',#13340,#10852,#10853);
#9725=AXIS2_PLACEMENT_3D('',#13347,#10857,#10858);
#9726=AXIS2_PLACEMENT_3D('',#13348,#10859,#10860);
#9727=AXIS2_PLACEMENT_3D('',#13350,#10861,#10862);
#9728=AXIS2_PLACEMENT_3D('',#13357,#10866,#10867);
#9729=AXIS2_PLACEMENT_3D('',#13358,#10868,#10869);
#9730=AXIS2_PLACEMENT_3D('',#13360,#10870,#10871);
#9731=AXIS2_PLACEMENT_3D('',#13364,#10874,#10875);
#9732=AXIS2_PLACEMENT_3D('',#13365,#10876,#10877);
#9733=AXIS2_PLACEMENT_3D('',#13366,#10878,#10879);
#9734=AXIS2_PLACEMENT_3D('',#13367,#10880,#10881);
#9735=AXIS2_PLACEMENT_3D('',#13369,#10882,#10883);
#9736=AXIS2_PLACEMENT_3D('',#13370,#10884,#10885);
#9737=AXIS2_PLACEMENT_3D('',#13372,#10886,#10887);
#9738=AXIS2_PLACEMENT_3D('',#13373,#10888,#10889);
#9739=AXIS2_PLACEMENT_3D('',#13383,#10894,#10895);
#9740=AXIS2_PLACEMENT_3D('',#13384,#10896,#10897);
#9741=AXIS2_PLACEMENT_3D('',#13386,#10898,#10899);
#9742=AXIS2_PLACEMENT_3D('',#13393,#10903,#10904);
#9743=AXIS2_PLACEMENT_3D('',#13394,#10905,#10906);
#9744=AXIS2_PLACEMENT_3D('',#13401,#10910,#10911);
#9745=AXIS2_PLACEMENT_3D('',#13402,#10912,#10913);
#9746=AXIS2_PLACEMENT_3D('',#13404,#10914,#10915);
#9747=AXIS2_PLACEMENT_3D('',#13408,#10918,#10919);
#9748=AXIS2_PLACEMENT_3D('',#13409,#10920,#10921);
#9749=AXIS2_PLACEMENT_3D('',#13410,#10922,#10923);
#9750=AXIS2_PLACEMENT_3D('',#13411,#10924,#10925);
#9751=AXIS2_PLACEMENT_3D('',#13412,#10926,#10927);
#9752=AXIS2_PLACEMENT_3D('',#13413,#10928,#10929);
#9753=AXIS2_PLACEMENT_3D('',#13414,#10930,#10931);
#9754=AXIS2_PLACEMENT_3D('',#13415,#10932,#10933);
#9755=AXIS2_PLACEMENT_3D('',#13416,#10934,#10935);
#9756=AXIS2_PLACEMENT_3D('',#13425,#10940,#10941);
#9757=AXIS2_PLACEMENT_3D('',#13431,#10945,#10946);
#9758=AXIS2_PLACEMENT_3D('',#13437,#10950,#10951);
#9759=AXIS2_PLACEMENT_3D('',#13440,#10954,#10955);
#9760=AXIS2_PLACEMENT_3D('',#13441,#10956,#10957);
#9761=AXIS2_PLACEMENT_3D('',#13442,#10958,#10959);
#9762=AXIS2_PLACEMENT_3D('',#13443,#10960,#10961);
#9763=AXIS2_PLACEMENT_3D('',#13453,#10966,#10967);
#9764=AXIS2_PLACEMENT_3D('',#13459,#10971,#10972);
#9765=AXIS2_PLACEMENT_3D('',#13465,#10976,#10977);
#9766=AXIS2_PLACEMENT_3D('',#13468,#10980,#10981);
#9767=AXIS2_PLACEMENT_3D('',#13469,#10982,#10983);
#9768=AXIS2_PLACEMENT_3D('',#13470,#10984,#10985);
#9769=AXIS2_PLACEMENT_3D('',#13471,#10986,#10987);
#9770=AXIS2_PLACEMENT_3D('',#13473,#10988,#10989);
#9771=AXIS2_PLACEMENT_3D('',#13474,#10990,#10991);
#9772=AXIS2_PLACEMENT_3D('',#13483,#10996,#10997);
#9773=AXIS2_PLACEMENT_3D('',#13489,#11001,#11002);
#9774=AXIS2_PLACEMENT_3D('',#13495,#11006,#11007);
#9775=AXIS2_PLACEMENT_3D('',#13498,#11010,#11011);
#9776=AXIS2_PLACEMENT_3D('',#13499,#11012,#11013);
#9777=AXIS2_PLACEMENT_3D('',#13500,#11014,#11015);
#9778=AXIS2_PLACEMENT_3D('',#13509,#11020,#11021);
#9779=AXIS2_PLACEMENT_3D('',#13515,#11025,#11026);
#9780=AXIS2_PLACEMENT_3D('',#13521,#11030,#11031);
#9781=AXIS2_PLACEMENT_3D('',#13524,#11034,#11035);
#9782=AXIS2_PLACEMENT_3D('',#13525,#11036,#11037);
#9783=AXIS2_PLACEMENT_3D('',#13526,#11038,#11039);
#9784=AXIS2_PLACEMENT_3D('',#13535,#11044,#11045);
#9785=AXIS2_PLACEMENT_3D('',#13536,#11046,#11047);
#9786=AXIS2_PLACEMENT_3D('',#13538,#11048,#11049);
#9787=AXIS2_PLACEMENT_3D('',#13545,#11053,#11054);
#9788=AXIS2_PLACEMENT_3D('',#13551,#11058,#11059);
#9789=AXIS2_PLACEMENT_3D('',#13552,#11060,#11061);
#9790=AXIS2_PLACEMENT_3D('',#13554,#11062,#11063);
#9791=AXIS2_PLACEMENT_3D('',#13558,#11066,#11067);
#9792=AXIS2_PLACEMENT_3D('',#13559,#11068,#11069);
#9793=AXIS2_PLACEMENT_3D('',#13560,#11070,#11071);
#9794=AXIS2_PLACEMENT_3D('',#13561,#11072,#11073);
#9795=AXIS2_PLACEMENT_3D('',#13563,#11074,#11075);
#9796=AXIS2_PLACEMENT_3D('',#13564,#11076,#11077);
#9797=AXIS2_PLACEMENT_3D('',#13566,#11078,#11079);
#9798=AXIS2_PLACEMENT_3D('',#13575,#11084,#11085);
#9799=AXIS2_PLACEMENT_3D('',#13576,#11086,#11087);
#9800=AXIS2_PLACEMENT_3D('',#13583,#11091,#11092);
#9801=AXIS2_PLACEMENT_3D('',#13589,#11096,#11097);
#9802=AXIS2_PLACEMENT_3D('',#13590,#11098,#11099);
#9803=AXIS2_PLACEMENT_3D('',#13594,#11102,#11103);
#9804=AXIS2_PLACEMENT_3D('',#13595,#11104,#11105);
#9805=AXIS2_PLACEMENT_3D('',#13596,#11106,#11107);
#9806=AXIS2_PLACEMENT_3D('',#13597,#11108,#11109);
#9807=AXIS2_PLACEMENT_3D('',#13598,#11110,#11111);
#9808=AXIS2_PLACEMENT_3D('',#13607,#11116,#11117);
#9809=AXIS2_PLACEMENT_3D('',#13613,#11121,#11122);
#9810=AXIS2_PLACEMENT_3D('',#13619,#11126,#11127);
#9811=AXIS2_PLACEMENT_3D('',#13622,#11130,#11131);
#9812=AXIS2_PLACEMENT_3D('',#13623,#11132,#11133);
#9813=AXIS2_PLACEMENT_3D('',#13624,#11134,#11135);
#9814=AXIS2_PLACEMENT_3D('',#13633,#11140,#11141);
#9815=AXIS2_PLACEMENT_3D('',#13634,#11142,#11143);
#9816=AXIS2_PLACEMENT_3D('',#13636,#11144,#11145);
#9817=AXIS2_PLACEMENT_3D('',#13643,#11149,#11150);
#9818=AXIS2_PLACEMENT_3D('',#13649,#11154,#11155);
#9819=AXIS2_PLACEMENT_3D('',#13650,#11156,#11157);
#9820=AXIS2_PLACEMENT_3D('',#13652,#11158,#11159);
#9821=AXIS2_PLACEMENT_3D('',#13656,#11162,#11163);
#9822=AXIS2_PLACEMENT_3D('',#13657,#11164,#11165);
#9823=AXIS2_PLACEMENT_3D('',#13658,#11166,#11167);
#9824=AXIS2_PLACEMENT_3D('',#13659,#11168,#11169);
#9825=AXIS2_PLACEMENT_3D('',#13661,#11170,#11171);
#9826=AXIS2_PLACEMENT_3D('',#13662,#11172,#11173);
#9827=AXIS2_PLACEMENT_3D('',#13664,#11174,#11175);
#9828=AXIS2_PLACEMENT_3D('',#13673,#11180,#11181);
#9829=AXIS2_PLACEMENT_3D('',#13674,#11182,#11183);
#9830=AXIS2_PLACEMENT_3D('',#13681,#11187,#11188);
#9831=AXIS2_PLACEMENT_3D('',#13687,#11192,#11193);
#9832=AXIS2_PLACEMENT_3D('',#13688,#11194,#11195);
#9833=AXIS2_PLACEMENT_3D('',#13692,#11198,#11199);
#9834=AXIS2_PLACEMENT_3D('',#13693,#11200,#11201);
#9835=AXIS2_PLACEMENT_3D('',#13694,#11202,#11203);
#9836=AXIS2_PLACEMENT_3D('',#13695,#11204,#11205);
#9837=AXIS2_PLACEMENT_3D('',#13696,#11206,#11207);
#9838=AXIS2_PLACEMENT_3D('',#13705,#11212,#11213);
#9839=AXIS2_PLACEMENT_3D('',#13711,#11217,#11218);
#9840=AXIS2_PLACEMENT_3D('',#13717,#11222,#11223);
#9841=AXIS2_PLACEMENT_3D('',#13720,#11226,#11227);
#9842=AXIS2_PLACEMENT_3D('',#13721,#11228,#11229);
#9843=AXIS2_PLACEMENT_3D('',#13722,#11230,#11231);
#9844=AXIS2_PLACEMENT_3D('',#13731,#11236,#11237);
#9845=AXIS2_PLACEMENT_3D('',#13732,#11238,#11239);
#9846=AXIS2_PLACEMENT_3D('',#13734,#11240,#11241);
#9847=AXIS2_PLACEMENT_3D('',#13741,#11245,#11246);
#9848=AXIS2_PLACEMENT_3D('',#13747,#11250,#11251);
#9849=AXIS2_PLACEMENT_3D('',#13748,#11252,#11253);
#9850=AXIS2_PLACEMENT_3D('',#13750,#11254,#11255);
#9851=AXIS2_PLACEMENT_3D('',#13754,#11258,#11259);
#9852=AXIS2_PLACEMENT_3D('',#13755,#11260,#11261);
#9853=AXIS2_PLACEMENT_3D('',#13756,#11262,#11263);
#9854=AXIS2_PLACEMENT_3D('',#13757,#11264,#11265);
#9855=AXIS2_PLACEMENT_3D('',#13759,#11266,#11267);
#9856=AXIS2_PLACEMENT_3D('',#13760,#11268,#11269);
#9857=AXIS2_PLACEMENT_3D('',#13762,#11270,#11271);
#9858=AXIS2_PLACEMENT_3D('',#13771,#11276,#11277);
#9859=AXIS2_PLACEMENT_3D('',#13772,#11278,#11279);
#9860=AXIS2_PLACEMENT_3D('',#13779,#11283,#11284);
#9861=AXIS2_PLACEMENT_3D('',#13785,#11288,#11289);
#9862=AXIS2_PLACEMENT_3D('',#13786,#11290,#11291);
#9863=AXIS2_PLACEMENT_3D('',#13790,#11294,#11295);
#9864=AXIS2_PLACEMENT_3D('',#13791,#11296,#11297);
#9865=AXIS2_PLACEMENT_3D('',#13792,#11298,#11299);
#9866=AXIS2_PLACEMENT_3D('',#13793,#11300,#11301);
#9867=AXIS2_PLACEMENT_3D('',#13794,#11302,#11303);
#9868=AXIS2_PLACEMENT_3D('',#13795,#11304,#11305);
#9869=AXIS2_PLACEMENT_3D('',#13797,#11306,#11307);
#9870=AXIS2_PLACEMENT_3D('',#13807,#11312,#11313);
#9871=AXIS2_PLACEMENT_3D('',#13808,#11314,#11315);
#9872=AXIS2_PLACEMENT_3D('',#13810,#11316,#11317);
#9873=AXIS2_PLACEMENT_3D('',#13817,#11321,#11322);
#9874=AXIS2_PLACEMENT_3D('',#13818,#11323,#11324);
#9875=AXIS2_PLACEMENT_3D('',#13820,#11325,#11326);
#9876=AXIS2_PLACEMENT_3D('',#13827,#11330,#11331);
#9877=AXIS2_PLACEMENT_3D('',#13828,#11332,#11333);
#9878=AXIS2_PLACEMENT_3D('',#13830,#11334,#11335);
#9879=AXIS2_PLACEMENT_3D('',#13834,#11338,#11339);
#9880=AXIS2_PLACEMENT_3D('',#13835,#11340,#11341);
#9881=AXIS2_PLACEMENT_3D('',#13836,#11342,#11343);
#9882=AXIS2_PLACEMENT_3D('',#13837,#11344,#11345);
#9883=AXIS2_PLACEMENT_3D('',#13839,#11346,#11347);
#9884=AXIS2_PLACEMENT_3D('',#13840,#11348,#11349);
#9885=AXIS2_PLACEMENT_3D('',#13842,#11350,#11351);
#9886=AXIS2_PLACEMENT_3D('',#13843,#11352,#11353);
#9887=AXIS2_PLACEMENT_3D('',#13853,#11358,#11359);
#9888=AXIS2_PLACEMENT_3D('',#13854,#11360,#11361);
#9889=AXIS2_PLACEMENT_3D('',#13856,#11362,#11363);
#9890=AXIS2_PLACEMENT_3D('',#13863,#11367,#11368);
#9891=AXIS2_PLACEMENT_3D('',#13864,#11369,#11370);
#9892=AXIS2_PLACEMENT_3D('',#13871,#11374,#11375);
#9893=AXIS2_PLACEMENT_3D('',#13872,#11376,#11377);
#9894=AXIS2_PLACEMENT_3D('',#13874,#11378,#11379);
#9895=AXIS2_PLACEMENT_3D('',#13878,#11382,#11383);
#9896=AXIS2_PLACEMENT_3D('',#13879,#11384,#11385);
#9897=AXIS2_PLACEMENT_3D('',#13880,#11386,#11387);
#9898=AXIS2_PLACEMENT_3D('',#13881,#11388,#11389);
#9899=AXIS2_PLACEMENT_3D('',#13882,#11390,#11391);
#9900=AXIS2_PLACEMENT_3D('',#13883,#11392,#11393);
#9901=AXIS2_PLACEMENT_3D('',#13884,#11394,#11395);
#9902=AXIS2_PLACEMENT_3D('',#13885,#11396,#11397);
#9903=AXIS2_PLACEMENT_3D('',#13886,#11398,#11399);
#9904=AXIS2_PLACEMENT_3D('',#13895,#11404,#11405);
#9905=AXIS2_PLACEMENT_3D('',#13896,#11406,#11407);
#9906=AXIS2_PLACEMENT_3D('',#13898,#11408,#11409);
#9907=AXIS2_PLACEMENT_3D('',#13905,#11413,#11414);
#9908=AXIS2_PLACEMENT_3D('',#13911,#11418,#11419);
#9909=AXIS2_PLACEMENT_3D('',#13912,#11420,#11421);
#9910=AXIS2_PLACEMENT_3D('',#13914,#11422,#11423);
#9911=AXIS2_PLACEMENT_3D('',#13918,#11426,#11427);
#9912=AXIS2_PLACEMENT_3D('',#13919,#11428,#11429);
#9913=AXIS2_PLACEMENT_3D('',#13920,#11430,#11431);
#9914=AXIS2_PLACEMENT_3D('',#13921,#11432,#11433);
#9915=AXIS2_PLACEMENT_3D('',#13923,#11434,#11435);
#9916=AXIS2_PLACEMENT_3D('',#13924,#11436,#11437);
#9917=AXIS2_PLACEMENT_3D('',#13926,#11438,#11439);
#9918=AXIS2_PLACEMENT_3D('',#13935,#11444,#11445);
#9919=AXIS2_PLACEMENT_3D('',#13936,#11446,#11447);
#9920=AXIS2_PLACEMENT_3D('',#13943,#11451,#11452);
#9921=AXIS2_PLACEMENT_3D('',#13949,#11456,#11457);
#9922=AXIS2_PLACEMENT_3D('',#13950,#11458,#11459);
#9923=AXIS2_PLACEMENT_3D('',#13954,#11462,#11463);
#9924=AXIS2_PLACEMENT_3D('',#13955,#11464,#11465);
#9925=AXIS2_PLACEMENT_3D('',#13956,#11466,#11467);
#9926=AXIS2_PLACEMENT_3D('',#13957,#11468,#11469);
#9927=AXIS2_PLACEMENT_3D('',#13958,#11470,#11471);
#9928=AXIS2_PLACEMENT_3D('',#13967,#11476,#11477);
#9929=AXIS2_PLACEMENT_3D('',#13973,#11481,#11482);
#9930=AXIS2_PLACEMENT_3D('',#13979,#11486,#11487);
#9931=AXIS2_PLACEMENT_3D('',#13982,#11490,#11491);
#9932=AXIS2_PLACEMENT_3D('',#13983,#11492,#11493);
#9933=AXIS2_PLACEMENT_3D('',#13984,#11494,#11495);
#9934=AXIS2_PLACEMENT_3D('',#13985,#11496,#11497);
#9935=AXIS2_PLACEMENT_3D('',#13987,#11498,#11499);
#9936=AXIS2_PLACEMENT_3D('',#13997,#11504,#11505);
#9937=AXIS2_PLACEMENT_3D('',#13998,#11506,#11507);
#9938=AXIS2_PLACEMENT_3D('',#14000,#11508,#11509);
#9939=AXIS2_PLACEMENT_3D('',#14007,#11513,#11514);
#9940=AXIS2_PLACEMENT_3D('',#14008,#11515,#11516);
#9941=AXIS2_PLACEMENT_3D('',#14010,#11517,#11518);
#9942=AXIS2_PLACEMENT_3D('',#14017,#11522,#11523);
#9943=AXIS2_PLACEMENT_3D('',#14018,#11524,#11525);
#9944=AXIS2_PLACEMENT_3D('',#14020,#11526,#11527);
#9945=AXIS2_PLACEMENT_3D('',#14024,#11530,#11531);
#9946=AXIS2_PLACEMENT_3D('',#14025,#11532,#11533);
#9947=AXIS2_PLACEMENT_3D('',#14026,#11534,#11535);
#9948=AXIS2_PLACEMENT_3D('',#14027,#11536,#11537);
#9949=AXIS2_PLACEMENT_3D('',#14029,#11538,#11539);
#9950=AXIS2_PLACEMENT_3D('',#14030,#11540,#11541);
#9951=AXIS2_PLACEMENT_3D('',#14032,#11542,#11543);
#9952=AXIS2_PLACEMENT_3D('',#14033,#11544,#11545);
#9953=AXIS2_PLACEMENT_3D('',#14043,#11550,#11551);
#9954=AXIS2_PLACEMENT_3D('',#14044,#11552,#11553);
#9955=AXIS2_PLACEMENT_3D('',#14046,#11554,#11555);
#9956=AXIS2_PLACEMENT_3D('',#14053,#11559,#11560);
#9957=AXIS2_PLACEMENT_3D('',#14054,#11561,#11562);
#9958=AXIS2_PLACEMENT_3D('',#14061,#11566,#11567);
#9959=AXIS2_PLACEMENT_3D('',#14062,#11568,#11569);
#9960=AXIS2_PLACEMENT_3D('',#14064,#11570,#11571);
#9961=AXIS2_PLACEMENT_3D('',#14068,#11574,#11575);
#9962=AXIS2_PLACEMENT_3D('',#14069,#11576,#11577);
#9963=AXIS2_PLACEMENT_3D('',#14070,#11578,#11579);
#9964=AXIS2_PLACEMENT_3D('',#14071,#11580,#11581);
#9965=AXIS2_PLACEMENT_3D('',#14072,#11582,#11583);
#9966=AXIS2_PLACEMENT_3D('',#14073,#11584,#11585);
#9967=AXIS2_PLACEMENT_3D('',#14074,#11586,#11587);
#9968=AXIS2_PLACEMENT_3D('',#14075,#11588,#11589);
#9969=AXIS2_PLACEMENT_3D('',#14076,#11590,#11591);
#9970=AXIS2_PLACEMENT_3D('',#14085,#11596,#11597);
#9971=AXIS2_PLACEMENT_3D('',#14091,#11601,#11602);
#9972=AXIS2_PLACEMENT_3D('',#14097,#11606,#11607);
#9973=AXIS2_PLACEMENT_3D('',#14100,#11610,#11611);
#9974=AXIS2_PLACEMENT_3D('',#14101,#11612,#11613);
#9975=AXIS2_PLACEMENT_3D('',#14102,#11614,#11615);
#9976=AXIS2_PLACEMENT_3D('',#14111,#11620,#11621);
#9977=AXIS2_PLACEMENT_3D('',#14117,#11625,#11626);
#9978=AXIS2_PLACEMENT_3D('',#14123,#11630,#11631);
#9979=AXIS2_PLACEMENT_3D('',#14126,#11634,#11635);
#9980=AXIS2_PLACEMENT_3D('',#14127,#11636,#11637);
#9981=AXIS2_PLACEMENT_3D('',#14128,#11638,#11639);
#9982=AXIS2_PLACEMENT_3D('',#14137,#11644,#11645);
#9983=AXIS2_PLACEMENT_3D('',#14143,#11649,#11650);
#9984=AXIS2_PLACEMENT_3D('',#14149,#11654,#11655);
#9985=AXIS2_PLACEMENT_3D('',#14152,#11658,#11659);
#9986=AXIS2_PLACEMENT_3D('',#14153,#11660,#11661);
#9987=AXIS2_PLACEMENT_3D('',#14154,#11662,#11663);
#9988=AXIS2_PLACEMENT_3D('',#14163,#11668,#11669);
#9989=AXIS2_PLACEMENT_3D('',#14169,#11673,#11674);
#9990=AXIS2_PLACEMENT_3D('',#14175,#11678,#11679);
#9991=AXIS2_PLACEMENT_3D('',#14184,#11684,#11685);
#9992=AXIS2_PLACEMENT_3D('',#14190,#11689,#11690);
#9993=AXIS2_PLACEMENT_3D('',#14196,#11694,#11695);
#9994=AXIS2_PLACEMENT_3D('',#14202,#11699,#11700);
#9995=AXIS2_PLACEMENT_3D('',#14208,#11704,#11705);
#9996=AXIS2_PLACEMENT_3D('',#14211,#11708,#11709);
#9997=AXIS2_PLACEMENT_3D('',#14214,#11712,#11713);
#9998=AXIS2_PLACEMENT_3D('',#14215,#11714,#11715);
#9999=AXIS2_PLACEMENT_3D('',#14216,#11716,#11717);
#10000=AXIS2_PLACEMENT_3D('',#14225,#11722,#11723);
#10001=AXIS2_PLACEMENT_3D('',#14231,#11727,#11728);
#10002=AXIS2_PLACEMENT_3D('',#14237,#11732,#11733);
#10003=AXIS2_PLACEMENT_3D('',#14246,#11738,#11739);
#10004=AXIS2_PLACEMENT_3D('',#14252,#11743,#11744);
#10005=AXIS2_PLACEMENT_3D('',#14258,#11748,#11749);
#10006=AXIS2_PLACEMENT_3D('',#14264,#11753,#11754);
#10007=AXIS2_PLACEMENT_3D('',#14270,#11758,#11759);
#10008=AXIS2_PLACEMENT_3D('',#14273,#11762,#11763);
#10009=AXIS2_PLACEMENT_3D('',#14276,#11766,#11767);
#10010=AXIS2_PLACEMENT_3D('',#14277,#11768,#11769);
#10011=AXIS2_PLACEMENT_3D('',#14278,#11770,#11771);
#10012=AXIS2_PLACEMENT_3D('',#14287,#11776,#11777);
#10013=AXIS2_PLACEMENT_3D('',#14296,#11782,#11783);
#10014=AXIS2_PLACEMENT_3D('',#14299,#11786,#11787);
#10015=AXIS2_PLACEMENT_3D('',#14302,#11790,#11791);
#10016=AXIS2_PLACEMENT_3D('',#14303,#11792,#11793);
#10017=AXIS2_PLACEMENT_3D('',#14304,#11794,#11795);
#10018=AXIS2_PLACEMENT_3D('',#14313,#11800,#11801);
#10019=AXIS2_PLACEMENT_3D('',#14319,#11805,#11806);
#10020=AXIS2_PLACEMENT_3D('',#14325,#11810,#11811);
#10021=AXIS2_PLACEMENT_3D('',#14328,#11814,#11815);
#10022=AXIS2_PLACEMENT_3D('',#14329,#11816,#11817);
#10023=AXIS2_PLACEMENT_3D('',#14330,#11818,#11819);
#10024=AXIS2_PLACEMENT_3D('',#14339,#11824,#11825);
#10025=AXIS2_PLACEMENT_3D('',#14345,#11829,#11830);
#10026=AXIS2_PLACEMENT_3D('',#14351,#11834,#11835);
#10027=AXIS2_PLACEMENT_3D('',#14354,#11838,#11839);
#10028=AXIS2_PLACEMENT_3D('',#14355,#11840,#11841);
#10029=AXIS2_PLACEMENT_3D('',#14356,#11842,#11843);
#10030=AXIS2_PLACEMENT_3D('',#14365,#11848,#11849);
#10031=AXIS2_PLACEMENT_3D('',#14374,#11854,#11855);
#10032=AXIS2_PLACEMENT_3D('',#14377,#11858,#11859);
#10033=AXIS2_PLACEMENT_3D('',#14380,#11862,#11863);
#10034=AXIS2_PLACEMENT_3D('',#14381,#11864,#11865);
#10035=AXIS2_PLACEMENT_3D('',#14382,#11866,#11867);
#10036=AXIS2_PLACEMENT_3D('',#14391,#11872,#11873);
#10037=AXIS2_PLACEMENT_3D('',#14397,#11877,#11878);
#10038=AXIS2_PLACEMENT_3D('',#14403,#11882,#11883);
#10039=AXIS2_PLACEMENT_3D('',#14405,#11885,#11886);
#10040=AXIS2_PLACEMENT_3D('',#14407,#11888,#11889);
#10041=AXIS2_PLACEMENT_3D('',#14408,#11890,#11891);
#10042=AXIS2_PLACEMENT_3D('',#14417,#11896,#11897);
#10043=AXIS2_PLACEMENT_3D('',#14423,#11901,#11902);
#10044=AXIS2_PLACEMENT_3D('',#14429,#11906,#11907);
#10045=AXIS2_PLACEMENT_3D('',#14431,#11909,#11910);
#10046=AXIS2_PLACEMENT_3D('',#14433,#11912,#11913);
#10047=AXIS2_PLACEMENT_3D('',#14434,#11914,#11915);
#10048=AXIS2_PLACEMENT_3D('',#14443,#11920,#11921);
#10049=AXIS2_PLACEMENT_3D('',#14444,#11922,#11923);
#10050=AXIS2_PLACEMENT_3D('',#14448,#11925,#11926);
#10051=AXIS2_PLACEMENT_3D('',#14449,#11927,#11928);
#10052=AXIS2_PLACEMENT_3D('',#14455,#11932,#11933);
#10053=AXIS2_PLACEMENT_3D('',#14456,#11934,#11935);
#10054=AXIS2_PLACEMENT_3D('',#14460,#11937,#11938);
#10055=AXIS2_PLACEMENT_3D('',#14461,#11939,#11940);
#10056=AXIS2_PLACEMENT_3D('',#14467,#11944,#11945);
#10057=AXIS2_PLACEMENT_3D('',#14468,#11946,#11947);
#10058=AXIS2_PLACEMENT_3D('',#14472,#11949,#11950);
#10059=AXIS2_PLACEMENT_3D('',#14473,#11951,#11952);
#10060=AXIS2_PLACEMENT_3D('',#14479,#11956,#11957);
#10061=AXIS2_PLACEMENT_3D('',#14480,#11958,#11959);
#10062=AXIS2_PLACEMENT_3D('',#14481,#11960,#11961);
#10063=AXIS2_PLACEMENT_3D('',#14482,#11962,#11963);
#10064=AXIS2_PLACEMENT_3D('',#14483,#11964,#11965);
#10065=AXIS2_PLACEMENT_3D('',#14484,#11966,#11967);
#10066=AXIS2_PLACEMENT_3D('',#14485,#11968,#11969);
#10067=AXIS2_PLACEMENT_3D('',#14487,#11970,#11971);
#10068=AXIS2_PLACEMENT_3D('',#14489,#11972,#11973);
#10069=AXIS2_PLACEMENT_3D('',#14490,#11974,#11975);
#10070=AXIS2_PLACEMENT_3D('',#14492,#11976,#11977);
#10071=AXIS2_PLACEMENT_3D('',#14493,#11978,#11979);
#10072=AXIS2_PLACEMENT_3D('',#14495,#11980,#11981);
#10073=AXIS2_PLACEMENT_3D('',#14496,#11982,#11983);
#10074=AXIS2_PLACEMENT_3D('',#14498,#11984,#11985);
#10075=AXIS2_PLACEMENT_3D('',#14499,#11986,#11987);
#10076=AXIS2_PLACEMENT_3D('',#14501,#11988,#11989);
#10077=AXIS2_PLACEMENT_3D('',#14502,#11990,#11991);
#10078=AXIS2_PLACEMENT_3D('',#14504,#11992,#11993);
#10079=AXIS2_PLACEMENT_3D('',#14505,#11994,#11995);
#10080=AXIS2_PLACEMENT_3D('',#14507,#11996,#11997);
#10081=AXIS2_PLACEMENT_3D('',#14508,#11998,#11999);
#10082=AXIS2_PLACEMENT_3D('',#14510,#12000,#12001);
#10083=AXIS2_PLACEMENT_3D('',#14511,#12002,#12003);
#10084=AXIS2_PLACEMENT_3D('',#14513,#12004,#12005);
#10085=AXIS2_PLACEMENT_3D('',#14514,#12006,#12007);
#10086=AXIS2_PLACEMENT_3D('',#14516,#12008,#12009);
#10087=AXIS2_PLACEMENT_3D('',#14517,#12010,#12011);
#10088=AXIS2_PLACEMENT_3D('',#14519,#12012,#12013);
#10089=AXIS2_PLACEMENT_3D('',#14520,#12014,#12015);
#10090=AXIS2_PLACEMENT_3D('',#14522,#12016,#12017);
#10091=AXIS2_PLACEMENT_3D('',#14523,#12018,#12019);
#10092=AXIS2_PLACEMENT_3D('',#14525,#12020,#12021);
#10093=AXIS2_PLACEMENT_3D('',#14526,#12022,#12023);
#10094=AXIS2_PLACEMENT_3D('',#14528,#12024,#12025);
#10095=AXIS2_PLACEMENT_3D('',#14529,#12026,#12027);
#10096=AXIS2_PLACEMENT_3D('',#14531,#12028,#12029);
#10097=AXIS2_PLACEMENT_3D('',#14532,#12030,#12031);
#10098=AXIS2_PLACEMENT_3D('',#14533,#12032,#12033);
#10099=AXIS2_PLACEMENT_3D('',#14538,#12035,#12036);
#10100=AXIS2_PLACEMENT_3D('',#14542,#12038,#12039);
#10101=AXIS2_PLACEMENT_3D('',#14546,#12041,#12042);
#10102=AXIS2_PLACEMENT_3D('',#14549,#12044,#12045);
#10103=AXIS2_PLACEMENT_3D('',#14558,#12050,#12051);
#10104=AXIS2_PLACEMENT_3D('',#14559,#12052,#12053);
#10105=AXIS2_PLACEMENT_3D('',#14564,#12055,#12056);
#10106=AXIS2_PLACEMENT_3D('',#14568,#12058,#12059);
#10107=AXIS2_PLACEMENT_3D('',#14572,#12061,#12062);
#10108=AXIS2_PLACEMENT_3D('',#14575,#12064,#12065);
#10109=AXIS2_PLACEMENT_3D('',#14584,#12070,#12071);
#10110=AXIS2_PLACEMENT_3D('',#14593,#12076,#12077);
#10111=AXIS2_PLACEMENT_3D('',#14602,#12082,#12083);
#10112=AXIS2_PLACEMENT_3D('',#14603,#12084,#12085);
#10113=AXIS2_PLACEMENT_3D('',#14604,#12086,#12087);
#10114=AXIS2_PLACEMENT_3D('',#14605,#12088,#12089);
#10115=AXIS2_PLACEMENT_3D('',#14606,#12090,#12091);
#10116=AXIS2_PLACEMENT_3D('',#14607,#12092,#12093);
#10117=AXIS2_PLACEMENT_3D('',#14608,#12094,#12095);
#10118=AXIS2_PLACEMENT_3D('',#14609,#12096,#12097);
#10119=AXIS2_PLACEMENT_3D('',#14610,#12098,#12099);
#10120=AXIS2_PLACEMENT_3D('',#14611,#12100,#12101);
#10121=AXIS2_PLACEMENT_3D('',#14612,#12102,#12103);
#10122=AXIS2_PLACEMENT_3D('',#14613,#12104,#12105);
#10123=AXIS2_PLACEMENT_3D('',#14614,#12106,#12107);
#10124=AXIS2_PLACEMENT_3D('',#14617,#12110,#12111);
#10125=AXIS2_PLACEMENT_3D('',#14619,#12113,#12114);
#10126=AXIS2_PLACEMENT_3D('',#14621,#12116,#12117);
#10127=AXIS2_PLACEMENT_3D('',#14623,#12119,#12120);
#10128=AXIS2_PLACEMENT_3D('',#14625,#12122,#12123);
#10129=AXIS2_PLACEMENT_3D('',#14627,#12125,#12126);
#10130=AXIS2_PLACEMENT_3D('',#14629,#12128,#12129);
#10131=AXIS2_PLACEMENT_3D('',#14630,#12130,#12131);
#10132=AXIS2_PLACEMENT_3D('',#14633,#12134,#12135);
#10133=AXIS2_PLACEMENT_3D('',#14635,#12137,#12138);
#10134=AXIS2_PLACEMENT_3D('',#14637,#12140,#12141);
#10135=AXIS2_PLACEMENT_3D('',#14639,#12143,#12144);
#10136=AXIS2_PLACEMENT_3D('',#14641,#12146,#12147);
#10137=AXIS2_PLACEMENT_3D('',#14643,#12149,#12150);
#10138=AXIS2_PLACEMENT_3D('',#14645,#12152,#12153);
#10139=AXIS2_PLACEMENT_3D('',#14646,#12154,#12155);
#10140=AXIS2_PLACEMENT_3D('',#14655,#12160,#12161);
#10141=AXIS2_PLACEMENT_3D('',#14661,#12165,#12166);
#10142=AXIS2_PLACEMENT_3D('',#14667,#12170,#12171);
#10143=AXIS2_PLACEMENT_3D('',#14673,#12175,#12176);
#10144=AXIS2_PLACEMENT_3D('',#14679,#12180,#12181);
#10145=AXIS2_PLACEMENT_3D('',#14685,#12185,#12186);
#10146=AXIS2_PLACEMENT_3D('',#14691,#12190,#12191);
#10147=AXIS2_PLACEMENT_3D('',#14694,#12194,#12195);
#10148=AXIS2_PLACEMENT_3D('',#14695,#12196,#12197);
#10149=AXIS2_PLACEMENT_3D('',#14696,#12198,#12199);
#10150=AXIS2_PLACEMENT_3D('',#14705,#12204,#12205);
#10151=AXIS2_PLACEMENT_3D('',#14711,#12209,#12210);
#10152=AXIS2_PLACEMENT_3D('',#14717,#12214,#12215);
#10153=AXIS2_PLACEMENT_3D('',#14720,#12218,#12219);
#10154=AXIS2_PLACEMENT_3D('',#14721,#12220,#12221);
#10155=AXIS2_PLACEMENT_3D('',#14722,#12222,#12223);
#10156=AXIS2_PLACEMENT_3D('',#14731,#12228,#12229);
#10157=AXIS2_PLACEMENT_3D('',#14737,#12233,#12234);
#10158=AXIS2_PLACEMENT_3D('',#14743,#12238,#12239);
#10159=AXIS2_PLACEMENT_3D('',#14752,#12244,#12245);
#10160=AXIS2_PLACEMENT_3D('',#14758,#12249,#12250);
#10161=AXIS2_PLACEMENT_3D('',#14764,#12254,#12255);
#10162=AXIS2_PLACEMENT_3D('',#14767,#12258,#12259);
#10163=AXIS2_PLACEMENT_3D('',#14770,#12262,#12263);
#10164=AXIS2_PLACEMENT_3D('',#14771,#12264,#12265);
#10165=AXIS2_PLACEMENT_3D('',#14772,#12266,#12267);
#10166=AXIS2_PLACEMENT_3D('',#14781,#12272,#12273);
#10167=AXIS2_PLACEMENT_3D('',#14787,#12277,#12278);
#10168=AXIS2_PLACEMENT_3D('',#14793,#12282,#12283);
#10169=AXIS2_PLACEMENT_3D('',#14799,#12287,#12288);
#10170=AXIS2_PLACEMENT_3D('',#14805,#12292,#12293);
#10171=AXIS2_PLACEMENT_3D('',#14811,#12297,#12298);
#10172=AXIS2_PLACEMENT_3D('',#14817,#12302,#12303);
#10173=AXIS2_PLACEMENT_3D('',#14820,#12306,#12307);
#10174=AXIS2_PLACEMENT_3D('',#14821,#12308,#12309);
#10175=AXIS2_PLACEMENT_3D('',#14822,#12310,#12311);
#10176=AXIS2_PLACEMENT_3D('',#15354,#12312,#12313);
#10177=AXIS2_PLACEMENT_3D('',#15356,#12314,#12315);
#10178=AXIS2_PLACEMENT_3D('',#15417,#12316,#12317);
#10179=AXIS2_PLACEMENT_3D('',#15418,#12318,#12319);
#10180=AXIS2_PLACEMENT_3D('',#15419,#12320,#12321);
#10181=AXIS2_PLACEMENT_3D('',#15420,#12322,#12323);
#10182=AXIS2_PLACEMENT_3D('',#15421,#12324,#12325);
#10183=AXIS2_PLACEMENT_3D('',#15423,#12326,#12327);
#10184=AXIS2_PLACEMENT_3D('',#15425,#12328,#12329);
#10185=AXIS2_PLACEMENT_3D('',#15426,#12330,#12331);
#10186=AXIS2_PLACEMENT_3D('',#15427,#12332,#12333);
#10187=AXIS2_PLACEMENT_3D('',#15429,#12334,#12335);
#10188=AXIS2_PLACEMENT_3D('',#15430,#12336,#12337);
#10189=AXIS2_PLACEMENT_3D('',#15432,#12338,#12339);
#10190=AXIS2_PLACEMENT_3D('',#15433,#12340,#12341);
#10191=AXIS2_PLACEMENT_3D('',#15434,#12342,#12343);
#10192=AXIS2_PLACEMENT_3D('',#15436,#12344,#12345);
#10193=AXIS2_PLACEMENT_3D('',#15438,#12346,#12347);
#10194=AXIS2_PLACEMENT_3D('',#15439,#12348,#12349);
#10195=AXIS2_PLACEMENT_3D('',#15440,#12350,#12351);
#10196=AXIS2_PLACEMENT_3D('',#15442,#12352,#12353);
#10197=AXIS2_PLACEMENT_3D('',#15443,#12354,#12355);
#10198=AXIS2_PLACEMENT_3D('',#15445,#12356,#12357);
#10199=AXIS2_PLACEMENT_3D('',#15446,#12358,#12359);
#10200=AXIS2_PLACEMENT_3D('',#15447,#12360,#12361);
#10201=AXIS2_PLACEMENT_3D('',#15449,#12362,#12363);
#10202=AXIS2_PLACEMENT_3D('',#15451,#12364,#12365);
#10203=AXIS2_PLACEMENT_3D('',#15452,#12366,#12367);
#10204=AXIS2_PLACEMENT_3D('',#15453,#12368,#12369);
#10205=AXIS2_PLACEMENT_3D('',#15455,#12370,#12371);
#10206=AXIS2_PLACEMENT_3D('',#15456,#12372,#12373);
#10207=AXIS2_PLACEMENT_3D('',#15458,#12374,#12375);
#10208=AXIS2_PLACEMENT_3D('',#15459,#12376,#12377);
#10209=AXIS2_PLACEMENT_3D('',#15460,#12378,#12379);
#10210=AXIS2_PLACEMENT_3D('',#15462,#12380,#12381);
#10211=AXIS2_PLACEMENT_3D('',#15463,#12382,#12383);
#10212=AXIS2_PLACEMENT_3D('',#15465,#12384,#12385);
#10213=AXIS2_PLACEMENT_3D('',#15466,#12386,#12387);
#10214=AXIS2_PLACEMENT_3D('',#15468,#12388,#12389);
#10215=AXIS2_PLACEMENT_3D('',#15469,#12390,#12391);
#10216=AXIS2_PLACEMENT_3D('',#15471,#12392,#12393);
#10217=AXIS2_PLACEMENT_3D('',#15472,#12394,#12395);
#10218=AXIS2_PLACEMENT_3D('',#15473,#12396,#12397);
#10219=AXIS2_PLACEMENT_3D('',#15475,#12398,#12399);
#10220=AXIS2_PLACEMENT_3D('',#15476,#12400,#12401);
#10221=AXIS2_PLACEMENT_3D('',#15479,#12402,#12403);
#10222=AXIS2_PLACEMENT_3D('',#15481,#12404,#12405);
#10223=AXIS2_PLACEMENT_3D('',#15482,#12406,#12407);
#10224=AXIS2_PLACEMENT_3D('',#15486,#12410,#12411);
#10225=AXIS2_PLACEMENT_3D('',#15490,#12414,#12415);
#10226=AXIS2_PLACEMENT_3D('',#15493,#12417,#12418);
#10227=AXIS2_PLACEMENT_3D('',#15495,#12419,#12420);
#10228=AXIS2_PLACEMENT_3D('',#15497,#12421,#12422);
#10229=AXIS2_PLACEMENT_3D('',#15500,#12424,#12425);
#10230=AXIS2_PLACEMENT_3D('',#15504,#12427,#12428);
#10231=AXIS2_PLACEMENT_3D('',#15506,#12429,#12430);
#10232=AXIS2_PLACEMENT_3D('',#15508,#12431,#12432);
#10233=AXIS2_PLACEMENT_3D('',#15513,#12435,#12436);
#10234=AXIS2_PLACEMENT_3D('',#15516,#12439,#12440);
#10235=AXIS2_PLACEMENT_3D('',#15518,#12442,#12443);
#10236=AXIS2_PLACEMENT_3D('',#15520,#12445,#12446);
#10237=AXIS2_PLACEMENT_3D('',#15523,#12449,#12450);
#10238=AXIS2_PLACEMENT_3D('',#15525,#12451,#12452);
#10239=AXIS2_PLACEMENT_3D('',#15527,#12453,#12454);
#10240=AXIS2_PLACEMENT_3D('',#15528,#12455,#12456);
#10241=AXIS2_PLACEMENT_3D('',#15530,#12457,#12458);
#10242=AXIS2_PLACEMENT_3D('',#15532,#12459,#12460);
#10243=AXIS2_PLACEMENT_3D('',#15533,#12461,#12462);
#10244=AXIS2_PLACEMENT_3D('',#15534,#12463,#12464);
#10245=AXIS2_PLACEMENT_3D('',#15535,#12465,#12466);
#10246=AXIS2_PLACEMENT_3D('',#15536,#12467,#12468);
#10247=AXIS2_PLACEMENT_3D('',#15545,#12473,#12474);
#10248=AXIS2_PLACEMENT_3D('',#15546,#12475,#12476);
#10249=AXIS2_PLACEMENT_3D('',#15548,#12477,#12478);
#10250=AXIS2_PLACEMENT_3D('',#15550,#12479,#12480);
#10251=AXIS2_PLACEMENT_3D('',#15552,#12481,#12482);
#10252=AXIS2_PLACEMENT_3D('',#15559,#12486,#12487);
#10253=AXIS2_PLACEMENT_3D('',#15565,#12491,#12492);
#10254=AXIS2_PLACEMENT_3D('',#15567,#12494,#12495);
#10255=AXIS2_PLACEMENT_3D('',#15569,#12497,#12498);
#10256=AXIS2_PLACEMENT_3D('',#15570,#12499,#12500);
#10257=AXIS2_PLACEMENT_3D('',#15572,#12501,#12502);
#10258=AXIS2_PLACEMENT_3D('',#15574,#12503,#12504);
#10259=AXIS2_PLACEMENT_3D('',#15576,#12505,#12506);
#10260=AXIS2_PLACEMENT_3D('',#15578,#12507,#12508);
#10261=AXIS2_PLACEMENT_3D('',#15579,#12509,#12510);
#10262=AXIS2_PLACEMENT_3D('',#15580,#12511,#12512);
#10263=AXIS2_PLACEMENT_3D('',#15581,#12513,#12514);
#10264=AXIS2_PLACEMENT_3D('',#15582,#12515,#12516);
#10265=AXIS2_PLACEMENT_3D('',#15591,#12521,#12522);
#10266=AXIS2_PLACEMENT_3D('',#15600,#12527,#12528);
#10267=AXIS2_PLACEMENT_3D('',#15601,#12529,#12530);
#10268=AXIS2_PLACEMENT_3D('',#15603,#12531,#12532);
#10269=AXIS2_PLACEMENT_3D('',#15610,#12536,#12537);
#10270=AXIS2_PLACEMENT_3D('',#15611,#12538,#12539);
#10271=AXIS2_PLACEMENT_3D('',#15615,#12541,#12542);
#10272=AXIS2_PLACEMENT_3D('',#15616,#12543,#12544);
#10273=AXIS2_PLACEMENT_3D('',#15622,#12548,#12549);
#10274=AXIS2_PLACEMENT_3D('',#15623,#12550,#12551);
#10275=AXIS2_PLACEMENT_3D('',#15624,#12552,#12553);
#10276=AXIS2_PLACEMENT_3D('',#15625,#12554,#12555);
#10277=AXIS2_PLACEMENT_3D('',#15634,#12560,#12561);
#10278=AXIS2_PLACEMENT_3D('',#15635,#12562,#12563);
#10279=AXIS2_PLACEMENT_3D('',#15639,#12565,#12566);
#10280=AXIS2_PLACEMENT_3D('',#15640,#12567,#12568);
#10281=AXIS2_PLACEMENT_3D('',#15646,#12572,#12573);
#10282=AXIS2_PLACEMENT_3D('',#15647,#12574,#12575);
#10283=AXIS2_PLACEMENT_3D('',#15651,#12577,#12578);
#10284=AXIS2_PLACEMENT_3D('',#15652,#12579,#12580);
#10285=AXIS2_PLACEMENT_3D('',#15653,#12581,#12582);
#10286=AXIS2_PLACEMENT_3D('',#15655,#12583,#12584);
#10287=AXIS2_PLACEMENT_3D('',#15662,#12588,#12589);
#10288=AXIS2_PLACEMENT_3D('',#15668,#12593,#12594);
#10289=AXIS2_PLACEMENT_3D('',#15669,#12595,#12596);
#10290=AXIS2_PLACEMENT_3D('',#15671,#12597,#12598);
#10291=AXIS2_PLACEMENT_3D('',#15678,#12602,#12603);
#10292=AXIS2_PLACEMENT_3D('',#15679,#12604,#12605);
#10293=AXIS2_PLACEMENT_3D('',#15683,#12607,#12608);
#10294=AXIS2_PLACEMENT_3D('',#15684,#12609,#12610);
#10295=AXIS2_PLACEMENT_3D('',#15690,#12614,#12615);
#10296=AXIS2_PLACEMENT_3D('',#15691,#12616,#12617);
#10297=AXIS2_PLACEMENT_3D('',#15695,#12619,#12620);
#10298=AXIS2_PLACEMENT_3D('',#15696,#12621,#12622);
#10299=AXIS2_PLACEMENT_3D('',#15702,#12626,#12627);
#10300=AXIS2_PLACEMENT_3D('',#15703,#12628,#12629);
#10301=AXIS2_PLACEMENT_3D('',#15707,#12631,#12632);
#10302=AXIS2_PLACEMENT_3D('',#15708,#12633,#12634);
#10303=AXIS2_PLACEMENT_3D('',#15714,#12638,#12639);
#10304=AXIS2_PLACEMENT_3D('',#15715,#12640,#12641);
#10305=AXIS2_PLACEMENT_3D('',#15719,#12643,#12644);
#10306=AXIS2_PLACEMENT_3D('',#15720,#12645,#12646);
#10307=AXIS2_PLACEMENT_3D('',#15721,#12647,#12648);
#10308=AXIS2_PLACEMENT_3D('',#15723,#12649,#12650);
#10309=AXIS2_PLACEMENT_3D('',#15727,#12653,#12654);
#10310=AXIS2_PLACEMENT_3D('',#15730,#12656,#12657);
#10311=AXIS2_PLACEMENT_3D('',#15733,#12659,#12660);
#10312=AXIS2_PLACEMENT_3D('',#15735,#12661,#12662);
#10313=AXIS2_PLACEMENT_3D('',#15738,#12664,#12665);
#10314=AXIS2_PLACEMENT_3D('',#15741,#12667,#12668);
#10315=AXIS2_PLACEMENT_3D('',#15743,#12669,#12670);
#10316=AXIS2_PLACEMENT_3D('',#15744,#12671,#12672);
#10317=AXIS2_PLACEMENT_3D('',#15745,#12673,#12674);
#10318=AXIS2_PLACEMENT_3D('',#15746,#12675,#12676);
#10319=AXIS2_PLACEMENT_3D('',#15747,#12677,#12678);
#10320=AXIS2_PLACEMENT_3D('',#15750,#12681,#12682);
#10321=AXIS2_PLACEMENT_3D('',#15751,#12683,#12684);
#10322=AXIS2_PLACEMENT_3D('',#15752,#12685,#12686);
#10323=AXIS2_PLACEMENT_3D('',#15753,#12687,#12688);
#10324=AXIS2_PLACEMENT_3D('',#15778,#12691,#12692);
#10325=AXIS2_PLACEMENT_3D('',#15782,#12694,#12695);
#10326=AXIS2_PLACEMENT_3D('',#15804,#12697,#12698);
#10327=AXIS2_PLACEMENT_3D('',#15805,#12699,#12700);
#10328=AXIS2_PLACEMENT_3D('',#15807,#12701,#12702);
#10329=AXIS2_PLACEMENT_3D('',#15809,#12703,#12704);
#10330=AXIS2_PLACEMENT_3D('',#15810,#12705,#12706);
#10331=AXIS2_PLACEMENT_3D('',#15812,#12707,#12708);
#10332=AXIS2_PLACEMENT_3D('',#15814,#12709,#12710);
#10333=AXIS2_PLACEMENT_3D('',#15815,#12711,#12712);
#10334=AXIS2_PLACEMENT_3D('',#15820,#12714,#12715);
#10335=AXIS2_PLACEMENT_3D('',#15823,#12717,#12718);
#10336=AXIS2_PLACEMENT_3D('',#15826,#12721,#12722);
#10337=AXIS2_PLACEMENT_3D('',#15829,#12725,#12726);
#10338=AXIS2_PLACEMENT_3D('',#15830,#12727,#12728);
#10339=AXIS2_PLACEMENT_3D('',#15831,#12729,#12730);
#10340=AXIS2_PLACEMENT_3D('',#15832,#12731,#12732);
#10341=AXIS2_PLACEMENT_3D('',#15833,#12733,#12734);
#10342=AXIS2_PLACEMENT_3D('',#15834,#12735,#12736);
#10343=AXIS2_PLACEMENT_3D('',#15835,#12737,#12738);
#10344=AXIS2_PLACEMENT_3D('',#15836,#12739,#12740);
#10345=AXIS2_PLACEMENT_3D('',#15837,#12741,#12742);
#10346=AXIS2_PLACEMENT_3D('',#15838,#12743,#12744);
#10347=AXIS2_PLACEMENT_3D('',#15840,#12745,#12746);
#10348=AXIS2_PLACEMENT_3D('',#15845,#12748,#12749);
#10349=AXIS2_PLACEMENT_3D('',#15966,#12751,#12752);
#10350=AXIS2_PLACEMENT_3D('',#16026,#12753,#12754);
#10351=AXIS2_PLACEMENT_3D('',#16028,#12755,#12756);
#10352=AXIS2_PLACEMENT_3D('',#16089,#12757,#12758);
#10353=AXIS2_PLACEMENT_3D('',#16093,#12760,#12761);
#10354=AXIS2_PLACEMENT_3D('',#16096,#12763,#12764);
#10355=AXIS2_PLACEMENT_3D('',#16099,#12766,#12767);
#10356=AXIS2_PLACEMENT_3D('',#16102,#12769,#12770);
#10357=AXIS2_PLACEMENT_3D('',#16103,#12771,#12772);
#10358=AXIS2_PLACEMENT_3D('',#16106,#12774,#12775);
#10359=AXIS2_PLACEMENT_3D('',#16109,#12777,#12778);
#10360=AXIS2_PLACEMENT_3D('',#16110,#12779,#12780);
#10361=AXIS2_PLACEMENT_3D('',#16111,#12781,#12782);
#10362=AXIS2_PLACEMENT_3D('',#16117,#12786,#12787);
#10363=AXIS2_PLACEMENT_3D('',#16121,#12790,#12791);
#10364=AXIS2_PLACEMENT_3D('',#16125,#12794,#12795);
#10365=AXIS2_PLACEMENT_3D('',#16126,#12796,#12797);
#10366=AXIS2_PLACEMENT_3D('',#16127,#12798,#12799);
#10367=AXIS2_PLACEMENT_3D('',#16128,#12800,#12801);
#10368=AXIS2_PLACEMENT_3D('',#16129,#12802,#12803);
#10369=AXIS2_PLACEMENT_3D('',#16131,#12804,#12805);
#10370=AXIS2_PLACEMENT_3D('',#16132,#12806,#12807);
#10371=AXIS2_PLACEMENT_3D('',#16133,#12808,#12809);
#10372=AXIS2_PLACEMENT_3D('',#16134,#12810,#12811);
#10373=AXIS2_PLACEMENT_3D('',#16135,#12812,#12813);
#10374=AXIS2_PLACEMENT_3D('',#16136,#12814,#12815);
#10375=AXIS2_PLACEMENT_3D('',#16137,#12816,#12817);
#10376=AXIS2_PLACEMENT_3D('',#16138,#12818,#12819);
#10377=AXIS2_PLACEMENT_3D('',#16139,#12820,#12821);
#10378=AXIS2_PLACEMENT_3D('',#16140,#12822,#12823);
#10379=AXIS2_PLACEMENT_3D('',#16141,#12824,#12825);
#10380=AXIS2_PLACEMENT_3D('',#16142,#12826,#12827);
#10381=AXIS2_PLACEMENT_3D('',#16143,#12828,#12829);
#10382=AXIS2_PLACEMENT_3D('',#16144,#12830,#12831);
#10383=AXIS2_PLACEMENT_3D('',#16145,#12832,#12833);
#10384=AXIS2_PLACEMENT_3D('',#16146,#12834,#12835);
#10385=AXIS2_PLACEMENT_3D('',#16147,#12836,#12837);
#10386=AXIS2_PLACEMENT_3D('',#16148,#12838,#12839);
#10387=AXIS2_PLACEMENT_3D('',#16149,#12840,#12841);
#10388=AXIS2_PLACEMENT_3D('',#16150,#12842,#12843);
#10389=AXIS2_PLACEMENT_3D('',#16151,#12844,#12845);
#10390=DIRECTION('',(0.,0.,1.));
#10391=DIRECTION('',(1.,0.,0.));
#10392=DIRECTION('',(1.,0.,0.));
#10393=DIRECTION('',(0.,0.,-1.));
#10394=DIRECTION('',(1.,0.,0.));
#10395=DIRECTION('',(0.,0.,-1.));
#10396=DIRECTION('',(0.,1.,0.));
#10397=DIRECTION('',(0.,0.,1.));
#10398=DIRECTION('',(2.46716227694479E-16,-1.,0.));
#10399=DIRECTION('',(2.46716227694479E-16,-1.,0.));
#10400=DIRECTION('',(0.,0.,-1.));
#10401=DIRECTION('',(1.,2.46716227694479E-16,0.));
#10402=DIRECTION('',(-2.22044604925031E-16,1.,0.));
#10403=DIRECTION('',(-1.,-4.93432455388958E-16,0.));
#10404=DIRECTION('',(-1.,-4.93432455388958E-16,0.));
#10405=DIRECTION('',(0.,0.,-1.));
#10406=DIRECTION('',(4.93432455388958E-16,-1.,0.));
#10407=DIRECTION('',(1.,4.9960036108132E-16,0.));
#10408=DIRECTION('',(-2.46716227694479E-16,1.,0.));
#10409=DIRECTION('',(-2.46716227694479E-16,1.,0.));
#10410=DIRECTION('',(-1.,-2.46716227694479E-16,0.));
#10411=DIRECTION('',(2.22044604925031E-16,-1.,0.));
#10412=DIRECTION('',(0.,0.,-1.));
#10413=DIRECTION('',(-1.,0.,0.));
#10414=DIRECTION('',(0.,0.,-1.));
#10415=DIRECTION('',(-1.,0.,0.));
#10416=DIRECTION('',(1.,4.06179155350667E-16,0.));
#10417=DIRECTION('',(0.,0.,-1.));
#10418=DIRECTION('',(1.,4.06179155350667E-16,0.));
#10419=DIRECTION('',(0.,0.,-1.));
#10420=DIRECTION('',(-4.06179155350667E-16,1.,0.));
#10421=DIRECTION('',(-1.,-4.16333634234434E-16,0.));
#10422=DIRECTION('',(-5.41572207134222E-16,1.,0.));
#10423=DIRECTION('',(0.,0.,-1.));
#10424=DIRECTION('',(-5.41572207134222E-16,1.,0.));
#10425=DIRECTION('',(-1.,-5.41572207134222E-16,0.));
#10426=DIRECTION('',(5.55111512312578E-16,-1.,0.));
#10427=DIRECTION('',(-1.,0.,0.));
#10428=DIRECTION('',(0.,0.,-1.));
#10429=DIRECTION('',(-1.,0.,0.));
#10430=DIRECTION('',(0.,-1.,0.));
#10431=DIRECTION('',(0.,0.,-1.));
#10432=DIRECTION('',(2.70786103567111E-16,-1.,0.));
#10433=DIRECTION('',(2.70786103567111E-16,-1.,0.));
#10434=DIRECTION('',(1.,2.70786103567111E-16,0.));
#10435=DIRECTION('',(-2.77555756156289E-16,1.,0.));
#10436=DIRECTION('',(0.,0.,1.));
#10437=DIRECTION('',(1.,0.,0.));
#10438=DIRECTION('',(0.,0.,1.));
#10439=DIRECTION('',(1.,0.,0.));
#10440=DIRECTION('',(1.,4.06179155350667E-16,0.));
#10441=DIRECTION('',(-5.41572207134222E-16,1.,0.));
#10442=DIRECTION('',(-1.,0.,0.));
#10443=DIRECTION('',(2.70786103567111E-16,-1.,0.));
#10444=DIRECTION('',(0.,0.,1.));
#10445=DIRECTION('',(1.,0.,0.));
#10446=DIRECTION('',(0.,0.,-1.));
#10447=DIRECTION('',(-5.41572207134222E-16,1.,0.));
#10448=DIRECTION('',(0.,0.,-1.));
#10449=DIRECTION('',(-1.,-5.41572207134222E-16,0.));
#10450=DIRECTION('',(5.55111512312578E-16,-1.,0.));
#10451=DIRECTION('',(0.,0.,-1.));
#10452=DIRECTION('',(1.,4.06179155350667E-16,0.));
#10453=DIRECTION('',(-4.06179155350667E-16,1.,0.));
#10454=DIRECTION('',(-1.,-4.16333634234434E-16,0.));
#10455=DIRECTION('',(-1.,0.,0.));
#10456=DIRECTION('',(0.,0.,-1.));
#10457=DIRECTION('',(0.,-1.,0.));
#10458=DIRECTION('',(0.,0.,-1.));
#10459=DIRECTION('',(2.70786103567111E-16,-1.,0.));
#10460=DIRECTION('',(1.,2.70786103567111E-16,0.));
#10461=DIRECTION('',(-2.77555756156289E-16,1.,0.));
#10462=DIRECTION('',(0.,0.,1.));
#10463=DIRECTION('',(1.,0.,0.));
#10464=DIRECTION('',(-2.70786103567111E-16,1.,0.));
#10465=DIRECTION('',(0.,0.,-1.));
#10466=DIRECTION('',(-2.70786103567111E-16,1.,0.));
#10467=DIRECTION('',(0.,0.,-1.));
#10468=DIRECTION('',(-1.,-2.70786103567111E-16,0.));
#10469=DIRECTION('',(2.77555756156289E-16,-1.,0.));
#10470=DIRECTION('',(1.,0.,0.));
#10471=DIRECTION('',(1.,0.,0.));
#10472=DIRECTION('',(0.,0.,-1.));
#10473=DIRECTION('',(0.,1.,0.));
#10474=DIRECTION('',(0.,0.,1.));
#10475=DIRECTION('',(5.41572207134222E-16,-1.,0.));
#10476=DIRECTION('',(5.41572207134222E-16,-1.,0.));
#10477=DIRECTION('',(0.,0.,-1.));
#10478=DIRECTION('',(1.,5.41572207134222E-16,0.));
#10479=DIRECTION('',(-5.55111512312578E-16,1.,0.));
#10480=DIRECTION('',(-1.,-4.06179155350667E-16,0.));
#10481=DIRECTION('',(-1.,-4.06179155350667E-16,0.));
#10482=DIRECTION('',(4.06179155350667E-16,-1.,0.));
#10483=DIRECTION('',(1.,4.16333634234434E-16,0.));
#10484=DIRECTION('',(0.,0.,-1.));
#10485=DIRECTION('',(-1.,0.,0.));
#10486=DIRECTION('',(0.,0.,-1.));
#10487=DIRECTION('',(-1.,0.,0.));
#10488=DIRECTION('',(1.,4.06179155350667E-16,0.));
#10489=DIRECTION('',(-5.41572207134222E-16,1.,0.));
#10490=DIRECTION('',(-1.,0.,0.));
#10491=DIRECTION('',(2.70786103567111E-16,-1.,0.));
#10492=DIRECTION('',(0.,0.,1.));
#10493=DIRECTION('',(1.,0.,0.));
#10494=DIRECTION('',(0.,0.,-1.));
#10495=DIRECTION('',(-5.41572207134222E-16,1.,0.));
#10496=DIRECTION('',(0.,0.,-1.));
#10497=DIRECTION('',(-1.,-5.41572207134222E-16,0.));
#10498=DIRECTION('',(5.55111512312578E-16,-1.,0.));
#10499=DIRECTION('',(0.,0.,-1.));
#10500=DIRECTION('',(1.,4.06179155350667E-16,0.));
#10501=DIRECTION('',(-4.06179155350667E-16,1.,0.));
#10502=DIRECTION('',(-1.,-4.16333634234434E-16,0.));
#10503=DIRECTION('',(-1.,0.,0.));
#10504=DIRECTION('',(0.,0.,-1.));
#10505=DIRECTION('',(0.,-1.,0.));
#10506=DIRECTION('',(0.,0.,-1.));
#10507=DIRECTION('',(2.70786103567111E-16,-1.,0.));
#10508=DIRECTION('',(1.,2.70786103567111E-16,0.));
#10509=DIRECTION('',(-2.77555756156289E-16,1.,0.));
#10510=DIRECTION('',(0.,0.,1.));
#10511=DIRECTION('',(1.,0.,0.));
#10512=DIRECTION('',(-1.,0.,0.));
#10513=DIRECTION('',(0.,0.,-1.));
#10514=DIRECTION('',(-1.,0.,0.));
#10515=DIRECTION('',(0.,0.,-1.));
#10516=DIRECTION('',(0.,-1.,0.));
#10517=DIRECTION('',(0.,0.,-1.));
#10518=DIRECTION('',(-1.,0.,0.));
#10519=DIRECTION('',(6.93889390390716E-15,1.,0.));
#10520=DIRECTION('',(6.93889390390716E-15,-1.,0.));
#10521=DIRECTION('',(0.,0.,1.));
#10522=DIRECTION('',(1.,0.,0.));
#10523=DIRECTION('',(6.93889390390716E-15,1.,0.));
#10524=DIRECTION('',(-1.,0.,0.));
#10525=DIRECTION('',(6.93889390390716E-15,-1.,0.));
#10526=DIRECTION('',(0.,0.,1.));
#10527=DIRECTION('',(1.,0.,0.));
#10528=DIRECTION('',(0.,0.,-1.));
#10529=DIRECTION('',(1.,6.93889390390717E-15,0.));
#10530=DIRECTION('',(-6.93889390390723E-15,1.,0.));
#10531=DIRECTION('',(0.,0.,-1.));
#10532=DIRECTION('',(-1.,6.93889390390717E-15,0.));
#10533=DIRECTION('',(-6.93889390390723E-15,-1.,0.));
#10534=DIRECTION('',(0.,-1.,0.));
#10535=DIRECTION('',(0.,0.,-1.));
#10536=DIRECTION('',(0.,0.,1.));
#10537=DIRECTION('',(-1.,-4.1633363423443E-15,0.));
#10538=DIRECTION('',(0.,0.,1.));
#10539=DIRECTION('',(-1.,1.38777878078144E-15,0.));
#10540=DIRECTION('',(1.38777878078144E-15,1.,0.));
#10541=DIRECTION('',(-1.,1.38777878078145E-15,0.));
#10542=DIRECTION('',(0.,0.,1.));
#10543=DIRECTION('',(1.,4.1633363423443E-15,0.));
#10544=DIRECTION('',(0.,0.,1.));
#10545=DIRECTION('',(1.,-4.1633363423443E-15,0.));
#10546=DIRECTION('',(-4.1633363423443E-15,-1.,0.));
#10547=DIRECTION('',(1.,-4.16333634234434E-15,0.));
#10548=DIRECTION('',(0.,-1.,0.));
#10549=DIRECTION('',(0.,-1.,0.));
#10550=DIRECTION('',(0.,0.,1.));
#10551=DIRECTION('',(-1.,0.,0.));
#10552=DIRECTION('',(0.,0.,1.));
#10553=DIRECTION('',(-1.,-4.1633363423443E-15,0.));
#10554=DIRECTION('',(0.,0.,1.));
#10555=DIRECTION('',(-1.,1.38777878078144E-15,0.));
#10556=DIRECTION('',(0.,0.,1.));
#10557=DIRECTION('',(1.38777878078144E-15,1.,0.));
#10558=DIRECTION('',(-1.,1.38777878078145E-15,0.));
#10559=DIRECTION('',(0.,1.,0.));
#10560=DIRECTION('',(0.,1.,0.));
#10561=DIRECTION('',(1.,0.,0.));
#10562=DIRECTION('',(0.,0.,-1.));
#10563=DIRECTION('',(1.,4.1633363423443E-15,0.));
#10564=DIRECTION('',(0.,0.,1.));
#10565=DIRECTION('',(1.,-4.1633363423443E-15,0.));
#10566=DIRECTION('',(-4.1633363423443E-15,-1.,0.));
#10567=DIRECTION('',(1.,-4.16333634234434E-15,0.));
#10568=DIRECTION('',(0.,1.,0.));
#10569=DIRECTION('',(1.,0.,0.));
#10570=DIRECTION('',(0.,-1.,0.));
#10571=DIRECTION('',(0.,-1.,0.));
#10572=DIRECTION('',(-1.,0.,0.));
#10573=DIRECTION('',(0.,1.,0.));
#10574=DIRECTION('',(0.,0.,-1.));
#10575=DIRECTION('',(-1.,0.,0.));
#10576=DIRECTION('',(0.,1.,0.));
#10577=DIRECTION('',(-1.,0.,0.));
#10578=DIRECTION('',(0.,-1.,0.));
#10579=DIRECTION('',(0.,-1.,0.));
#10580=DIRECTION('',(1.,0.,0.));
#10581=DIRECTION('',(0.,1.,0.));
#10582=DIRECTION('',(0.,0.,-1.));
#10583=DIRECTION('',(-1.,0.,0.));
#10584=DIRECTION('',(0.,0.,1.));
#10585=DIRECTION('',(-1.,0.,0.));
#10586=DIRECTION('',(0.,0.,1.));
#10587=DIRECTION('',(0.,0.,1.));
#10588=DIRECTION('',(1.,0.,0.));
#10589=DIRECTION('',(0.,0.,-1.));
#10590=DIRECTION('',(0.,1.,0.));
#10591=DIRECTION('',(0.,0.,1.));
#10592=DIRECTION('',(0.,0.,1.));
#10593=DIRECTION('',(-1.,0.,0.));
#10594=DIRECTION('',(0.,0.,1.));
#10595=DIRECTION('',(0.,0.,1.));
#10596=DIRECTION('',(0.,-1.,0.));
#10597=DIRECTION('',(0.,0.,-1.));
#10598=DIRECTION('',(1.,0.,0.));
#10599=DIRECTION('',(0.,0.,-1.));
#10600=DIRECTION('',(0.,1.,0.));
#10601=DIRECTION('',(0.,0.,-1.));
#10602=DIRECTION('',(0.,1.,0.));
#10603=DIRECTION('',(0.,0.,-1.));
#10604=DIRECTION('',(-1.,0.,0.));
#10605=DIRECTION('',(0.,0.,1.));
#10606=DIRECTION('',(-6.16790569236198E-17,1.,0.));
#10607=DIRECTION('',(1.,4.1633363423443E-15,0.));
#10608=DIRECTION('',(-1.,4.1633363423443E-15,0.));
#10609=DIRECTION('',(0.,0.,1.));
#10610=DIRECTION('',(1.,0.,0.));
#10611=DIRECTION('',(1.,4.1633363423443E-15,0.));
#10612=DIRECTION('',(-6.16790569236198E-17,1.,0.));
#10613=DIRECTION('',(-1.,4.1633363423443E-15,0.));
#10614=DIRECTION('',(0.,0.,1.));
#10615=DIRECTION('',(1.,0.,0.));
#10616=DIRECTION('',(0.,0.,-1.));
#10617=DIRECTION('',(-4.1633363423443E-15,-1.,0.));
#10618=DIRECTION('',(1.,-4.16333634234434E-15,0.));
#10619=DIRECTION('',(0.,0.,-1.));
#10620=DIRECTION('',(-4.1633363423443E-15,1.,0.));
#10621=DIRECTION('',(-1.,-4.16333634234434E-15,0.));
#10622=DIRECTION('',(-1.,-6.16790569236198E-17,0.));
#10623=DIRECTION('',(5.55111512312578E-17,-1.,0.));
#10624=DIRECTION('',(0.,-1.,0.));
#10625=DIRECTION('',(-1.,-4.1633363423443E-15,0.));
#10626=DIRECTION('',(0.,-1.,0.));
#10627=DIRECTION('',(1.,-1.38777878078144E-15,0.));
#10628=DIRECTION('',(0.,0.,1.));
#10629=DIRECTION('',(1.,0.,0.));
#10630=DIRECTION('',(-1.,-4.1633363423443E-15,0.));
#10631=DIRECTION('',(0.,-1.,0.));
#10632=DIRECTION('',(1.,-1.38777878078144E-15,0.));
#10633=DIRECTION('',(0.,-1.,0.));
#10634=DIRECTION('',(0.,0.,1.));
#10635=DIRECTION('',(1.,0.,0.));
#10636=DIRECTION('',(0.,0.,-1.));
#10637=DIRECTION('',(0.,0.,-1.));
#10638=DIRECTION('',(1.,0.,0.));
#10639=DIRECTION('',(0.,0.,-1.));
#10640=DIRECTION('',(0.,0.,-1.));
#10641=DIRECTION('',(1.38777878078144E-15,1.,0.));
#10642=DIRECTION('',(-1.,1.38777878078145E-15,0.));
#10643=DIRECTION('',(0.,0.,-1.));
#10644=DIRECTION('',(4.1633363423443E-15,-1.,0.));
#10645=DIRECTION('',(1.,4.16333634234434E-15,0.));
#10646=DIRECTION('',(1.,0.,0.));
#10647=DIRECTION('',(0.,0.,-1.));
#10648=DIRECTION('',(1.,0.,0.));
#10649=DIRECTION('',(0.,0.,-1.));
#10650=DIRECTION('',(1.,0.,0.));
#10651=DIRECTION('',(0.,0.,-1.));
#10652=DIRECTION('',(0.,1.,0.));
#10653=DIRECTION('',(0.,0.,1.));
#10654=DIRECTION('',(1.,0.,0.));
#10655=DIRECTION('',(-5.55111512312572E-15,-1.,0.));
#10656=DIRECTION('',(-9.71445146547003E-15,1.,0.));
#10657=DIRECTION('',(0.,0.,1.));
#10658=DIRECTION('',(1.,0.,0.));
#10659=DIRECTION('',(-5.55111512312572E-15,-1.,0.));
#10660=DIRECTION('',(1.,0.,0.));
#10661=DIRECTION('',(-9.71445146547003E-15,1.,0.));
#10662=DIRECTION('',(0.,0.,1.));
#10663=DIRECTION('',(1.,0.,0.));
#10664=DIRECTION('',(0.,0.,-1.));
#10665=DIRECTION('',(-1.,-9.71445146547003E-15,0.));
#10666=DIRECTION('',(9.71445146547012E-15,-1.,0.));
#10667=DIRECTION('',(0.,0.,-1.));
#10668=DIRECTION('',(1.,-5.55111512312572E-15,0.));
#10669=DIRECTION('',(5.55111512312578E-15,1.,0.));
#10670=DIRECTION('',(0.,1.,0.));
#10671=DIRECTION('',(0.,0.,1.));
#10672=DIRECTION('',(-1.,2.77555756156294E-15,0.));
#10673=DIRECTION('',(0.,-1.,0.));
#10674=DIRECTION('',(-1.,2.77555756156294E-15,0.));
#10675=DIRECTION('',(0.,-1.,0.));
#10676=DIRECTION('',(2.77555756156294E-15,1.,0.));
#10677=DIRECTION('',(0.,0.,-1.));
#10678=DIRECTION('',(2.77555756156294E-15,1.,0.));
#10679=DIRECTION('',(0.,0.,-1.));
#10680=DIRECTION('',(-1.,2.77555756156294E-15,0.));
#10681=DIRECTION('',(-2.77555756156289E-15,-1.,0.));
#10682=DIRECTION('',(2.77555756156293E-15,1.,0.));
#10683=DIRECTION('',(-1.,0.,0.));
#10684=DIRECTION('',(2.77555756156293E-15,1.,0.));
#10685=DIRECTION('',(-1.,0.,0.));
#10686=DIRECTION('',(1.,-2.77555756156293E-15,0.));
#10687=DIRECTION('',(0.,0.,-1.));
#10688=DIRECTION('',(1.,-2.77555756156293E-15,0.));
#10689=DIRECTION('',(2.77555756156293E-15,1.,0.));
#10690=DIRECTION('',(-1.,2.77555756156289E-15,0.));
#10691=DIRECTION('',(1.,0.,0.));
#10692=DIRECTION('',(0.,0.,-1.));
#10693=DIRECTION('',(1.,0.,0.));
#10694=DIRECTION('',(0.,0.,-1.));
#10695=DIRECTION('',(0.,-1.,0.));
#10696=DIRECTION('',(0.,0.,-1.));
#10697=DIRECTION('',(0.,-1.,0.));
#10698=DIRECTION('',(1.,0.,0.));
#10699=DIRECTION('',(0.,0.,-1.));
#10700=DIRECTION('',(-1.38777878078146E-15,-1.,0.));
#10701=DIRECTION('',(1.,0.,0.));
#10702=DIRECTION('',(-1.38777878078146E-15,-1.,0.));
#10703=DIRECTION('',(1.,0.,0.));
#10704=DIRECTION('',(-1.,1.38777878078146E-15,0.));
#10705=DIRECTION('',(-1.,1.38777878078146E-15,0.));
#10706=DIRECTION('',(-1.38777878078146E-15,-1.,0.));
#10707=DIRECTION('',(1.,-1.38777878078145E-15,0.));
#10708=DIRECTION('',(0.,0.,-1.));
#10709=DIRECTION('',(-1.,0.,0.));
#10710=DIRECTION('',(0.,0.,-1.));
#10711=DIRECTION('',(-1.,0.,0.));
#10712=DIRECTION('',(-1.38777878078146E-15,-1.,0.));
#10713=DIRECTION('',(1.,0.,0.));
#10714=DIRECTION('',(-2.77555756156293E-15,-1.,0.));
#10715=DIRECTION('',(1.,0.,0.));
#10716=DIRECTION('',(-2.77555756156293E-15,-1.,0.));
#10717=DIRECTION('',(1.,0.,0.));
#10718=DIRECTION('',(-2.77555756156293E-15,-1.,0.));
#10719=DIRECTION('',(1.,0.,0.));
#10720=DIRECTION('',(1.,-2.77555756156294E-15,0.));
#10721=DIRECTION('',(0.,1.,0.));
#10722=DIRECTION('',(1.,-2.77555756156294E-15,0.));
#10723=DIRECTION('',(0.,1.,0.));
#10724=DIRECTION('',(2.77555756156294E-15,1.,0.));
#10725=DIRECTION('',(0.,0.,-1.));
#10726=DIRECTION('',(2.77555756156294E-15,1.,0.));
#10727=DIRECTION('',(0.,0.,-1.));
#10728=DIRECTION('',(-1.,2.77555756156294E-15,0.));
#10729=DIRECTION('',(-2.77555756156289E-15,-1.,0.));
#10730=DIRECTION('',(-2.77555756156293E-15,-1.,0.));
#10731=DIRECTION('',(1.,0.,0.));
#10732=DIRECTION('',(1.,-2.77555756156293E-15,0.));
#10733=DIRECTION('',(1.,-2.77555756156293E-15,0.));
#10734=DIRECTION('',(0.,0.,-1.));
#10735=DIRECTION('',(2.77555756156293E-15,1.,0.));
#10736=DIRECTION('',(-1.,2.77555756156289E-15,0.));
#10737=DIRECTION('',(1.,0.,0.));
#10738=DIRECTION('',(0.,0.,-1.));
#10739=DIRECTION('',(1.,0.,0.));
#10740=DIRECTION('',(0.,0.,-1.));
#10741=DIRECTION('',(0.,-1.,0.));
#10742=DIRECTION('',(0.,-1.,0.));
#10743=DIRECTION('',(0.,0.,-1.));
#10744=DIRECTION('',(1.,0.,0.));
#10745=DIRECTION('',(0.,0.,-1.));
#10746=DIRECTION('',(-1.38777878078146E-15,-1.,0.));
#10747=DIRECTION('',(1.,0.,0.));
#10748=DIRECTION('',(-1.,1.38777878078146E-15,0.));
#10749=DIRECTION('',(-1.,1.38777878078146E-15,0.));
#10750=DIRECTION('',(-1.38777878078146E-15,-1.,0.));
#10751=DIRECTION('',(1.,-1.38777878078145E-15,0.));
#10752=DIRECTION('',(0.,0.,-1.));
#10753=DIRECTION('',(-1.,0.,0.));
#10754=DIRECTION('',(0.,0.,-1.));
#10755=DIRECTION('',(-1.,0.,0.));
#10756=DIRECTION('',(1.,-2.77555756156294E-15,0.));
#10757=DIRECTION('',(0.,1.,0.));
#10758=DIRECTION('',(1.,-2.77555756156294E-15,0.));
#10759=DIRECTION('',(0.,1.,0.));
#10760=DIRECTION('',(-2.77555756156293E-15,-1.,0.));
#10761=DIRECTION('',(1.,0.,0.));
#10762=DIRECTION('',(-2.77555756156293E-15,-1.,0.));
#10763=DIRECTION('',(1.,0.,0.));
#10764=DIRECTION('',(1.,-2.77555756156294E-15,0.));
#10765=DIRECTION('',(0.,1.,0.));
#10766=DIRECTION('',(1.,-2.77555756156294E-15,0.));
#10767=DIRECTION('',(0.,1.,0.));
#10768=DIRECTION('',(9.25185853854303E-16,-1.08381393173349E-30,-1.));
#10769=DIRECTION('',(-1.17145536458252E-15,-1.,0.));
#10770=DIRECTION('',(9.25185853854303E-16,-1.08381393173349E-30,-1.));
#10771=DIRECTION('',(-1.17145536458252E-15,-1.,0.));
#10772=DIRECTION('',(-1.,1.17145536458252E-15,-9.25185853854303E-16));
#10773=DIRECTION('',(-9.15933995315754E-16,0.,1.));
#10774=DIRECTION('',(-1.,1.17145536458252E-15,0.));
#10775=DIRECTION('',(-1.17145536458252E-15,-1.,0.));
#10776=DIRECTION('',(-1.,1.17145536458252E-15,0.));
#10777=DIRECTION('',(0.,0.,1.));
#10778=DIRECTION('',(1.16573417585641E-15,1.,0.));
#10779=DIRECTION('',(-1.85037170770861E-15,2.16762786346697E-30,1.));
#10780=DIRECTION('',(-1.17145536458252E-15,-1.,0.));
#10781=DIRECTION('',(-1.85037170770861E-15,2.16762786346697E-30,1.));
#10782=DIRECTION('',(1.,-1.17145536458252E-15,1.85037170770861E-15));
#10783=DIRECTION('',(1.85962356624714E-15,0.,-1.));
#10784=DIRECTION('',(1.,-1.17145536458252E-15,0.));
#10785=DIRECTION('',(1.,-1.17145536458252E-15,0.));
#10786=DIRECTION('',(0.,0.,-1.));
#10787=DIRECTION('',(-1.16573417585641E-15,-1.,0.));
#10788=DIRECTION('',(1.17145536458252E-15,1.,0.));
#10789=DIRECTION('',(0.,0.,-1.));
#10790=DIRECTION('',(1.17145536458252E-15,1.,0.));
#10791=DIRECTION('',(0.,0.,-1.));
#10792=DIRECTION('',(-9.25185853854303E-16,1.08381393173349E-30,-1.));
#10793=DIRECTION('',(-1.17145536458252E-15,-1.,0.));
#10794=DIRECTION('',(-9.25185853854303E-16,1.08381393173349E-30,-1.));
#10795=DIRECTION('',(-1.17145536458252E-15,-1.,0.));
#10796=DIRECTION('',(-1.,1.17145536458252E-15,9.25185853854303E-16));
#10797=DIRECTION('',(9.15933995315754E-16,0.,1.));
#10798=DIRECTION('',(-1.,1.17145536458252E-15,0.));
#10799=DIRECTION('',(-1.17145536458252E-15,-1.,0.));
#10800=DIRECTION('',(-1.,1.17145536458252E-15,0.));
#10801=DIRECTION('',(0.,0.,1.));
#10802=DIRECTION('',(1.16573417585641E-15,1.,0.));
#10803=DIRECTION('',(-1.85037170770861E-15,2.16762786346697E-30,1.));
#10804=DIRECTION('',(-1.17145536458252E-15,-1.,0.));
#10805=DIRECTION('',(-1.85037170770861E-15,2.16762786346697E-30,1.));
#10806=DIRECTION('',(1.,-1.17145536458252E-15,1.85037170770861E-15));
#10807=DIRECTION('',(1.85962356624714E-15,0.,-1.));
#10808=DIRECTION('',(1.,-1.17145536458252E-15,2.77555756156275E-15));
#10809=DIRECTION('',(1.,-1.17145536458252E-15,2.77555756156275E-15));
#10810=DIRECTION('',(2.77555756156275E-15,-3.25144179520027E-30,-1.));
#10811=DIRECTION('',(-1.,1.16573417585641E-15,-2.77555756156289E-15));
#10812=DIRECTION('',(1.17145536458252E-15,1.,0.));
#10813=DIRECTION('',(0.,0.,-1.));
#10814=DIRECTION('',(1.17145536458252E-15,1.,0.));
#10815=DIRECTION('',(0.,0.,-1.));
#10816=DIRECTION('',(0.,-9.25185853854303E-16,-1.));
#10817=DIRECTION('',(-1.,0.,0.));
#10818=DIRECTION('',(0.,-9.25185853854303E-16,-1.));
#10819=DIRECTION('',(-1.,0.,0.));
#10820=DIRECTION('',(0.,1.,-9.25185853854303E-16));
#10821=DIRECTION('',(0.,9.15933995315754E-16,1.));
#10822=DIRECTION('',(0.,1.,0.));
#10823=DIRECTION('',(-1.,0.,0.));
#10824=DIRECTION('',(0.,1.,0.));
#10825=DIRECTION('',(0.,0.,1.));
#10826=DIRECTION('',(1.,0.,0.));
#10827=DIRECTION('',(0.,1.85037170770861E-15,1.));
#10828=DIRECTION('',(-1.,0.,0.));
#10829=DIRECTION('',(0.,1.85037170770861E-15,1.));
#10830=DIRECTION('',(0.,-1.,1.85037170770861E-15));
#10831=DIRECTION('',(0.,-1.85962356624714E-15,-1.));
#10832=DIRECTION('',(0.,-1.,0.));
#10833=DIRECTION('',(0.,-1.,0.));
#10834=DIRECTION('',(0.,0.,-1.));
#10835=DIRECTION('',(-1.,0.,0.));
#10836=DIRECTION('',(1.,0.,0.));
#10837=DIRECTION('',(0.,0.,-1.));
#10838=DIRECTION('',(1.,0.,0.));
#10839=DIRECTION('',(0.,0.,-1.));
#10840=DIRECTION('',(-1.,0.,0.));
#10841=DIRECTION('',(0.,0.,1.));
#10842=DIRECTION('',(-1.,0.,0.));
#10843=DIRECTION('',(0.,0.,1.));
#10844=DIRECTION('',(0.,1.,0.));
#10845=DIRECTION('',(0.,0.,-1.));
#10846=DIRECTION('',(0.,1.,0.));
#10847=DIRECTION('',(0.,0.,-1.));
#10848=DIRECTION('',(-1.,0.,0.));
#10849=DIRECTION('',(0.,0.,1.));
#10850=DIRECTION('',(5.55111512312586E-15,1.,0.));
#10851=DIRECTION('',(-1.,9.25185853854297E-15,0.));
#10852=DIRECTION('',(5.55111512312586E-15,1.,0.));
#10853=DIRECTION('',(-1.,9.25185853854297E-15,0.));
#10854=DIRECTION('',(1.,-5.55111512312586E-15,0.));
#10855=DIRECTION('',(0.,0.,-1.));
#10856=DIRECTION('',(1.,-5.55111512312586E-15,0.));
#10857=DIRECTION('',(5.55111512312586E-15,1.,0.));
#10858=DIRECTION('',(-1.,5.55111512312578E-15,0.));
#10859=DIRECTION('',(1.,0.,0.));
#10860=DIRECTION('',(0.,0.,-1.));
#10861=DIRECTION('',(1.,0.,0.));
#10862=DIRECTION('',(0.,0.,-1.));
#10863=DIRECTION('',(0.,-1.,0.));
#10864=DIRECTION('',(0.,0.,-1.));
#10865=DIRECTION('',(0.,-1.,0.));
#10866=DIRECTION('',(1.,0.,0.));
#10867=DIRECTION('',(0.,0.,-1.));
#10868=DIRECTION('',(2.77555756156293E-15,-1.,0.));
#10869=DIRECTION('',(1.,0.,0.));
#10870=DIRECTION('',(2.77555756156293E-15,-1.,0.));
#10871=DIRECTION('',(1.,0.,0.));
#10872=DIRECTION('',(-1.,-2.77555756156293E-15,0.));
#10873=DIRECTION('',(-1.,-2.77555756156293E-15,0.));
#10874=DIRECTION('',(2.77555756156293E-15,-1.,0.));
#10875=DIRECTION('',(1.,2.77555756156289E-15,0.));
#10876=DIRECTION('',(0.,0.,-1.));
#10877=DIRECTION('',(-1.,0.,0.));
#10878=DIRECTION('',(0.,0.,-1.));
#10879=DIRECTION('',(-1.,0.,0.));
#10880=DIRECTION('',(1.,0.,0.));
#10881=DIRECTION('',(0.,0.,-1.));
#10882=DIRECTION('',(1.,0.,0.));
#10883=DIRECTION('',(0.,0.,-1.));
#10884=DIRECTION('',(1.,0.,0.));
#10885=DIRECTION('',(0.,0.,-1.));
#10886=DIRECTION('',(1.,0.,0.));
#10887=DIRECTION('',(0.,0.,-1.));
#10888=DIRECTION('',(1.,0.,0.));
#10889=DIRECTION('',(0.,0.,-1.));
#10890=DIRECTION('',(0.,1.,0.));
#10891=DIRECTION('',(0.,0.,-1.));
#10892=DIRECTION('',(0.,1.,0.));
#10893=DIRECTION('',(0.,0.,-1.));
#10894=DIRECTION('',(-1.,0.,0.));
#10895=DIRECTION('',(0.,0.,1.));
#10896=DIRECTION('',(5.55111512312586E-15,1.,0.));
#10897=DIRECTION('',(-1.,9.25185853854297E-15,0.));
#10898=DIRECTION('',(5.55111512312586E-15,1.,0.));
#10899=DIRECTION('',(-1.,9.25185853854297E-15,0.));
#10900=DIRECTION('',(1.,-5.55111512312586E-15,0.));
#10901=DIRECTION('',(1.,-5.55111512312586E-15,0.));
#10902=DIRECTION('',(0.,0.,-1.));
#10903=DIRECTION('',(5.55111512312586E-15,1.,0.));
#10904=DIRECTION('',(-1.,5.55111512312578E-15,0.));
#10905=DIRECTION('',(1.,0.,0.));
#10906=DIRECTION('',(0.,0.,-1.));
#10907=DIRECTION('',(0.,-1.,0.));
#10908=DIRECTION('',(0.,-1.,0.));
#10909=DIRECTION('',(0.,0.,-1.));
#10910=DIRECTION('',(1.,0.,0.));
#10911=DIRECTION('',(0.,0.,-1.));
#10912=DIRECTION('',(-2.77555756156293E-15,1.,0.));
#10913=DIRECTION('',(-1.,0.,0.));
#10914=DIRECTION('',(-2.77555756156293E-15,1.,0.));
#10915=DIRECTION('',(-1.,0.,0.));
#10916=DIRECTION('',(-1.,-2.77555756156293E-15,0.));
#10917=DIRECTION('',(-1.,-2.77555756156293E-15,0.));
#10918=DIRECTION('',(2.77555756156293E-15,-1.,0.));
#10919=DIRECTION('',(1.,2.77555756156289E-15,0.));
#10920=DIRECTION('',(0.,0.,-1.));
#10921=DIRECTION('',(-1.,0.,0.));
#10922=DIRECTION('',(0.,0.,-1.));
#10923=DIRECTION('',(-1.,0.,0.));
#10924=DIRECTION('',(-2.77555756156293E-15,1.,0.));
#10925=DIRECTION('',(-1.,0.,0.));
#10926=DIRECTION('',(-2.77555756156293E-15,1.,0.));
#10927=DIRECTION('',(-1.,0.,0.));
#10928=DIRECTION('',(1.,0.,0.));
#10929=DIRECTION('',(0.,0.,-1.));
#10930=DIRECTION('',(1.,0.,0.));
#10931=DIRECTION('',(0.,0.,-1.));
#10932=DIRECTION('',(-2.77555756156293E-15,1.,0.));
#10933=DIRECTION('',(-1.,0.,0.));
#10934=DIRECTION('',(-2.77555756156293E-15,1.,0.));
#10935=DIRECTION('',(-1.,0.,0.));
#10936=DIRECTION('',(0.,0.,-1.));
#10937=DIRECTION('',(-1.,0.,0.));
#10938=DIRECTION('',(0.,0.,-1.));
#10939=DIRECTION('',(-1.,0.,0.));
#10940=DIRECTION('',(0.,1.,0.));
#10941=DIRECTION('',(0.,0.,1.));
#10942=DIRECTION('',(0.,1.,0.));
#10943=DIRECTION('',(-1.,0.,0.));
#10944=DIRECTION('',(0.,1.,0.));
#10945=DIRECTION('',(0.,0.,1.));
#10946=DIRECTION('',(1.,0.,0.));
#10947=DIRECTION('',(0.,-9.25185853854302E-16,1.));
#10948=DIRECTION('',(-1.,0.,0.));
#10949=DIRECTION('',(0.,-9.25185853854302E-16,1.));
#10950=DIRECTION('',(0.,-1.,-9.25185853854302E-16));
#10951=DIRECTION('',(0.,9.15933995315754E-16,-1.));
#10952=DIRECTION('',(0.,-1.,0.));
#10953=DIRECTION('',(0.,-1.,0.));
#10954=DIRECTION('',(0.,0.,-1.));
#10955=DIRECTION('',(-1.,0.,0.));
#10956=DIRECTION('',(1.,0.,0.));
#10957=DIRECTION('',(0.,0.,-1.));
#10958=DIRECTION('',(1.,0.,0.));
#10959=DIRECTION('',(0.,0.,-1.));
#10960=DIRECTION('',(-1.,1.17145536458252E-15,0.));
#10961=DIRECTION('',(0.,-1.,0.));
#10962=DIRECTION('',(0.,0.,-1.));
#10963=DIRECTION('',(-1.17145536458252E-15,-1.,0.));
#10964=DIRECTION('',(0.,0.,-1.));
#10965=DIRECTION('',(-1.17145536458252E-15,-1.,0.));
#10966=DIRECTION('',(-1.,1.17145536458252E-15,0.));
#10967=DIRECTION('',(0.,0.,1.));
#10968=DIRECTION('',(-1.,1.17145536458252E-15,0.));
#10969=DIRECTION('',(-1.17145536458252E-15,-1.,0.));
#10970=DIRECTION('',(-1.,1.17145536458252E-15,0.));
#10971=DIRECTION('',(0.,0.,1.));
#10972=DIRECTION('',(1.16573417585641E-15,1.,0.));
#10973=DIRECTION('',(9.25185853854299E-16,-1.08381393173348E-30,1.));
#10974=DIRECTION('',(-1.17145536458252E-15,-1.,0.));
#10975=DIRECTION('',(9.25185853854299E-16,-1.08381393173348E-30,1.));
#10976=DIRECTION('',(1.,-1.17145536458252E-15,-9.25185853854299E-16));
#10977=DIRECTION('',(-9.15933995315754E-16,0.,-1.));
#10978=DIRECTION('',(1.,-1.17145536458252E-15,0.));
#10979=DIRECTION('',(1.,-1.17145536458252E-15,0.));
#10980=DIRECTION('',(0.,0.,-1.));
#10981=DIRECTION('',(-1.16573417585641E-15,-1.,0.));
#10982=DIRECTION('',(1.17145536458252E-15,1.,0.));
#10983=DIRECTION('',(0.,0.,-1.));
#10984=DIRECTION('',(1.17145536458252E-15,1.,0.));
#10985=DIRECTION('',(0.,0.,-1.));
#10986=DIRECTION('',(-1.,1.17145536458252E-15,0.));
#10987=DIRECTION('',(0.,-1.,0.));
#10988=DIRECTION('',(-1.,1.17145536458252E-15,0.));
#10989=DIRECTION('',(0.,0.,1.));
#10990=DIRECTION('',(-1.,0.,0.));
#10991=DIRECTION('',(0.,0.,1.));
#10992=DIRECTION('',(0.,-9.25185853854296E-16,-1.));
#10993=DIRECTION('',(-1.,0.,0.));
#10994=DIRECTION('',(0.,-9.25185853854296E-16,-1.));
#10995=DIRECTION('',(-1.,0.,0.));
#10996=DIRECTION('',(0.,1.,-9.25185853854296E-16));
#10997=DIRECTION('',(0.,9.15933995315754E-16,1.));
#10998=DIRECTION('',(0.,1.,0.));
#10999=DIRECTION('',(-1.,0.,0.));
#11000=DIRECTION('',(0.,1.,0.));
#11001=DIRECTION('',(0.,0.,1.));
#11002=DIRECTION('',(1.,0.,0.));
#11003=DIRECTION('',(0.,0.,1.));
#11004=DIRECTION('',(-1.,0.,0.));
#11005=DIRECTION('',(0.,0.,1.));
#11006=DIRECTION('',(0.,-1.,0.));
#11007=DIRECTION('',(0.,0.,-1.));
#11008=DIRECTION('',(0.,-1.,0.));
#11009=DIRECTION('',(0.,-1.,0.));
#11010=DIRECTION('',(0.,0.,-1.));
#11011=DIRECTION('',(-1.,0.,0.));
#11012=DIRECTION('',(1.,0.,0.));
#11013=DIRECTION('',(0.,0.,-1.));
#11014=DIRECTION('',(1.,0.,0.));
#11015=DIRECTION('',(0.,0.,-1.));
#11016=DIRECTION('',(9.25185853854296E-16,-1.08381393173348E-30,-1.));
#11017=DIRECTION('',(-1.17145536458252E-15,-1.,0.));
#11018=DIRECTION('',(9.25185853854296E-16,-1.08381393173348E-30,-1.));
#11019=DIRECTION('',(-1.17145536458252E-15,-1.,0.));
#11020=DIRECTION('',(-1.,1.17145536458252E-15,-9.25185853854296E-16));
#11021=DIRECTION('',(-9.15933995315754E-16,0.,1.));
#11022=DIRECTION('',(-1.,1.17145536458252E-15,0.));
#11023=DIRECTION('',(-1.17145536458252E-15,-1.,0.));
#11024=DIRECTION('',(-1.,1.17145536458252E-15,0.));
#11025=DIRECTION('',(0.,0.,1.));
#11026=DIRECTION('',(1.19348975147204E-15,1.,0.));
#11027=DIRECTION('',(0.,0.,1.));
#11028=DIRECTION('',(-1.17145536458252E-15,-1.,0.));
#11029=DIRECTION('',(0.,0.,1.));
#11030=DIRECTION('',(1.,-1.17145536458252E-15,0.));
#11031=DIRECTION('',(0.,0.,-1.));
#11032=DIRECTION('',(1.,-1.17145536458252E-15,0.));
#11033=DIRECTION('',(1.,-1.17145536458252E-15,0.));
#11034=DIRECTION('',(0.,0.,-1.));
#11035=DIRECTION('',(-1.16573417585641E-15,-1.,0.));
#11036=DIRECTION('',(1.17145536458252E-15,1.,0.));
#11037=DIRECTION('',(0.,0.,-1.));
#11038=DIRECTION('',(1.17145536458252E-15,1.,0.));
#11039=DIRECTION('',(0.,0.,-1.));
#11040=DIRECTION('',(0.,0.,1.));
#11041=DIRECTION('',(0.,1.,0.));
#11042=DIRECTION('',(0.,0.,1.));
#11043=DIRECTION('',(0.,1.,0.));
#11044=DIRECTION('',(-1.,0.,0.));
#11045=DIRECTION('',(0.,0.,1.));
#11046=DIRECTION('',(0.,0.,1.));
#11047=DIRECTION('',(1.,0.,0.));
#11048=DIRECTION('',(0.,0.,1.));
#11049=DIRECTION('',(1.,0.,0.));
#11050=DIRECTION('',(1.,0.,0.));
#11051=DIRECTION('',(0.,1.,0.));
#11052=DIRECTION('',(1.,0.,0.));
#11053=DIRECTION('',(0.,0.,1.));
#11054=DIRECTION('',(1.,0.,0.));
#11055=DIRECTION('',(0.,0.,-1.));
#11056=DIRECTION('',(0.,1.,0.));
#11057=DIRECTION('',(0.,0.,-1.));
#11058=DIRECTION('',(1.,0.,0.));
#11059=DIRECTION('',(0.,0.,-1.));
#11060=DIRECTION('',(3.46944695195364E-16,0.,-1.));
#11061=DIRECTION('',(-1.,0.,0.));
#11062=DIRECTION('',(3.46944695195364E-16,0.,-1.));
#11063=DIRECTION('',(-1.,0.,0.));
#11064=DIRECTION('',(-1.,0.,-3.46944695195364E-16));
#11065=DIRECTION('',(-1.,0.,-3.46944695195364E-16));
#11066=DIRECTION('',(3.46944695195364E-16,0.,-1.));
#11067=DIRECTION('',(-1.,0.,-3.46944695195361E-16));
#11068=DIRECTION('',(0.,1.,0.));
#11069=DIRECTION('',(0.,0.,1.));
#11070=DIRECTION('',(0.,1.,0.));
#11071=DIRECTION('',(0.,0.,1.));
#11072=DIRECTION('',(3.46944695195364E-16,0.,-1.));
#11073=DIRECTION('',(-1.,0.,0.));
#11074=DIRECTION('',(0.,0.,-1.));
#11075=DIRECTION('',(-1.,0.,0.));
#11076=DIRECTION('',(0.,0.,-1.));
#11077=DIRECTION('',(-1.,0.,0.));
#11078=DIRECTION('',(0.,0.,-1.));
#11079=DIRECTION('',(-1.,0.,0.));
#11080=DIRECTION('',(0.,0.,1.));
#11081=DIRECTION('',(0.,1.,0.));
#11082=DIRECTION('',(0.,0.,1.));
#11083=DIRECTION('',(0.,1.,0.));
#11084=DIRECTION('',(-1.,0.,0.));
#11085=DIRECTION('',(0.,0.,1.));
#11086=DIRECTION('',(0.,0.,-1.));
#11087=DIRECTION('',(-1.,0.,0.));
#11088=DIRECTION('',(1.,0.,0.));
#11089=DIRECTION('',(1.,0.,0.));
#11090=DIRECTION('',(0.,1.,0.));
#11091=DIRECTION('',(0.,0.,1.));
#11092=DIRECTION('',(1.,0.,0.));
#11093=DIRECTION('',(0.,0.,-1.));
#11094=DIRECTION('',(0.,0.,-1.));
#11095=DIRECTION('',(0.,1.,0.));
#11096=DIRECTION('',(1.,0.,0.));
#11097=DIRECTION('',(0.,0.,-1.));
#11098=DIRECTION('',(3.46944695195364E-16,0.,-1.));
#11099=DIRECTION('',(-1.,0.,0.));
#11100=DIRECTION('',(-1.,0.,-3.46944695195364E-16));
#11101=DIRECTION('',(-1.,0.,-3.46944695195364E-16));
#11102=DIRECTION('',(3.46944695195364E-16,0.,-1.));
#11103=DIRECTION('',(-1.,0.,-3.46944695195361E-16));
#11104=DIRECTION('',(0.,1.,0.));
#11105=DIRECTION('',(0.,0.,1.));
#11106=DIRECTION('',(0.,1.,0.));
#11107=DIRECTION('',(0.,0.,1.));
#11108=DIRECTION('',(0.,0.,-1.));
#11109=DIRECTION('',(-1.,0.,0.));
#11110=DIRECTION('',(0.,0.,-1.));
#11111=DIRECTION('',(-1.,0.,0.));
#11112=DIRECTION('',(0.,0.,-1.));
#11113=DIRECTION('',(-1.,0.,0.));
#11114=DIRECTION('',(0.,0.,-1.));
#11115=DIRECTION('',(-1.,0.,0.));
#11116=DIRECTION('',(0.,1.,0.));
#11117=DIRECTION('',(0.,0.,1.));
#11118=DIRECTION('',(0.,1.,0.));
#11119=DIRECTION('',(-1.,0.,0.));
#11120=DIRECTION('',(0.,1.,0.));
#11121=DIRECTION('',(0.,0.,1.));
#11122=DIRECTION('',(1.,0.,0.));
#11123=DIRECTION('',(0.,0.,1.));
#11124=DIRECTION('',(-1.,0.,0.));
#11125=DIRECTION('',(0.,0.,1.));
#11126=DIRECTION('',(0.,-1.,0.));
#11127=DIRECTION('',(0.,0.,-1.));
#11128=DIRECTION('',(0.,-1.,0.));
#11129=DIRECTION('',(0.,-1.,0.));
#11130=DIRECTION('',(0.,0.,-1.));
#11131=DIRECTION('',(-1.,0.,0.));
#11132=DIRECTION('',(1.,0.,0.));
#11133=DIRECTION('',(0.,0.,-1.));
#11134=DIRECTION('',(1.,0.,0.));
#11135=DIRECTION('',(0.,0.,-1.));
#11136=DIRECTION('',(0.,0.,-1.));
#11137=DIRECTION('',(0.,1.,0.));
#11138=DIRECTION('',(0.,0.,-1.));
#11139=DIRECTION('',(0.,1.,0.));
#11140=DIRECTION('',(1.,0.,0.));
#11141=DIRECTION('',(0.,0.,-1.));
#11142=DIRECTION('',(-1.73472347597682E-16,0.,1.));
#11143=DIRECTION('',(1.,0.,0.));
#11144=DIRECTION('',(-1.73472347597682E-16,0.,1.));
#11145=DIRECTION('',(1.,0.,0.));
#11146=DIRECTION('',(1.,0.,1.73472347597682E-16));
#11147=DIRECTION('',(1.,0.,1.73472347597682E-16));
#11148=DIRECTION('',(0.,1.,0.));
#11149=DIRECTION('',(-1.73472347597682E-16,0.,1.));
#11150=DIRECTION('',(1.,0.,1.73472347597681E-16));
#11151=DIRECTION('',(0.,0.,1.));
#11152=DIRECTION('',(0.,0.,1.));
#11153=DIRECTION('',(0.,1.,0.));
#11154=DIRECTION('',(-1.,0.,0.));
#11155=DIRECTION('',(0.,0.,1.));
#11156=DIRECTION('',(0.,0.,-1.));
#11157=DIRECTION('',(-1.,0.,0.));
#11158=DIRECTION('',(0.,0.,-1.));
#11159=DIRECTION('',(-1.,0.,0.));
#11160=DIRECTION('',(-1.,0.,0.));
#11161=DIRECTION('',(-1.,0.,0.));
#11162=DIRECTION('',(0.,0.,-1.));
#11163=DIRECTION('',(-1.,0.,0.));
#11164=DIRECTION('',(0.,-1.,0.));
#11165=DIRECTION('',(0.,0.,-1.));
#11166=DIRECTION('',(0.,-1.,0.));
#11167=DIRECTION('',(0.,0.,-1.));
#11168=DIRECTION('',(0.,0.,-1.));
#11169=DIRECTION('',(-1.,0.,0.));
#11170=DIRECTION('',(0.,0.,-1.));
#11171=DIRECTION('',(-1.,0.,0.));
#11172=DIRECTION('',(-1.73472347597682E-16,0.,1.));
#11173=DIRECTION('',(1.,0.,0.));
#11174=DIRECTION('',(0.,0.,-1.));
#11175=DIRECTION('',(-1.,0.,0.));
#11176=DIRECTION('',(0.,0.,-1.));
#11177=DIRECTION('',(0.,1.,0.));
#11178=DIRECTION('',(0.,0.,-1.));
#11179=DIRECTION('',(0.,1.,0.));
#11180=DIRECTION('',(1.,0.,0.));
#11181=DIRECTION('',(0.,0.,-1.));
#11182=DIRECTION('',(-1.73472347597682E-16,0.,1.));
#11183=DIRECTION('',(1.,0.,0.));
#11184=DIRECTION('',(1.,0.,1.73472347597682E-16));
#11185=DIRECTION('',(0.,1.,0.));
#11186=DIRECTION('',(1.,0.,1.73472347597682E-16));
#11187=DIRECTION('',(-1.73472347597682E-16,0.,1.));
#11188=DIRECTION('',(1.,0.,1.73472347597681E-16));
#11189=DIRECTION('',(0.,0.,1.));
#11190=DIRECTION('',(0.,1.,0.));
#11191=DIRECTION('',(0.,0.,1.));
#11192=DIRECTION('',(-1.,0.,0.));
#11193=DIRECTION('',(0.,0.,1.));
#11194=DIRECTION('',(0.,0.,-1.));
#11195=DIRECTION('',(-1.,0.,0.));
#11196=DIRECTION('',(-1.,0.,0.));
#11197=DIRECTION('',(-1.,0.,0.));
#11198=DIRECTION('',(0.,0.,-1.));
#11199=DIRECTION('',(-1.,0.,0.));
#11200=DIRECTION('',(0.,-1.,0.));
#11201=DIRECTION('',(0.,0.,-1.));
#11202=DIRECTION('',(0.,-1.,0.));
#11203=DIRECTION('',(0.,0.,-1.));
#11204=DIRECTION('',(0.,0.,-1.));
#11205=DIRECTION('',(-1.,0.,0.));
#11206=DIRECTION('',(0.,0.,-1.));
#11207=DIRECTION('',(-1.,0.,0.));
#11208=DIRECTION('',(0.,0.,-1.));
#11209=DIRECTION('',(-1.17145536458252E-15,-1.,0.));
#11210=DIRECTION('',(0.,0.,-1.));
#11211=DIRECTION('',(-1.17145536458252E-15,-1.,0.));
#11212=DIRECTION('',(-1.,1.17145536458252E-15,0.));
#11213=DIRECTION('',(0.,0.,1.));
#11214=DIRECTION('',(-1.,1.17145536458252E-15,0.));
#11215=DIRECTION('',(-1.17145536458252E-15,-1.,0.));
#11216=DIRECTION('',(-1.,1.17145536458252E-15,0.));
#11217=DIRECTION('',(0.,0.,1.));
#11218=DIRECTION('',(1.16573417585641E-15,1.,0.));
#11219=DIRECTION('',(0.,0.,1.));
#11220=DIRECTION('',(-1.17145536458252E-15,-1.,0.));
#11221=DIRECTION('',(0.,0.,1.));
#11222=DIRECTION('',(1.,-1.17145536458252E-15,0.));
#11223=DIRECTION('',(0.,0.,-1.));
#11224=DIRECTION('',(1.,-1.17145536458252E-15,0.));
#11225=DIRECTION('',(1.,-1.17145536458252E-15,0.));
#11226=DIRECTION('',(0.,0.,-1.));
#11227=DIRECTION('',(-1.16573417585641E-15,-1.,0.));
#11228=DIRECTION('',(1.17145536458252E-15,1.,0.));
#11229=DIRECTION('',(0.,0.,-1.));
#11230=DIRECTION('',(1.17145536458252E-15,1.,0.));
#11231=DIRECTION('',(0.,0.,-1.));
#11232=DIRECTION('',(0.,-1.38777878078144E-15,-1.));
#11233=DIRECTION('',(-1.,0.,0.));
#11234=DIRECTION('',(0.,-1.38777878078144E-15,-1.));
#11235=DIRECTION('',(-1.,0.,0.));
#11236=DIRECTION('',(0.,1.,-1.38777878078144E-15));
#11237=DIRECTION('',(0.,1.38777878078145E-15,1.));
#11238=DIRECTION('',(0.,-6.93889390390723E-16,1.));
#11239=DIRECTION('',(0.,-1.,-1.15648231731787E-15));
#11240=DIRECTION('',(0.,-6.93889390390723E-16,1.));
#11241=DIRECTION('',(0.,-1.,-1.15648231731787E-15));
#11242=DIRECTION('',(0.,1.,6.93889390390723E-16));
#11243=DIRECTION('',(0.,1.,6.93889390390723E-16));
#11244=DIRECTION('',(-1.,0.,0.));
#11245=DIRECTION('',(0.,-6.93889390390723E-16,1.));
#11246=DIRECTION('',(0.,-1.,-6.93889390390723E-16));
#11247=DIRECTION('',(0.,-1.38777878078145E-15,1.));
#11248=DIRECTION('',(0.,-1.38777878078145E-15,1.));
#11249=DIRECTION('',(-1.,0.,0.));
#11250=DIRECTION('',(0.,-1.,-1.38777878078145E-15));
#11251=DIRECTION('',(0.,1.38777878078145E-15,-1.));
#11252=DIRECTION('',(0.,0.,-1.));
#11253=DIRECTION('',(-1.,0.,0.));
#11254=DIRECTION('',(0.,0.,-1.));
#11255=DIRECTION('',(-1.,0.,0.));
#11256=DIRECTION('',(0.,-1.,0.));
#11257=DIRECTION('',(0.,-1.,0.));
#11258=DIRECTION('',(0.,0.,-1.));
#11259=DIRECTION('',(-1.,0.,0.));
#11260=DIRECTION('',(1.,0.,0.));
#11261=DIRECTION('',(0.,0.,-1.));
#11262=DIRECTION('',(1.,0.,0.));
#11263=DIRECTION('',(0.,0.,-1.));
#11264=DIRECTION('',(0.,0.,-1.));
#11265=DIRECTION('',(-1.,0.,0.));
#11266=DIRECTION('',(0.,0.,-1.));
#11267=DIRECTION('',(-1.,0.,0.));
#11268=DIRECTION('',(0.,-6.93889390390723E-16,1.));
#11269=DIRECTION('',(0.,-1.,-1.15648231731787E-15));
#11270=DIRECTION('',(0.,0.,-1.));
#11271=DIRECTION('',(-1.,0.,0.));
#11272=DIRECTION('',(0.,-1.38777878078144E-15,-1.));
#11273=DIRECTION('',(-1.,0.,0.));
#11274=DIRECTION('',(0.,-1.38777878078144E-15,-1.));
#11275=DIRECTION('',(-1.,0.,0.));
#11276=DIRECTION('',(0.,1.,-1.38777878078144E-15));
#11277=DIRECTION('',(0.,1.38777878078145E-15,1.));
#11278=DIRECTION('',(0.,-6.93889390390723E-16,1.));
#11279=DIRECTION('',(0.,-1.,-1.15648231731787E-15));
#11280=DIRECTION('',(0.,1.,6.93889390390723E-16));
#11281=DIRECTION('',(-1.,0.,0.));
#11282=DIRECTION('',(0.,1.,6.93889390390723E-16));
#11283=DIRECTION('',(0.,-6.93889390390723E-16,1.));
#11284=DIRECTION('',(0.,-1.,-6.93889390390723E-16));
#11285=DIRECTION('',(0.,-1.38777878078145E-15,1.));
#11286=DIRECTION('',(-1.,0.,0.));
#11287=DIRECTION('',(0.,-1.38777878078145E-15,1.));
#11288=DIRECTION('',(0.,-1.,-1.38777878078145E-15));
#11289=DIRECTION('',(0.,1.38777878078145E-15,-1.));
#11290=DIRECTION('',(0.,0.,-1.));
#11291=DIRECTION('',(-1.,0.,0.));
#11292=DIRECTION('',(0.,-1.,0.));
#11293=DIRECTION('',(0.,-1.,0.));
#11294=DIRECTION('',(0.,0.,-1.));
#11295=DIRECTION('',(-1.,0.,0.));
#11296=DIRECTION('',(1.,0.,0.));
#11297=DIRECTION('',(0.,0.,-1.));
#11298=DIRECTION('',(1.,0.,0.));
#11299=DIRECTION('',(0.,0.,-1.));
#11300=DIRECTION('',(0.,0.,-1.));
#11301=DIRECTION('',(-1.,0.,0.));
#11302=DIRECTION('',(0.,0.,-1.));
#11303=DIRECTION('',(-1.,0.,0.));
#11304=DIRECTION('',(-1.,-1.38777878078146E-15,0.));
#11305=DIRECTION('',(0.,-1.,0.));
#11306=DIRECTION('',(-1.,-1.38777878078146E-15,0.));
#11307=DIRECTION('',(0.,-1.,0.));
#11308=DIRECTION('',(-1.38777878078146E-15,1.,0.));
#11309=DIRECTION('',(0.,0.,-1.));
#11310=DIRECTION('',(-1.38777878078146E-15,1.,0.));
#11311=DIRECTION('',(0.,0.,-1.));
#11312=DIRECTION('',(-1.,-1.38777878078146E-15,0.));
#11313=DIRECTION('',(1.38777878078145E-15,-1.,0.));
#11314=DIRECTION('',(0.,1.,0.));
#11315=DIRECTION('',(0.,0.,1.));
#11316=DIRECTION('',(0.,1.,0.));
#11317=DIRECTION('',(0.,0.,1.));
#11318=DIRECTION('',(1.,0.,0.));
#11319=DIRECTION('',(0.,0.,-1.));
#11320=DIRECTION('',(1.,0.,0.));
#11321=DIRECTION('',(0.,1.,0.));
#11322=DIRECTION('',(0.,0.,1.));
#11323=DIRECTION('',(1.,-2.77555756156292E-15,0.));
#11324=DIRECTION('',(0.,1.,0.));
#11325=DIRECTION('',(1.,-2.77555756156292E-15,0.));
#11326=DIRECTION('',(0.,1.,0.));
#11327=DIRECTION('',(-2.77555756156292E-15,-1.,0.));
#11328=DIRECTION('',(0.,0.,-1.));
#11329=DIRECTION('',(-2.77555756156292E-15,-1.,0.));
#11330=DIRECTION('',(1.,-2.77555756156292E-15,0.));
#11331=DIRECTION('',(2.77555756156289E-15,1.,0.));
#11332=DIRECTION('',(1.38777878078146E-15,-1.,0.));
#11333=DIRECTION('',(1.,0.,0.));
#11334=DIRECTION('',(1.38777878078146E-15,-1.,0.));
#11335=DIRECTION('',(1.,0.,0.));
#11336=DIRECTION('',(-1.,-1.38777878078146E-15,0.));
#11337=DIRECTION('',(-1.,-1.38777878078146E-15,0.));
#11338=DIRECTION('',(1.38777878078146E-15,-1.,0.));
#11339=DIRECTION('',(1.,1.38777878078145E-15,0.));
#11340=DIRECTION('',(0.,0.,-1.));
#11341=DIRECTION('',(-1.,0.,0.));
#11342=DIRECTION('',(0.,0.,-1.));
#11343=DIRECTION('',(-1.,0.,0.));
#11344=DIRECTION('',(-1.,2.77555756156292E-15,0.));
#11345=DIRECTION('',(0.,-1.,0.));
#11346=DIRECTION('',(-1.,2.77555756156292E-15,0.));
#11347=DIRECTION('',(0.,-1.,0.));
#11348=DIRECTION('',(-1.,-1.38777878078146E-15,0.));
#11349=DIRECTION('',(0.,-1.,0.));
#11350=DIRECTION('',(-1.,2.77555756156292E-15,0.));
#11351=DIRECTION('',(0.,-1.,0.));
#11352=DIRECTION('',(-1.,-1.38777878078146E-15,0.));
#11353=DIRECTION('',(0.,-1.,0.));
#11354=DIRECTION('',(-1.38777878078146E-15,1.,0.));
#11355=DIRECTION('',(0.,0.,-1.));
#11356=DIRECTION('',(-1.38777878078146E-15,1.,0.));
#11357=DIRECTION('',(0.,0.,-1.));
#11358=DIRECTION('',(-1.,-1.38777878078146E-15,0.));
#11359=DIRECTION('',(1.38777878078145E-15,-1.,0.));
#11360=DIRECTION('',(0.,-1.,0.));
#11361=DIRECTION('',(0.,0.,-1.));
#11362=DIRECTION('',(0.,-1.,0.));
#11363=DIRECTION('',(0.,0.,-1.));
#11364=DIRECTION('',(1.,0.,0.));
#11365=DIRECTION('',(1.,0.,0.));
#11366=DIRECTION('',(0.,0.,-1.));
#11367=DIRECTION('',(0.,1.,0.));
#11368=DIRECTION('',(0.,0.,1.));
#11369=DIRECTION('',(-1.,2.77555756156292E-15,0.));
#11370=DIRECTION('',(0.,-1.,0.));
#11371=DIRECTION('',(-2.77555756156292E-15,-1.,0.));
#11372=DIRECTION('',(-2.77555756156292E-15,-1.,0.));
#11373=DIRECTION('',(0.,0.,-1.));
#11374=DIRECTION('',(1.,-2.77555756156292E-15,0.));
#11375=DIRECTION('',(2.77555756156289E-15,1.,0.));
#11376=DIRECTION('',(1.38777878078146E-15,-1.,0.));
#11377=DIRECTION('',(1.,0.,0.));
#11378=DIRECTION('',(1.38777878078146E-15,-1.,0.));
#11379=DIRECTION('',(1.,0.,0.));
#11380=DIRECTION('',(-1.,-1.38777878078146E-15,0.));
#11381=DIRECTION('',(-1.,-1.38777878078146E-15,0.));
#11382=DIRECTION('',(1.38777878078146E-15,-1.,0.));
#11383=DIRECTION('',(1.,1.38777878078145E-15,0.));
#11384=DIRECTION('',(0.,0.,-1.));
#11385=DIRECTION('',(-1.,0.,0.));
#11386=DIRECTION('',(0.,0.,-1.));
#11387=DIRECTION('',(-1.,0.,0.));
#11388=DIRECTION('',(0.,-1.,0.));
#11389=DIRECTION('',(0.,0.,-1.));
#11390=DIRECTION('',(0.,-1.,0.));
#11391=DIRECTION('',(0.,0.,-1.));
#11392=DIRECTION('',(-1.,2.77555756156292E-15,0.));
#11393=DIRECTION('',(0.,-1.,0.));
#11394=DIRECTION('',(-1.,2.77555756156292E-15,0.));
#11395=DIRECTION('',(0.,-1.,0.));
#11396=DIRECTION('',(0.,-1.,0.));
#11397=DIRECTION('',(0.,0.,-1.));
#11398=DIRECTION('',(0.,-1.,0.));
#11399=DIRECTION('',(0.,0.,-1.));
#11400=DIRECTION('',(0.,0.,-1.));
#11401=DIRECTION('',(-1.,0.,0.));
#11402=DIRECTION('',(0.,0.,-1.));
#11403=DIRECTION('',(-1.,0.,0.));
#11404=DIRECTION('',(0.,1.,0.));
#11405=DIRECTION('',(0.,0.,1.));
#11406=DIRECTION('',(0.,-5.20417042793043E-16,1.));
#11407=DIRECTION('',(0.,-1.,0.));
#11408=DIRECTION('',(0.,-5.20417042793043E-16,1.));
#11409=DIRECTION('',(0.,-1.,0.));
#11410=DIRECTION('',(0.,1.,5.20417042793043E-16));
#11411=DIRECTION('',(0.,1.,5.20417042793043E-16));
#11412=DIRECTION('',(-1.,0.,0.));
#11413=DIRECTION('',(0.,-5.20417042793043E-16,1.));
#11414=DIRECTION('',(0.,-1.,-5.20417042793042E-16));
#11415=DIRECTION('',(0.,0.,1.));
#11416=DIRECTION('',(0.,0.,1.));
#11417=DIRECTION('',(-1.,0.,0.));
#11418=DIRECTION('',(0.,-1.,0.));
#11419=DIRECTION('',(0.,0.,-1.));
#11420=DIRECTION('',(0.,5.32907051820076E-16,-1.));
#11421=DIRECTION('',(0.,1.,5.78241158658936E-16));
#11422=DIRECTION('',(0.,5.32907051820076E-16,-1.));
#11423=DIRECTION('',(0.,1.,5.78241158658936E-16));
#11424=DIRECTION('',(0.,-1.,-5.32907051820076E-16));
#11425=DIRECTION('',(0.,-1.,-5.32907051820076E-16));
#11426=DIRECTION('',(0.,5.32907051820076E-16,-1.));
#11427=DIRECTION('',(0.,1.,5.32993787993874E-16));
#11428=DIRECTION('',(1.,0.,0.));
#11429=DIRECTION('',(0.,0.,-1.));
#11430=DIRECTION('',(1.,0.,0.));
#11431=DIRECTION('',(0.,0.,-1.));
#11432=DIRECTION('',(0.,5.32907051820076E-16,-1.));
#11433=DIRECTION('',(0.,1.,5.32907051820076E-16));
#11434=DIRECTION('',(0.,5.32907051820076E-16,-1.));
#11435=DIRECTION('',(0.,1.,5.32907051820076E-16));
#11436=DIRECTION('',(0.,-5.20417042793043E-16,1.));
#11437=DIRECTION('',(0.,-1.,0.));
#11438=DIRECTION('',(0.,5.32907051820076E-16,-1.));
#11439=DIRECTION('',(0.,1.,5.32907051820076E-16));
#11440=DIRECTION('',(0.,0.,-1.));
#11441=DIRECTION('',(-1.,0.,0.));
#11442=DIRECTION('',(0.,0.,-1.));
#11443=DIRECTION('',(-1.,0.,0.));
#11444=DIRECTION('',(0.,1.,0.));
#11445=DIRECTION('',(0.,0.,1.));
#11446=DIRECTION('',(0.,-5.20417042793043E-16,1.));
#11447=DIRECTION('',(0.,-1.,0.));
#11448=DIRECTION('',(0.,1.,5.20417042793042E-16));
#11449=DIRECTION('',(-1.,0.,0.));
#11450=DIRECTION('',(0.,1.,5.20417042793042E-16));
#11451=DIRECTION('',(0.,-5.20417042793043E-16,1.));
#11452=DIRECTION('',(0.,-1.,-5.20417042793042E-16));
#11453=DIRECTION('',(0.,0.,1.));
#11454=DIRECTION('',(-1.,0.,0.));
#11455=DIRECTION('',(0.,0.,1.));
#11456=DIRECTION('',(0.,-1.,0.));
#11457=DIRECTION('',(0.,0.,-1.));
#11458=DIRECTION('',(0.,5.32907051820076E-16,-1.));
#11459=DIRECTION('',(0.,1.,5.32907051820076E-16));
#11460=DIRECTION('',(0.,-1.,-5.32907051820076E-16));
#11461=DIRECTION('',(0.,-1.,-5.32907051820076E-16));
#11462=DIRECTION('',(0.,5.32907051820076E-16,-1.));
#11463=DIRECTION('',(0.,1.,5.32907051820076E-16));
#11464=DIRECTION('',(1.,0.,0.));
#11465=DIRECTION('',(0.,0.,-1.));
#11466=DIRECTION('',(1.,0.,0.));
#11467=DIRECTION('',(0.,0.,-1.));
#11468=DIRECTION('',(0.,5.32907051820076E-16,-1.));
#11469=DIRECTION('',(0.,1.,5.32907051820076E-16));
#11470=DIRECTION('',(0.,5.32907051820076E-16,-1.));
#11471=DIRECTION('',(0.,1.,5.32907051820076E-16));
#11472=DIRECTION('',(0.,0.,-1.));
#11473=DIRECTION('',(-1.17145536458252E-15,-1.,0.));
#11474=DIRECTION('',(0.,0.,-1.));
#11475=DIRECTION('',(-1.17145536458252E-15,-1.,0.));
#11476=DIRECTION('',(-1.,1.17145536458252E-15,0.));
#11477=DIRECTION('',(0.,0.,1.));
#11478=DIRECTION('',(-1.,1.17145536458252E-15,0.));
#11479=DIRECTION('',(-1.17145536458252E-15,-1.,0.));
#11480=DIRECTION('',(-1.,1.17145536458252E-15,0.));
#11481=DIRECTION('',(0.,0.,1.));
#11482=DIRECTION('',(1.16573417585641E-15,1.,0.));
#11483=DIRECTION('',(9.25185853854302E-16,-1.08381393173348E-30,1.));
#11484=DIRECTION('',(-1.17145536458252E-15,-1.,0.));
#11485=DIRECTION('',(9.25185853854302E-16,-1.08381393173348E-30,1.));
#11486=DIRECTION('',(1.,-1.17145536458252E-15,-9.25185853854302E-16));
#11487=DIRECTION('',(-9.15933995315754E-16,0.,-1.));
#11488=DIRECTION('',(1.,-1.17145536458252E-15,0.));
#11489=DIRECTION('',(1.,-1.17145536458252E-15,0.));
#11490=DIRECTION('',(0.,0.,-1.));
#11491=DIRECTION('',(-1.16573417585641E-15,-1.,0.));
#11492=DIRECTION('',(1.17145536458252E-15,1.,0.));
#11493=DIRECTION('',(0.,0.,-1.));
#11494=DIRECTION('',(1.17145536458252E-15,1.,0.));
#11495=DIRECTION('',(0.,0.,-1.));
#11496=DIRECTION('',(-1.,-1.38777878078146E-15,0.));
#11497=DIRECTION('',(0.,-1.,0.));
#11498=DIRECTION('',(-1.,-1.38777878078146E-15,0.));
#11499=DIRECTION('',(0.,-1.,0.));
#11500=DIRECTION('',(-1.38777878078146E-15,1.,0.));
#11501=DIRECTION('',(0.,0.,-1.));
#11502=DIRECTION('',(-1.38777878078146E-15,1.,0.));
#11503=DIRECTION('',(0.,0.,-1.));
#11504=DIRECTION('',(-1.,-1.38777878078146E-15,0.));
#11505=DIRECTION('',(1.38777878078145E-15,-1.,0.));
#11506=DIRECTION('',(0.,1.,0.));
#11507=DIRECTION('',(0.,0.,1.));
#11508=DIRECTION('',(0.,1.,0.));
#11509=DIRECTION('',(0.,0.,1.));
#11510=DIRECTION('',(1.,0.,0.));
#11511=DIRECTION('',(0.,0.,-1.));
#11512=DIRECTION('',(1.,0.,0.));
#11513=DIRECTION('',(0.,1.,0.));
#11514=DIRECTION('',(0.,0.,1.));
#11515=DIRECTION('',(1.,0.,0.));
#11516=DIRECTION('',(0.,0.,-1.));
#11517=DIRECTION('',(1.,0.,0.));
#11518=DIRECTION('',(0.,0.,-1.));
#11519=DIRECTION('',(0.,-1.,0.));
#11520=DIRECTION('',(0.,0.,-1.));
#11521=DIRECTION('',(0.,-1.,0.));
#11522=DIRECTION('',(1.,0.,0.));
#11523=DIRECTION('',(0.,0.,-1.));
#11524=DIRECTION('',(-1.38777878078146E-15,-1.,0.));
#11525=DIRECTION('',(1.,0.,0.));
#11526=DIRECTION('',(-1.38777878078146E-15,-1.,0.));
#11527=DIRECTION('',(1.,0.,0.));
#11528=DIRECTION('',(-1.,1.38777878078146E-15,0.));
#11529=DIRECTION('',(-1.,1.38777878078146E-15,0.));
#11530=DIRECTION('',(-1.38777878078146E-15,-1.,0.));
#11531=DIRECTION('',(1.,-1.38777878078145E-15,0.));
#11532=DIRECTION('',(0.,0.,-1.));
#11533=DIRECTION('',(-1.,0.,0.));
#11534=DIRECTION('',(0.,0.,-1.));
#11535=DIRECTION('',(-1.,0.,0.));
#11536=DIRECTION('',(-1.,0.,0.));
#11537=DIRECTION('',(0.,0.,1.));
#11538=DIRECTION('',(-1.,0.,0.));
#11539=DIRECTION('',(0.,0.,1.));
#11540=DIRECTION('',(-1.,-1.38777878078146E-15,0.));
#11541=DIRECTION('',(0.,-1.,0.));
#11542=DIRECTION('',(-1.,0.,0.));
#11543=DIRECTION('',(0.,0.,1.));
#11544=DIRECTION('',(-1.,-1.38777878078146E-15,0.));
#11545=DIRECTION('',(0.,-1.,0.));
#11546=DIRECTION('',(-1.38777878078146E-15,1.,0.));
#11547=DIRECTION('',(0.,0.,-1.));
#11548=DIRECTION('',(-1.38777878078146E-15,1.,0.));
#11549=DIRECTION('',(0.,0.,-1.));
#11550=DIRECTION('',(-1.,-1.38777878078146E-15,0.));
#11551=DIRECTION('',(1.38777878078145E-15,-1.,0.));
#11552=DIRECTION('',(0.,1.,0.));
#11553=DIRECTION('',(0.,0.,1.));
#11554=DIRECTION('',(0.,1.,0.));
#11555=DIRECTION('',(0.,0.,1.));
#11556=DIRECTION('',(1.,0.,0.));
#11557=DIRECTION('',(1.,0.,0.));
#11558=DIRECTION('',(0.,0.,-1.));
#11559=DIRECTION('',(0.,1.,0.));
#11560=DIRECTION('',(0.,0.,1.));
#11561=DIRECTION('',(-1.,0.,0.));
#11562=DIRECTION('',(0.,0.,1.));
#11563=DIRECTION('',(0.,-1.,0.));
#11564=DIRECTION('',(0.,-1.,0.));
#11565=DIRECTION('',(0.,0.,-1.));
#11566=DIRECTION('',(1.,0.,0.));
#11567=DIRECTION('',(0.,0.,-1.));
#11568=DIRECTION('',(1.38777878078146E-15,1.,0.));
#11569=DIRECTION('',(-1.,0.,0.));
#11570=DIRECTION('',(1.38777878078146E-15,1.,0.));
#11571=DIRECTION('',(-1.,0.,0.));
#11572=DIRECTION('',(-1.,1.38777878078146E-15,0.));
#11573=DIRECTION('',(-1.,1.38777878078146E-15,0.));
#11574=DIRECTION('',(-1.38777878078146E-15,-1.,0.));
#11575=DIRECTION('',(1.,-1.38777878078145E-15,0.));
#11576=DIRECTION('',(0.,0.,-1.));
#11577=DIRECTION('',(-1.,0.,0.));
#11578=DIRECTION('',(0.,0.,-1.));
#11579=DIRECTION('',(-1.,0.,0.));
#11580=DIRECTION('',(-1.,0.,0.));
#11581=DIRECTION('',(0.,0.,1.));
#11582=DIRECTION('',(-1.,0.,0.));
#11583=DIRECTION('',(0.,0.,1.));
#11584=DIRECTION('',(1.38777878078146E-15,1.,0.));
#11585=DIRECTION('',(-1.,0.,0.));
#11586=DIRECTION('',(1.38777878078146E-15,1.,0.));
#11587=DIRECTION('',(-1.,0.,0.));
#11588=DIRECTION('',(1.38777878078146E-15,1.,0.));
#11589=DIRECTION('',(-1.,0.,0.));
#11590=DIRECTION('',(1.38777878078146E-15,1.,0.));
#11591=DIRECTION('',(-1.,0.,0.));
#11592=DIRECTION('',(0.,0.,-1.));
#11593=DIRECTION('',(-1.,0.,0.));
#11594=DIRECTION('',(0.,0.,-1.));
#11595=DIRECTION('',(-1.,0.,0.));
#11596=DIRECTION('',(0.,1.,0.));
#11597=DIRECTION('',(0.,0.,1.));
#11598=DIRECTION('',(0.,1.,0.));
#11599=DIRECTION('',(-1.,0.,0.));
#11600=DIRECTION('',(0.,1.,0.));
#11601=DIRECTION('',(0.,0.,1.));
#11602=DIRECTION('',(1.,0.,0.));
#11603=DIRECTION('',(0.,-9.25185853854299E-16,1.));
#11604=DIRECTION('',(-1.,0.,0.));
#11605=DIRECTION('',(0.,-9.25185853854299E-16,1.));
#11606=DIRECTION('',(0.,-1.,-9.25185853854299E-16));
#11607=DIRECTION('',(0.,9.15933995315754E-16,-1.));
#11608=DIRECTION('',(0.,-1.,0.));
#11609=DIRECTION('',(0.,-1.,0.));
#11610=DIRECTION('',(0.,0.,-1.));
#11611=DIRECTION('',(-1.,0.,0.));
#11612=DIRECTION('',(1.,0.,0.));
#11613=DIRECTION('',(0.,0.,-1.));
#11614=DIRECTION('',(1.,0.,0.));
#11615=DIRECTION('',(0.,0.,-1.));
#11616=DIRECTION('',(0.,9.25185853854303E-16,-1.));
#11617=DIRECTION('',(-1.,0.,0.));
#11618=DIRECTION('',(0.,9.25185853854303E-16,-1.));
#11619=DIRECTION('',(-1.,0.,0.));
#11620=DIRECTION('',(0.,1.,9.25185853854303E-16));
#11621=DIRECTION('',(0.,-9.15933995315754E-16,1.));
#11622=DIRECTION('',(0.,1.,0.));
#11623=DIRECTION('',(-1.,0.,0.));
#11624=DIRECTION('',(0.,1.,0.));
#11625=DIRECTION('',(0.,0.,1.));
#11626=DIRECTION('',(1.,0.,0.));
#11627=DIRECTION('',(0.,1.85037170770861E-15,1.));
#11628=DIRECTION('',(-1.,0.,0.));
#11629=DIRECTION('',(0.,1.85037170770861E-15,1.));
#11630=DIRECTION('',(0.,-1.,1.85037170770861E-15));
#11631=DIRECTION('',(0.,-1.85962356624714E-15,-1.));
#11632=DIRECTION('',(0.,-1.,2.77555756156275E-15));
#11633=DIRECTION('',(0.,-1.,2.77555756156275E-15));
#11634=DIRECTION('',(0.,-2.77555756156275E-15,-1.));
#11635=DIRECTION('',(0.,1.,-2.77555756156289E-15));
#11636=DIRECTION('',(1.,0.,0.));
#11637=DIRECTION('',(0.,0.,-1.));
#11638=DIRECTION('',(1.,0.,0.));
#11639=DIRECTION('',(0.,0.,-1.));
#11640=DIRECTION('',(0.,0.,1.));
#11641=DIRECTION('',(1.,0.,0.));
#11642=DIRECTION('',(0.,0.,1.));
#11643=DIRECTION('',(1.,0.,0.));
#11644=DIRECTION('',(0.,1.,0.));
#11645=DIRECTION('',(0.,0.,1.));
#11646=DIRECTION('',(0.,1.,1.38777878078145E-16));
#11647=DIRECTION('',(1.,0.,0.));
#11648=DIRECTION('',(0.,1.,1.38777878078145E-16));
#11649=DIRECTION('',(0.,1.38777878078145E-16,-1.));
#11650=DIRECTION('',(0.,1.,1.11022302462516E-16));
#11651=DIRECTION('',(0.,2.92163953848725E-16,-1.));
#11652=DIRECTION('',(1.,0.,0.));
#11653=DIRECTION('',(0.,2.92163953848725E-16,-1.));
#11654=DIRECTION('',(0.,-1.,-2.92163953848725E-16));
#11655=DIRECTION('',(0.,3.05311331771918E-16,-1.));
#11656=DIRECTION('',(0.,-1.,-1.22464679914735E-16));
#11657=DIRECTION('',(0.,-1.,-1.22464679914735E-16));
#11658=DIRECTION('',(0.,-1.22464679914735E-16,1.));
#11659=DIRECTION('',(0.,-1.,-1.22464679914735E-16));
#11660=DIRECTION('',(-1.,0.,0.));
#11661=DIRECTION('',(0.,0.,1.));
#11662=DIRECTION('',(-1.,0.,0.));
#11663=DIRECTION('',(0.,0.,1.));
#11664=DIRECTION('',(0.,0.,1.));
#11665=DIRECTION('',(0.,1.,0.));
#11666=DIRECTION('',(0.,0.,1.));
#11667=DIRECTION('',(0.,1.,0.));
#11668=DIRECTION('',(-1.,0.,0.));
#11669=DIRECTION('',(0.,0.,1.));
#11670=DIRECTION('',(1.,0.,0.));
#11671=DIRECTION('',(0.,1.,0.));
#11672=DIRECTION('',(1.,0.,0.));
#11673=DIRECTION('',(0.,0.,1.));
#11674=DIRECTION('',(1.,0.,0.));
#11675=DIRECTION('',(0.,0.,-1.));
#11676=DIRECTION('',(0.,1.,0.));
#11677=DIRECTION('',(0.,0.,-1.));
#11678=DIRECTION('',(1.,0.,0.));
#11679=DIRECTION('',(0.,0.,-1.));
#11680=DIRECTION('',(0.,0.,-1.));
#11681=DIRECTION('',(0.,1.,0.));
#11682=DIRECTION('',(0.,0.,-1.));
#11683=DIRECTION('',(0.,1.,0.));
#11684=DIRECTION('',(1.,0.,0.));
#11685=DIRECTION('',(0.,0.,-1.));
#11686=DIRECTION('',(1.,0.,1.22464679914735E-16));
#11687=DIRECTION('',(0.,1.,0.));
#11688=DIRECTION('',(1.,0.,1.22464679914735E-16));
#11689=DIRECTION('',(-1.22464679914735E-16,0.,1.));
#11690=DIRECTION('',(1.,0.,1.22464679914735E-16));
#11691=DIRECTION('',(-2.92163953848725E-16,0.,1.));
#11692=DIRECTION('',(0.,1.,0.));
#11693=DIRECTION('',(-2.92163953848725E-16,0.,1.));
#11694=DIRECTION('',(-1.,0.,-2.92163953848725E-16));
#11695=DIRECTION('',(-3.05311331771918E-16,0.,1.));
#11696=DIRECTION('',(-0.707106781186548,0.,0.707106781186547));
#11697=DIRECTION('',(0.,1.,0.));
#11698=DIRECTION('',(-0.707106781186548,0.,0.707106781186547));
#11699=DIRECTION('',(-0.707106781186547,0.,-0.707106781186548));
#11700=DIRECTION('',(-0.707106781186548,0.,0.707106781186547));
#11701=DIRECTION('',(-1.,0.,0.));
#11702=DIRECTION('',(0.,1.,0.));
#11703=DIRECTION('',(-1.,0.,0.));
#11704=DIRECTION('',(0.,0.,-1.));
#11705=DIRECTION('',(-1.,0.,0.));
#11706=DIRECTION('',(-0.707106781186547,0.,-0.707106781186547));
#11707=DIRECTION('',(-0.707106781186547,0.,-0.707106781186547));
#11708=DIRECTION('',(0.707106781186548,0.,-0.707106781186548));
#11709=DIRECTION('',(-0.707106781186548,0.,-0.707106781186548));
#11710=DIRECTION('',(-1.,0.,0.));
#11711=DIRECTION('',(-1.,0.,0.));
#11712=DIRECTION('',(0.,0.,-1.));
#11713=DIRECTION('',(-1.,0.,0.));
#11714=DIRECTION('',(0.,-1.,0.));
#11715=DIRECTION('',(0.,0.,-1.));
#11716=DIRECTION('',(0.,-1.,0.));
#11717=DIRECTION('',(0.,0.,-1.));
#11718=DIRECTION('',(0.,0.,1.));
#11719=DIRECTION('',(0.,-1.,0.));
#11720=DIRECTION('',(0.,0.,1.));
#11721=DIRECTION('',(0.,-1.,0.));
#11722=DIRECTION('',(-1.,0.,0.));
#11723=DIRECTION('',(0.,0.,1.));
#11724=DIRECTION('',(-1.,0.,0.));
#11725=DIRECTION('',(0.,-1.,0.));
#11726=DIRECTION('',(-1.,0.,0.));
#11727=DIRECTION('',(0.,0.,-1.));
#11728=DIRECTION('',(-1.,0.,0.));
#11729=DIRECTION('',(0.,0.,-1.));
#11730=DIRECTION('',(0.,-1.,0.));
#11731=DIRECTION('',(0.,0.,-1.));
#11732=DIRECTION('',(1.,0.,0.));
#11733=DIRECTION('',(0.,0.,-1.));
#11734=DIRECTION('',(0.,0.,-1.));
#11735=DIRECTION('',(0.,-1.,0.));
#11736=DIRECTION('',(0.,0.,-1.));
#11737=DIRECTION('',(0.,-1.,0.));
#11738=DIRECTION('',(1.,0.,0.));
#11739=DIRECTION('',(0.,0.,-1.));
#11740=DIRECTION('',(-0.707106781186547,0.,-0.707106781186547));
#11741=DIRECTION('',(0.,-1.,0.));
#11742=DIRECTION('',(-0.707106781186547,0.,-0.707106781186547));
#11743=DIRECTION('',(0.707106781186548,0.,-0.707106781186548));
#11744=DIRECTION('',(-0.707106781186548,0.,-0.707106781186548));
#11745=DIRECTION('',(-1.,0.,0.));
#11746=DIRECTION('',(0.,-1.,0.));
#11747=DIRECTION('',(-1.,0.,0.));
#11748=DIRECTION('',(0.,0.,-1.));
#11749=DIRECTION('',(-1.,0.,0.));
#11750=DIRECTION('',(-0.707106781186548,0.,0.707106781186547));
#11751=DIRECTION('',(0.,-1.,0.));
#11752=DIRECTION('',(-0.707106781186548,0.,0.707106781186547));
#11753=DIRECTION('',(-0.707106781186547,0.,-0.707106781186548));
#11754=DIRECTION('',(-0.707106781186548,0.,0.707106781186547));
#11755=DIRECTION('',(-2.92163953848725E-16,0.,1.));
#11756=DIRECTION('',(0.,-1.,0.));
#11757=DIRECTION('',(-2.92163953848725E-16,0.,1.));
#11758=DIRECTION('',(-1.,0.,-2.92163953848725E-16));
#11759=DIRECTION('',(-3.05311331771918E-16,0.,1.));
#11760=DIRECTION('',(1.,0.,1.22464679914735E-16));
#11761=DIRECTION('',(1.,0.,1.22464679914735E-16));
#11762=DIRECTION('',(-1.22464679914735E-16,0.,1.));
#11763=DIRECTION('',(1.,0.,1.22464679914735E-16));
#11764=DIRECTION('',(1.,0.,0.));
#11765=DIRECTION('',(1.,0.,0.));
#11766=DIRECTION('',(0.,0.,1.));
#11767=DIRECTION('',(1.,0.,0.));
#11768=DIRECTION('',(0.,1.,0.));
#11769=DIRECTION('',(0.,0.,1.));
#11770=DIRECTION('',(0.,1.,0.));
#11771=DIRECTION('',(0.,0.,1.));
#11772=DIRECTION('',(0.,0.,1.));
#11773=DIRECTION('',(0.,1.,0.));
#11774=DIRECTION('',(0.,0.,1.));
#11775=DIRECTION('',(0.,1.,0.));
#11776=DIRECTION('',(1.,0.,0.));
#11777=DIRECTION('',(0.,0.,-1.));
#11778=DIRECTION('',(0.,0.,-1.));
#11779=DIRECTION('',(0.,-1.,0.));
#11780=DIRECTION('',(0.,0.,1.));
#11781=DIRECTION('',(0.,-1.,0.));
#11782=DIRECTION('',(-1.,0.,0.));
#11783=DIRECTION('',(0.,0.,1.));
#11784=DIRECTION('',(-1.,0.,0.));
#11785=DIRECTION('',(-1.,0.,0.));
#11786=DIRECTION('',(0.,0.,-1.));
#11787=DIRECTION('',(-1.,0.,0.));
#11788=DIRECTION('',(-1.,-2.08166817117216E-16,0.));
#11789=DIRECTION('',(-1.,0.,0.));
#11790=DIRECTION('',(0.,0.,-1.));
#11791=DIRECTION('',(-1.,0.,0.));
#11792=DIRECTION('',(-2.08166817117216E-16,1.,0.));
#11793=DIRECTION('',(-1.,-1.94289029309402E-16,0.));
#11794=DIRECTION('',(0.,1.,0.));
#11795=DIRECTION('',(0.,0.,1.));
#11796=DIRECTION('',(0.,0.,1.));
#11797=DIRECTION('',(-1.,0.,0.));
#11798=DIRECTION('',(0.,0.,1.));
#11799=DIRECTION('',(-1.,0.,0.));
#11800=DIRECTION('',(0.,-1.,0.));
#11801=DIRECTION('',(0.,0.,-1.));
#11802=DIRECTION('',(0.,1.,1.38777878078145E-16));
#11803=DIRECTION('',(0.,1.,1.38777878078145E-16));
#11804=DIRECTION('',(-1.,0.,0.));
#11805=DIRECTION('',(0.,-1.38777878078145E-16,1.));
#11806=DIRECTION('',(0.,-1.,-1.11022302462516E-16));
#11807=DIRECTION('',(0.,2.92163953848725E-16,-1.));
#11808=DIRECTION('',(0.,2.92163953848725E-16,-1.));
#11809=DIRECTION('',(-1.,0.,0.));
#11810=DIRECTION('',(0.,1.,2.92163953848725E-16));
#11811=DIRECTION('',(0.,-3.05311331771918E-16,1.));
#11812=DIRECTION('',(0.,-1.,-1.22464679914735E-16));
#11813=DIRECTION('',(0.,-1.,-1.22464679914735E-16));
#11814=DIRECTION('',(0.,1.22464679914735E-16,-1.));
#11815=DIRECTION('',(0.,1.,1.22464679914735E-16));
#11816=DIRECTION('',(-1.,0.,0.));
#11817=DIRECTION('',(0.,0.,1.));
#11818=DIRECTION('',(-1.,0.,0.));
#11819=DIRECTION('',(0.,0.,1.));
#11820=DIRECTION('',(0.,1.,0.));
#11821=DIRECTION('',(0.,0.,1.));
#11822=DIRECTION('',(0.,1.,0.));
#11823=DIRECTION('',(0.,0.,1.));
#11824=DIRECTION('',(1.,0.,0.));
#11825=DIRECTION('',(0.,0.,-1.));
#11826=DIRECTION('',(-1.,0.,0.));
#11827=DIRECTION('',(-1.,0.,0.));
#11828=DIRECTION('',(0.,0.,1.));
#11829=DIRECTION('',(0.,1.,0.));
#11830=DIRECTION('',(0.,0.,1.));
#11831=DIRECTION('',(0.,-1.,0.));
#11832=DIRECTION('',(0.,-1.,0.));
#11833=DIRECTION('',(0.,0.,1.));
#11834=DIRECTION('',(-1.,0.,0.));
#11835=DIRECTION('',(0.,0.,1.));
#11836=DIRECTION('',(1.,0.,0.));
#11837=DIRECTION('',(1.,0.,0.));
#11838=DIRECTION('',(0.,-1.,0.));
#11839=DIRECTION('',(0.,0.,-1.));
#11840=DIRECTION('',(0.,0.,1.));
#11841=DIRECTION('',(1.,0.,0.));
#11842=DIRECTION('',(0.,0.,1.));
#11843=DIRECTION('',(1.,0.,0.));
#11844=DIRECTION('',(0.,-1.,0.));
#11845=DIRECTION('',(1.,0.,0.));
#11846=DIRECTION('',(0.,1.,0.));
#11847=DIRECTION('',(1.,0.,0.));
#11848=DIRECTION('',(0.,0.,-1.));
#11849=DIRECTION('',(-1.,0.,0.));
#11850=DIRECTION('',(1.,2.08166817117217E-16,0.));
#11851=DIRECTION('',(0.,-1.,0.));
#11852=DIRECTION('',(1.,0.,0.));
#11853=DIRECTION('',(0.,1.,0.));
#11854=DIRECTION('',(0.,0.,-1.));
#11855=DIRECTION('',(-1.,0.,0.));
#11856=DIRECTION('',(0.,0.,1.));
#11857=DIRECTION('',(0.,0.,1.));
#11858=DIRECTION('',(-1.,0.,0.));
#11859=DIRECTION('',(0.,0.,1.));
#11860=DIRECTION('',(0.,0.,-1.));
#11861=DIRECTION('',(0.,0.,1.));
#11862=DIRECTION('',(1.,0.,0.));
#11863=DIRECTION('',(0.,0.,-1.));
#11864=DIRECTION('',(0.,-1.,0.));
#11865=DIRECTION('',(0.,0.,-1.));
#11866=DIRECTION('',(2.08166817117217E-16,-1.,0.));
#11867=DIRECTION('',(1.,1.94289029309402E-16,0.));
#11868=DIRECTION('',(0.,0.,-1.));
#11869=DIRECTION('',(1.,0.,0.));
#11870=DIRECTION('',(0.,0.,1.));
#11871=DIRECTION('',(1.,0.,0.));
#11872=DIRECTION('',(0.,1.,0.));
#11873=DIRECTION('',(0.,0.,1.));
#11874=DIRECTION('',(0.,1.,0.));
#11875=DIRECTION('',(0.,0.,-1.));
#11876=DIRECTION('',(0.,1.,0.));
#11877=DIRECTION('',(1.,0.,0.));
#11878=DIRECTION('',(0.,0.,-1.));
#11879=DIRECTION('',(2.77555756156289E-16,1.,0.));
#11880=DIRECTION('',(2.77555756156289E-16,1.,0.));
#11881=DIRECTION('',(0.,0.,1.));
#11882=DIRECTION('',(1.,-2.77555756156289E-16,0.));
#11883=DIRECTION('',(2.77555756156289E-16,1.,0.));
#11884=DIRECTION('',(-1.,0.,0.));
#11885=DIRECTION('',(0.,0.,-1.));
#11886=DIRECTION('',(-1.,0.,0.));
#11887=DIRECTION('',(-1.,0.,0.));
#11888=DIRECTION('',(0.,0.,-1.));
#11889=DIRECTION('',(-1.,0.,0.));
#11890=DIRECTION('',(0.,-1.,0.));
#11891=DIRECTION('',(0.,0.,-1.));
#11892=DIRECTION('',(1.,0.,0.));
#11893=DIRECTION('',(0.,0.,-1.));
#11894=DIRECTION('',(1.,0.,0.));
#11895=DIRECTION('',(0.,0.,-1.));
#11896=DIRECTION('',(0.,1.,0.));
#11897=DIRECTION('',(0.,0.,1.));
#11898=DIRECTION('',(6.93889390390723E-16,-1.,0.));
#11899=DIRECTION('',(0.,0.,1.));
#11900=DIRECTION('',(6.93889390390723E-16,-1.,0.));
#11901=DIRECTION('',(-1.,-6.93889390390723E-16,0.));
#11902=DIRECTION('',(6.93889390390723E-16,-1.,0.));
#11903=DIRECTION('',(0.,-1.,0.));
#11904=DIRECTION('',(0.,0.,1.));
#11905=DIRECTION('',(0.,-1.,0.));
#11906=DIRECTION('',(-1.,0.,0.));
#11907=DIRECTION('',(0.,0.,1.));
#11908=DIRECTION('',(-1.,0.,0.));
#11909=DIRECTION('',(0.,0.,-1.));
#11910=DIRECTION('',(-1.,0.,0.));
#11911=DIRECTION('',(-1.,0.,0.));
#11912=DIRECTION('',(0.,0.,-1.));
#11913=DIRECTION('',(-1.,0.,0.));
#11914=DIRECTION('',(0.,-1.,0.));
#11915=DIRECTION('',(0.,0.,-1.));
#11916=DIRECTION('',(0.,-1.,0.));
#11917=DIRECTION('',(0.,0.,-1.));
#11918=DIRECTION('',(0.,-1.,0.));
#11919=DIRECTION('',(0.,0.,-1.));
#11920=DIRECTION('',(1.,0.,0.));
#11921=DIRECTION('',(0.,0.,-1.));
#11922=DIRECTION('',(0.,0.,1.));
#11923=DIRECTION('',(-1.,0.,0.));
#11924=DIRECTION('',(0.,0.,-1.));
#11925=DIRECTION('',(0.,0.,1.));
#11926=DIRECTION('',(-1.,0.,0.));
#11927=DIRECTION('',(0.,0.,-1.));
#11928=DIRECTION('',(-1.,0.,0.));
#11929=DIRECTION('',(1.,0.,0.));
#11930=DIRECTION('',(0.,0.,-1.));
#11931=DIRECTION('',(1.,0.,0.));
#11932=DIRECTION('',(0.,1.,0.));
#11933=DIRECTION('',(0.,0.,1.));
#11934=DIRECTION('',(0.,0.,1.));
#11935=DIRECTION('',(1.,0.,0.));
#11936=DIRECTION('',(0.,0.,-1.));
#11937=DIRECTION('',(0.,0.,1.));
#11938=DIRECTION('',(1.,0.,0.));
#11939=DIRECTION('',(0.,0.,-1.));
#11940=DIRECTION('',(-1.,0.,0.));
#11941=DIRECTION('',(0.,1.,0.));
#11942=DIRECTION('',(0.,0.,-1.));
#11943=DIRECTION('',(0.,1.,0.));
#11944=DIRECTION('',(-1.,0.,0.));
#11945=DIRECTION('',(0.,0.,1.));
#11946=DIRECTION('',(0.,0.,1.));
#11947=DIRECTION('',(1.,0.,0.));
#11948=DIRECTION('',(0.,0.,-1.));
#11949=DIRECTION('',(0.,0.,1.));
#11950=DIRECTION('',(1.,0.,0.));
#11951=DIRECTION('',(0.,0.,-1.));
#11952=DIRECTION('',(-1.,0.,0.));
#11953=DIRECTION('',(-1.,0.,0.));
#11954=DIRECTION('',(0.,0.,-1.));
#11955=DIRECTION('',(-1.,0.,0.));
#11956=DIRECTION('',(0.,-1.,0.));
#11957=DIRECTION('',(0.,0.,-1.));
#11958=DIRECTION('',(0.,0.,1.));
#11959=DIRECTION('',(-1.,1.2390881971263E-16,0.));
#11960=DIRECTION('',(0.,0.,1.));
#11961=DIRECTION('',(-1.,1.2390881971263E-16,0.));
#11962=DIRECTION('',(0.,0.,-1.));
#11963=DIRECTION('',(-1.,0.,0.));
#11964=DIRECTION('',(0.,0.,1.));
#11965=DIRECTION('',(1.,0.,0.));
#11966=DIRECTION('',(0.,0.,1.));
#11967=DIRECTION('',(1.,0.,0.));
#11968=DIRECTION('',(1.33226762955019E-15,1.,0.));
#11969=DIRECTION('',(-1.,1.38777878078145E-15,0.));
#11970=DIRECTION('',(-1.,1.83758917935762E-15,0.));
#11971=DIRECTION('',(0.,-1.,0.));
#11972=DIRECTION('',(0.,0.,1.));
#11973=DIRECTION('',(1.,0.,0.));
#11974=DIRECTION('',(1.33226762955019E-15,1.,0.));
#11975=DIRECTION('',(-1.,0.,0.));
#11976=DIRECTION('',(0.,1.,0.));
#11977=DIRECTION('',(0.,0.,1.));
#11978=DIRECTION('',(1.,-8.26946079742758E-16,0.));
#11979=DIRECTION('',(0.,1.,0.));
#11980=DIRECTION('',(0.,0.,1.));
#11981=DIRECTION('',(1.,0.,0.));
#11982=DIRECTION('',(1.,-8.26946079742758E-16,0.));
#11983=DIRECTION('',(1.38777878078145E-15,1.,0.));
#11984=DIRECTION('',(1.,0.,0.));
#11985=DIRECTION('',(0.,0.,-1.));
#11986=DIRECTION('',(1.33226762955019E-15,1.,0.));
#11987=DIRECTION('',(-1.,0.,0.));
#11988=DIRECTION('',(0.,0.,-1.));
#11989=DIRECTION('',(-1.,0.,0.));
#11990=DIRECTION('',(1.33226762955019E-15,1.,0.));
#11991=DIRECTION('',(-1.,0.,0.));
#11992=DIRECTION('',(3.91843420455938E-17,1.,0.));
#11993=DIRECTION('',(-1.,0.,0.));
#11994=DIRECTION('',(1.,-8.26946079742758E-16,0.));
#11995=DIRECTION('',(8.67361737988404E-16,1.,0.));
#11996=DIRECTION('',(0.,0.,1.));
#11997=DIRECTION('',(1.,0.,0.));
#11998=DIRECTION('',(1.,-8.26946079742758E-16,0.));
#11999=DIRECTION('',(8.67361737988404E-16,1.,0.));
#12000=DIRECTION('',(1.,0.,0.));
#12001=DIRECTION('',(0.,0.,-1.));
#12002=DIRECTION('',(-3.21624529935327E-16,-1.,0.));
#12003=DIRECTION('',(1.,0.,0.));
#12004=DIRECTION('',(0.,0.,1.));
#12005=DIRECTION('',(1.,0.,0.));
#12006=DIRECTION('',(-3.21624529935327E-16,-1.,0.));
#12007=DIRECTION('',(1.,0.,0.));
#12008=DIRECTION('',(3.00413289016219E-16,-1.,0.));
#12009=DIRECTION('',(1.,0.,0.));
#12010=DIRECTION('',(1.,-8.26946079742758E-16,0.));
#12011=DIRECTION('',(1.38777878078145E-15,1.,0.));
#12012=DIRECTION('',(0.,0.,-1.));
#12013=DIRECTION('',(-1.,0.,0.));
#12014=DIRECTION('',(1.,-8.26946079742758E-16,0.));
#12015=DIRECTION('',(0.,1.,0.));
#12016=DIRECTION('',(1.,2.25569122463524E-16,0.));
#12017=DIRECTION('',(0.,1.,0.));
#12018=DIRECTION('',(-3.21624529935327E-16,-1.,0.));
#12019=DIRECTION('',(1.,0.,0.));
#12020=DIRECTION('',(0.,0.,1.));
#12021=DIRECTION('',(1.,0.,0.));
#12022=DIRECTION('',(-3.21624529935327E-16,-1.,0.));
#12023=DIRECTION('',(1.,-3.46944695195361E-16,0.));
#12024=DIRECTION('',(3.05609778821549E-16,-1.,0.));
#12025=DIRECTION('',(1.,3.46944695195361E-16,0.));
#12026=DIRECTION('',(-1.,1.83758917935762E-15,0.));
#12027=DIRECTION('',(0.,-1.,0.));
#12028=DIRECTION('',(0.,0.,-1.));
#12029=DIRECTION('',(-1.,0.,0.));
#12030=DIRECTION('',(1.,1.22464679914735E-16,0.));
#12031=DIRECTION('',(0.,1.,0.));
#12032=DIRECTION('',(0.,-1.,0.));
#12033=DIRECTION('',(0.,0.,1.));
#12034=DIRECTION('',(-1.,0.,0.));
#12035=DIRECTION('',(0.,-1.,0.));
#12036=DIRECTION('',(0.,0.,1.));
#12037=DIRECTION('',(0.,0.,-1.));
#12038=DIRECTION('',(0.,-1.,0.));
#12039=DIRECTION('',(0.,0.,1.));
#12040=DIRECTION('',(1.,0.,0.));
#12041=DIRECTION('',(0.,-1.,0.));
#12042=DIRECTION('',(0.,0.,1.));
#12043=DIRECTION('',(0.,0.,1.));
#12044=DIRECTION('',(0.,1.,0.));
#12045=DIRECTION('',(0.,0.,1.));
#12046=DIRECTION('',(0.,1.,0.));
#12047=DIRECTION('',(1.,0.,0.));
#12048=DIRECTION('',(0.,-1.,0.));
#12049=DIRECTION('',(-1.,0.,0.));
#12050=DIRECTION('',(0.,0.,1.));
#12051=DIRECTION('',(1.,0.,0.));
#12052=DIRECTION('',(0.,1.,0.));
#12053=DIRECTION('',(0.,0.,1.));
#12054=DIRECTION('',(1.,0.,0.));
#12055=DIRECTION('',(0.,1.,0.));
#12056=DIRECTION('',(0.,0.,1.));
#12057=DIRECTION('',(0.,0.,-1.));
#12058=DIRECTION('',(0.,1.,0.));
#12059=DIRECTION('',(0.,0.,1.));
#12060=DIRECTION('',(-1.,0.,0.));
#12061=DIRECTION('',(0.,1.,0.));
#12062=DIRECTION('',(0.,0.,1.));
#12063=DIRECTION('',(0.,0.,1.));
#12064=DIRECTION('',(0.,1.,0.));
#12065=DIRECTION('',(0.,0.,1.));
#12066=DIRECTION('',(0.,1.,0.));
#12067=DIRECTION('',(0.,0.,1.));
#12068=DIRECTION('',(0.,-1.,0.));
#12069=DIRECTION('',(0.,0.,-1.));
#12070=DIRECTION('',(-1.,0.,0.));
#12071=DIRECTION('',(0.,0.,1.));
#12072=DIRECTION('',(0.,1.,0.));
#12073=DIRECTION('',(0.,0.,-1.));
#12074=DIRECTION('',(0.,-1.,0.));
#12075=DIRECTION('',(0.,0.,1.));
#12076=DIRECTION('',(1.,0.,0.));
#12077=DIRECTION('',(0.,0.,-1.));
#12078=DIRECTION('',(0.,1.,0.));
#12079=DIRECTION('',(-1.,0.,0.));
#12080=DIRECTION('',(0.,-1.,0.));
#12081=DIRECTION('',(1.,0.,0.));
#12082=DIRECTION('',(0.,0.,-1.));
#12083=DIRECTION('',(-1.,0.,0.));
#12084=DIRECTION('',(0.,-1.,0.));
#12085=DIRECTION('',(0.,0.,1.));
#12086=DIRECTION('',(0.,1.,0.));
#12087=DIRECTION('',(0.,0.,1.));
#12088=DIRECTION('',(0.,1.,0.));
#12089=DIRECTION('',(0.,0.,1.));
#12090=DIRECTION('',(0.,-1.,0.));
#12091=DIRECTION('',(0.,0.,1.));
#12092=DIRECTION('',(0.,1.,0.));
#12093=DIRECTION('',(0.,0.,1.));
#12094=DIRECTION('',(0.,1.,0.));
#12095=DIRECTION('',(0.,0.,1.));
#12096=DIRECTION('',(0.,-1.,0.));
#12097=DIRECTION('',(0.,0.,1.));
#12098=DIRECTION('',(0.,1.,0.));
#12099=DIRECTION('',(0.,0.,1.));
#12100=DIRECTION('',(0.,1.,0.));
#12101=DIRECTION('',(0.,0.,1.));
#12102=DIRECTION('',(0.,-1.,0.));
#12103=DIRECTION('',(0.,0.,1.));
#12104=DIRECTION('',(0.,1.,0.));
#12105=DIRECTION('',(0.,0.,1.));
#12106=DIRECTION('',(0.,1.,0.));
#12107=DIRECTION('',(0.,0.,1.));
#12108=DIRECTION('',(0.,0.707106781186542,0.707106781186553));
#12109=DIRECTION('',(0.,-0.707106781186542,-0.707106781186553));
#12110=DIRECTION('',(0.,0.707106781186553,-0.707106781186542));
#12111=DIRECTION('',(1.,0.,0.));
#12112=DIRECTION('',(-0.707106781186555,-0.70710678118654,0.));
#12113=DIRECTION('',(0.,-1.,0.));
#12114=DIRECTION('',(0.,0.,-1.));
#12115=DIRECTION('',(-0.707106781186555,0.70710678118654,0.));
#12116=DIRECTION('',(0.,-1.,0.));
#12117=DIRECTION('',(0.,0.,-1.));
#12118=DIRECTION('',(-0.707106781186554,-0.707106781186541,0.));
#12119=DIRECTION('',(-0.707106781186541,0.707106781186554,0.));
#12120=DIRECTION('',(0.,0.,-1.));
#12121=DIRECTION('',(-0.707106781186554,0.707106781186541,0.));
#12122=DIRECTION('',(0.707106781186541,0.707106781186554,0.));
#12123=DIRECTION('',(0.,0.,1.));
#12124=DIRECTION('',(0.,-0.70710678118654,0.707106781186555));
#12125=DIRECTION('',(0.,-1.,0.));
#12126=DIRECTION('',(0.,0.,-1.));
#12127=DIRECTION('',(0.,0.70710678118654,-0.707106781186555));
#12128=DIRECTION('',(0.,-1.,0.));
#12129=DIRECTION('',(0.,0.,-1.));
#12130=DIRECTION('',(0.,0.707106781186553,0.707106781186542));
#12131=DIRECTION('',(-1.,0.,0.));
#12132=DIRECTION('',(0.,-0.707106781186548,0.707106781186547));
#12133=DIRECTION('',(0.,0.707106781186548,-0.707106781186547));
#12134=DIRECTION('',(0.,0.707106781186547,0.707106781186548));
#12135=DIRECTION('',(1.,0.,0.));
#12136=DIRECTION('',(0.707106781186555,0.70710678118654,0.));
#12137=DIRECTION('',(0.,1.,0.));
#12138=DIRECTION('',(0.,0.,1.));
#12139=DIRECTION('',(0.707106781186555,-0.707106781186539,0.));
#12140=DIRECTION('',(0.,1.,0.));
#12141=DIRECTION('',(0.,0.,1.));
#12142=DIRECTION('',(0.707106781186548,0.707106781186547,0.));
#12143=DIRECTION('',(-0.707106781186547,0.707106781186548,0.));
#12144=DIRECTION('',(0.,0.,1.));
#12145=DIRECTION('',(0.707106781186548,-0.707106781186547,0.));
#12146=DIRECTION('',(0.707106781186547,0.707106781186548,0.));
#12147=DIRECTION('',(0.,0.,-1.));
#12148=DIRECTION('',(0.,0.70710678118654,0.707106781186555));
#12149=DIRECTION('',(0.,1.,0.));
#12150=DIRECTION('',(0.,0.,1.));
#12151=DIRECTION('',(0.,-0.707106781186539,-0.707106781186555));
#12152=DIRECTION('',(0.,1.,0.));
#12153=DIRECTION('',(0.,0.,1.));
#12154=DIRECTION('',(0.,0.707106781186547,-0.707106781186548));
#12155=DIRECTION('',(-1.,0.,0.));
#12156=DIRECTION('',(-1.,0.,0.));
#12157=DIRECTION('',(0.,-1.,0.));
#12158=DIRECTION('',(-1.,0.,0.));
#12159=DIRECTION('',(0.,-1.,0.));
#12160=DIRECTION('',(0.,0.,1.));
#12161=DIRECTION('',(1.,0.,0.));
#12162=DIRECTION('',(2.31296463463575E-16,0.,-1.));
#12163=DIRECTION('',(2.31296463463575E-16,0.,-1.));
#12164=DIRECTION('',(0.,-1.,0.));
#12165=DIRECTION('',(-1.,0.,-2.31296463463575E-16));
#12166=DIRECTION('',(-2.35922392732846E-16,0.,1.));
#12167=DIRECTION('',(-1.,0.,0.));
#12168=DIRECTION('',(-1.,0.,0.));
#12169=DIRECTION('',(0.,-1.,0.));
#12170=DIRECTION('',(0.,0.,-1.));
#12171=DIRECTION('',(-1.,0.,0.));
#12172=DIRECTION('',(2.08166817117217E-15,0.,1.));
#12173=DIRECTION('',(2.08166817117217E-15,0.,1.));
#12174=DIRECTION('',(0.,-1.,0.));
#12175=DIRECTION('',(1.,0.,-2.08166817117217E-15));
#12176=DIRECTION('',(-2.08166817117217E-15,0.,-1.));
#12177=DIRECTION('',(1.,0.,0.));
#12178=DIRECTION('',(1.,0.,0.));
#12179=DIRECTION('',(0.,-1.,0.));
#12180=DIRECTION('',(0.,0.,-1.));
#12181=DIRECTION('',(-1.,0.,0.));
#12182=DIRECTION('',(2.08166817117217E-15,0.,-1.));
#12183=DIRECTION('',(2.08166817117217E-15,0.,-1.));
#12184=DIRECTION('',(0.,-1.,0.));
#12185=DIRECTION('',(-1.,0.,-2.08166817117217E-15));
#12186=DIRECTION('',(-2.08166817117217E-15,0.,1.));
#12187=DIRECTION('',(-1.,0.,0.));
#12188=DIRECTION('',(-1.,0.,0.));
#12189=DIRECTION('',(0.,-1.,0.));
#12190=DIRECTION('',(0.,0.,-1.));
#12191=DIRECTION('',(-1.,0.,0.));
#12192=DIRECTION('',(-2.31296463463575E-16,0.,1.));
#12193=DIRECTION('',(-2.31296463463575E-16,0.,1.));
#12194=DIRECTION('',(1.,0.,2.31296463463575E-16));
#12195=DIRECTION('',(2.35922392732846E-16,0.,-1.));
#12196=DIRECTION('',(0.,-1.,0.));
#12197=DIRECTION('',(0.,0.,-1.));
#12198=DIRECTION('',(0.,-1.,0.));
#12199=DIRECTION('',(0.,0.,-1.));
#12200=DIRECTION('',(0.,1.,0.));
#12201=DIRECTION('',(0.,0.,-1.));
#12202=DIRECTION('',(0.,1.,0.));
#12203=DIRECTION('',(0.,0.,-1.));
#12204=DIRECTION('',(-1.,0.,0.));
#12205=DIRECTION('',(0.,0.,1.));
#12206=DIRECTION('',(1.,0.,0.));
#12207=DIRECTION('',(1.,0.,0.));
#12208=DIRECTION('',(0.,0.,-1.));
#12209=DIRECTION('',(0.,1.,0.));
#12210=DIRECTION('',(0.,0.,1.));
#12211=DIRECTION('',(5.66440318686304E-17,-1.,0.));
#12212=DIRECTION('',(5.66440318686304E-17,-1.,0.));
#12213=DIRECTION('',(0.,0.,-1.));
#12214=DIRECTION('',(1.,5.66440318686304E-17,0.));
#12215=DIRECTION('',(-5.55111512312578E-17,1.,0.));
#12216=DIRECTION('',(-1.,0.,0.));
#12217=DIRECTION('',(-1.,0.,0.));
#12218=DIRECTION('',(0.,-1.,0.));
#12219=DIRECTION('',(0.,0.,-1.));
#12220=DIRECTION('',(0.,0.,-1.));
#12221=DIRECTION('',(-1.,0.,0.));
#12222=DIRECTION('',(0.,0.,-1.));
#12223=DIRECTION('',(-1.,0.,0.));
#12224=DIRECTION('',(0.,1.,0.));
#12225=DIRECTION('',(0.,0.,1.));
#12226=DIRECTION('',(0.,1.,0.));
#12227=DIRECTION('',(0.,0.,1.));
#12228=DIRECTION('',(1.,0.,0.));
#12229=DIRECTION('',(0.,0.,-1.));
#12230=DIRECTION('',(-1.,-1.2335811384724E-16,0.));
#12231=DIRECTION('',(0.,0.,1.));
#12232=DIRECTION('',(-1.,-1.2335811384724E-16,0.));
#12233=DIRECTION('',(-1.2335811384724E-16,1.,0.));
#12234=DIRECTION('',(-1.,-1.11022302462516E-16,0.));
#12235=DIRECTION('',(0.,-1.,0.));
#12236=DIRECTION('',(0.,0.,1.));
#12237=DIRECTION('',(0.,-1.,0.));
#12238=DIRECTION('',(-1.,0.,0.));
#12239=DIRECTION('',(0.,0.,1.));
#12240=DIRECTION('',(0.,1.,0.));
#12241=DIRECTION('',(0.,0.,1.));
#12242=DIRECTION('',(0.,1.,0.));
#12243=DIRECTION('',(0.,0.,1.));
#12244=DIRECTION('',(1.,0.,0.));
#12245=DIRECTION('',(0.,0.,-1.));
#12246=DIRECTION('',(1.,-2.26576127474522E-16,0.));
#12247=DIRECTION('',(0.,0.,1.));
#12248=DIRECTION('',(1.,-2.26576127474522E-16,0.));
#12249=DIRECTION('',(-2.26576127474522E-16,-1.,0.));
#12250=DIRECTION('',(1.,-2.22044604925031E-16,0.));
#12251=DIRECTION('',(5.66440318686304E-17,-1.,0.));
#12252=DIRECTION('',(0.,0.,1.));
#12253=DIRECTION('',(5.66440318686304E-17,-1.,0.));
#12254=DIRECTION('',(-1.,-5.66440318686304E-17,0.));
#12255=DIRECTION('',(5.55111512312578E-17,-1.,0.));
#12256=DIRECTION('',(-1.,1.13288063737261E-16,0.));
#12257=DIRECTION('',(-1.,1.13288063737261E-16,0.));
#12258=DIRECTION('',(1.13288063737261E-16,1.,0.));
#12259=DIRECTION('',(-1.,1.11022302462516E-16,0.));
#12260=DIRECTION('',(1.,0.,0.));
#12261=DIRECTION('',(1.,0.,0.));
#12262=DIRECTION('',(0.,-1.,0.));
#12263=DIRECTION('',(0.,0.,-1.));
#12264=DIRECTION('',(0.,0.,-1.));
#12265=DIRECTION('',(-1.,0.,0.));
#12266=DIRECTION('',(0.,0.,-1.));
#12267=DIRECTION('',(-1.,0.,0.));
#12268=DIRECTION('',(-1.,0.,0.));
#12269=DIRECTION('',(0.,1.,0.));
#12270=DIRECTION('',(-1.,0.,0.));
#12271=DIRECTION('',(0.,1.,0.));
#12272=DIRECTION('',(0.,0.,1.));
#12273=DIRECTION('',(1.,0.,0.));
#12274=DIRECTION('',(-2.31296463463575E-16,0.,1.));
#12275=DIRECTION('',(-2.31296463463575E-16,0.,1.));
#12276=DIRECTION('',(0.,1.,0.));
#12277=DIRECTION('',(1.,0.,2.31296463463575E-16));
#12278=DIRECTION('',(2.35922392732846E-16,0.,-1.));
#12279=DIRECTION('',(-1.,0.,0.));
#12280=DIRECTION('',(-1.,0.,0.));
#12281=DIRECTION('',(0.,1.,0.));
#12282=DIRECTION('',(0.,0.,-1.));
#12283=DIRECTION('',(-1.,0.,0.));
#12284=DIRECTION('',(2.08166817117217E-15,0.,-1.));
#12285=DIRECTION('',(2.08166817117217E-15,0.,-1.));
#12286=DIRECTION('',(0.,1.,0.));
#12287=DIRECTION('',(-1.,0.,-2.08166817117217E-15));
#12288=DIRECTION('',(-2.08166817117217E-15,0.,1.));
#12289=DIRECTION('',(1.,0.,0.));
#12290=DIRECTION('',(1.,0.,0.));
#12291=DIRECTION('',(0.,1.,0.));
#12292=DIRECTION('',(0.,0.,-1.));
#12293=DIRECTION('',(-1.,0.,0.));
#12294=DIRECTION('',(2.08166817117217E-15,0.,1.));
#12295=DIRECTION('',(2.08166817117217E-15,0.,1.));
#12296=DIRECTION('',(0.,1.,0.));
#12297=DIRECTION('',(1.,0.,-2.08166817117217E-15));
#12298=DIRECTION('',(-2.08166817117217E-15,0.,-1.));
#12299=DIRECTION('',(-1.,0.,0.));
#12300=DIRECTION('',(-1.,0.,0.));
#12301=DIRECTION('',(0.,1.,0.));
#12302=DIRECTION('',(0.,0.,-1.));
#12303=DIRECTION('',(-1.,0.,0.));
#12304=DIRECTION('',(2.31296463463575E-16,0.,-1.));
#12305=DIRECTION('',(2.31296463463575E-16,0.,-1.));
#12306=DIRECTION('',(-1.,0.,-2.31296463463575E-16));
#12307=DIRECTION('',(-2.35922392732846E-16,0.,1.));
#12308=DIRECTION('',(0.,1.,0.));
#12309=DIRECTION('',(0.,0.,1.));
#12310=DIRECTION('',(0.,1.,0.));
#12311=DIRECTION('',(0.,0.,1.));
#12312=DIRECTION('',(0.,0.,-1.));
#12313=DIRECTION('',(-1.,0.,0.));
#12314=DIRECTION('',(0.,0.,-1.));
#12315=DIRECTION('',(-1.,0.,0.));
#12316=DIRECTION('',(0.,0.,-1.));
#12317=DIRECTION('',(-1.,0.,0.));
#12318=DIRECTION('',(0.,0.,1.));
#12319=DIRECTION('',(1.,0.,0.));
#12320=DIRECTION('',(0.,0.,-1.));
#12321=DIRECTION('',(-1.,0.,0.));
#12322=DIRECTION('',(0.,1.,0.));
#12323=DIRECTION('',(0.,0.,1.));
#12324=DIRECTION('',(-1.17145536458252E-15,-1.,1.39349996950756E-15));
#12325=DIRECTION('',(0.,0.,1.));
#12326=DIRECTION('',(-2.22438465518628E-30,-1.89882151931499E-15,-1.));
#12327=DIRECTION('',(-1.17145536458253E-15,-1.,0.));
#12328=DIRECTION('',(1.,-1.17145536458252E-15,0.));
#12329=DIRECTION('',(0.,0.,-1.));
#12330=DIRECTION('',(-1.17145536458252E-15,-1.,0.));
#12331=DIRECTION('',(0.,0.,1.));
#12332=DIRECTION('',(-2.22438465518628E-30,-1.89882151931499E-15,-1.));
#12333=DIRECTION('',(-1.17145536458253E-15,-1.,0.));
#12334=DIRECTION('',(0.,0.,1.));
#12335=DIRECTION('',(1.17145536458253E-15,1.,0.));
#12336=DIRECTION('',(1.17145536458252E-15,1.,-3.82856869892695E-16));
#12337=DIRECTION('',(0.,0.,-1.));
#12338=DIRECTION('',(-1.,1.17145536458252E-15,0.));
#12339=DIRECTION('',(0.,0.,1.));
#12340=DIRECTION('',(1.17145536458252E-15,1.,0.));
#12341=DIRECTION('',(0.,0.,-1.));
#12342=DIRECTION('',(8.88178419700125E-16,0.,1.));
#12343=DIRECTION('',(1.,0.,0.));
#12344=DIRECTION('',(-1.,0.,1.39349996950756E-15));
#12345=DIRECTION('',(0.,0.,1.));
#12346=DIRECTION('',(0.,-1.,0.));
#12347=DIRECTION('',(0.,0.,-1.));
#12348=DIRECTION('',(-1.,0.,0.));
#12349=DIRECTION('',(0.,0.,1.));
#12350=DIRECTION('',(8.88178419700125E-16,0.,1.));
#12351=DIRECTION('',(1.,0.,0.));
#12352=DIRECTION('',(0.,0.,1.));
#12353=DIRECTION('',(1.,0.,0.));
#12354=DIRECTION('',(1.,0.,-3.82856869892695E-16));
#12355=DIRECTION('',(0.,0.,-1.));
#12356=DIRECTION('',(0.,-1.,0.));
#12357=DIRECTION('',(0.,0.,-1.));
#12358=DIRECTION('',(1.,0.,0.));
#12359=DIRECTION('',(0.,0.,-1.));
#12360=DIRECTION('',(1.04046137446414E-30,8.88178419700125E-16,1.));
#12361=DIRECTION('',(1.17145536458253E-15,1.,0.));
#12362=DIRECTION('',(-1.17145536458252E-15,-1.,1.39349996950756E-15));
#12363=DIRECTION('',(0.,0.,1.));
#12364=DIRECTION('',(1.,-1.17145536458252E-15,0.));
#12365=DIRECTION('',(0.,0.,-1.));
#12366=DIRECTION('',(-1.17145536458252E-15,-1.,0.));
#12367=DIRECTION('',(0.,0.,1.));
#12368=DIRECTION('',(1.04046137446414E-30,8.88178419700125E-16,1.));
#12369=DIRECTION('',(1.17145536458253E-15,1.,0.));
#12370=DIRECTION('',(0.,0.,1.));
#12371=DIRECTION('',(1.17145536458253E-15,1.,0.));
#12372=DIRECTION('',(1.17145536458252E-15,1.,-3.82856869892695E-16));
#12373=DIRECTION('',(0.,0.,-1.));
#12374=DIRECTION('',(1.,-1.17145536458252E-15,0.));
#12375=DIRECTION('',(0.,0.,-1.));
#12376=DIRECTION('',(1.17145536458252E-15,1.,0.));
#12377=DIRECTION('',(0.,0.,-1.));
#12378=DIRECTION('',(-1.,0.,1.39349996950756E-15));
#12379=DIRECTION('',(0.,0.,1.));
#12380=DIRECTION('',(-1.,0.,0.));
#12381=DIRECTION('',(0.,0.,1.));
#12382=DIRECTION('',(-1.89882151931499E-15,0.,-1.));
#12383=DIRECTION('',(-1.,0.,0.));
#12384=DIRECTION('',(0.,-1.,0.));
#12385=DIRECTION('',(0.,0.,-1.));
#12386=DIRECTION('',(1.,0.,-3.82856869892695E-16));
#12387=DIRECTION('',(0.,0.,-1.));
#12388=DIRECTION('',(1.,0.,0.));
#12389=DIRECTION('',(0.,0.,-1.));
#12390=DIRECTION('',(-1.89882151931499E-15,0.,-1.));
#12391=DIRECTION('',(-1.,0.,0.));
#12392=DIRECTION('',(0.,1.,0.));
#12393=DIRECTION('',(0.,0.,1.));
#12394=DIRECTION('',(0.,0.,1.));
#12395=DIRECTION('',(1.,0.,0.));
#12396=DIRECTION('',(0.,0.,-1.));
#12397=DIRECTION('',(-1.,0.,0.));
#12398=DIRECTION('',(0.,0.,-1.));
#12399=DIRECTION('',(-1.,0.,0.));
#12400=DIRECTION('',(0.,0.,-1.));
#12401=DIRECTION('',(-1.,0.,0.));
#12402=DIRECTION('',(0.,0.,-1.));
#12403=DIRECTION('',(-1.,0.,0.));
#12404=DIRECTION('',(0.,0.,-1.));
#12405=DIRECTION('',(-1.,0.,0.));
#12406=DIRECTION('',(0.,0.,-1.));
#12407=DIRECTION('',(-1.,0.,0.));
#12408=DIRECTION('',(-1.,0.,-6.1580370432542E-17));
#12409=DIRECTION('',(0.,1.,0.));
#12410=DIRECTION('',(6.1580370432542E-17,0.,-1.));
#12411=DIRECTION('',(-1.,0.,-6.1580370432542E-17));
#12412=DIRECTION('',(0.,1.,0.));
#12413=DIRECTION('',(-1.,0.,-6.1580370432542E-17));
#12414=DIRECTION('',(6.1580370432542E-17,0.,-1.));
#12415=DIRECTION('',(-1.,0.,-6.1580370432542E-17));
#12416=DIRECTION('',(-1.,0.,-6.1580370432542E-17));
#12417=DIRECTION('',(-6.1580370432542E-17,0.,1.));
#12418=DIRECTION('',(-1.,0.,-6.15803704325418E-17));
#12419=DIRECTION('',(-6.1580370432542E-17,0.,1.));
#12420=DIRECTION('',(-1.,0.,-6.1580370432542E-17));
#12421=DIRECTION('',(-6.1580370432542E-17,0.,1.));
#12422=DIRECTION('',(-1.,0.,-6.15803704325418E-17));
#12423=DIRECTION('',(-1.,0.,-6.1580370432542E-17));
#12424=DIRECTION('',(6.1580370432542E-17,0.,-1.));
#12425=DIRECTION('',(-1.,0.,-6.1580370432542E-17));
#12426=DIRECTION('',(1.,0.,4.90348502542777E-16));
#12427=DIRECTION('',(4.90348502542777E-16,0.,-1.));
#12428=DIRECTION('',(1.,0.,6.93889390390723E-16));
#12429=DIRECTION('',(4.90348502542777E-16,0.,-1.));
#12430=DIRECTION('',(1.,0.,5.78241158658936E-16));
#12431=DIRECTION('',(4.90348502542777E-16,0.,-1.));
#12432=DIRECTION('',(1.,0.,6.93889390390723E-16));
#12433=DIRECTION('',(1.,0.,4.90348502542777E-16));
#12434=DIRECTION('',(0.,1.,0.));
#12435=DIRECTION('',(-4.90348502542777E-16,0.,1.));
#12436=DIRECTION('',(1.,0.,4.8919202022546E-16));
#12437=DIRECTION('',(-4.59701721133853E-15,0.,-1.));
#12438=DIRECTION('',(-4.59701721133853E-15,0.,-1.));
#12439=DIRECTION('',(1.,0.,-4.59701721133853E-15));
#12440=DIRECTION('',(-4.59701721133854E-15,0.,-1.));
#12441=DIRECTION('',(0.,0.,1.));
#12442=DIRECTION('',(0.,1.,0.));
#12443=DIRECTION('',(0.,0.,1.));
#12444=DIRECTION('',(0.,0.,1.));
#12445=DIRECTION('',(0.,1.,0.));
#12446=DIRECTION('',(0.,0.,1.));
#12447=DIRECTION('',(0.,0.,-1.));
#12448=DIRECTION('',(0.,0.,1.));
#12449=DIRECTION('',(0.,0.,1.));
#12450=DIRECTION('',(1.,0.,0.));
#12451=DIRECTION('',(0.,0.,1.));
#12452=DIRECTION('',(1.,0.,0.));
#12453=DIRECTION('',(0.,0.,-1.));
#12454=DIRECTION('',(-1.,0.,0.));
#12455=DIRECTION('',(0.,0.,1.));
#12456=DIRECTION('',(1.,0.,0.));
#12457=DIRECTION('',(0.,0.,1.));
#12458=DIRECTION('',(1.,0.,0.));
#12459=DIRECTION('',(0.,0.,-1.));
#12460=DIRECTION('',(-1.,0.,0.));
#12461=DIRECTION('',(0.,0.,1.));
#12462=DIRECTION('',(1.,0.,0.));
#12463=DIRECTION('',(0.,0.,1.));
#12464=DIRECTION('',(1.,0.,0.));
#12465=DIRECTION('',(0.,0.,-1.));
#12466=DIRECTION('',(-1.,0.,0.));
#12467=DIRECTION('',(0.,0.,1.));
#12468=DIRECTION('',(1.,0.,0.));
#12469=DIRECTION('',(-2.77555756156291E-15,-1.,0.));
#12470=DIRECTION('',(-1.,-5.3776427755281E-16,0.));
#12471=DIRECTION('',(-2.77555756156291E-15,1.,0.));
#12472=DIRECTION('',(1.,5.50774703622636E-16,0.));
#12473=DIRECTION('',(0.,0.,-1.));
#12474=DIRECTION('',(-1.,0.,0.));
#12475=DIRECTION('',(-5.50774703622636E-16,1.,0.));
#12476=DIRECTION('',(0.999999999999999,5.20417042793042E-16,0.));
#12477=DIRECTION('',(-5.50774703622636E-16,1.,0.));
#12478=DIRECTION('',(0.999999999999999,5.20417042793042E-16,0.));
#12479=DIRECTION('',(-5.50774703622636E-16,1.,0.));
#12480=DIRECTION('',(0.999999999999999,5.20417042793042E-16,0.));
#12481=DIRECTION('',(-5.50774703622636E-16,1.,0.));
#12482=DIRECTION('',(0.999999999999999,5.20417042793042E-16,0.));
#12483=DIRECTION('',(0.,0.,1.));
#12484=DIRECTION('',(0.,0.,1.));
#12485=DIRECTION('',(1.,5.50774703622636E-16,0.));
#12486=DIRECTION('',(5.50774703622636E-16,-1.,0.));
#12487=DIRECTION('',(1.,5.50774703622636E-16,0.));
#12488=DIRECTION('',(-2.77555756156291E-15,-1.,0.));
#12489=DIRECTION('',(-2.77555756156291E-15,1.,0.));
#12490=DIRECTION('',(-1.,-5.3776427755281E-16,0.));
#12491=DIRECTION('',(0.,0.,-1.));
#12492=DIRECTION('',(-1.,0.,0.));
#12493=DIRECTION('',(0.,0.,1.));
#12494=DIRECTION('',(-1.,2.77555756156291E-15,0.));
#12495=DIRECTION('',(-2.77555756156289E-15,-1.,0.));
#12496=DIRECTION('',(0.,0.,1.));
#12497=DIRECTION('',(1.,2.77555756156291E-15,0.));
#12498=DIRECTION('',(-2.77555756156289E-15,1.,0.));
#12499=DIRECTION('',(5.3776427755281E-16,-1.,0.));
#12500=DIRECTION('',(-0.999999999999999,-6.93889390390723E-16,0.));
#12501=DIRECTION('',(5.3776427755281E-16,-1.,0.));
#12502=DIRECTION('',(-0.999999999999999,-6.93889390390723E-16,0.));
#12503=DIRECTION('',(5.3776427755281E-16,-1.,0.));
#12504=DIRECTION('',(-0.999999999999999,-6.93889390390723E-16,0.));
#12505=DIRECTION('',(5.3776427755281E-16,-1.,0.));
#12506=DIRECTION('',(-0.999999999999999,-6.93889390390723E-16,0.));
#12507=DIRECTION('',(-5.3776427755281E-16,1.,0.));
#12508=DIRECTION('',(-1.,-5.3776427755281E-16,0.));
#12509=DIRECTION('',(0.,1.,0.));
#12510=DIRECTION('',(0.,0.,1.));
#12511=DIRECTION('',(0.,1.,0.));
#12512=DIRECTION('',(0.,0.,1.));
#12513=DIRECTION('',(0.,1.,0.));
#12514=DIRECTION('',(0.,0.,1.));
#12515=DIRECTION('',(0.,1.,0.));
#12516=DIRECTION('',(0.,0.,1.));
#12517=DIRECTION('',(0.,0.,-1.));
#12518=DIRECTION('',(1.,0.,0.));
#12519=DIRECTION('',(0.,0.,-1.));
#12520=DIRECTION('',(1.,0.,0.));
#12521=DIRECTION('',(0.,1.,0.));
#12522=DIRECTION('',(0.,0.,1.));
#12523=DIRECTION('',(0.,-1.,0.));
#12524=DIRECTION('',(0.,0.,-1.));
#12525=DIRECTION('',(0.,-1.,0.));
#12526=DIRECTION('',(0.,0.,-1.));
#12527=DIRECTION('',(1.,0.,0.));
#12528=DIRECTION('',(0.,0.,-1.));
#12529=DIRECTION('',(1.44560289664734E-16,-1.,0.));
#12530=DIRECTION('',(-0.999999999999999,-1.73472347597681E-16,0.));
#12531=DIRECTION('',(1.44560289664734E-16,-1.,0.));
#12532=DIRECTION('',(-0.999999999999999,-1.73472347597681E-16,0.));
#12533=DIRECTION('',(1.,1.44560289664734E-16,0.));
#12534=DIRECTION('',(0.,0.,-1.));
#12535=DIRECTION('',(1.,1.44560289664734E-16,0.));
#12536=DIRECTION('',(-1.44560289664734E-16,1.,0.));
#12537=DIRECTION('',(-1.,-1.44849410244063E-16,0.));
#12538=DIRECTION('',(0.,0.,-1.));
#12539=DIRECTION('',(1.,0.,0.));
#12540=DIRECTION('',(0.,0.,-1.));
#12541=DIRECTION('',(0.,0.,-1.));
#12542=DIRECTION('',(1.,0.,0.));
#12543=DIRECTION('',(0.,0.,-1.));
#12544=DIRECTION('',(-1.,0.,0.));
#12545=DIRECTION('',(2.16840434497103E-15,-1.,0.));
#12546=DIRECTION('',(0.,0.,-1.));
#12547=DIRECTION('',(2.16840434497103E-15,-1.,0.));
#12548=DIRECTION('',(1.,2.16840434497103E-15,0.));
#12549=DIRECTION('',(-2.16840434497101E-15,1.,0.));
#12550=DIRECTION('',(0.,0.,1.));
#12551=DIRECTION('',(1.,0.,0.));
#12552=DIRECTION('',(0.,0.,1.));
#12553=DIRECTION('',(1.,0.,0.));
#12554=DIRECTION('',(0.,0.,-1.));
#12555=DIRECTION('',(-1.,0.,0.));
#12556=DIRECTION('',(1.,0.,0.));
#12557=DIRECTION('',(0.,0.,-1.));
#12558=DIRECTION('',(1.,0.,0.));
#12559=DIRECTION('',(0.,0.,-1.));
#12560=DIRECTION('',(0.,1.,0.));
#12561=DIRECTION('',(0.,0.,1.));
#12562=DIRECTION('',(0.,0.,1.));
#12563=DIRECTION('',(1.,0.,0.));
#12564=DIRECTION('',(0.,0.,-1.));
#12565=DIRECTION('',(0.,0.,1.));
#12566=DIRECTION('',(1.,0.,0.));
#12567=DIRECTION('',(0.,0.,-1.));
#12568=DIRECTION('',(-1.,0.,0.));
#12569=DIRECTION('',(2.16840434497103E-15,1.,0.));
#12570=DIRECTION('',(0.,0.,-1.));
#12571=DIRECTION('',(2.16840434497103E-15,1.,0.));
#12572=DIRECTION('',(-1.,2.16840434497103E-15,0.));
#12573=DIRECTION('',(-2.16840434497101E-15,-1.,0.));
#12574=DIRECTION('',(0.,0.,-1.));
#12575=DIRECTION('',(1.,0.,0.));
#12576=DIRECTION('',(0.,0.,-1.));
#12577=DIRECTION('',(0.,0.,-1.));
#12578=DIRECTION('',(1.,0.,0.));
#12579=DIRECTION('',(0.,0.,-1.));
#12580=DIRECTION('',(-1.,0.,0.));
#12581=DIRECTION('',(-1.44560289664734E-16,-1.,0.));
#12582=DIRECTION('',(-0.999999999999999,1.73472347597681E-16,0.));
#12583=DIRECTION('',(-1.44560289664734E-16,-1.,0.));
#12584=DIRECTION('',(-0.999999999999999,1.73472347597681E-16,0.));
#12585=DIRECTION('',(1.,-1.44560289664734E-16,0.));
#12586=DIRECTION('',(0.,0.,-1.));
#12587=DIRECTION('',(1.,-1.44560289664734E-16,0.));
#12588=DIRECTION('',(1.44560289664734E-16,1.,0.));
#12589=DIRECTION('',(-1.,1.44849410244063E-16,0.));
#12590=DIRECTION('',(0.,1.,0.));
#12591=DIRECTION('',(0.,0.,-1.));
#12592=DIRECTION('',(0.,1.,0.));
#12593=DIRECTION('',(-1.,0.,0.));
#12594=DIRECTION('',(0.,0.,1.));
#12595=DIRECTION('',(9.8097717165007E-16,1.,0.));
#12596=DIRECTION('',(0.999999999999999,-9.8097717165007E-16,0.));
#12597=DIRECTION('',(9.8097717165007E-16,1.,0.));
#12598=DIRECTION('',(0.999999999999999,-9.8097717165007E-16,0.));
#12599=DIRECTION('',(-1.,9.8097717165007E-16,0.));
#12600=DIRECTION('',(0.,0.,-1.));
#12601=DIRECTION('',(-1.,9.8097717165007E-16,0.));
#12602=DIRECTION('',(-9.8097717165007E-16,-1.,0.));
#12603=DIRECTION('',(1.,-9.8097717165007E-16,0.));
#12604=DIRECTION('',(0.,0.,1.));
#12605=DIRECTION('',(1.,0.,0.));
#12606=DIRECTION('',(0.,0.,-1.));
#12607=DIRECTION('',(0.,0.,1.));
#12608=DIRECTION('',(1.,0.,0.));
#12609=DIRECTION('',(0.,0.,-1.));
#12610=DIRECTION('',(-1.,0.,0.));
#12611=DIRECTION('',(4.33680868994205E-16,-1.,0.));
#12612=DIRECTION('',(0.,0.,-1.));
#12613=DIRECTION('',(4.33680868994205E-16,-1.,0.));
#12614=DIRECTION('',(1.,4.33680868994205E-16,0.));
#12615=DIRECTION('',(-4.33680868994202E-16,1.,0.));
#12616=DIRECTION('',(0.,0.,-1.));
#12617=DIRECTION('',(1.,0.,0.));
#12618=DIRECTION('',(0.,0.,-1.));
#12619=DIRECTION('',(0.,0.,-1.));
#12620=DIRECTION('',(1.,0.,0.));
#12621=DIRECTION('',(0.,0.,-1.));
#12622=DIRECTION('',(-1.,0.,0.));
#12623=DIRECTION('',(-1.,0.,0.));
#12624=DIRECTION('',(0.,0.,-1.));
#12625=DIRECTION('',(-1.,0.,0.));
#12626=DIRECTION('',(0.,-1.,0.));
#12627=DIRECTION('',(0.,0.,-1.));
#12628=DIRECTION('',(0.,0.,-1.));
#12629=DIRECTION('',(1.,0.,0.));
#12630=DIRECTION('',(0.,0.,-1.));
#12631=DIRECTION('',(0.,0.,-1.));
#12632=DIRECTION('',(1.,0.,0.));
#12633=DIRECTION('',(0.,0.,-1.));
#12634=DIRECTION('',(-1.,0.,0.));
#12635=DIRECTION('',(4.33680868994205E-16,1.,0.));
#12636=DIRECTION('',(0.,0.,-1.));
#12637=DIRECTION('',(4.33680868994205E-16,1.,0.));
#12638=DIRECTION('',(-1.,4.33680868994205E-16,0.));
#12639=DIRECTION('',(-4.33680868994202E-16,-1.,0.));
#12640=DIRECTION('',(0.,0.,1.));
#12641=DIRECTION('',(1.,0.,0.));
#12642=DIRECTION('',(0.,0.,-1.));
#12643=DIRECTION('',(0.,0.,1.));
#12644=DIRECTION('',(1.,0.,0.));
#12645=DIRECTION('',(0.,0.,-1.));
#12646=DIRECTION('',(-1.,0.,0.));
#12647=DIRECTION('',(-9.8097717165007E-16,1.,0.));
#12648=DIRECTION('',(0.999999999999999,9.8097717165007E-16,0.));
#12649=DIRECTION('',(-9.8097717165007E-16,1.,0.));
#12650=DIRECTION('',(0.999999999999999,9.8097717165007E-16,0.));
#12651=DIRECTION('',(-1.,-9.8097717165007E-16,0.));
#12652=DIRECTION('',(-1.,-9.8097717165007E-16,0.));
#12653=DIRECTION('',(9.8097717165007E-16,-1.,0.));
#12654=DIRECTION('',(1.,9.8097717165007E-16,0.));
#12655=DIRECTION('',(-5.13992141030165E-16,1.,0.));
#12656=DIRECTION('',(0.,0.,-1.));
#12657=DIRECTION('',(-1.,0.,0.));
#12658=DIRECTION('',(-5.13992141030165E-16,-1.,0.));
#12659=DIRECTION('',(0.,0.,-1.));
#12660=DIRECTION('',(-1.,0.,0.));
#12661=DIRECTION('',(0.,0.,-1.));
#12662=DIRECTION('',(-1.,0.,0.));
#12663=DIRECTION('',(-5.13992141030165E-16,-1.,0.));
#12664=DIRECTION('',(0.,0.,-1.));
#12665=DIRECTION('',(-1.,0.,0.));
#12666=DIRECTION('',(-5.13992141030165E-16,1.,0.));
#12667=DIRECTION('',(0.,0.,-1.));
#12668=DIRECTION('',(-1.,0.,0.));
#12669=DIRECTION('',(0.,0.,-1.));
#12670=DIRECTION('',(-1.,0.,0.));
#12671=DIRECTION('',(0.,1.,0.));
#12672=DIRECTION('',(0.,0.,1.));
#12673=DIRECTION('',(0.,1.,0.));
#12674=DIRECTION('',(0.,0.,1.));
#12675=DIRECTION('',(0.,1.,0.));
#12676=DIRECTION('',(0.,0.,1.));
#12677=DIRECTION('',(0.,1.,0.));
#12678=DIRECTION('',(0.,0.,1.));
#12679=DIRECTION('',(0.,0.,-1.));
#12680=DIRECTION('',(0.,0.,-1.));
#12681=DIRECTION('',(0.,0.,-1.));
#12682=DIRECTION('',(-1.,0.,0.));
#12683=DIRECTION('',(-1.,5.13992141030165E-16,0.));
#12684=DIRECTION('',(-5.13478148889135E-16,-1.,0.));
#12685=DIRECTION('',(1.,5.13992141030165E-16,0.));
#12686=DIRECTION('',(-5.13478148889135E-16,1.,0.));
#12687=DIRECTION('',(0.,0.,-1.));
#12688=DIRECTION('',(-1.,0.,0.));
#12689=DIRECTION('',(0.,0.,1.));
#12690=DIRECTION('',(0.,0.,1.));
#12691=DIRECTION('',(0.,0.,-1.));
#12692=DIRECTION('',(-1.,0.,0.));
#12693=DIRECTION('',(0.,0.,1.));
#12694=DIRECTION('',(0.,0.,-1.));
#12695=DIRECTION('',(-1.,0.,0.));
#12696=DIRECTION('',(0.,0.,-1.));
#12697=DIRECTION('',(0.,0.,-1.));
#12698=DIRECTION('',(-1.,0.,0.));
#12699=DIRECTION('',(-5.91509530241864E-16,-1.,0.));
#12700=DIRECTION('',(-1.,5.78241158658936E-16,0.));
#12701=DIRECTION('',(-5.91509530241864E-16,-1.,0.));
#12702=DIRECTION('',(-1.,5.78241158658936E-16,0.));
#12703=DIRECTION('',(0.,1.,0.));
#12704=DIRECTION('',(0.,0.,1.));
#12705=DIRECTION('',(-5.91509530241864E-16,1.,0.));
#12706=DIRECTION('',(1.,5.78241158658936E-16,0.));
#12707=DIRECTION('',(-5.91509530241864E-16,1.,0.));
#12708=DIRECTION('',(1.,5.78241158658936E-16,0.));
#12709=DIRECTION('',(0.,1.,0.));
#12710=DIRECTION('',(0.,0.,1.));
#12711=DIRECTION('',(0.,0.,-1.));
#12712=DIRECTION('',(-1.,0.,0.));
#12713=DIRECTION('',(0.,0.,1.));
#12714=DIRECTION('',(0.,0.,-1.));
#12715=DIRECTION('',(-1.,0.,0.));
#12716=DIRECTION('',(0.,0.,1.));
#12717=DIRECTION('',(0.,0.,-1.));
#12718=DIRECTION('',(-1.,0.,0.));
#12719=DIRECTION('',(1.,5.91509530241864E-16,0.));
#12720=DIRECTION('',(-1.,5.91509530241864E-16,0.));
#12721=DIRECTION('',(0.,0.,-1.));
#12722=DIRECTION('',(-1.,0.,0.));
#12723=DIRECTION('',(-1.,-5.91509530241864E-16,0.));
#12724=DIRECTION('',(1.,-5.91509530241864E-16,0.));
#12725=DIRECTION('',(0.,0.,1.));
#12726=DIRECTION('',(1.,0.,0.));
#12727=DIRECTION('',(5.91509530241864E-16,1.,0.));
#12728=DIRECTION('',(-1.,5.91540705308091E-16,0.));
#12729=DIRECTION('',(5.91509530241864E-16,-1.,0.));
#12730=DIRECTION('',(1.,5.91540705308091E-16,0.));
#12731=DIRECTION('',(5.91509530241864E-16,-1.,0.));
#12732=DIRECTION('',(1.,5.78241158658936E-16,0.));
#12733=DIRECTION('',(5.91509530241864E-16,-1.,0.));
#12734=DIRECTION('',(1.,5.91540705308091E-16,0.));
#12735=DIRECTION('',(0.,1.,0.));
#12736=DIRECTION('',(0.,0.,1.));
#12737=DIRECTION('',(-5.91509530241864E-16,-1.,0.));
#12738=DIRECTION('',(-1.,5.78241158658936E-16,0.));
#12739=DIRECTION('',(5.91509530241864E-16,1.,0.));
#12740=DIRECTION('',(1.,-5.91540705308091E-16,0.));
#12741=DIRECTION('',(0.,-1.,0.));
#12742=DIRECTION('',(0.,0.,-1.));
#12743=DIRECTION('',(0.,-1.,0.));
#12744=DIRECTION('',(1.,0.,-6.12323399573677E-17));
#12745=DIRECTION('',(0.,1.,0.));
#12746=DIRECTION('',(0.,0.,1.));
#12747=DIRECTION('',(0.,1.,0.));
#12748=DIRECTION('',(0.,-1.,0.));
#12749=DIRECTION('',(1.,0.,-6.12323399573677E-17));
#12750=DIRECTION('',(0.,-1.,0.));
#12751=DIRECTION('',(0.,1.,0.));
#12752=DIRECTION('',(0.,0.,1.));
#12753=DIRECTION('',(0.,-1.,0.));
#12754=DIRECTION('',(1.,0.,-6.12323399573677E-17));
#12755=DIRECTION('',(0.,-1.,0.));
#12756=DIRECTION('',(1.,0.,-6.12323399573677E-17));
#12757=DIRECTION('',(0.,1.,0.));
#12758=DIRECTION('',(0.,0.,1.));
#12759=DIRECTION('',(-1.,0.,-2.94902990916057E-16));
#12760=DIRECTION('',(0.,-1.,0.));
#12761=DIRECTION('',(0.999999999999999,0.,-6.12323399573677E-17));
#12762=DIRECTION('',(0.,0.,-1.));
#12763=DIRECTION('',(0.,-1.,0.));
#12764=DIRECTION('',(0.,0.,-1.));
#12765=DIRECTION('',(0.,0.,-1.));
#12766=DIRECTION('',(0.,-1.,0.));
#12767=DIRECTION('',(0.999999999999999,0.,-6.12323399573677E-17));
#12768=DIRECTION('',(1.,0.,-2.94902990916057E-16));
#12769=DIRECTION('',(0.,-1.,0.));
#12770=DIRECTION('',(0.,0.,-1.));
#12771=DIRECTION('',(0.,-1.,0.));
#12772=DIRECTION('',(0.,0.,-1.));
#12773=DIRECTION('',(1.,0.,-2.94902990916057E-16));
#12774=DIRECTION('',(0.,-1.,0.));
#12775=DIRECTION('',(0.999999999999999,0.,-6.12323399573677E-17));
#12776=DIRECTION('',(-1.,0.,-2.94902990916057E-16));
#12777=DIRECTION('',(0.,-1.,0.));
#12778=DIRECTION('',(0.,0.,-1.));
#12779=DIRECTION('',(0.,-1.,0.));
#12780=DIRECTION('',(0.,0.,-1.));
#12781=DIRECTION('',(0.,-1.,0.));
#12782=DIRECTION('',(0.,0.,-1.));
#12783=DIRECTION('',(0.,1.,0.));
#12784=DIRECTION('',(1.,0.,-2.94902990916057E-16));
#12785=DIRECTION('',(0.,1.,0.));
#12786=DIRECTION('',(-2.94902990916057E-16,0.,-1.));
#12787=DIRECTION('',(-1.,0.,2.94902990916057E-16));
#12788=DIRECTION('',(0.,0.,-1.));
#12789=DIRECTION('',(0.,1.,0.));
#12790=DIRECTION('',(-1.,0.,0.));
#12791=DIRECTION('',(0.,0.,1.));
#12792=DIRECTION('',(-1.,0.,-2.94902990916057E-16));
#12793=DIRECTION('',(0.,1.,0.));
#12794=DIRECTION('',(-2.94902990916057E-16,0.,1.));
#12795=DIRECTION('',(1.,0.,2.94902990916057E-16));
#12796=DIRECTION('',(0.,1.,0.));
#12797=DIRECTION('',(0.,0.,1.));
#12798=DIRECTION('',(0.,1.,0.));
#12799=DIRECTION('',(0.,0.,1.));
#12800=DIRECTION('',(0.,1.,0.));
#12801=DIRECTION('',(0.,0.,1.));
#12802=DIRECTION('',(0.,-1.,0.));
#12803=DIRECTION('',(0.999999999999999,0.,-6.12323399573677E-17));
#12804=DIRECTION('',(0.,-1.,0.));
#12805=DIRECTION('',(0.,0.,-1.));
#12806=DIRECTION('',(0.,-1.,0.));
#12807=DIRECTION('',(0.,0.,-1.));
#12808=DIRECTION('',(0.,0.,-1.));
#12809=DIRECTION('',(-1.,0.,0.));
#12810=DIRECTION('',(0.,0.,-1.));
#12811=DIRECTION('',(-1.,0.,0.));
#12812=DIRECTION('',(0.,-1.,0.));
#12813=DIRECTION('',(0.,0.,-1.));
#12814=DIRECTION('',(0.,1.,0.));
#12815=DIRECTION('',(0.,0.,1.));
#12816=DIRECTION('',(0.,0.,1.));
#12817=DIRECTION('',(1.,0.,0.));
#12818=DIRECTION('',(0.,0.,1.));
#12819=DIRECTION('',(1.,0.,0.));
#12820=DIRECTION('',(-1.85509818147996E-34,1.78231882215441E-17,1.));
#12821=DIRECTION('',(-5.96538282048621E-17,1.,-1.78231882215441E-17));
#12822=DIRECTION('',(1.,-1.06392179552214E-15,-1.25725300535728E-17));
#12823=DIRECTION('',(-1.06392179552214E-15,-1.,-8.3266726846878E-17));
#12824=DIRECTION('',(-3.22757693587458E-15,1.58603289232166E-15,1.));
#12825=DIRECTION('',(-1.,-5.73862729349953E-18,-3.22757693587458E-15));
#12826=DIRECTION('',(-3.22757693587458E-15,2.97381167310311E-15,1.));
#12827=DIRECTION('',(-1.,1.16571673728903E-15,-3.22757693587458E-15));
#12828=DIRECTION('',(-3.22757693587458E-15,1.58603289232166E-15,1.));
#12829=DIRECTION('',(-1.17959452509684E-15,-1.,1.58603289232166E-15));
#12830=DIRECTION('',(1.,1.39351740807496E-15,3.15949325458975E-15));
#12831=DIRECTION('',(1.39351740807496E-15,-1.,1.53052174109042E-15));
#12832=DIRECTION('',(-3.22757693587458E-15,2.97381167310311E-15,1.));
#12833=DIRECTION('',(-1.16571673728903E-15,-1.,2.9738116731031E-15));
#12834=DIRECTION('',(-0.43861644778075,1.58566440762072E-24,0.898674363569028));
#12835=DIRECTION('',(0.898674363569028,3.67990221213425E-22,0.43861644778075));
#12836=DIRECTION('',(-3.46932128648318E-15,-9.9611241280089E-16,1.));
#12837=DIRECTION('',(-0.707106781186546,0.707106781186549,-1.74882276587148E-15));
#12838=DIRECTION('',(-3.51715216482087E-15,-7.55898761265595E-16,1.));
#12839=DIRECTION('',(-0.665778961384826,0.746149029736917,-1.77763278802917E-15));
#12840=DIRECTION('',(-3.51715216482087E-15,-7.55898761265594E-16,1.));
#12841=DIRECTION('',(-1.,2.2503883604266E-16,-3.51715216482087E-15));
#12842=DIRECTION('',(-3.51715216482086E-15,-7.55898761265594E-16,1.));
#12843=DIRECTION('',(0.999997178148229,-0.00237564634977733,3.5153464918058E-15));
#12844=DIRECTION('',(-0.707106781186549,-0.707106781186546,-3.08952086794695E-15));
#12845=DIRECTION('',(0.707106781186546,-0.707106781186549,1.85066188604992E-15));
#12846=CARTESIAN_POINT('',(0.,0.,0.));
#12847=CARTESIAN_POINT('',(-729.000000000002,225.000000000001,0.));
#12848=CARTESIAN_POINT('',(-729.000000000002,225.000000000001,0.));
#12849=CARTESIAN_POINT('',(-279.000000000001,225.000000000001,0.));
#12850=CARTESIAN_POINT('',(-729.000000000002,225.000000000001,148.148148148148));
#12851=CARTESIAN_POINT('',(-729.000000000002,225.000000000001,148.148148148148));
#12852=CARTESIAN_POINT('',(-729.000000000002,225.000000000001,148.148148148148));
#12853=CARTESIAN_POINT('',(-279.000000000001,225.000000000001,148.148148148148));
#12854=CARTESIAN_POINT('',(-279.000000000001,225.000000000001,148.148148148148));
#12855=CARTESIAN_POINT('',(-729.000000000002,225.000000000001,148.148148148148));
#12856=CARTESIAN_POINT('',(-279.000000000001,225.000000000001,0.));
#12857=CARTESIAN_POINT('',(-279.000000000001,-225.,0.));
#12858=CARTESIAN_POINT('',(-279.000000000001,225.000000000001,148.148148148148));
#12859=CARTESIAN_POINT('',(-279.000000000001,-225.,148.148148148148));
#12860=CARTESIAN_POINT('',(-279.000000000001,-225.,148.148148148148));
#12861=CARTESIAN_POINT('',(-279.000000000001,225.000000000001,148.148148148148));
#12862=CARTESIAN_POINT('',(-279.000000000001,-225.,0.));
#12863=CARTESIAN_POINT('',(-729.000000000002,-225.,0.));
#12864=CARTESIAN_POINT('',(-279.000000000001,-225.,148.148148148148));
#12865=CARTESIAN_POINT('',(-729.000000000002,-225.,148.148148148148));
#12866=CARTESIAN_POINT('',(-729.000000000002,-225.,148.148148148148));
#12867=CARTESIAN_POINT('',(-279.000000000001,-225.,148.148148148148));
#12868=CARTESIAN_POINT('',(-729.000000000002,-225.,0.));
#12869=CARTESIAN_POINT('',(-729.000000000002,-225.,148.148148148148));
#12870=CARTESIAN_POINT('',(-729.000000000002,-225.,148.148148148148));
#12871=CARTESIAN_POINT('',(0.,0.,148.148148148148));
#12872=CARTESIAN_POINT('',(0.,0.,0.));
#12873=CARTESIAN_POINT('',(-205.,-204.999999999999,21.));
#12874=CARTESIAN_POINT('',(-205.,-204.999999999999,21.));
#12875=CARTESIAN_POINT('',(205.,-204.999999999999,21.));
#12876=CARTESIAN_POINT('',(205.,-204.999999999999,80.4883997620464));
#12877=CARTESIAN_POINT('',(205.,-204.999999999999,80.4883997620464));
#12878=CARTESIAN_POINT('',(-205.,-204.999999999999,80.4883997620464));
#12879=CARTESIAN_POINT('',(-205.,-204.999999999999,80.4883997620464));
#12880=CARTESIAN_POINT('',(-205.,-204.999999999999,80.4883997620464));
#12881=CARTESIAN_POINT('',(-205.,-204.999999999999,80.4883997620464));
#12882=CARTESIAN_POINT('',(205.,-204.999999999999,21.));
#12883=CARTESIAN_POINT('',(205.,205.000000000001,21.));
#12884=CARTESIAN_POINT('',(205.,205.000000000001,80.4883997620464));
#12885=CARTESIAN_POINT('',(205.,205.000000000001,80.4883997620464));
#12886=CARTESIAN_POINT('',(205.,-204.999999999999,80.4883997620464));
#12887=CARTESIAN_POINT('',(205.,-204.999999999999,80.4883997620464));
#12888=CARTESIAN_POINT('',(205.,205.000000000001,21.));
#12889=CARTESIAN_POINT('',(-205.,205.000000000001,21.));
#12890=CARTESIAN_POINT('',(-205.,205.000000000001,80.4883997620464));
#12891=CARTESIAN_POINT('',(-205.,205.000000000001,80.4883997620464));
#12892=CARTESIAN_POINT('',(205.,205.000000000001,80.4883997620464));
#12893=CARTESIAN_POINT('',(205.,205.000000000001,80.4883997620464));
#12894=CARTESIAN_POINT('',(-205.,205.000000000001,21.));
#12895=CARTESIAN_POINT('',(-205.,205.000000000001,80.4883997620464));
#12896=CARTESIAN_POINT('',(-205.,205.000000000001,80.4883997620464));
#12897=CARTESIAN_POINT('',(0.,0.,80.4883997620464));
#12898=CARTESIAN_POINT('',(0.,0.,21.));
#12899=CARTESIAN_POINT('',(-205.,-204.999999999999,238.953599048186));
#12900=CARTESIAN_POINT('',(-205.,-204.999999999999,238.953599048186));
#12901=CARTESIAN_POINT('',(205.,-204.999999999999,238.953599048186));
#12902=CARTESIAN_POINT('',(205.,-204.999999999999,238.953599048186));
#12903=CARTESIAN_POINT('',(205.,205.000000000001,238.953599048186));
#12904=CARTESIAN_POINT('',(205.,205.000000000001,238.953599048186));
#12905=CARTESIAN_POINT('',(-205.,205.000000000001,238.953599048186));
#12906=CARTESIAN_POINT('',(-205.,205.000000000001,238.953599048186));
#12907=CARTESIAN_POINT('',(0.,0.,238.953599048186));
#12908=CARTESIAN_POINT('',(205.,-204.999999999999,2150.58239143367));
#12909=CARTESIAN_POINT('',(205.,-204.999999999999,80.4883997620465));
#12910=CARTESIAN_POINT('',(205.,-204.999999999999,80.4883997620464));
#12911=CARTESIAN_POINT('',(205.,205.000000000001,80.4883997620465));
#12912=CARTESIAN_POINT('',(205.,205.000000000001,2150.58239143367));
#12913=CARTESIAN_POINT('',(205.,-204.999999999999,2150.58239143367));
#12914=CARTESIAN_POINT('',(-205.,-204.999999999999,2150.58239143367));
#12915=CARTESIAN_POINT('',(-205.,-204.999999999999,80.4883997620465));
#12916=CARTESIAN_POINT('',(-205.,-204.999999999999,80.4883997620464));
#12917=CARTESIAN_POINT('',(-205.,-204.999999999999,2150.58239143367));
#12918=CARTESIAN_POINT('',(205.,205.000000000001,80.4883997620464));
#12919=CARTESIAN_POINT('',(-205.,205.000000000001,80.4883997620465));
#12920=CARTESIAN_POINT('',(-205.,205.000000000001,2150.58239143367));
#12921=CARTESIAN_POINT('',(205.,205.000000000001,2150.58239143367));
#12922=CARTESIAN_POINT('',(-205.,205.000000000001,80.4883997620464));
#12923=CARTESIAN_POINT('',(-205.,205.000000000001,2150.58239143367));
#12924=CARTESIAN_POINT('',(0.,0.,80.4883997620464));
#12925=CARTESIAN_POINT('',(-205.,-204.999999999999,0.));
#12926=CARTESIAN_POINT('',(-205.,-204.999999999999,0.));
#12927=CARTESIAN_POINT('',(-205.,205.000000000001,0.));
#12928=CARTESIAN_POINT('',(-205.,-204.999999999999,20.));
#12929=CARTESIAN_POINT('',(-205.,-204.999999999999,20.));
#12930=CARTESIAN_POINT('',(-205.,-204.999999999999,20.));
#12931=CARTESIAN_POINT('',(-205.,205.000000000001,20.));
#12932=CARTESIAN_POINT('',(-205.,205.000000000001,20.));
#12933=CARTESIAN_POINT('',(-205.,-204.999999999999,20.));
#12934=CARTESIAN_POINT('',(-205.,205.000000000001,0.));
#12935=CARTESIAN_POINT('',(205.,205.000000000001,0.));
#12936=CARTESIAN_POINT('',(-205.,205.000000000001,20.));
#12937=CARTESIAN_POINT('',(205.,205.000000000001,20.));
#12938=CARTESIAN_POINT('',(205.,205.000000000001,20.));
#12939=CARTESIAN_POINT('',(-205.,205.000000000001,20.));
#12940=CARTESIAN_POINT('',(205.,205.000000000001,0.));
#12941=CARTESIAN_POINT('',(205.,-204.999999999999,0.));
#12942=CARTESIAN_POINT('',(205.,205.000000000001,20.));
#12943=CARTESIAN_POINT('',(205.,-204.999999999999,20.));
#12944=CARTESIAN_POINT('',(205.,-204.999999999999,20.));
#12945=CARTESIAN_POINT('',(205.,205.000000000001,20.));
#12946=CARTESIAN_POINT('',(205.,-204.999999999999,0.));
#12947=CARTESIAN_POINT('',(205.,-204.999999999999,20.));
#12948=CARTESIAN_POINT('',(205.,-204.999999999999,20.));
#12949=CARTESIAN_POINT('',(0.,0.,20.));
#12950=CARTESIAN_POINT('',(0.,0.,0.));
#12951=CARTESIAN_POINT('',(-205.,-204.999999999999,298.441998810232));
#12952=CARTESIAN_POINT('',(-205.,-204.999999999999,298.441998810232));
#12953=CARTESIAN_POINT('',(205.,-204.999999999999,298.441998810232));
#12954=CARTESIAN_POINT('',(205.,-204.999999999999,298.441998810232));
#12955=CARTESIAN_POINT('',(205.,205.000000000001,298.441998810232));
#12956=CARTESIAN_POINT('',(205.,205.000000000001,298.441998810232));
#12957=CARTESIAN_POINT('',(-205.,205.000000000001,298.441998810232));
#12958=CARTESIAN_POINT('',(-205.,205.000000000001,298.441998810232));
#12959=CARTESIAN_POINT('',(0.,0.,298.441998810232));
#12960=CARTESIAN_POINT('',(205.,-204.999999999999,2685.97798929209));
#12961=CARTESIAN_POINT('',(205.,-204.999999999999,238.953599048186));
#12962=CARTESIAN_POINT('',(205.,-204.999999999999,238.953599048186));
#12963=CARTESIAN_POINT('',(205.,205.000000000001,238.953599048186));
#12964=CARTESIAN_POINT('',(205.,205.000000000001,2685.97798929209));
#12965=CARTESIAN_POINT('',(205.,-204.999999999999,2685.97798929209));
#12966=CARTESIAN_POINT('',(-205.,-204.999999999999,2685.97798929209));
#12967=CARTESIAN_POINT('',(-205.,-204.999999999999,238.953599048186));
#12968=CARTESIAN_POINT('',(-205.,-204.999999999999,238.953599048186));
#12969=CARTESIAN_POINT('',(-205.,-204.999999999999,2685.97798929209));
#12970=CARTESIAN_POINT('',(205.,205.000000000001,238.953599048186));
#12971=CARTESIAN_POINT('',(-205.,205.000000000001,238.953599048186));
#12972=CARTESIAN_POINT('',(-205.,205.000000000001,2685.97798929209));
#12973=CARTESIAN_POINT('',(205.,205.000000000001,2685.97798929209));
#12974=CARTESIAN_POINT('',(-205.,205.000000000001,238.953599048186));
#12975=CARTESIAN_POINT('',(-205.,205.000000000001,2685.97798929209));
#12976=CARTESIAN_POINT('',(0.,0.,238.953599048186));
#12977=CARTESIAN_POINT('',(225.,245.,0.));
#12978=CARTESIAN_POINT('',(225.,245.,0.));
#12979=CARTESIAN_POINT('',(-225.,245.,0.));
#12980=CARTESIAN_POINT('',(-225.,245.,400.));
#12981=CARTESIAN_POINT('',(-225.,245.,400.));
#12982=CARTESIAN_POINT('',(225.,245.,400.));
#12983=CARTESIAN_POINT('',(225.,245.,400.));
#12984=CARTESIAN_POINT('',(225.,245.,400.));
#12985=CARTESIAN_POINT('',(225.,245.,400.));
#12986=CARTESIAN_POINT('',(225.,225.,400.));
#12987=CARTESIAN_POINT('',(225.,225.,400.));
#12988=CARTESIAN_POINT('',(-225.,225.,400.));
#12989=CARTESIAN_POINT('',(225.,225.,400.));
#12990=CARTESIAN_POINT('',(-225.,245.,400.));
#12991=CARTESIAN_POINT('',(0.,0.,400.));
#12992=CARTESIAN_POINT('',(225.,225.,0.));
#12993=CARTESIAN_POINT('',(225.,225.,0.));
#12994=CARTESIAN_POINT('',(225.,225.,0.));
#12995=CARTESIAN_POINT('',(-225.,225.,0.));
#12996=CARTESIAN_POINT('',(-225.,245.,0.));
#12997=CARTESIAN_POINT('',(0.,0.,0.));
#12998=CARTESIAN_POINT('',(-225.,225.,400.));
#12999=CARTESIAN_POINT('',(-225.,245.,400.));
#13000=CARTESIAN_POINT('',(225.,225.,400.));
#13001=CARTESIAN_POINT('',(225.,225.,400.));
#13002=CARTESIAN_POINT('',(225.,225.,400.));
#13003=CARTESIAN_POINT('',(225.,-225.,-20.));
#13004=CARTESIAN_POINT('',(225.,-225.,-20.));
#13005=CARTESIAN_POINT('',(225.,-225.,0.));
#13006=CARTESIAN_POINT('',(245.,-225.,-20.));
#13007=CARTESIAN_POINT('',(245.,-225.,-20.));
#13008=CARTESIAN_POINT('',(245.,-225.,-20.));
#13009=CARTESIAN_POINT('',(245.,-225.,0.));
#13010=CARTESIAN_POINT('',(-225.,-225.,0.));
#13011=CARTESIAN_POINT('',(-225.,-225.,-20.));
#13012=CARTESIAN_POINT('',(-225.,225.,-20.));
#13013=CARTESIAN_POINT('',(-225.,225.,-20.));
#13014=CARTESIAN_POINT('',(-225.,225.,0.));
#13015=CARTESIAN_POINT('',(-245.,225.,-20.));
#13016=CARTESIAN_POINT('',(-245.,225.,-20.));
#13017=CARTESIAN_POINT('',(-245.,225.,-20.));
#13018=CARTESIAN_POINT('',(-245.,225.,0.));
#13019=CARTESIAN_POINT('',(225.,225.,0.));
#13020=CARTESIAN_POINT('',(225.,225.,-20.));
#13021=CARTESIAN_POINT('',(245.,225.,0.));
#13022=CARTESIAN_POINT('',(245.,225.,0.));
#13023=CARTESIAN_POINT('',(245.,225.,-20.));
#13024=CARTESIAN_POINT('',(245.,225.,-20.));
#13025=CARTESIAN_POINT('',(245.,225.,-20.));
#13026=CARTESIAN_POINT('',(245.,225.,-20.));
#13027=CARTESIAN_POINT('',(245.,-225.,-20.));
#13028=CARTESIAN_POINT('',(-225.,-225.,-20.));
#13029=CARTESIAN_POINT('',(-245.,-225.,-20.));
#13030=CARTESIAN_POINT('',(-225.,-225.,-20.));
#13031=CARTESIAN_POINT('',(-225.,-225.,0.));
#13032=CARTESIAN_POINT('',(-225.,-225.,0.));
#13033=CARTESIAN_POINT('',(-245.,-225.,0.));
#13034=CARTESIAN_POINT('',(-245.,-225.,-20.));
#13035=CARTESIAN_POINT('',(-225.,-225.,-20.));
#13036=CARTESIAN_POINT('',(-245.,-225.,0.));
#13037=CARTESIAN_POINT('',(-245.,-225.,-20.));
#13038=CARTESIAN_POINT('',(-245.,-225.,-20.));
#13039=CARTESIAN_POINT('',(-245.,225.,-20.));
#13040=CARTESIAN_POINT('',(225.,225.,-20.));
#13041=CARTESIAN_POINT('',(225.,225.,-20.));
#13042=CARTESIAN_POINT('',(225.,225.,0.));
#13043=CARTESIAN_POINT('',(225.,225.,0.));
#13044=CARTESIAN_POINT('',(225.,225.,-20.));
#13045=CARTESIAN_POINT('',(225.,-245.,-20.));
#13046=CARTESIAN_POINT('',(225.,-245.,-20.));
#13047=CARTESIAN_POINT('',(-225.,-245.,-20.));
#13048=CARTESIAN_POINT('',(-225.,-245.,-20.));
#13049=CARTESIAN_POINT('',(-225.,-225.,-20.));
#13050=CARTESIAN_POINT('',(-225.,245.,-20.));
#13051=CARTESIAN_POINT('',(-225.,245.,-20.));
#13052=CARTESIAN_POINT('',(225.,245.,-20.));
#13053=CARTESIAN_POINT('',(225.,245.,-20.));
#13054=CARTESIAN_POINT('',(225.,225.,-20.));
#13055=CARTESIAN_POINT('',(0.,0.,-20.));
#13056=CARTESIAN_POINT('',(225.,225.,0.));
#13057=CARTESIAN_POINT('',(225.,245.,0.));
#13058=CARTESIAN_POINT('',(225.,245.,0.));
#13059=CARTESIAN_POINT('',(-225.,245.,0.));
#13060=CARTESIAN_POINT('',(-225.,245.,0.));
#13061=CARTESIAN_POINT('',(-225.,-225.,0.));
#13062=CARTESIAN_POINT('',(-225.,-245.,0.));
#13063=CARTESIAN_POINT('',(-225.,-245.,0.));
#13064=CARTESIAN_POINT('',(225.,-245.,0.));
#13065=CARTESIAN_POINT('',(225.,-245.,0.));
#13066=CARTESIAN_POINT('',(0.,0.,0.));
#13067=CARTESIAN_POINT('',(-225.,245.,-20.));
#13068=CARTESIAN_POINT('',(-225.,245.,-20.));
#13069=CARTESIAN_POINT('',(225.,245.,-20.));
#13070=CARTESIAN_POINT('',(225.,225.,-20.));
#13071=CARTESIAN_POINT('',(225.,245.,-20.));
#13072=CARTESIAN_POINT('',(-225.,-245.,-20.));
#13073=CARTESIAN_POINT('',(-225.,-225.,-20.));
#13074=CARTESIAN_POINT('',(225.,-245.,-20.));
#13075=CARTESIAN_POINT('',(-225.,-245.,-20.));
#13076=CARTESIAN_POINT('',(225.,-245.,-20.));
#13077=CARTESIAN_POINT('',(245.,-225.,0.));
#13078=CARTESIAN_POINT('',(245.,-225.,0.));
#13079=CARTESIAN_POINT('',(245.,225.,0.));
#13080=CARTESIAN_POINT('',(245.,225.,400.));
#13081=CARTESIAN_POINT('',(245.,225.,400.));
#13082=CARTESIAN_POINT('',(245.,-225.,400.));
#13083=CARTESIAN_POINT('',(245.,-225.,400.));
#13084=CARTESIAN_POINT('',(245.,-225.,400.));
#13085=CARTESIAN_POINT('',(245.,-225.,400.));
#13086=CARTESIAN_POINT('',(225.,-225.,400.));
#13087=CARTESIAN_POINT('',(225.,-225.,400.));
#13088=CARTESIAN_POINT('',(225.,225.,400.));
#13089=CARTESIAN_POINT('',(225.,-225.,400.));
#13090=CARTESIAN_POINT('',(245.,225.,400.));
#13091=CARTESIAN_POINT('',(0.,0.,400.));
#13092=CARTESIAN_POINT('',(225.,-225.,0.));
#13093=CARTESIAN_POINT('',(225.,-225.,0.));
#13094=CARTESIAN_POINT('',(225.,-225.,0.));
#13095=CARTESIAN_POINT('',(225.,225.,0.));
#13096=CARTESIAN_POINT('',(245.,225.,0.));
#13097=CARTESIAN_POINT('',(0.,0.,0.));
#13098=CARTESIAN_POINT('',(225.,225.,400.));
#13099=CARTESIAN_POINT('',(245.,225.,400.));
#13100=CARTESIAN_POINT('',(225.,-225.,400.));
#13101=CARTESIAN_POINT('',(225.,-225.,400.));
#13102=CARTESIAN_POINT('',(225.,-225.,400.));
#13103=CARTESIAN_POINT('',(-225.,225.,400.));
#13104=CARTESIAN_POINT('',(-225.,225.,400.));
#13105=CARTESIAN_POINT('',(-225.,-225.,400.));
#13106=CARTESIAN_POINT('',(-225.,225.,400.));
#13107=CARTESIAN_POINT('',(-245.,225.,400.));
#13108=CARTESIAN_POINT('',(-245.,225.,400.));
#13109=CARTESIAN_POINT('',(-245.,-225.,400.));
#13110=CARTESIAN_POINT('',(-245.,-225.,400.));
#13111=CARTESIAN_POINT('',(0.,0.,400.));
#13112=CARTESIAN_POINT('',(-225.,225.,0.));
#13113=CARTESIAN_POINT('',(-225.,225.,0.));
#13114=CARTESIAN_POINT('',(-245.,225.,0.));
#13115=CARTESIAN_POINT('',(-225.,225.,0.));
#13116=CARTESIAN_POINT('',(-225.,-225.,0.));
#13117=CARTESIAN_POINT('',(-245.,-225.,0.));
#13118=CARTESIAN_POINT('',(-245.,-225.,0.));
#13119=CARTESIAN_POINT('',(-245.,225.,0.));
#13120=CARTESIAN_POINT('',(0.,0.,0.));
#13121=CARTESIAN_POINT('',(-245.,-225.,400.));
#13122=CARTESIAN_POINT('',(-245.,225.,400.));
#13123=CARTESIAN_POINT('',(-245.,225.,400.));
#13124=CARTESIAN_POINT('',(-225.,-225.,400.));
#13125=CARTESIAN_POINT('',(-245.,-225.,400.));
#13126=CARTESIAN_POINT('',(-225.,225.,400.));
#13127=CARTESIAN_POINT('',(-225.,225.,400.));
#13128=CARTESIAN_POINT('',(-225.,225.,400.));
#13129=CARTESIAN_POINT('',(-225.,-245.,0.));
#13130=CARTESIAN_POINT('',(-225.,-245.,0.));
#13131=CARTESIAN_POINT('',(225.,-245.,0.));
#13132=CARTESIAN_POINT('',(225.,-245.,400.));
#13133=CARTESIAN_POINT('',(225.,-245.,400.));
#13134=CARTESIAN_POINT('',(-225.,-245.,400.));
#13135=CARTESIAN_POINT('',(-225.,-245.,400.));
#13136=CARTESIAN_POINT('',(-225.,-245.,400.));
#13137=CARTESIAN_POINT('',(-225.,-245.,400.));
#13138=CARTESIAN_POINT('',(-225.,-225.,400.));
#13139=CARTESIAN_POINT('',(-225.,-225.,400.));
#13140=CARTESIAN_POINT('',(225.,-225.,400.));
#13141=CARTESIAN_POINT('',(-225.,-225.,400.));
#13142=CARTESIAN_POINT('',(225.,-245.,400.));
#13143=CARTESIAN_POINT('',(0.,0.,400.));
#13144=CARTESIAN_POINT('',(-225.,-225.,0.));
#13145=CARTESIAN_POINT('',(-225.,-225.,0.));
#13146=CARTESIAN_POINT('',(-225.,-225.,0.));
#13147=CARTESIAN_POINT('',(225.,-225.,0.));
#13148=CARTESIAN_POINT('',(225.,-245.,0.));
#13149=CARTESIAN_POINT('',(0.,0.,0.));
#13150=CARTESIAN_POINT('',(225.,-225.,400.));
#13151=CARTESIAN_POINT('',(225.,-245.,400.));
#13152=CARTESIAN_POINT('',(-225.,-225.,400.));
#13153=CARTESIAN_POINT('',(-225.,-225.,400.));
#13154=CARTESIAN_POINT('',(-225.,-225.,400.));
#13155=CARTESIAN_POINT('',(-243.,235.,140.));
#13156=CARTESIAN_POINT('',(-243.,232.,140.));
#13157=CARTESIAN_POINT('',(-243.,235.,330.));
#13158=CARTESIAN_POINT('',(-243.,232.,330.));
#13159=CARTESIAN_POINT('',(-243.,6.74460487459795E-13,-398.));
#13160=CARTESIAN_POINT('',(-243.,227.,-398.));
#13161=CARTESIAN_POINT('',(-243.,243.,-398.));
#13162=CARTESIAN_POINT('',(-243.,243.,400.));
#13163=CARTESIAN_POINT('',(-243.,243.,398.));
#13164=CARTESIAN_POINT('',(-243.,6.74460487459795E-13,398.));
#13165=CARTESIAN_POINT('',(-243.,227.,398.));
#13166=CARTESIAN_POINT('',(-243.,227.,400.));
#13167=CARTESIAN_POINT('',(-243.,225.,400.));
#13168=CARTESIAN_POINT('',(-235.,243.,160.));
#13169=CARTESIAN_POINT('',(-238.,243.,160.));
#13170=CARTESIAN_POINT('',(-235.,243.,350.));
#13171=CARTESIAN_POINT('',(-238.,243.,350.));
#13172=CARTESIAN_POINT('',(6.74460487459789E-13,242.999999999999,-398.));
#13173=CARTESIAN_POINT('',(-227.,243.,-398.));
#13174=CARTESIAN_POINT('',(-227.,243.,400.));
#13175=CARTESIAN_POINT('',(-227.,243.,398.));
#13176=CARTESIAN_POINT('',(6.74460487459789E-13,242.999999999999,398.));
#13177=CARTESIAN_POINT('',(-245.,243.,400.));
#13178=CARTESIAN_POINT('',(-227.,235.,140.));
#13179=CARTESIAN_POINT('',(-227.,235.,137.));
#13180=CARTESIAN_POINT('',(-227.,235.,330.));
#13181=CARTESIAN_POINT('',(-227.,235.,327.));
#13182=CARTESIAN_POINT('',(-227.,0.,-398.));
#13183=CARTESIAN_POINT('',(-227.,227.,-398.));
#13184=CARTESIAN_POINT('',(-227.,227.,400.));
#13185=CARTESIAN_POINT('',(-227.,227.,398.));
#13186=CARTESIAN_POINT('',(-227.,0.,398.));
#13187=CARTESIAN_POINT('',(-227.,245.,400.));
#13188=CARTESIAN_POINT('',(-235.,227.,160.));
#13189=CARTESIAN_POINT('',(-232.,227.,160.));
#13190=CARTESIAN_POINT('',(-235.,227.,350.));
#13191=CARTESIAN_POINT('',(-232.,227.,350.));
#13192=CARTESIAN_POINT('',(3.15025783237391E-13,227.,-398.));
#13193=CARTESIAN_POINT('',(3.15025783237391E-13,227.,398.));
#13194=CARTESIAN_POINT('',(-225.,227.,400.));
#13195=CARTESIAN_POINT('',(0.,0.,398.));
#13196=CARTESIAN_POINT('',(0.,0.,-398.));
#13197=CARTESIAN_POINT('',(-235.,225.,350.));
#13198=CARTESIAN_POINT('',(-232.,225.,350.));
#13199=CARTESIAN_POINT('',(-235.,244.999999999999,350.));
#13200=CARTESIAN_POINT('',(-235.,244.999999999999,350.));
#13201=CARTESIAN_POINT('',(-232.,244.999999999999,350.));
#13202=CARTESIAN_POINT('',(-235.,244.999999999999,350.));
#13203=CARTESIAN_POINT('',(-244.999999999999,235.,140.));
#13204=CARTESIAN_POINT('',(-244.999999999999,238.,140.));
#13205=CARTESIAN_POINT('',(-244.999999999999,235.,330.));
#13206=CARTESIAN_POINT('',(-244.999999999999,238.,330.));
#13207=CARTESIAN_POINT('',(-245.,225.,-400.));
#13208=CARTESIAN_POINT('',(-245.,225.,-400.));
#13209=CARTESIAN_POINT('',(-245.,245.,-400.));
#13210=CARTESIAN_POINT('',(-245.,225.,400.));
#13211=CARTESIAN_POINT('',(-245.,225.,400.));
#13212=CARTESIAN_POINT('',(-245.,225.,400.));
#13213=CARTESIAN_POINT('',(-245.,245.,400.));
#13214=CARTESIAN_POINT('',(-245.,245.,400.));
#13215=CARTESIAN_POINT('',(-245.,225.,400.));
#13216=CARTESIAN_POINT('',(-235.,244.999999999999,160.));
#13217=CARTESIAN_POINT('',(-232.,244.999999999999,160.));
#13218=CARTESIAN_POINT('',(-245.,245.,-400.));
#13219=CARTESIAN_POINT('',(-225.,245.,-400.));
#13220=CARTESIAN_POINT('',(-245.,245.,400.));
#13221=CARTESIAN_POINT('',(-225.,245.,400.));
#13222=CARTESIAN_POINT('',(-225.,245.,400.));
#13223=CARTESIAN_POINT('',(-245.,245.,400.));
#13224=CARTESIAN_POINT('',(-225.,235.,140.));
#13225=CARTESIAN_POINT('',(-225.,235.,137.));
#13226=CARTESIAN_POINT('',(-225.,235.,330.));
#13227=CARTESIAN_POINT('',(-225.,235.,327.));
#13228=CARTESIAN_POINT('',(-225.,245.,-400.));
#13229=CARTESIAN_POINT('',(-225.,225.,-400.));
#13230=CARTESIAN_POINT('',(-225.,245.,400.));
#13231=CARTESIAN_POINT('',(-225.,225.,400.));
#13232=CARTESIAN_POINT('',(-225.,225.,400.));
#13233=CARTESIAN_POINT('',(-225.,245.,400.));
#13234=CARTESIAN_POINT('',(-235.,225.,160.));
#13235=CARTESIAN_POINT('',(-232.,225.,160.));
#13236=CARTESIAN_POINT('',(-225.,225.,-400.));
#13237=CARTESIAN_POINT('',(-225.,225.,400.));
#13238=CARTESIAN_POINT('',(-225.,225.,400.));
#13239=CARTESIAN_POINT('',(0.,0.,400.));
#13240=CARTESIAN_POINT('',(0.,0.,-400.));
#13241=CARTESIAN_POINT('',(-244.999999999999,235.,330.));
#13242=CARTESIAN_POINT('',(-244.999999999999,235.,330.));
#13243=CARTESIAN_POINT('',(-235.,244.999999999999,160.));
#13244=CARTESIAN_POINT('',(-235.,244.999999999999,160.));
#13245=CARTESIAN_POINT('',(-244.999999999999,235.,140.));
#13246=CARTESIAN_POINT('',(-244.999999999999,235.,140.));
#13247=CARTESIAN_POINT('',(-245.,-245.,-320.));
#13248=CARTESIAN_POINT('',(-245.,-245.,-320.));
#13249=CARTESIAN_POINT('',(-245.,-245.,-350.));
#13250=CARTESIAN_POINT('',(-245.,245.,-350.));
#13251=CARTESIAN_POINT('',(-245.,245.,-350.));
#13252=CARTESIAN_POINT('',(-245.,245.,-320.));
#13253=CARTESIAN_POINT('',(-245.,245.,-320.));
#13254=CARTESIAN_POINT('',(-245.,245.,-320.));
#13255=CARTESIAN_POINT('',(-245.,245.,-320.));
#13256=CARTESIAN_POINT('',(-245.,-245.,-350.));
#13257=CARTESIAN_POINT('',(-250.000000000001,-245.,-350.));
#13258=CARTESIAN_POINT('',(-250.,245.,-350.));
#13259=CARTESIAN_POINT('',(-250.,245.,-350.));
#13260=CARTESIAN_POINT('',(-245.,245.,-350.));
#13261=CARTESIAN_POINT('',(-245.,245.,-350.));
#13262=CARTESIAN_POINT('',(-250.000000000001,-245.,-350.));
#13263=CARTESIAN_POINT('',(-250.000000000001,-245.,-320.));
#13264=CARTESIAN_POINT('',(-250.,245.,-320.));
#13265=CARTESIAN_POINT('',(-250.,245.,-320.));
#13266=CARTESIAN_POINT('',(-250.,245.,-350.));
#13267=CARTESIAN_POINT('',(-250.,245.,-350.));
#13268=CARTESIAN_POINT('',(-250.000000000001,-245.,-320.));
#13269=CARTESIAN_POINT('',(-250.,245.,-320.));
#13270=CARTESIAN_POINT('',(-250.,245.,-320.));
#13271=CARTESIAN_POINT('',(2.87006564322718E-13,245.,0.));
#13272=CARTESIAN_POINT('',(-2.87006564322718E-13,-245.,0.));
#13273=CARTESIAN_POINT('',(-245.,-245.,80.0000000000001));
#13274=CARTESIAN_POINT('',(-245.,-245.,80.0000000000001));
#13275=CARTESIAN_POINT('',(-245.,-245.,50.0000000000003));
#13276=CARTESIAN_POINT('',(-245.,245.,50.0000000000003));
#13277=CARTESIAN_POINT('',(-245.,245.,50.0000000000003));
#13278=CARTESIAN_POINT('',(-245.,245.,80.0000000000001));
#13279=CARTESIAN_POINT('',(-245.,245.,80.0000000000001));
#13280=CARTESIAN_POINT('',(-245.,245.,80.0000000000001));
#13281=CARTESIAN_POINT('',(-245.,245.,80.0000000000001));
#13282=CARTESIAN_POINT('',(-245.,-245.,50.0000000000003));
#13283=CARTESIAN_POINT('',(-250.,-245.,50.0000000000003));
#13284=CARTESIAN_POINT('',(-250.,245.,50.0000000000003));
#13285=CARTESIAN_POINT('',(-250.,245.,50.0000000000003));
#13286=CARTESIAN_POINT('',(-245.,245.,50.0000000000003));
#13287=CARTESIAN_POINT('',(-245.,245.,50.0000000000003));
#13288=CARTESIAN_POINT('',(-250.,-245.,50.0000000000003));
#13289=CARTESIAN_POINT('',(-250.,-245.,80.0000000000001));
#13290=CARTESIAN_POINT('',(-250.,245.,80.0000000000001));
#13291=CARTESIAN_POINT('',(-250.,245.,80.0000000000001));
#13292=CARTESIAN_POINT('',(-250.,245.,50.0000000000003));
#13293=CARTESIAN_POINT('',(-250.,245.,50.0000000000003));
#13294=CARTESIAN_POINT('',(-250.,-245.,80.0000000000001));
#13295=CARTESIAN_POINT('',(-250.,245.,80.0000000000001));
#13296=CARTESIAN_POINT('',(-250.,245.,80.0000000000001));
#13297=CARTESIAN_POINT('',(2.87006564322718E-13,245.,0.));
#13298=CARTESIAN_POINT('',(-2.87006564322718E-13,-245.,0.));
#13299=CARTESIAN_POINT('',(-245.,245.,-320.));
#13300=CARTESIAN_POINT('',(-245.,245.,-320.));
#13301=CARTESIAN_POINT('',(-245.,245.,-350.));
#13302=CARTESIAN_POINT('',(245.,245.,-350.));
#13303=CARTESIAN_POINT('',(245.,245.,-350.));
#13304=CARTESIAN_POINT('',(245.,245.,-320.));
#13305=CARTESIAN_POINT('',(245.,245.,-320.));
#13306=CARTESIAN_POINT('',(245.,245.,-320.));
#13307=CARTESIAN_POINT('',(245.,245.,-320.));
#13308=CARTESIAN_POINT('',(-245.,245.,-350.));
#13309=CARTESIAN_POINT('',(-245.,250.,-350.));
#13310=CARTESIAN_POINT('',(245.,250.,-350.));
#13311=CARTESIAN_POINT('',(245.,250.,-350.));
#13312=CARTESIAN_POINT('',(245.,245.,-350.));
#13313=CARTESIAN_POINT('',(245.,245.,-350.));
#13314=CARTESIAN_POINT('',(-245.,250.,-350.));
#13315=CARTESIAN_POINT('',(-245.,250.,-320.));
#13316=CARTESIAN_POINT('',(245.,250.,-320.));
#13317=CARTESIAN_POINT('',(245.,250.,-320.));
#13318=CARTESIAN_POINT('',(245.,250.,-350.));
#13319=CARTESIAN_POINT('',(245.,250.,-350.));
#13320=CARTESIAN_POINT('',(-245.,250.,-320.));
#13321=CARTESIAN_POINT('',(245.,250.,-320.));
#13322=CARTESIAN_POINT('',(245.,250.,-320.));
#13323=CARTESIAN_POINT('',(245.,0.,0.));
#13324=CARTESIAN_POINT('',(-245.,0.,0.));
#13325=CARTESIAN_POINT('',(-243.,-235.,160.));
#13326=CARTESIAN_POINT('',(-243.,-235.,163.));
#13327=CARTESIAN_POINT('',(-243.,-235.,350.));
#13328=CARTESIAN_POINT('',(-243.,-235.,353.));
#13329=CARTESIAN_POINT('',(-243.,0.,-398.));
#13330=CARTESIAN_POINT('',(-243.,-243.,-398.));
#13331=CARTESIAN_POINT('',(-243.,-227.,-398.));
#13332=CARTESIAN_POINT('',(-243.,-227.,400.));
#13333=CARTESIAN_POINT('',(-243.,-227.,398.));
#13334=CARTESIAN_POINT('',(-243.,0.,398.));
#13335=CARTESIAN_POINT('',(-243.,-243.,398.));
#13336=CARTESIAN_POINT('',(-243.,-243.,400.));
#13337=CARTESIAN_POINT('',(-243.,-245.,400.));
#13338=CARTESIAN_POINT('',(-234.999999999999,-227.,140.));
#13339=CARTESIAN_POINT('',(-237.999999999999,-227.,140.));
#13340=CARTESIAN_POINT('',(-234.999999999999,-227.,330.));
#13341=CARTESIAN_POINT('',(-237.999999999999,-227.,330.));
#13342=CARTESIAN_POINT('',(-1.26010313294958E-12,-227.000000000001,-398.));
#13343=CARTESIAN_POINT('',(-227.,-227.,-398.));
#13344=CARTESIAN_POINT('',(-227.,-227.,400.));
#13345=CARTESIAN_POINT('',(-227.,-227.,398.));
#13346=CARTESIAN_POINT('',(-1.26010313294958E-12,-227.000000000001,398.));
#13347=CARTESIAN_POINT('',(-245.,-227.,400.));
#13348=CARTESIAN_POINT('',(-227.,-235.,160.));
#13349=CARTESIAN_POINT('',(-227.,-235.,157.));
#13350=CARTESIAN_POINT('',(-227.,-235.,350.));
#13351=CARTESIAN_POINT('',(-227.,-235.,347.));
#13352=CARTESIAN_POINT('',(-227.,0.,-398.));
#13353=CARTESIAN_POINT('',(-227.,-243.,-398.));
#13354=CARTESIAN_POINT('',(-227.,-243.,400.));
#13355=CARTESIAN_POINT('',(-227.,-243.,398.));
#13356=CARTESIAN_POINT('',(-227.,0.,398.));
#13357=CARTESIAN_POINT('',(-227.,-225.,400.));
#13358=CARTESIAN_POINT('',(-234.999999999999,-243.,140.));
#13359=CARTESIAN_POINT('',(-231.999999999999,-243.,140.));
#13360=CARTESIAN_POINT('',(-234.999999999999,-243.,330.));
#13361=CARTESIAN_POINT('',(-231.999999999999,-243.,330.));
#13362=CARTESIAN_POINT('',(6.74460487459789E-13,-242.999999999999,-398.));
#13363=CARTESIAN_POINT('',(6.74460487459789E-13,-242.999999999999,398.));
#13364=CARTESIAN_POINT('',(-225.,-243.,400.));
#13365=CARTESIAN_POINT('',(0.,0.,398.));
#13366=CARTESIAN_POINT('',(0.,0.,-398.));
#13367=CARTESIAN_POINT('',(-225.,-235.,350.));
#13368=CARTESIAN_POINT('',(-225.,-235.,347.));
#13369=CARTESIAN_POINT('',(-244.999999999999,-235.,350.));
#13370=CARTESIAN_POINT('',(-244.999999999999,-235.,350.));
#13371=CARTESIAN_POINT('',(-244.999999999999,-235.,347.));
#13372=CARTESIAN_POINT('',(-244.999999999999,-235.,350.));
#13373=CARTESIAN_POINT('',(-244.999999999999,-235.,160.));
#13374=CARTESIAN_POINT('',(-244.999999999999,-235.,157.));
#13375=CARTESIAN_POINT('',(-245.,-245.,-400.));
#13376=CARTESIAN_POINT('',(-245.,-245.,-400.));
#13377=CARTESIAN_POINT('',(-245.,-225.,-400.));
#13378=CARTESIAN_POINT('',(-245.,-245.,400.));
#13379=CARTESIAN_POINT('',(-245.,-245.,400.));
#13380=CARTESIAN_POINT('',(-245.,-245.,400.));
#13381=CARTESIAN_POINT('',(-245.,-225.,400.));
#13382=CARTESIAN_POINT('',(-245.,-225.,400.));
#13383=CARTESIAN_POINT('',(-245.,-245.,400.));
#13384=CARTESIAN_POINT('',(-234.999999999999,-225.,140.));
#13385=CARTESIAN_POINT('',(-237.999999999999,-225.,140.));
#13386=CARTESIAN_POINT('',(-234.999999999999,-225.,330.));
#13387=CARTESIAN_POINT('',(-237.999999999999,-225.,330.));
#13388=CARTESIAN_POINT('',(-245.,-225.,-400.));
#13389=CARTESIAN_POINT('',(-225.,-225.,-400.));
#13390=CARTESIAN_POINT('',(-245.,-225.,400.));
#13391=CARTESIAN_POINT('',(-225.,-225.,400.));
#13392=CARTESIAN_POINT('',(-225.,-225.,400.));
#13393=CARTESIAN_POINT('',(-245.,-225.,400.));
#13394=CARTESIAN_POINT('',(-225.,-235.,160.));
#13395=CARTESIAN_POINT('',(-225.,-235.,157.));
#13396=CARTESIAN_POINT('',(-225.,-225.,-400.));
#13397=CARTESIAN_POINT('',(-225.,-245.,-400.));
#13398=CARTESIAN_POINT('',(-225.,-225.,400.));
#13399=CARTESIAN_POINT('',(-225.,-245.,400.));
#13400=CARTESIAN_POINT('',(-225.,-245.,400.));
#13401=CARTESIAN_POINT('',(-225.,-225.,400.));
#13402=CARTESIAN_POINT('',(-234.999999999999,-245.,140.));
#13403=CARTESIAN_POINT('',(-237.999999999999,-245.,140.));
#13404=CARTESIAN_POINT('',(-234.999999999999,-245.,330.));
#13405=CARTESIAN_POINT('',(-237.999999999999,-245.,330.));
#13406=CARTESIAN_POINT('',(-225.,-245.,-400.));
#13407=CARTESIAN_POINT('',(-225.,-245.,400.));
#13408=CARTESIAN_POINT('',(-225.,-245.,400.));
#13409=CARTESIAN_POINT('',(0.,0.,400.));
#13410=CARTESIAN_POINT('',(0.,0.,-400.));
#13411=CARTESIAN_POINT('',(-234.999999999999,-245.,330.));
#13412=CARTESIAN_POINT('',(-234.999999999999,-245.,330.));
#13413=CARTESIAN_POINT('',(-244.999999999999,-235.,160.));
#13414=CARTESIAN_POINT('',(-244.999999999999,-235.,160.));
#13415=CARTESIAN_POINT('',(-234.999999999999,-245.,140.));
#13416=CARTESIAN_POINT('',(-234.999999999999,-245.,140.));
#13417=CARTESIAN_POINT('',(-245.,245.,400.));
#13418=CARTESIAN_POINT('',(-245.,245.,400.));
#13419=CARTESIAN_POINT('',(-245.,245.,370.));
#13420=CARTESIAN_POINT('',(245.,245.,370.));
#13421=CARTESIAN_POINT('',(245.,245.,370.));
#13422=CARTESIAN_POINT('',(245.,245.,400.));
#13423=CARTESIAN_POINT('',(245.,245.,400.));
#13424=CARTESIAN_POINT('',(245.,245.,400.));
#13425=CARTESIAN_POINT('',(245.,245.,400.));
#13426=CARTESIAN_POINT('',(-245.,245.,370.));
#13427=CARTESIAN_POINT('',(-245.,250.,370.));
#13428=CARTESIAN_POINT('',(245.,250.,370.));
#13429=CARTESIAN_POINT('',(245.,250.,370.));
#13430=CARTESIAN_POINT('',(245.,245.,370.));
#13431=CARTESIAN_POINT('',(245.,245.,370.));
#13432=CARTESIAN_POINT('',(-245.,250.,370.));
#13433=CARTESIAN_POINT('',(-245.,250.,400.));
#13434=CARTESIAN_POINT('',(245.,250.,400.));
#13435=CARTESIAN_POINT('',(245.,250.,400.));
#13436=CARTESIAN_POINT('',(245.,250.,370.));
#13437=CARTESIAN_POINT('',(245.,250.,370.));
#13438=CARTESIAN_POINT('',(-245.,250.,400.));
#13439=CARTESIAN_POINT('',(245.,250.,400.));
#13440=CARTESIAN_POINT('',(245.,250.,400.));
#13441=CARTESIAN_POINT('',(245.,0.,0.));
#13442=CARTESIAN_POINT('',(-245.,0.,0.));
#13443=CARTESIAN_POINT('',(250.,0.,55.0000000000001));
#13444=CARTESIAN_POINT('',(250.,-1.5,55.0000000000001));
#13445=CARTESIAN_POINT('',(249.999999999999,-245.,80.0000000000001));
#13446=CARTESIAN_POINT('',(249.999999999999,-245.,80.0000000000001));
#13447=CARTESIAN_POINT('',(249.999999999999,-245.,50.0000000000001));
#13448=CARTESIAN_POINT('',(250.,245.,50.0000000000001));
#13449=CARTESIAN_POINT('',(250.,245.,50.0000000000001));
#13450=CARTESIAN_POINT('',(250.,245.,80.0000000000001));
#13451=CARTESIAN_POINT('',(250.,245.,80.0000000000001));
#13452=CARTESIAN_POINT('',(250.,245.,80.0000000000001));
#13453=CARTESIAN_POINT('',(250.,245.,80.0000000000001));
#13454=CARTESIAN_POINT('',(249.999999999999,-245.,50.0000000000001));
#13455=CARTESIAN_POINT('',(244.999999999999,-245.,50.0000000000001));
#13456=CARTESIAN_POINT('',(245.,245.,50.0000000000001));
#13457=CARTESIAN_POINT('',(245.,245.,50.0000000000001));
#13458=CARTESIAN_POINT('',(250.,245.,50.0000000000001));
#13459=CARTESIAN_POINT('',(250.,245.,50.0000000000001));
#13460=CARTESIAN_POINT('',(244.999999999999,-245.,50.0000000000001));
#13461=CARTESIAN_POINT('',(245.,-245.,80.0000000000001));
#13462=CARTESIAN_POINT('',(245.,245.,80.0000000000001));
#13463=CARTESIAN_POINT('',(245.,245.,80.0000000000001));
#13464=CARTESIAN_POINT('',(245.,245.,50.0000000000001));
#13465=CARTESIAN_POINT('',(245.,245.,50.0000000000001));
#13466=CARTESIAN_POINT('',(245.,-245.,80.0000000000001));
#13467=CARTESIAN_POINT('',(245.,245.,80.0000000000001));
#13468=CARTESIAN_POINT('',(245.,245.,80.0000000000001));
#13469=CARTESIAN_POINT('',(2.87006564322718E-13,245.,0.));
#13470=CARTESIAN_POINT('',(-2.87006564322718E-13,-245.,0.));
#13471=CARTESIAN_POINT('',(260.,0.,55.0000000000001));
#13472=CARTESIAN_POINT('',(260.,-1.5,55.0000000000001));
#13473=CARTESIAN_POINT('',(260.,245.,80.0000000000001));
#13474=CARTESIAN_POINT('',(2339.99999999999,0.,55.0000000000001));
#13475=CARTESIAN_POINT('',(-245.,-250.,-320.));
#13476=CARTESIAN_POINT('',(-245.,-250.,-320.));
#13477=CARTESIAN_POINT('',(-245.,-250.,-350.));
#13478=CARTESIAN_POINT('',(245.,-250.,-350.));
#13479=CARTESIAN_POINT('',(245.,-250.,-350.));
#13480=CARTESIAN_POINT('',(245.,-250.,-320.));
#13481=CARTESIAN_POINT('',(245.,-250.,-320.));
#13482=CARTESIAN_POINT('',(245.,-250.,-320.));
#13483=CARTESIAN_POINT('',(245.,-250.,-320.));
#13484=CARTESIAN_POINT('',(-245.,-250.,-350.));
#13485=CARTESIAN_POINT('',(-245.,-245.,-350.));
#13486=CARTESIAN_POINT('',(245.,-245.,-350.));
#13487=CARTESIAN_POINT('',(245.,-245.,-350.));
#13488=CARTESIAN_POINT('',(245.,-250.,-350.));
#13489=CARTESIAN_POINT('',(245.,-250.,-350.));
#13490=CARTESIAN_POINT('',(-245.,-245.,-350.));
#13491=CARTESIAN_POINT('',(-245.,-245.,-320.));
#13492=CARTESIAN_POINT('',(245.,-245.,-320.));
#13493=CARTESIAN_POINT('',(245.,-245.,-320.));
#13494=CARTESIAN_POINT('',(245.,-245.,-350.));
#13495=CARTESIAN_POINT('',(245.,-245.,-350.));
#13496=CARTESIAN_POINT('',(-245.,-245.,-320.));
#13497=CARTESIAN_POINT('',(245.,-245.,-320.));
#13498=CARTESIAN_POINT('',(245.,-245.,-320.));
#13499=CARTESIAN_POINT('',(245.,0.,0.));
#13500=CARTESIAN_POINT('',(-245.,0.,0.));
#13501=CARTESIAN_POINT('',(249.999999999999,-245.,-320.));
#13502=CARTESIAN_POINT('',(249.999999999999,-245.,-320.));
#13503=CARTESIAN_POINT('',(249.999999999999,-245.,-350.));
#13504=CARTESIAN_POINT('',(250.,245.,-350.));
#13505=CARTESIAN_POINT('',(250.,245.,-350.));
#13506=CARTESIAN_POINT('',(250.,245.,-320.));
#13507=CARTESIAN_POINT('',(250.,245.,-320.));
#13508=CARTESIAN_POINT('',(250.,245.,-320.));
#13509=CARTESIAN_POINT('',(250.,245.,-320.));
#13510=CARTESIAN_POINT('',(249.999999999999,-245.,-350.));
#13511=CARTESIAN_POINT('',(245.,-245.,-350.));
#13512=CARTESIAN_POINT('',(245.,245.,-350.));
#13513=CARTESIAN_POINT('',(245.,245.,-350.));
#13514=CARTESIAN_POINT('',(250.,245.,-350.));
#13515=CARTESIAN_POINT('',(250.,245.,-350.));
#13516=CARTESIAN_POINT('',(245.,-245.,-350.));
#13517=CARTESIAN_POINT('',(245.,-245.,-320.));
#13518=CARTESIAN_POINT('',(245.,245.,-320.));
#13519=CARTESIAN_POINT('',(245.,245.,-320.));
#13520=CARTESIAN_POINT('',(245.,245.,-350.));
#13521=CARTESIAN_POINT('',(245.,245.,-350.));
#13522=CARTESIAN_POINT('',(245.,-245.,-320.));
#13523=CARTESIAN_POINT('',(245.,245.,-320.));
#13524=CARTESIAN_POINT('',(245.,245.,-320.));
#13525=CARTESIAN_POINT('',(2.87006564322718E-13,245.,0.));
#13526=CARTESIAN_POINT('',(-2.87006564322718E-13,-245.,0.));
#13527=CARTESIAN_POINT('',(227.,223.,0.));
#13528=CARTESIAN_POINT('',(227.,223.,-17.9999999999999));
#13529=CARTESIAN_POINT('',(227.,223.,-2.));
#13530=CARTESIAN_POINT('',(227.,-225.,-2.));
#13531=CARTESIAN_POINT('',(227.,-223.,-2.));
#13532=CARTESIAN_POINT('',(227.,-223.,0.));
#13533=CARTESIAN_POINT('',(227.,-223.,-17.9999999999999));
#13534=CARTESIAN_POINT('',(227.,-225.,-17.9999999999999));
#13535=CARTESIAN_POINT('',(227.,-225.,-19.9999999999999));
#13536=CARTESIAN_POINT('',(235.,115.,-2.));
#13537=CARTESIAN_POINT('',(238.,115.,-2.));
#13538=CARTESIAN_POINT('',(235.,-115.,-2.));
#13539=CARTESIAN_POINT('',(238.,-115.,-2.));
#13540=CARTESIAN_POINT('',(0.,223.,-2.));
#13541=CARTESIAN_POINT('',(243.,223.,-2.));
#13542=CARTESIAN_POINT('',(243.,-225.,-2.));
#13543=CARTESIAN_POINT('',(243.,-223.,-2.));
#13544=CARTESIAN_POINT('',(0.,-223.,-2.));
#13545=CARTESIAN_POINT('',(225.,-225.,-2.));
#13546=CARTESIAN_POINT('',(243.,223.,0.));
#13547=CARTESIAN_POINT('',(243.,223.,-17.9999999999999));
#13548=CARTESIAN_POINT('',(243.,-225.,-17.9999999999999));
#13549=CARTESIAN_POINT('',(243.,-223.,-17.9999999999999));
#13550=CARTESIAN_POINT('',(243.,-223.,0.));
#13551=CARTESIAN_POINT('',(243.,-225.,0.));
#13552=CARTESIAN_POINT('',(235.,115.,-17.9999999999999));
#13553=CARTESIAN_POINT('',(232.,115.,-17.9999999999999));
#13554=CARTESIAN_POINT('',(235.,-115.,-17.9999999999999));
#13555=CARTESIAN_POINT('',(232.,-115.,-17.9999999999999));
#13556=CARTESIAN_POINT('',(6.24500451351653E-15,223.,-18.));
#13557=CARTESIAN_POINT('',(6.24500451351653E-15,-223.,-18.));
#13558=CARTESIAN_POINT('',(245.,-225.,-17.9999999999999));
#13559=CARTESIAN_POINT('',(0.,-223.,0.));
#13560=CARTESIAN_POINT('',(0.,223.,0.));
#13561=CARTESIAN_POINT('',(235.,-115.,-19.9999999999999));
#13562=CARTESIAN_POINT('',(232.,-115.,-19.9999999999999));
#13563=CARTESIAN_POINT('',(235.,-115.,0.));
#13564=CARTESIAN_POINT('',(235.,-115.,0.));
#13565=CARTESIAN_POINT('',(232.,-115.,0.));
#13566=CARTESIAN_POINT('',(235.,-115.,0.));
#13567=CARTESIAN_POINT('',(225.,225.,-19.9999999999999));
#13568=CARTESIAN_POINT('',(225.,225.,-19.9999999999999));
#13569=CARTESIAN_POINT('',(225.,225.,0.));
#13570=CARTESIAN_POINT('',(225.,-225.,-19.9999999999999));
#13571=CARTESIAN_POINT('',(225.,-225.,-19.9999999999999));
#13572=CARTESIAN_POINT('',(225.,-225.,-19.9999999999999));
#13573=CARTESIAN_POINT('',(225.,-225.,0.));
#13574=CARTESIAN_POINT('',(225.,-225.,0.));
#13575=CARTESIAN_POINT('',(225.,-225.,-19.9999999999999));
#13576=CARTESIAN_POINT('',(235.,115.,0.));
#13577=CARTESIAN_POINT('',(232.,115.,0.));
#13578=CARTESIAN_POINT('',(225.,225.,0.));
#13579=CARTESIAN_POINT('',(245.,225.,0.));
#13580=CARTESIAN_POINT('',(225.,-225.,0.));
#13581=CARTESIAN_POINT('',(245.,-225.,0.));
#13582=CARTESIAN_POINT('',(245.,-225.,0.));
#13583=CARTESIAN_POINT('',(225.,-225.,0.));
#13584=CARTESIAN_POINT('',(245.,225.,0.));
#13585=CARTESIAN_POINT('',(245.,225.,-19.9999999999999));
#13586=CARTESIAN_POINT('',(245.,-225.,0.));
#13587=CARTESIAN_POINT('',(245.,-225.,-19.9999999999999));
#13588=CARTESIAN_POINT('',(245.,-225.,-19.9999999999999));
#13589=CARTESIAN_POINT('',(245.,-225.,0.));
#13590=CARTESIAN_POINT('',(235.,115.,-19.9999999999999));
#13591=CARTESIAN_POINT('',(232.,115.,-19.9999999999999));
#13592=CARTESIAN_POINT('',(245.,225.,-19.9999999999999));
#13593=CARTESIAN_POINT('',(245.,-225.,-19.9999999999999));
#13594=CARTESIAN_POINT('',(245.,-225.,-19.9999999999999));
#13595=CARTESIAN_POINT('',(0.,-225.,0.));
#13596=CARTESIAN_POINT('',(0.,225.,0.));
#13597=CARTESIAN_POINT('',(235.,115.,0.));
#13598=CARTESIAN_POINT('',(235.,115.,0.));
#13599=CARTESIAN_POINT('',(-245.,-250.,400.));
#13600=CARTESIAN_POINT('',(-245.,-250.,400.));
#13601=CARTESIAN_POINT('',(-245.,-250.,370.));
#13602=CARTESIAN_POINT('',(245.,-250.,370.));
#13603=CARTESIAN_POINT('',(245.,-250.,370.));
#13604=CARTESIAN_POINT('',(245.,-250.,400.));
#13605=CARTESIAN_POINT('',(245.,-250.,400.));
#13606=CARTESIAN_POINT('',(245.,-250.,400.));
#13607=CARTESIAN_POINT('',(245.,-250.,400.));
#13608=CARTESIAN_POINT('',(-245.,-250.,370.));
#13609=CARTESIAN_POINT('',(-245.,-245.,370.));
#13610=CARTESIAN_POINT('',(245.,-245.,370.));
#13611=CARTESIAN_POINT('',(245.,-245.,370.));
#13612=CARTESIAN_POINT('',(245.,-250.,370.));
#13613=CARTESIAN_POINT('',(245.,-250.,370.));
#13614=CARTESIAN_POINT('',(-245.,-245.,370.));
#13615=CARTESIAN_POINT('',(-245.,-245.,400.));
#13616=CARTESIAN_POINT('',(245.,-245.,400.));
#13617=CARTESIAN_POINT('',(245.,-245.,400.));
#13618=CARTESIAN_POINT('',(245.,-245.,370.));
#13619=CARTESIAN_POINT('',(245.,-245.,370.));
#13620=CARTESIAN_POINT('',(-245.,-245.,400.));
#13621=CARTESIAN_POINT('',(245.,-245.,400.));
#13622=CARTESIAN_POINT('',(245.,-245.,400.));
#13623=CARTESIAN_POINT('',(245.,0.,0.));
#13624=CARTESIAN_POINT('',(-245.,0.,0.));
#13625=CARTESIAN_POINT('',(-243.,223.,0.));
#13626=CARTESIAN_POINT('',(-243.,223.,-2.));
#13627=CARTESIAN_POINT('',(-243.,223.,-18.));
#13628=CARTESIAN_POINT('',(-243.,-225.,-2.));
#13629=CARTESIAN_POINT('',(-243.,-223.,-2.));
#13630=CARTESIAN_POINT('',(-243.,-223.,0.));
#13631=CARTESIAN_POINT('',(-243.,-223.,-18.));
#13632=CARTESIAN_POINT('',(-243.,-225.,-18.));
#13633=CARTESIAN_POINT('',(-243.,-225.,0.));
#13634=CARTESIAN_POINT('',(-235.,-115.,-18.));
#13635=CARTESIAN_POINT('',(-232.,-115.,-18.));
#13636=CARTESIAN_POINT('',(-235.,115.,-18.));
#13637=CARTESIAN_POINT('',(-232.,115.,-18.));
#13638=CARTESIAN_POINT('',(-245.,223.,-18.));
#13639=CARTESIAN_POINT('',(-227.,223.,-18.));
#13640=CARTESIAN_POINT('',(-245.,-223.,-18.));
#13641=CARTESIAN_POINT('',(-227.,-223.,-18.));
#13642=CARTESIAN_POINT('',(-227.,-225.,-18.));
#13643=CARTESIAN_POINT('',(-245.,-225.,-18.));
#13644=CARTESIAN_POINT('',(-227.,223.,-20.));
#13645=CARTESIAN_POINT('',(-227.,223.,-2.));
#13646=CARTESIAN_POINT('',(-227.,-223.,-20.));
#13647=CARTESIAN_POINT('',(-227.,-223.,-2.));
#13648=CARTESIAN_POINT('',(-227.,-225.,-2.));
#13649=CARTESIAN_POINT('',(-227.,-225.,-20.));
#13650=CARTESIAN_POINT('',(-235.,-115.,-2.));
#13651=CARTESIAN_POINT('',(-238.,-115.,-2.));
#13652=CARTESIAN_POINT('',(-235.,115.,-2.));
#13653=CARTESIAN_POINT('',(-238.,115.,-2.));
#13654=CARTESIAN_POINT('',(-225.,223.,-2.));
#13655=CARTESIAN_POINT('',(-225.,-223.,-2.));
#13656=CARTESIAN_POINT('',(-225.,-225.,-2.));
#13657=CARTESIAN_POINT('',(0.,-223.,0.));
#13658=CARTESIAN_POINT('',(0.,223.,0.));
#13659=CARTESIAN_POINT('',(-235.,115.,0.));
#13660=CARTESIAN_POINT('',(-238.,115.,0.));
#13661=CARTESIAN_POINT('',(-235.,115.,0.));
#13662=CARTESIAN_POINT('',(-235.,115.,-20.));
#13663=CARTESIAN_POINT('',(-232.,115.,-20.));
#13664=CARTESIAN_POINT('',(-235.,115.,0.));
#13665=CARTESIAN_POINT('',(-245.,225.,0.));
#13666=CARTESIAN_POINT('',(-245.,225.,0.));
#13667=CARTESIAN_POINT('',(-245.,225.,-20.));
#13668=CARTESIAN_POINT('',(-245.,-225.,-20.));
#13669=CARTESIAN_POINT('',(-245.,-225.,-20.));
#13670=CARTESIAN_POINT('',(-245.,-225.,0.));
#13671=CARTESIAN_POINT('',(-245.,-225.,0.));
#13672=CARTESIAN_POINT('',(-245.,-225.,0.));
#13673=CARTESIAN_POINT('',(-245.,-225.,0.));
#13674=CARTESIAN_POINT('',(-235.,-115.,-20.));
#13675=CARTESIAN_POINT('',(-232.,-115.,-20.));
#13676=CARTESIAN_POINT('',(-245.,225.,-20.));
#13677=CARTESIAN_POINT('',(-225.,225.,-20.));
#13678=CARTESIAN_POINT('',(-225.,-225.,-20.));
#13679=CARTESIAN_POINT('',(-225.,-225.,-20.));
#13680=CARTESIAN_POINT('',(-245.,-225.,-20.));
#13681=CARTESIAN_POINT('',(-245.,-225.,-20.));
#13682=CARTESIAN_POINT('',(-225.,225.,-20.));
#13683=CARTESIAN_POINT('',(-225.,225.,0.));
#13684=CARTESIAN_POINT('',(-225.,-225.,0.));
#13685=CARTESIAN_POINT('',(-225.,-225.,0.));
#13686=CARTESIAN_POINT('',(-225.,-225.,-20.));
#13687=CARTESIAN_POINT('',(-225.,-225.,-20.));
#13688=CARTESIAN_POINT('',(-235.,-115.,0.));
#13689=CARTESIAN_POINT('',(-238.,-115.,0.));
#13690=CARTESIAN_POINT('',(-225.,225.,0.));
#13691=CARTESIAN_POINT('',(-225.,-225.,0.));
#13692=CARTESIAN_POINT('',(-225.,-225.,0.));
#13693=CARTESIAN_POINT('',(0.,-225.,0.));
#13694=CARTESIAN_POINT('',(0.,225.,0.));
#13695=CARTESIAN_POINT('',(-235.,-115.,0.));
#13696=CARTESIAN_POINT('',(-235.,-115.,0.));
#13697=CARTESIAN_POINT('',(250.,-245.,400.));
#13698=CARTESIAN_POINT('',(250.,-245.,400.));
#13699=CARTESIAN_POINT('',(250.,-245.,370.));
#13700=CARTESIAN_POINT('',(250.,245.,370.));
#13701=CARTESIAN_POINT('',(250.,245.,370.));
#13702=CARTESIAN_POINT('',(250.,245.,400.));
#13703=CARTESIAN_POINT('',(250.,245.,400.));
#13704=CARTESIAN_POINT('',(250.,245.,400.));
#13705=CARTESIAN_POINT('',(250.,245.,400.));
#13706=CARTESIAN_POINT('',(250.,-245.,370.));
#13707=CARTESIAN_POINT('',(245.,-245.,370.));
#13708=CARTESIAN_POINT('',(245.,245.,370.));
#13709=CARTESIAN_POINT('',(245.,245.,370.));
#13710=CARTESIAN_POINT('',(250.,245.,370.));
#13711=CARTESIAN_POINT('',(250.,245.,370.));
#13712=CARTESIAN_POINT('',(245.,-245.,370.));
#13713=CARTESIAN_POINT('',(245.,-245.,400.));
#13714=CARTESIAN_POINT('',(245.,245.,400.));
#13715=CARTESIAN_POINT('',(245.,245.,400.));
#13716=CARTESIAN_POINT('',(245.,245.,370.));
#13717=CARTESIAN_POINT('',(245.,245.,370.));
#13718=CARTESIAN_POINT('',(245.,-245.,400.));
#13719=CARTESIAN_POINT('',(245.,245.,400.));
#13720=CARTESIAN_POINT('',(245.,245.,400.));
#13721=CARTESIAN_POINT('',(2.87006564322718E-13,245.,0.));
#13722=CARTESIAN_POINT('',(-2.87006564322718E-13,-245.,0.));
#13723=CARTESIAN_POINT('',(-223.,-243.,1.21569421196455E-13));
#13724=CARTESIAN_POINT('',(-223.,-243.,-1.99999999999988));
#13725=CARTESIAN_POINT('',(-223.,-243.,-17.9999999999999));
#13726=CARTESIAN_POINT('',(225.,-243.,-1.99999999999988));
#13727=CARTESIAN_POINT('',(223.,-243.,-1.99999999999988));
#13728=CARTESIAN_POINT('',(223.,-243.,1.21569421196455E-13));
#13729=CARTESIAN_POINT('',(223.,-243.,-17.9999999999999));
#13730=CARTESIAN_POINT('',(225.,-243.,-17.9999999999999));
#13731=CARTESIAN_POINT('',(225.,-243.,1.21569421196455E-13));
#13732=CARTESIAN_POINT('',(115.,-235.000000000001,-17.9999999999999));
#13733=CARTESIAN_POINT('',(115.,-238.000000000001,-17.9999999999999));
#13734=CARTESIAN_POINT('',(-115.,-235.000000000001,-17.9999999999999));
#13735=CARTESIAN_POINT('',(-115.,-238.000000000001,-17.9999999999999));
#13736=CARTESIAN_POINT('',(-223.,-245.,-17.9999999999999));
#13737=CARTESIAN_POINT('',(-223.,-227.,-17.9999999999999));
#13738=CARTESIAN_POINT('',(223.,-245.,-17.9999999999999));
#13739=CARTESIAN_POINT('',(223.,-227.,-17.9999999999999));
#13740=CARTESIAN_POINT('',(225.,-227.,-17.9999999999999));
#13741=CARTESIAN_POINT('',(225.,-245.,-17.9999999999999));
#13742=CARTESIAN_POINT('',(-223.,-227.,-19.9999999999999));
#13743=CARTESIAN_POINT('',(-223.,-227.,-1.99999999999988));
#13744=CARTESIAN_POINT('',(223.,-227.,-19.9999999999999));
#13745=CARTESIAN_POINT('',(223.,-227.,-1.99999999999988));
#13746=CARTESIAN_POINT('',(225.,-227.,-1.99999999999988));
#13747=CARTESIAN_POINT('',(225.,-227.,-19.9999999999999));
#13748=CARTESIAN_POINT('',(115.,-235.000000000001,-1.99999999999988));
#13749=CARTESIAN_POINT('',(112.,-235.000000000001,-1.99999999999988));
#13750=CARTESIAN_POINT('',(-115.,-235.000000000001,-1.99999999999988));
#13751=CARTESIAN_POINT('',(-118.,-235.000000000001,-1.99999999999988));
#13752=CARTESIAN_POINT('',(-223.,-225.,-1.99999999999988));
#13753=CARTESIAN_POINT('',(223.,-225.,-1.99999999999988));
#13754=CARTESIAN_POINT('',(225.,-225.,-1.99999999999988));
#13755=CARTESIAN_POINT('',(223.,0.,0.));
#13756=CARTESIAN_POINT('',(-223.,0.,0.));
#13757=CARTESIAN_POINT('',(-115.,-235.000000000001,0.));
#13758=CARTESIAN_POINT('',(-118.,-235.000000000001,0.));
#13759=CARTESIAN_POINT('',(-115.,-235.000000000001,0.));
#13760=CARTESIAN_POINT('',(-115.,-235.000000000001,-19.9999999999999));
#13761=CARTESIAN_POINT('',(-115.,-238.000000000001,-19.9999999999999));
#13762=CARTESIAN_POINT('',(-115.,-235.000000000001,0.));
#13763=CARTESIAN_POINT('',(-225.,-245.,1.24344978758018E-13));
#13764=CARTESIAN_POINT('',(-225.,-245.,1.24344978758018E-13));
#13765=CARTESIAN_POINT('',(-225.,-245.,-19.9999999999999));
#13766=CARTESIAN_POINT('',(225.,-245.,-19.9999999999999));
#13767=CARTESIAN_POINT('',(225.,-245.,-19.9999999999999));
#13768=CARTESIAN_POINT('',(225.,-245.,1.24344978758018E-13));
#13769=CARTESIAN_POINT('',(225.,-245.,1.24344978758018E-13));
#13770=CARTESIAN_POINT('',(225.,-245.,1.24344978758018E-13));
#13771=CARTESIAN_POINT('',(225.,-245.,1.24344978758018E-13));
#13772=CARTESIAN_POINT('',(115.,-235.000000000001,-19.9999999999999));
#13773=CARTESIAN_POINT('',(115.,-238.000000000001,-19.9999999999999));
#13774=CARTESIAN_POINT('',(-225.,-245.,-19.9999999999999));
#13775=CARTESIAN_POINT('',(-225.,-225.,-19.9999999999999));
#13776=CARTESIAN_POINT('',(225.,-225.,-19.9999999999999));
#13777=CARTESIAN_POINT('',(225.,-225.,-19.9999999999999));
#13778=CARTESIAN_POINT('',(225.,-245.,-19.9999999999999));
#13779=CARTESIAN_POINT('',(225.,-245.,-19.9999999999999));
#13780=CARTESIAN_POINT('',(-225.,-225.,-19.9999999999999));
#13781=CARTESIAN_POINT('',(-225.,-225.,1.2490009027033E-13));
#13782=CARTESIAN_POINT('',(225.,-225.,1.2490009027033E-13));
#13783=CARTESIAN_POINT('',(225.,-225.,1.2490009027033E-13));
#13784=CARTESIAN_POINT('',(225.,-225.,-19.9999999999999));
#13785=CARTESIAN_POINT('',(225.,-225.,-19.9999999999999));
#13786=CARTESIAN_POINT('',(115.,-235.000000000001,0.));
#13787=CARTESIAN_POINT('',(112.,-235.000000000001,0.));
#13788=CARTESIAN_POINT('',(-225.,-225.,1.24344978758018E-13));
#13789=CARTESIAN_POINT('',(225.,-225.,1.24344978758018E-13));
#13790=CARTESIAN_POINT('',(225.,-225.,1.24344978758018E-13));
#13791=CARTESIAN_POINT('',(225.,0.,0.));
#13792=CARTESIAN_POINT('',(-225.,0.,0.));
#13793=CARTESIAN_POINT('',(115.,-235.000000000001,0.));
#13794=CARTESIAN_POINT('',(115.,-235.000000000001,0.));
#13795=CARTESIAN_POINT('',(227.,235.,160.));
#13796=CARTESIAN_POINT('',(227.,232.,160.));
#13797=CARTESIAN_POINT('',(227.,235.,350.));
#13798=CARTESIAN_POINT('',(227.,232.,350.));
#13799=CARTESIAN_POINT('',(227.,3.15025783237392E-13,-398.));
#13800=CARTESIAN_POINT('',(227.,227.,-398.));
#13801=CARTESIAN_POINT('',(227.,243.,-398.));
#13802=CARTESIAN_POINT('',(227.,243.,400.));
#13803=CARTESIAN_POINT('',(227.,243.,398.));
#13804=CARTESIAN_POINT('',(227.,3.15025783237392E-13,398.));
#13805=CARTESIAN_POINT('',(227.,227.,398.));
#13806=CARTESIAN_POINT('',(227.,227.,400.));
#13807=CARTESIAN_POINT('',(227.,225.,400.));
#13808=CARTESIAN_POINT('',(235.,243.,140.));
#13809=CARTESIAN_POINT('',(235.,243.,143.));
#13810=CARTESIAN_POINT('',(235.,243.,330.));
#13811=CARTESIAN_POINT('',(235.,243.,333.));
#13812=CARTESIAN_POINT('',(0.,243.,-398.));
#13813=CARTESIAN_POINT('',(243.,243.,-398.));
#13814=CARTESIAN_POINT('',(243.,243.,400.));
#13815=CARTESIAN_POINT('',(243.,243.,398.));
#13816=CARTESIAN_POINT('',(0.,243.,398.));
#13817=CARTESIAN_POINT('',(225.,243.,400.));
#13818=CARTESIAN_POINT('',(243.,235.,160.));
#13819=CARTESIAN_POINT('',(243.,238.,160.));
#13820=CARTESIAN_POINT('',(243.,235.,350.));
#13821=CARTESIAN_POINT('',(243.,238.,350.));
#13822=CARTESIAN_POINT('',(242.999999999999,-6.74460487459788E-13,-398.));
#13823=CARTESIAN_POINT('',(243.,227.,-398.));
#13824=CARTESIAN_POINT('',(243.,227.,400.));
#13825=CARTESIAN_POINT('',(243.,227.,398.));
#13826=CARTESIAN_POINT('',(242.999999999999,-6.74460487459788E-13,398.));
#13827=CARTESIAN_POINT('',(243.,245.,400.));
#13828=CARTESIAN_POINT('',(235.,227.,140.));
#13829=CARTESIAN_POINT('',(238.,227.,140.));
#13830=CARTESIAN_POINT('',(235.,227.,330.));
#13831=CARTESIAN_POINT('',(238.,227.,330.));
#13832=CARTESIAN_POINT('',(-3.15025783237391E-13,227.,-398.));
#13833=CARTESIAN_POINT('',(-3.15025783237391E-13,227.,398.));
#13834=CARTESIAN_POINT('',(245.,227.,400.));
#13835=CARTESIAN_POINT('',(0.,0.,398.));
#13836=CARTESIAN_POINT('',(0.,0.,-398.));
#13837=CARTESIAN_POINT('',(244.999999999999,235.,350.));
#13838=CARTESIAN_POINT('',(244.999999999999,232.,350.));
#13839=CARTESIAN_POINT('',(244.999999999999,235.,350.));
#13840=CARTESIAN_POINT('',(225.,235.,350.));
#13841=CARTESIAN_POINT('',(225.,232.,350.));
#13842=CARTESIAN_POINT('',(244.999999999999,235.,350.));
#13843=CARTESIAN_POINT('',(225.,235.,160.));
#13844=CARTESIAN_POINT('',(225.,232.,160.));
#13845=CARTESIAN_POINT('',(225.,225.,-400.));
#13846=CARTESIAN_POINT('',(225.,225.,-400.));
#13847=CARTESIAN_POINT('',(225.,245.,-400.));
#13848=CARTESIAN_POINT('',(225.,225.,400.));
#13849=CARTESIAN_POINT('',(225.,225.,400.));
#13850=CARTESIAN_POINT('',(225.,225.,400.));
#13851=CARTESIAN_POINT('',(225.,245.,400.));
#13852=CARTESIAN_POINT('',(225.,245.,400.));
#13853=CARTESIAN_POINT('',(225.,225.,400.));
#13854=CARTESIAN_POINT('',(235.,244.999999999999,140.));
#13855=CARTESIAN_POINT('',(235.,244.999999999999,137.));
#13856=CARTESIAN_POINT('',(235.,244.999999999999,330.));
#13857=CARTESIAN_POINT('',(235.,244.999999999999,327.));
#13858=CARTESIAN_POINT('',(225.,245.,-400.));
#13859=CARTESIAN_POINT('',(245.,245.,-400.));
#13860=CARTESIAN_POINT('',(225.,245.,400.));
#13861=CARTESIAN_POINT('',(245.,245.,400.));
#13862=CARTESIAN_POINT('',(245.,245.,400.));
#13863=CARTESIAN_POINT('',(225.,245.,400.));
#13864=CARTESIAN_POINT('',(244.999999999999,235.,160.));
#13865=CARTESIAN_POINT('',(244.999999999999,232.,160.));
#13866=CARTESIAN_POINT('',(245.,245.,-400.));
#13867=CARTESIAN_POINT('',(245.,225.,-400.));
#13868=CARTESIAN_POINT('',(245.,245.,400.));
#13869=CARTESIAN_POINT('',(245.,225.,400.));
#13870=CARTESIAN_POINT('',(245.,225.,400.));
#13871=CARTESIAN_POINT('',(245.,245.,400.));
#13872=CARTESIAN_POINT('',(235.,225.,140.));
#13873=CARTESIAN_POINT('',(238.,225.,140.));
#13874=CARTESIAN_POINT('',(235.,225.,330.));
#13875=CARTESIAN_POINT('',(238.,225.,330.));
#13876=CARTESIAN_POINT('',(245.,225.,-400.));
#13877=CARTESIAN_POINT('',(245.,225.,400.));
#13878=CARTESIAN_POINT('',(245.,225.,400.));
#13879=CARTESIAN_POINT('',(0.,0.,400.));
#13880=CARTESIAN_POINT('',(0.,0.,-400.));
#13881=CARTESIAN_POINT('',(235.,244.999999999999,330.));
#13882=CARTESIAN_POINT('',(235.,244.999999999999,330.));
#13883=CARTESIAN_POINT('',(244.999999999999,235.,160.));
#13884=CARTESIAN_POINT('',(244.999999999999,235.,160.));
#13885=CARTESIAN_POINT('',(235.,244.999999999999,140.));
#13886=CARTESIAN_POINT('',(235.,244.999999999999,140.));
#13887=CARTESIAN_POINT('',(-223.,227.,1.10134124042816E-13));
#13888=CARTESIAN_POINT('',(-223.,227.,-1.99999999999989));
#13889=CARTESIAN_POINT('',(-223.,227.,-17.9999999999999));
#13890=CARTESIAN_POINT('',(225.,227.,-1.99999999999989));
#13891=CARTESIAN_POINT('',(223.,227.,-1.99999999999989));
#13892=CARTESIAN_POINT('',(223.,227.,1.10134124042816E-13));
#13893=CARTESIAN_POINT('',(223.,227.,-17.9999999999999));
#13894=CARTESIAN_POINT('',(225.,227.,-17.9999999999999));
#13895=CARTESIAN_POINT('',(225.,227.,1.10134124042816E-13));
#13896=CARTESIAN_POINT('',(-115.,235.,-17.9999999999999));
#13897=CARTESIAN_POINT('',(-115.,232.,-17.9999999999999));
#13898=CARTESIAN_POINT('',(115.,235.,-17.9999999999999));
#13899=CARTESIAN_POINT('',(115.,232.,-17.9999999999999));
#13900=CARTESIAN_POINT('',(-223.,225.,-17.9999999999999));
#13901=CARTESIAN_POINT('',(-223.,243.,-17.9999999999999));
#13902=CARTESIAN_POINT('',(223.,225.,-17.9999999999999));
#13903=CARTESIAN_POINT('',(223.,243.,-17.9999999999999));
#13904=CARTESIAN_POINT('',(225.,243.,-17.9999999999999));
#13905=CARTESIAN_POINT('',(225.,225.,-17.9999999999999));
#13906=CARTESIAN_POINT('',(-223.,243.,-19.9999999999999));
#13907=CARTESIAN_POINT('',(-223.,243.,-1.99999999999988));
#13908=CARTESIAN_POINT('',(223.,243.,-19.9999999999999));
#13909=CARTESIAN_POINT('',(223.,243.,-1.99999999999988));
#13910=CARTESIAN_POINT('',(225.,243.,-1.99999999999988));
#13911=CARTESIAN_POINT('',(225.,243.,-19.9999999999999));
#13912=CARTESIAN_POINT('',(-115.,235.,-1.99999999999988));
#13913=CARTESIAN_POINT('',(-115.,238.,-1.99999999999988));
#13914=CARTESIAN_POINT('',(115.,235.,-1.99999999999988));
#13915=CARTESIAN_POINT('',(115.,238.,-1.99999999999988));
#13916=CARTESIAN_POINT('',(-223.,245.,-1.99999999999988));
#13917=CARTESIAN_POINT('',(223.,245.,-1.99999999999988));
#13918=CARTESIAN_POINT('',(225.,245.,-1.99999999999988));
#13919=CARTESIAN_POINT('',(223.,0.,0.));
#13920=CARTESIAN_POINT('',(-223.,0.,0.));
#13921=CARTESIAN_POINT('',(115.,235.,0.));
#13922=CARTESIAN_POINT('',(115.,238.,1.59872115546023E-15));
#13923=CARTESIAN_POINT('',(115.,235.,0.));
#13924=CARTESIAN_POINT('',(115.,235.,-19.9999999999999));
#13925=CARTESIAN_POINT('',(115.,232.,-19.9999999999999));
#13926=CARTESIAN_POINT('',(115.,235.,0.));
#13927=CARTESIAN_POINT('',(-225.,225.,1.10134124042816E-13));
#13928=CARTESIAN_POINT('',(-225.,225.,1.10134124042816E-13));
#13929=CARTESIAN_POINT('',(-225.,225.,-19.9999999999999));
#13930=CARTESIAN_POINT('',(225.,225.,-19.9999999999999));
#13931=CARTESIAN_POINT('',(225.,225.,-19.9999999999999));
#13932=CARTESIAN_POINT('',(225.,225.,1.10134124042816E-13));
#13933=CARTESIAN_POINT('',(225.,225.,1.10134124042816E-13));
#13934=CARTESIAN_POINT('',(225.,225.,1.10134124042816E-13));
#13935=CARTESIAN_POINT('',(225.,225.,1.10134124042816E-13));
#13936=CARTESIAN_POINT('',(-115.,235.,-19.9999999999999));
#13937=CARTESIAN_POINT('',(-115.,232.,-19.9999999999999));
#13938=CARTESIAN_POINT('',(-225.,225.,-19.9999999999999));
#13939=CARTESIAN_POINT('',(-225.,245.,-19.9999999999999));
#13940=CARTESIAN_POINT('',(225.,245.,-19.9999999999999));
#13941=CARTESIAN_POINT('',(225.,245.,-19.9999999999999));
#13942=CARTESIAN_POINT('',(225.,225.,-19.9999999999999));
#13943=CARTESIAN_POINT('',(225.,225.,-19.9999999999999));
#13944=CARTESIAN_POINT('',(-225.,245.,-19.9999999999999));
#13945=CARTESIAN_POINT('',(-225.,245.,1.21430643318376E-13));
#13946=CARTESIAN_POINT('',(225.,245.,1.21430643318376E-13));
#13947=CARTESIAN_POINT('',(225.,245.,1.21430643318376E-13));
#13948=CARTESIAN_POINT('',(225.,245.,-19.9999999999999));
#13949=CARTESIAN_POINT('',(225.,245.,-19.9999999999999));
#13950=CARTESIAN_POINT('',(-115.,235.,0.));
#13951=CARTESIAN_POINT('',(-115.,238.,1.59872115546023E-15));
#13952=CARTESIAN_POINT('',(-225.,245.,1.20792265079217E-13));
#13953=CARTESIAN_POINT('',(225.,245.,1.20792265079217E-13));
#13954=CARTESIAN_POINT('',(225.,245.,1.20792265079217E-13));
#13955=CARTESIAN_POINT('',(225.,0.,0.));
#13956=CARTESIAN_POINT('',(-225.,0.,0.));
#13957=CARTESIAN_POINT('',(-115.,235.,0.));
#13958=CARTESIAN_POINT('',(-115.,235.,0.));
#13959=CARTESIAN_POINT('',(-245.,-245.,400.));
#13960=CARTESIAN_POINT('',(-245.,-245.,400.));
#13961=CARTESIAN_POINT('',(-245.,-245.,370.));
#13962=CARTESIAN_POINT('',(-245.,245.,370.));
#13963=CARTESIAN_POINT('',(-245.,245.,370.));
#13964=CARTESIAN_POINT('',(-245.,245.,400.));
#13965=CARTESIAN_POINT('',(-245.,245.,400.));
#13966=CARTESIAN_POINT('',(-245.,245.,400.));
#13967=CARTESIAN_POINT('',(-245.,245.,400.));
#13968=CARTESIAN_POINT('',(-245.,-245.,370.));
#13969=CARTESIAN_POINT('',(-250.,-245.,370.));
#13970=CARTESIAN_POINT('',(-250.,245.,370.));
#13971=CARTESIAN_POINT('',(-250.,245.,370.));
#13972=CARTESIAN_POINT('',(-245.,245.,370.));
#13973=CARTESIAN_POINT('',(-245.,245.,370.));
#13974=CARTESIAN_POINT('',(-250.,-245.,370.));
#13975=CARTESIAN_POINT('',(-250.,-245.,400.));
#13976=CARTESIAN_POINT('',(-250.,245.,400.));
#13977=CARTESIAN_POINT('',(-250.,245.,400.));
#13978=CARTESIAN_POINT('',(-250.,245.,370.));
#13979=CARTESIAN_POINT('',(-250.,245.,370.));
#13980=CARTESIAN_POINT('',(-250.,-245.,400.));
#13981=CARTESIAN_POINT('',(-250.,245.,400.));
#13982=CARTESIAN_POINT('',(-250.,245.,400.));
#13983=CARTESIAN_POINT('',(2.87006564322718E-13,245.,0.));
#13984=CARTESIAN_POINT('',(-2.87006564322718E-13,-245.,0.));
#13985=CARTESIAN_POINT('',(227.,-235.,330.));
#13986=CARTESIAN_POINT('',(227.,-238.,330.));
#13987=CARTESIAN_POINT('',(227.,-235.,140.));
#13988=CARTESIAN_POINT('',(227.,-238.,140.));
#13989=CARTESIAN_POINT('',(227.,3.15025783237392E-13,-398.));
#13990=CARTESIAN_POINT('',(227.,-243.,-398.));
#13991=CARTESIAN_POINT('',(227.,-227.,-398.));
#13992=CARTESIAN_POINT('',(227.,-227.,400.));
#13993=CARTESIAN_POINT('',(227.,-227.,398.));
#13994=CARTESIAN_POINT('',(227.,3.15025783237392E-13,398.));
#13995=CARTESIAN_POINT('',(227.,-243.,398.));
#13996=CARTESIAN_POINT('',(227.,-243.,400.));
#13997=CARTESIAN_POINT('',(227.,-245.,400.));
#13998=CARTESIAN_POINT('',(235.000000000001,-227.,160.));
#13999=CARTESIAN_POINT('',(235.000000000001,-227.,163.));
#14000=CARTESIAN_POINT('',(235.000000000001,-227.,350.));
#14001=CARTESIAN_POINT('',(235.000000000001,-227.,353.));
#14002=CARTESIAN_POINT('',(0.,-227.,-398.));
#14003=CARTESIAN_POINT('',(243.,-227.,-398.));
#14004=CARTESIAN_POINT('',(243.,-227.,400.));
#14005=CARTESIAN_POINT('',(243.,-227.,398.));
#14006=CARTESIAN_POINT('',(0.,-227.,398.));
#14007=CARTESIAN_POINT('',(225.,-227.,400.));
#14008=CARTESIAN_POINT('',(243.,-235.,330.));
#14009=CARTESIAN_POINT('',(243.,-235.,327.));
#14010=CARTESIAN_POINT('',(243.,-235.,140.));
#14011=CARTESIAN_POINT('',(243.,-235.,137.));
#14012=CARTESIAN_POINT('',(243.,0.,-398.));
#14013=CARTESIAN_POINT('',(243.,-243.,-398.));
#14014=CARTESIAN_POINT('',(243.,-243.,400.));
#14015=CARTESIAN_POINT('',(243.,-243.,398.));
#14016=CARTESIAN_POINT('',(243.,0.,398.));
#14017=CARTESIAN_POINT('',(243.,-225.,400.));
#14018=CARTESIAN_POINT('',(235.000000000001,-243.,160.));
#14019=CARTESIAN_POINT('',(238.000000000001,-243.,160.));
#14020=CARTESIAN_POINT('',(235.000000000001,-243.,350.));
#14021=CARTESIAN_POINT('',(238.000000000001,-243.,350.));
#14022=CARTESIAN_POINT('',(-3.37230243729894E-13,-242.999999999999,-398.));
#14023=CARTESIAN_POINT('',(-3.37230243729894E-13,-242.999999999999,398.));
#14024=CARTESIAN_POINT('',(245.,-243.,400.));
#14025=CARTESIAN_POINT('',(0.,0.,398.));
#14026=CARTESIAN_POINT('',(0.,0.,-398.));
#14027=CARTESIAN_POINT('',(245.,-235.,140.));
#14028=CARTESIAN_POINT('',(245.,-235.,143.));
#14029=CARTESIAN_POINT('',(245.,-235.,140.));
#14030=CARTESIAN_POINT('',(225.,-235.,140.));
#14031=CARTESIAN_POINT('',(225.,-238.,140.));
#14032=CARTESIAN_POINT('',(245.,-235.,140.));
#14033=CARTESIAN_POINT('',(225.,-235.,330.));
#14034=CARTESIAN_POINT('',(225.,-238.,330.));
#14035=CARTESIAN_POINT('',(225.,-245.,-400.));
#14036=CARTESIAN_POINT('',(225.,-245.,-400.));
#14037=CARTESIAN_POINT('',(225.,-225.,-400.));
#14038=CARTESIAN_POINT('',(225.,-245.,400.));
#14039=CARTESIAN_POINT('',(225.,-245.,400.));
#14040=CARTESIAN_POINT('',(225.,-245.,400.));
#14041=CARTESIAN_POINT('',(225.,-225.,400.));
#14042=CARTESIAN_POINT('',(225.,-225.,400.));
#14043=CARTESIAN_POINT('',(225.,-245.,400.));
#14044=CARTESIAN_POINT('',(235.000000000001,-225.,160.));
#14045=CARTESIAN_POINT('',(235.000000000001,-225.,163.));
#14046=CARTESIAN_POINT('',(235.000000000001,-225.,350.));
#14047=CARTESIAN_POINT('',(235.000000000001,-225.,353.));
#14048=CARTESIAN_POINT('',(225.,-225.,-400.));
#14049=CARTESIAN_POINT('',(245.,-225.,-400.));
#14050=CARTESIAN_POINT('',(225.,-225.,400.));
#14051=CARTESIAN_POINT('',(245.,-225.,400.));
#14052=CARTESIAN_POINT('',(245.,-225.,400.));
#14053=CARTESIAN_POINT('',(225.,-225.,400.));
#14054=CARTESIAN_POINT('',(245.,-235.,330.));
#14055=CARTESIAN_POINT('',(245.,-235.,333.));
#14056=CARTESIAN_POINT('',(245.,-225.,-400.));
#14057=CARTESIAN_POINT('',(245.,-245.,-400.));
#14058=CARTESIAN_POINT('',(245.,-225.,400.));
#14059=CARTESIAN_POINT('',(245.,-245.,400.));
#14060=CARTESIAN_POINT('',(245.,-245.,400.));
#14061=CARTESIAN_POINT('',(245.,-225.,400.));
#14062=CARTESIAN_POINT('',(235.000000000001,-244.999999999999,160.));
#14063=CARTESIAN_POINT('',(232.000000000001,-244.999999999999,160.));
#14064=CARTESIAN_POINT('',(235.000000000001,-244.999999999999,350.));
#14065=CARTESIAN_POINT('',(232.000000000001,-244.999999999999,350.));
#14066=CARTESIAN_POINT('',(245.,-245.,-400.));
#14067=CARTESIAN_POINT('',(245.,-245.,400.));
#14068=CARTESIAN_POINT('',(245.,-245.,400.));
#14069=CARTESIAN_POINT('',(0.,0.,400.));
#14070=CARTESIAN_POINT('',(0.,0.,-400.));
#14071=CARTESIAN_POINT('',(245.,-235.,330.));
#14072=CARTESIAN_POINT('',(245.,-235.,330.));
#14073=CARTESIAN_POINT('',(235.000000000001,-244.999999999999,350.));
#14074=CARTESIAN_POINT('',(235.000000000001,-244.999999999999,350.));
#14075=CARTESIAN_POINT('',(235.000000000001,-244.999999999999,160.));
#14076=CARTESIAN_POINT('',(235.000000000001,-244.999999999999,160.));
#14077=CARTESIAN_POINT('',(-245.,-250.,80.0000000000001));
#14078=CARTESIAN_POINT('',(-245.,-250.,80.0000000000001));
#14079=CARTESIAN_POINT('',(-245.,-250.,50.0000000000001));
#14080=CARTESIAN_POINT('',(245.,-250.,50.0000000000001));
#14081=CARTESIAN_POINT('',(245.,-250.,50.0000000000001));
#14082=CARTESIAN_POINT('',(245.,-250.,80.0000000000001));
#14083=CARTESIAN_POINT('',(245.,-250.,80.0000000000001));
#14084=CARTESIAN_POINT('',(245.,-250.,80.0000000000001));
#14085=CARTESIAN_POINT('',(245.,-250.,80.0000000000001));
#14086=CARTESIAN_POINT('',(-245.,-250.,50.0000000000001));
#14087=CARTESIAN_POINT('',(-245.,-245.,50.0000000000001));
#14088=CARTESIAN_POINT('',(245.,-245.,50.0000000000001));
#14089=CARTESIAN_POINT('',(245.,-245.,50.0000000000001));
#14090=CARTESIAN_POINT('',(245.,-250.,50.0000000000001));
#14091=CARTESIAN_POINT('',(245.,-250.,50.0000000000001));
#14092=CARTESIAN_POINT('',(-245.,-245.,50.0000000000001));
#14093=CARTESIAN_POINT('',(-245.,-245.,80.0000000000001));
#14094=CARTESIAN_POINT('',(245.,-245.,80.0000000000001));
#14095=CARTESIAN_POINT('',(245.,-245.,80.0000000000001));
#14096=CARTESIAN_POINT('',(245.,-245.,50.0000000000001));
#14097=CARTESIAN_POINT('',(245.,-245.,50.0000000000001));
#14098=CARTESIAN_POINT('',(-245.,-245.,80.0000000000001));
#14099=CARTESIAN_POINT('',(245.,-245.,80.0000000000001));
#14100=CARTESIAN_POINT('',(245.,-245.,80.0000000000001));
#14101=CARTESIAN_POINT('',(245.,0.,0.));
#14102=CARTESIAN_POINT('',(-245.,0.,0.));
#14103=CARTESIAN_POINT('',(-245.,245.,80.0000000000001));
#14104=CARTESIAN_POINT('',(-245.,245.,80.0000000000001));
#14105=CARTESIAN_POINT('',(-245.,245.,50.0000000000003));
#14106=CARTESIAN_POINT('',(245.,245.,50.0000000000003));
#14107=CARTESIAN_POINT('',(245.,245.,50.0000000000003));
#14108=CARTESIAN_POINT('',(245.,245.,80.0000000000001));
#14109=CARTESIAN_POINT('',(245.,245.,80.0000000000001));
#14110=CARTESIAN_POINT('',(245.,245.,80.0000000000001));
#14111=CARTESIAN_POINT('',(245.,245.,80.0000000000001));
#14112=CARTESIAN_POINT('',(-245.,245.,50.0000000000003));
#14113=CARTESIAN_POINT('',(-245.,250.,50.0000000000003));
#14114=CARTESIAN_POINT('',(245.,250.,50.0000000000003));
#14115=CARTESIAN_POINT('',(245.,250.,50.0000000000003));
#14116=CARTESIAN_POINT('',(245.,245.,50.0000000000003));
#14117=CARTESIAN_POINT('',(245.,245.,50.0000000000003));
#14118=CARTESIAN_POINT('',(-245.,250.,50.0000000000003));
#14119=CARTESIAN_POINT('',(-245.,250.,80.0000000000001));
#14120=CARTESIAN_POINT('',(245.,250.,80.0000000000001));
#14121=CARTESIAN_POINT('',(245.,250.,80.0000000000001));
#14122=CARTESIAN_POINT('',(245.,250.,50.0000000000003));
#14123=CARTESIAN_POINT('',(245.,250.,50.0000000000003));
#14124=CARTESIAN_POINT('',(-245.,250.,80.0000000000001));
#14125=CARTESIAN_POINT('',(245.,250.,80.0000000000001));
#14126=CARTESIAN_POINT('',(245.,250.,80.0000000000001));
#14127=CARTESIAN_POINT('',(245.,0.,0.));
#14128=CARTESIAN_POINT('',(-245.,0.,0.));
#14129=CARTESIAN_POINT('',(-200.,-200.,0.));
#14130=CARTESIAN_POINT('',(-200.,-200.,0.));
#14131=CARTESIAN_POINT('',(-200.,-200.,380.));
#14132=CARTESIAN_POINT('',(-220.,-200.,380.));
#14133=CARTESIAN_POINT('',(-220.,-200.,380.));
#14134=CARTESIAN_POINT('',(-220.,-200.,0.));
#14135=CARTESIAN_POINT('',(-220.,-200.,0.));
#14136=CARTESIAN_POINT('',(-220.,-200.,0.));
#14137=CARTESIAN_POINT('',(-220.,-200.,0.));
#14138=CARTESIAN_POINT('',(-200.,-200.,380.));
#14139=CARTESIAN_POINT('',(-200.,200.,380.));
#14140=CARTESIAN_POINT('',(-220.,200.,380.));
#14141=CARTESIAN_POINT('',(-220.,200.,380.));
#14142=CARTESIAN_POINT('',(-220.,-200.,380.));
#14143=CARTESIAN_POINT('',(-220.,-200.,380.));
#14144=CARTESIAN_POINT('',(-200.,200.,380.));
#14145=CARTESIAN_POINT('',(-200.,200.,5.55111512312578E-14));
#14146=CARTESIAN_POINT('',(-220.,200.,5.55111512312578E-14));
#14147=CARTESIAN_POINT('',(-220.,200.,5.55111512312578E-14));
#14148=CARTESIAN_POINT('',(-220.,200.,380.));
#14149=CARTESIAN_POINT('',(-220.,200.,380.));
#14150=CARTESIAN_POINT('',(-200.,200.,3.67394039744206E-14));
#14151=CARTESIAN_POINT('',(-220.,200.,3.67394039744206E-14));
#14152=CARTESIAN_POINT('',(-220.,200.,3.67394039744206E-14));
#14153=CARTESIAN_POINT('',(-220.,0.,0.));
#14154=CARTESIAN_POINT('',(-200.,0.,0.));
#14155=CARTESIAN_POINT('',(-70.,-200.,410.));
#14156=CARTESIAN_POINT('',(-70.,-200.,410.));
#14157=CARTESIAN_POINT('',(-70.,-200.,450.));
#14158=CARTESIAN_POINT('',(-70.,-220.,450.));
#14159=CARTESIAN_POINT('',(-70.,-220.,450.));
#14160=CARTESIAN_POINT('',(-70.,-220.,410.));
#14161=CARTESIAN_POINT('',(-70.,-220.,410.));
#14162=CARTESIAN_POINT('',(-70.,-220.,410.));
#14163=CARTESIAN_POINT('',(-70.,-220.,410.));
#14164=CARTESIAN_POINT('',(-70.,-200.,450.));
#14165=CARTESIAN_POINT('',(69.9999999999999,-200.,450.));
#14166=CARTESIAN_POINT('',(69.9999999999999,-220.,450.));
#14167=CARTESIAN_POINT('',(69.9999999999999,-220.,450.));
#14168=CARTESIAN_POINT('',(-70.,-220.,450.));
#14169=CARTESIAN_POINT('',(-70.,-220.,450.));
#14170=CARTESIAN_POINT('',(69.9999999999999,-200.,450.));
#14171=CARTESIAN_POINT('',(69.9999999999999,-200.,410.));
#14172=CARTESIAN_POINT('',(69.9999999999999,-220.,410.));
#14173=CARTESIAN_POINT('',(69.9999999999999,-220.,410.));
#14174=CARTESIAN_POINT('',(69.9999999999999,-220.,450.));
#14175=CARTESIAN_POINT('',(69.9999999999999,-220.,450.));
#14176=CARTESIAN_POINT('',(-220.,-200.,380.));
#14177=CARTESIAN_POINT('',(-220.,-200.,380.));
#14178=CARTESIAN_POINT('',(-220.,-200.,0.));
#14179=CARTESIAN_POINT('',(-220.,-220.,0.));
#14180=CARTESIAN_POINT('',(-220.,-220.,0.));
#14181=CARTESIAN_POINT('',(-220.,-220.,380.));
#14182=CARTESIAN_POINT('',(-220.,-220.,380.));
#14183=CARTESIAN_POINT('',(-220.,-220.,380.));
#14184=CARTESIAN_POINT('',(-220.,-220.,380.));
#14185=CARTESIAN_POINT('',(-220.,-200.,-2.54627497320795E-14));
#14186=CARTESIAN_POINT('',(220.,-200.,2.8421709430404E-14));
#14187=CARTESIAN_POINT('',(220.,-220.,2.8421709430404E-14));
#14188=CARTESIAN_POINT('',(220.,-220.,2.8421709430404E-14));
#14189=CARTESIAN_POINT('',(-220.,-220.,-2.54627497320795E-14));
#14190=CARTESIAN_POINT('',(-220.,-220.,-2.54627497320795E-14));
#14191=CARTESIAN_POINT('',(220.,-200.,0.));
#14192=CARTESIAN_POINT('',(220.,-200.,380.));
#14193=CARTESIAN_POINT('',(220.,-220.,380.));
#14194=CARTESIAN_POINT('',(220.,-220.,380.));
#14195=CARTESIAN_POINT('',(220.,-220.,0.));
#14196=CARTESIAN_POINT('',(220.,-220.,0.));
#14197=CARTESIAN_POINT('',(220.,-200.,380.));
#14198=CARTESIAN_POINT('',(130.,-200.,470.));
#14199=CARTESIAN_POINT('',(130.,-220.,470.));
#14200=CARTESIAN_POINT('',(130.,-220.,470.));
#14201=CARTESIAN_POINT('',(220.,-220.,380.));
#14202=CARTESIAN_POINT('',(220.,-220.,380.));
#14203=CARTESIAN_POINT('',(130.,-200.,470.));
#14204=CARTESIAN_POINT('',(-130.,-200.,470.));
#14205=CARTESIAN_POINT('',(-130.,-220.,470.));
#14206=CARTESIAN_POINT('',(-130.,-220.,470.));
#14207=CARTESIAN_POINT('',(130.,-220.,470.));
#14208=CARTESIAN_POINT('',(130.,-220.,470.));
#14209=CARTESIAN_POINT('',(-130.,-200.,470.));
#14210=CARTESIAN_POINT('',(-130.,-220.,470.));
#14211=CARTESIAN_POINT('',(-130.,-220.,470.));
#14212=CARTESIAN_POINT('',(69.9999999999999,-200.,410.));
#14213=CARTESIAN_POINT('',(69.9999999999999,-220.,410.));
#14214=CARTESIAN_POINT('',(69.9999999999999,-220.,410.));
#14215=CARTESIAN_POINT('',(0.,-220.,0.));
#14216=CARTESIAN_POINT('',(0.,-200.,0.));
#14217=CARTESIAN_POINT('',(-70.,200.,450.));
#14218=CARTESIAN_POINT('',(-70.,200.,410.));
#14219=CARTESIAN_POINT('',(-70.,200.,450.));
#14220=CARTESIAN_POINT('',(-70.,220.,410.));
#14221=CARTESIAN_POINT('',(-70.,220.,410.));
#14222=CARTESIAN_POINT('',(-70.,220.,450.));
#14223=CARTESIAN_POINT('',(-70.,220.,450.));
#14224=CARTESIAN_POINT('',(-70.,220.,450.));
#14225=CARTESIAN_POINT('',(-70.,220.,450.));
#14226=CARTESIAN_POINT('',(-70.,200.,410.));
#14227=CARTESIAN_POINT('',(69.9999999999999,200.,410.));
#14228=CARTESIAN_POINT('',(69.9999999999999,220.,410.));
#14229=CARTESIAN_POINT('',(69.9999999999999,220.,410.));
#14230=CARTESIAN_POINT('',(-70.,220.,410.));
#14231=CARTESIAN_POINT('',(-70.,220.,410.));
#14232=CARTESIAN_POINT('',(69.9999999999999,200.,410.));
#14233=CARTESIAN_POINT('',(69.9999999999999,200.,450.));
#14234=CARTESIAN_POINT('',(69.9999999999999,220.,450.));
#14235=CARTESIAN_POINT('',(69.9999999999999,220.,450.));
#14236=CARTESIAN_POINT('',(69.9999999999999,220.,410.));
#14237=CARTESIAN_POINT('',(69.9999999999999,220.,410.));
#14238=CARTESIAN_POINT('',(-220.,200.,-2.54627497320795E-14));
#14239=CARTESIAN_POINT('',(-220.,200.,380.));
#14240=CARTESIAN_POINT('',(-220.,200.,-2.54627497320795E-14));
#14241=CARTESIAN_POINT('',(-220.,220.,380.));
#14242=CARTESIAN_POINT('',(-220.,220.,380.));
#14243=CARTESIAN_POINT('',(-220.,220.,-2.54627497320795E-14));
#14244=CARTESIAN_POINT('',(-220.,220.,-2.54627497320795E-14));
#14245=CARTESIAN_POINT('',(-220.,220.,-2.54627497320795E-14));
#14246=CARTESIAN_POINT('',(-220.,220.,-2.54627497320795E-14));
#14247=CARTESIAN_POINT('',(-220.,200.,380.));
#14248=CARTESIAN_POINT('',(-130.,200.,470.));
#14249=CARTESIAN_POINT('',(-130.,220.,470.));
#14250=CARTESIAN_POINT('',(-130.,220.,470.));
#14251=CARTESIAN_POINT('',(-220.,220.,380.));
#14252=CARTESIAN_POINT('',(-220.,220.,380.));
#14253=CARTESIAN_POINT('',(-130.,200.,470.));
#14254=CARTESIAN_POINT('',(130.,200.,470.));
#14255=CARTESIAN_POINT('',(130.,220.,470.));
#14256=CARTESIAN_POINT('',(130.,220.,470.));
#14257=CARTESIAN_POINT('',(-130.,220.,470.));
#14258=CARTESIAN_POINT('',(-130.,220.,470.));
#14259=CARTESIAN_POINT('',(130.,200.,470.));
#14260=CARTESIAN_POINT('',(220.,200.,380.));
#14261=CARTESIAN_POINT('',(220.,220.,380.));
#14262=CARTESIAN_POINT('',(220.,220.,380.));
#14263=CARTESIAN_POINT('',(130.,220.,470.));
#14264=CARTESIAN_POINT('',(130.,220.,470.));
#14265=CARTESIAN_POINT('',(220.,200.,380.));
#14266=CARTESIAN_POINT('',(220.,200.,0.));
#14267=CARTESIAN_POINT('',(220.,220.,0.));
#14268=CARTESIAN_POINT('',(220.,220.,0.));
#14269=CARTESIAN_POINT('',(220.,220.,380.));
#14270=CARTESIAN_POINT('',(220.,220.,380.));
#14271=CARTESIAN_POINT('',(220.,200.,2.8421709430404E-14));
#14272=CARTESIAN_POINT('',(220.,220.,2.8421709430404E-14));
#14273=CARTESIAN_POINT('',(220.,220.,2.8421709430404E-14));
#14274=CARTESIAN_POINT('',(69.9999999999999,200.,450.));
#14275=CARTESIAN_POINT('',(69.9999999999999,220.,450.));
#14276=CARTESIAN_POINT('',(69.9999999999999,220.,450.));
#14277=CARTESIAN_POINT('',(0.,220.,0.));
#14278=CARTESIAN_POINT('',(0.,200.,0.));
#14279=CARTESIAN_POINT('',(-220.,-200.,-21.));
#14280=CARTESIAN_POINT('',(-220.,-200.,-21.));
#14281=CARTESIAN_POINT('',(-220.,-200.,-1.));
#14282=CARTESIAN_POINT('',(-220.,-220.,-21.));
#14283=CARTESIAN_POINT('',(-220.,-220.,-21.));
#14284=CARTESIAN_POINT('',(-220.,-220.,-21.));
#14285=CARTESIAN_POINT('',(-220.,-220.,-1.));
#14286=CARTESIAN_POINT('',(-220.,-220.,-1.));
#14287=CARTESIAN_POINT('',(-220.,-220.,-21.));
#14288=CARTESIAN_POINT('',(220.,-200.,-21.));
#14289=CARTESIAN_POINT('',(220.,-200.,-1.));
#14290=CARTESIAN_POINT('',(220.,-200.,-21.));
#14291=CARTESIAN_POINT('',(220.,220.,-1.));
#14292=CARTESIAN_POINT('',(220.,-220.,-1.));
#14293=CARTESIAN_POINT('',(220.,-220.,-21.));
#14294=CARTESIAN_POINT('',(220.,-220.,-21.));
#14295=CARTESIAN_POINT('',(220.,220.,-21.));
#14296=CARTESIAN_POINT('',(220.,220.,-21.));
#14297=CARTESIAN_POINT('',(0.,-200.,-21.));
#14298=CARTESIAN_POINT('',(220.,-220.,-21.));
#14299=CARTESIAN_POINT('',(0.,0.,-21.));
#14300=CARTESIAN_POINT('',(200.000000000001,-200.,-1.));
#14301=CARTESIAN_POINT('',(220.,-220.,-1.));
#14302=CARTESIAN_POINT('',(0.,0.,-1.));
#14303=CARTESIAN_POINT('',(200.000000000001,-200.,-21.));
#14304=CARTESIAN_POINT('',(220.,-220.,-21.));
#14305=CARTESIAN_POINT('',(200.,-200.,0.));
#14306=CARTESIAN_POINT('',(200.,-200.,0.));
#14307=CARTESIAN_POINT('',(200.,-200.,380.));
#14308=CARTESIAN_POINT('',(220.,-200.,0.));
#14309=CARTESIAN_POINT('',(220.,-200.,0.));
#14310=CARTESIAN_POINT('',(220.,-200.,0.));
#14311=CARTESIAN_POINT('',(220.,-200.,380.));
#14312=CARTESIAN_POINT('',(220.,-200.,380.));
#14313=CARTESIAN_POINT('',(220.,-200.,0.));
#14314=CARTESIAN_POINT('',(200.,-200.,380.));
#14315=CARTESIAN_POINT('',(200.,200.,380.));
#14316=CARTESIAN_POINT('',(220.,-200.,380.));
#14317=CARTESIAN_POINT('',(220.,200.,380.));
#14318=CARTESIAN_POINT('',(220.,200.,380.));
#14319=CARTESIAN_POINT('',(220.,-200.,380.));
#14320=CARTESIAN_POINT('',(200.,200.,380.));
#14321=CARTESIAN_POINT('',(200.,200.,5.55111512312578E-14));
#14322=CARTESIAN_POINT('',(220.,200.,380.));
#14323=CARTESIAN_POINT('',(220.,200.,5.55111512312578E-14));
#14324=CARTESIAN_POINT('',(220.,200.,5.55111512312578E-14));
#14325=CARTESIAN_POINT('',(220.,200.,380.));
#14326=CARTESIAN_POINT('',(200.,200.,3.67394039744206E-14));
#14327=CARTESIAN_POINT('',(220.,200.,3.67394039744206E-14));
#14328=CARTESIAN_POINT('',(220.,200.,3.67394039744206E-14));
#14329=CARTESIAN_POINT('',(220.,0.,0.));
#14330=CARTESIAN_POINT('',(200.,0.,0.));
#14331=CARTESIAN_POINT('',(220.,-220.,0.));
#14332=CARTESIAN_POINT('',(220.,-220.,0.));
#14333=CARTESIAN_POINT('',(220.,220.,0.));
#14334=CARTESIAN_POINT('',(220.,-220.,-1.));
#14335=CARTESIAN_POINT('',(220.,-220.,-1.));
#14336=CARTESIAN_POINT('',(220.,-220.,-1.));
#14337=CARTESIAN_POINT('',(220.,220.,-1.));
#14338=CARTESIAN_POINT('',(220.,220.,-1.));
#14339=CARTESIAN_POINT('',(220.,-220.,-1.));
#14340=CARTESIAN_POINT('',(220.,220.,0.));
#14341=CARTESIAN_POINT('',(-220.,220.,0.));
#14342=CARTESIAN_POINT('',(220.,220.,-1.));
#14343=CARTESIAN_POINT('',(-220.,220.,-1.));
#14344=CARTESIAN_POINT('',(-220.,220.,-1.));
#14345=CARTESIAN_POINT('',(220.,220.,-1.));
#14346=CARTESIAN_POINT('',(-220.,220.,0.));
#14347=CARTESIAN_POINT('',(-220.,-220.,0.));
#14348=CARTESIAN_POINT('',(-220.,220.,-1.));
#14349=CARTESIAN_POINT('',(-220.,-220.,-1.));
#14350=CARTESIAN_POINT('',(-220.,-220.,-1.));
#14351=CARTESIAN_POINT('',(-220.,220.,-1.));
#14352=CARTESIAN_POINT('',(-220.,-220.,0.));
#14353=CARTESIAN_POINT('',(-220.,-220.,-1.));
#14354=CARTESIAN_POINT('',(-220.,-220.,-1.));
#14355=CARTESIAN_POINT('',(0.,0.,-1.));
#14356=CARTESIAN_POINT('',(0.,0.,0.));
#14357=CARTESIAN_POINT('',(220.,220.,-21.));
#14358=CARTESIAN_POINT('',(220.,220.,-21.));
#14359=CARTESIAN_POINT('',(220.,200.,-21.));
#14360=CARTESIAN_POINT('',(0.,200.,-21.));
#14361=CARTESIAN_POINT('',(-220.,200.,-21.));
#14362=CARTESIAN_POINT('',(-220.,-220.,-21.));
#14363=CARTESIAN_POINT('',(-220.,220.,-21.));
#14364=CARTESIAN_POINT('',(-220.,220.,-21.));
#14365=CARTESIAN_POINT('',(0.,0.,-21.));
#14366=CARTESIAN_POINT('',(-200.,200.,-1.));
#14367=CARTESIAN_POINT('',(-220.,200.,-1.));
#14368=CARTESIAN_POINT('',(220.,200.,-1.));
#14369=CARTESIAN_POINT('',(220.,220.,-1.));
#14370=CARTESIAN_POINT('',(220.,220.,-1.));
#14371=CARTESIAN_POINT('',(-220.,220.,-1.));
#14372=CARTESIAN_POINT('',(-220.,220.,-1.));
#14373=CARTESIAN_POINT('',(-220.,-220.,-1.));
#14374=CARTESIAN_POINT('',(0.,0.,-1.));
#14375=CARTESIAN_POINT('',(220.,200.,-21.));
#14376=CARTESIAN_POINT('',(220.,220.,-21.));
#14377=CARTESIAN_POINT('',(220.,220.,-21.));
#14378=CARTESIAN_POINT('',(-220.,200.,-21.));
#14379=CARTESIAN_POINT('',(-220.,220.,-21.));
#14380=CARTESIAN_POINT('',(-220.,-220.,-21.));
#14381=CARTESIAN_POINT('',(-220.,220.,-21.));
#14382=CARTESIAN_POINT('',(-200.,200.,-21.));
#14383=CARTESIAN_POINT('',(-200.,-200.,-21.));
#14384=CARTESIAN_POINT('',(-200.,-200.,-1.));
#14385=CARTESIAN_POINT('',(-200.,-200.,-21.));
#14386=CARTESIAN_POINT('',(0.,-200.,-1.));
#14387=CARTESIAN_POINT('',(-220.,-200.,-1.));
#14388=CARTESIAN_POINT('',(-220.,-200.,-21.));
#14389=CARTESIAN_POINT('',(-220.,-200.,-21.));
#14390=CARTESIAN_POINT('',(0.,-200.,-21.));
#14391=CARTESIAN_POINT('',(0.,-200.,235.));
#14392=CARTESIAN_POINT('',(-220.,-220.,-1.));
#14393=CARTESIAN_POINT('',(-220.,200.,-1.));
#14394=CARTESIAN_POINT('',(-220.,200.,-21.));
#14395=CARTESIAN_POINT('',(-220.,200.,-21.));
#14396=CARTESIAN_POINT('',(-220.,-220.,-21.));
#14397=CARTESIAN_POINT('',(-220.,-220.,-21.));
#14398=CARTESIAN_POINT('',(-200.,-200.,-1.));
#14399=CARTESIAN_POINT('',(-200.,200.,-1.));
#14400=CARTESIAN_POINT('',(-200.,-200.,-21.));
#14401=CARTESIAN_POINT('',(-200.,200.,-21.));
#14402=CARTESIAN_POINT('',(-200.,200.,-21.));
#14403=CARTESIAN_POINT('',(-200.,-200.,-21.));
#14404=CARTESIAN_POINT('',(0.,200.,-1.));
#14405=CARTESIAN_POINT('',(0.,0.,-1.));
#14406=CARTESIAN_POINT('',(0.,200.,-21.));
#14407=CARTESIAN_POINT('',(0.,0.,-21.));
#14408=CARTESIAN_POINT('',(0.,200.,235.));
#14409=CARTESIAN_POINT('',(0.,-200.,-21.));
#14410=CARTESIAN_POINT('',(200.000000000001,-200.,-21.));
#14411=CARTESIAN_POINT('',(220.,-200.,-21.));
#14412=CARTESIAN_POINT('',(220.,-200.,-21.));
#14413=CARTESIAN_POINT('',(220.,-200.,-1.));
#14414=CARTESIAN_POINT('',(0.,-200.,-1.));
#14415=CARTESIAN_POINT('',(200.,-200.,-1.));
#14416=CARTESIAN_POINT('',(200.000000000001,-200.,-21.));
#14417=CARTESIAN_POINT('',(0.,-200.,235.));
#14418=CARTESIAN_POINT('',(200.,200.,-1.));
#14419=CARTESIAN_POINT('',(200.,200.,-1.));
#14420=CARTESIAN_POINT('',(200.,200.,-21.));
#14421=CARTESIAN_POINT('',(200.,200.,-21.));
#14422=CARTESIAN_POINT('',(200.,200.,-21.));
#14423=CARTESIAN_POINT('',(200.,200.,-21.));
#14424=CARTESIAN_POINT('',(220.,220.,-21.));
#14425=CARTESIAN_POINT('',(220.,200.,-21.));
#14426=CARTESIAN_POINT('',(220.,200.,-21.));
#14427=CARTESIAN_POINT('',(220.,200.,-1.));
#14428=CARTESIAN_POINT('',(220.,220.,-1.));
#14429=CARTESIAN_POINT('',(220.,220.,-21.));
#14430=CARTESIAN_POINT('',(0.,200.,-1.));
#14431=CARTESIAN_POINT('',(0.,0.,-1.));
#14432=CARTESIAN_POINT('',(0.,200.,-21.));
#14433=CARTESIAN_POINT('',(0.,0.,-21.));
#14434=CARTESIAN_POINT('',(0.,200.,235.));
#14435=CARTESIAN_POINT('',(-150.,-6.99999999999997,2.4));
#14436=CARTESIAN_POINT('',(-150.,-6.99999999999997,2.4));
#14437=CARTESIAN_POINT('',(-150.,-193.,2.4));
#14438=CARTESIAN_POINT('',(-150.,-193.,2.5));
#14439=CARTESIAN_POINT('',(-150.,-193.,2.5));
#14440=CARTESIAN_POINT('',(-150.,-6.99999999999997,2.5));
#14441=CARTESIAN_POINT('',(-150.,-6.99999999999997,2.5));
#14442=CARTESIAN_POINT('',(-150.,-6.99999999999997,2.5));
#14443=CARTESIAN_POINT('',(-150.,-6.99999999999997,2.5));
#14444=CARTESIAN_POINT('',(-143.,-193.,2.4));
#14445=CARTESIAN_POINT('',(-143.,-200.,2.4));
#14446=CARTESIAN_POINT('',(-143.,-200.,2.5));
#14447=CARTESIAN_POINT('',(-143.,-200.,2.5));
#14448=CARTESIAN_POINT('',(-143.,-193.,2.5));
#14449=CARTESIAN_POINT('',(-143.,-193.,2.5));
#14450=CARTESIAN_POINT('',(-143.,-200.,2.4));
#14451=CARTESIAN_POINT('',(143.,-200.,2.4));
#14452=CARTESIAN_POINT('',(143.,-200.,2.5));
#14453=CARTESIAN_POINT('',(143.,-200.,2.5));
#14454=CARTESIAN_POINT('',(-143.,-200.,2.5));
#14455=CARTESIAN_POINT('',(-143.,-200.,2.5));
#14456=CARTESIAN_POINT('',(143.,-193.,2.4));
#14457=CARTESIAN_POINT('',(150.,-193.,2.4));
#14458=CARTESIAN_POINT('',(150.,-193.,2.5));
#14459=CARTESIAN_POINT('',(150.,-193.,2.5));
#14460=CARTESIAN_POINT('',(143.,-193.,2.5));
#14461=CARTESIAN_POINT('',(143.,-193.,2.5));
#14462=CARTESIAN_POINT('',(150.,-193.,2.4));
#14463=CARTESIAN_POINT('',(150.,-6.99999999999998,2.4));
#14464=CARTESIAN_POINT('',(150.,-6.99999999999998,2.5));
#14465=CARTESIAN_POINT('',(150.,-6.99999999999998,2.5));
#14466=CARTESIAN_POINT('',(150.,-193.,2.5));
#14467=CARTESIAN_POINT('',(150.,-193.,2.5));
#14468=CARTESIAN_POINT('',(143.,-6.99999999999993,2.4));
#14469=CARTESIAN_POINT('',(143.,8.67361737988404E-15,2.4));
#14470=CARTESIAN_POINT('',(143.,8.67361737988404E-15,2.5));
#14471=CARTESIAN_POINT('',(143.,8.67361737988404E-15,2.5));
#14472=CARTESIAN_POINT('',(143.,-6.99999999999993,2.5));
#14473=CARTESIAN_POINT('',(143.,-6.99999999999993,2.5));
#14474=CARTESIAN_POINT('',(143.,0.,2.4));
#14475=CARTESIAN_POINT('',(-143.,0.,2.4));
#14476=CARTESIAN_POINT('',(-143.,0.,2.5));
#14477=CARTESIAN_POINT('',(-143.,0.,2.5));
#14478=CARTESIAN_POINT('',(143.,0.,2.5));
#14479=CARTESIAN_POINT('',(143.,0.,2.5));
#14480=CARTESIAN_POINT('',(-143.,-6.99999999999993,2.4));
#14481=CARTESIAN_POINT('',(-143.,-6.99999999999993,2.5));
#14482=CARTESIAN_POINT('',(-143.,-6.99999999999993,2.5));
#14483=CARTESIAN_POINT('',(-143.,-193.,2.5));
#14484=CARTESIAN_POINT('',(-143.,-193.,2.4));
#14485=CARTESIAN_POINT('',(150.,-7.00000000000001,0.));
#14486=CARTESIAN_POINT('',(147.5,-7.,0.));
#14487=CARTESIAN_POINT('',(143.,2.77555756156289E-14,0.));
#14488=CARTESIAN_POINT('',(143.,-2.49999999999997,0.));
#14489=CARTESIAN_POINT('',(143.,-6.99999999999998,0.));
#14490=CARTESIAN_POINT('',(150.,-193.,0.));
#14491=CARTESIAN_POINT('',(147.5,-193.,0.));
#14492=CARTESIAN_POINT('',(150.,-193.,0.));
#14493=CARTESIAN_POINT('',(143.,-200.,0.));
#14494=CARTESIAN_POINT('',(143.,-197.5,0.));
#14495=CARTESIAN_POINT('',(143.,-193.,0.));
#14496=CARTESIAN_POINT('',(16.9999999999999,-200.,0.));
#14497=CARTESIAN_POINT('',(16.9999999999999,-197.5,0.));
#14498=CARTESIAN_POINT('',(16.9999999999999,-200.,0.));
#14499=CARTESIAN_POINT('',(9.9999999999999,-207.,0.));
#14500=CARTESIAN_POINT('',(7.4999999999999,-207.,0.));
#14501=CARTESIAN_POINT('',(17.,-207.,0.));
#14502=CARTESIAN_POINT('',(9.9999999999999,-343.,0.));
#14503=CARTESIAN_POINT('',(7.4999999999999,-343.,0.));
#14504=CARTESIAN_POINT('',(9.9999999999999,-343.,0.));
#14505=CARTESIAN_POINT('',(2.99999999999993,-350.,0.));
#14506=CARTESIAN_POINT('',(2.99999999999993,-347.5,0.));
#14507=CARTESIAN_POINT('',(2.99999999999998,-343.,0.));
#14508=CARTESIAN_POINT('',(-2.99999999999995,-350.,0.));
#14509=CARTESIAN_POINT('',(-2.99999999999994,-347.5,0.));
#14510=CARTESIAN_POINT('',(-2.99999999999995,-350.,0.));
#14511=CARTESIAN_POINT('',(-9.9999999999998,-343.,0.));
#14512=CARTESIAN_POINT('',(-7.4999999999998,-343.,0.));
#14513=CARTESIAN_POINT('',(-2.9999999999999,-343.,0.));
#14514=CARTESIAN_POINT('',(-9.99999999999984,-207.,0.));
#14515=CARTESIAN_POINT('',(-7.49999999999984,-207.,0.));
#14516=CARTESIAN_POINT('',(-9.99999999999984,-207.,0.));
#14517=CARTESIAN_POINT('',(-17.,-200.,0.));
#14518=CARTESIAN_POINT('',(-17.,-197.5,0.));
#14519=CARTESIAN_POINT('',(-16.9999999999999,-207.,0.));
#14520=CARTESIAN_POINT('',(-143.,-200.,0.));
#14521=CARTESIAN_POINT('',(-143.,-197.5,0.));
#14522=CARTESIAN_POINT('',(-143.,-200.,0.));
#14523=CARTESIAN_POINT('',(-150.,-193.,0.));
#14524=CARTESIAN_POINT('',(-147.5,-193.,0.));
#14525=CARTESIAN_POINT('',(-143.,-193.,0.));
#14526=CARTESIAN_POINT('',(-150.,-7.00000000000001,0.));
#14527=CARTESIAN_POINT('',(-147.5,-7.00000000000001,0.));
#14528=CARTESIAN_POINT('',(-150.,-7.00000000000001,0.));
#14529=CARTESIAN_POINT('',(-143.,-7.26932283998538E-15,0.));
#14530=CARTESIAN_POINT('',(-143.,-2.50000000000001,0.));
#14531=CARTESIAN_POINT('',(-143.,-7.00000000000002,0.));
#14532=CARTESIAN_POINT('',(-143.,-7.26932283998538E-15,0.));
#14533=CARTESIAN_POINT('',(9.,-335.,1.50000000000001));
#14534=CARTESIAN_POINT('',(15.,-335.,1.50000000000001));
#14535=CARTESIAN_POINT('',(9.,-335.,7.49999999999989));
#14536=CARTESIAN_POINT('',(-143.,-335.,7.50000000000001));
#14537=CARTESIAN_POINT('',(-9.,-335.,7.49999999999989));
#14538=CARTESIAN_POINT('',(-9.,-335.,1.50000000000001));
#14539=CARTESIAN_POINT('',(-14.9999999999999,-335.,1.50000000000001));
#14540=CARTESIAN_POINT('',(-15.,-335.,2.5));
#14541=CARTESIAN_POINT('',(-15.,-335.,-1.50000000000001));
#14542=CARTESIAN_POINT('',(-9.,-335.,-1.50000000000001));
#14543=CARTESIAN_POINT('',(-9.,-335.,-7.49999999999989));
#14544=CARTESIAN_POINT('',(-143.,-335.,-7.50000000000001));
#14545=CARTESIAN_POINT('',(9.,-335.,-7.50000000000001));
#14546=CARTESIAN_POINT('',(9.,-335.,-1.50000000000001));
#14547=CARTESIAN_POINT('',(14.9999999999999,-335.,-1.50000000000001));
#14548=CARTESIAN_POINT('',(15.,-335.,2.5));
#14549=CARTESIAN_POINT('',(-143.,-335.,2.5));
#14550=CARTESIAN_POINT('',(-9.,-2948.,-12.5));
#14551=CARTESIAN_POINT('',(-9.,-330.,-12.5));
#14552=CARTESIAN_POINT('',(-9.,-210.,-12.5));
#14553=CARTESIAN_POINT('',(9.,-210.,-12.5));
#14554=CARTESIAN_POINT('',(9.,-210.,-12.5));
#14555=CARTESIAN_POINT('',(9.,-2948.,-12.5));
#14556=CARTESIAN_POINT('',(9.,-330.,-12.5));
#14557=CARTESIAN_POINT('',(-20.,-330.,-12.5));
#14558=CARTESIAN_POINT('',(-20.,-2948.,-12.5));
#14559=CARTESIAN_POINT('',(-9.,-205.,1.50000000000001));
#14560=CARTESIAN_POINT('',(-15.,-205.,1.50000000000001));
#14561=CARTESIAN_POINT('',(-9.,-205.,7.49999999999998));
#14562=CARTESIAN_POINT('',(9.,-205.,7.50000000000001));
#14563=CARTESIAN_POINT('',(9.,-205.,7.49999999999998));
#14564=CARTESIAN_POINT('',(9.,-205.,1.50000000000001));
#14565=CARTESIAN_POINT('',(15.,-205.,1.50000000000001));
#14566=CARTESIAN_POINT('',(15.,-205.,-1.50000000000001));
#14567=CARTESIAN_POINT('',(15.,-205.,-1.50000000000001));
#14568=CARTESIAN_POINT('',(9.,-205.,-1.50000000000001));
#14569=CARTESIAN_POINT('',(9.,-205.,-7.49999999999998));
#14570=CARTESIAN_POINT('',(-9.,-205.,-7.50000000000001));
#14571=CARTESIAN_POINT('',(-9.,-205.,-7.50000000000001));
#14572=CARTESIAN_POINT('',(-9.,-205.,-1.50000000000001));
#14573=CARTESIAN_POINT('',(-15.,-205.,-1.50000000000001));
#14574=CARTESIAN_POINT('',(-15.,-205.,1.50000000000001));
#14575=CARTESIAN_POINT('',(-143.,-205.,2.5));
#14576=CARTESIAN_POINT('',(20.,-2948.,-1.50000000000001));
#14577=CARTESIAN_POINT('',(20.,-330.,-1.50000000000001));
#14578=CARTESIAN_POINT('',(20.,-210.,-1.50000000000001));
#14579=CARTESIAN_POINT('',(20.,-210.,1.50000000000001));
#14580=CARTESIAN_POINT('',(20.,-210.,1.50000000000001));
#14581=CARTESIAN_POINT('',(20.,-2948.,1.50000000000001));
#14582=CARTESIAN_POINT('',(20.,-330.,1.50000000000001));
#14583=CARTESIAN_POINT('',(20.,-330.,-12.5));
#14584=CARTESIAN_POINT('',(20.,-2948.,-12.5));
#14585=CARTESIAN_POINT('',(-20.,-2948.,1.50000000000001));
#14586=CARTESIAN_POINT('',(-20.,-330.,1.50000000000001));
#14587=CARTESIAN_POINT('',(-20.,-210.,1.50000000000001));
#14588=CARTESIAN_POINT('',(-20.,-210.,-1.50000000000001));
#14589=CARTESIAN_POINT('',(-20.,-210.,-1.50000000000001));
#14590=CARTESIAN_POINT('',(-20.,-2948.,-1.50000000000001));
#14591=CARTESIAN_POINT('',(-20.,-330.,-1.50000000000001));
#14592=CARTESIAN_POINT('',(-20.,-330.,12.5));
#14593=CARTESIAN_POINT('',(-20.,-2948.,12.5));
#14594=CARTESIAN_POINT('',(9.,-2948.,12.5));
#14595=CARTESIAN_POINT('',(9.,-330.,12.5));
#14596=CARTESIAN_POINT('',(9.,-210.,12.5));
#14597=CARTESIAN_POINT('',(-9.,-210.,12.5));
#14598=CARTESIAN_POINT('',(-9.,-210.,12.5));
#14599=CARTESIAN_POINT('',(-9.,-2948.,12.5));
#14600=CARTESIAN_POINT('',(-9.,-330.,12.5));
#14601=CARTESIAN_POINT('',(20.,-330.,12.5));
#14602=CARTESIAN_POINT('',(20.,-2948.,12.5));
#14603=CARTESIAN_POINT('',(9.,-210.,-1.50000000000001));
#14604=CARTESIAN_POINT('',(9.,-330.,-1.50000000000001));
#14605=CARTESIAN_POINT('',(9.,-2948.,-1.50000000000001));
#14606=CARTESIAN_POINT('',(-9.,-210.,-1.50000000000001));
#14607=CARTESIAN_POINT('',(-9.,-330.,-1.50000000000001));
#14608=CARTESIAN_POINT('',(-9.,-2948.,-1.50000000000001));
#14609=CARTESIAN_POINT('',(9.,-210.,1.50000000000001));
#14610=CARTESIAN_POINT('',(9.,-330.,1.50000000000001));
#14611=CARTESIAN_POINT('',(9.,-2948.,1.50000000000001));
#14612=CARTESIAN_POINT('',(-9.,-210.,1.50000000000001));
#14613=CARTESIAN_POINT('',(-9.,-330.,1.50000000000001));
#14614=CARTESIAN_POINT('',(-9.,-2948.,1.50000000000001));
#14615=CARTESIAN_POINT('',(9.,-210.,-12.5));
#14616=CARTESIAN_POINT('',(-9.,-205.,-7.50000000000001));
#14617=CARTESIAN_POINT('',(-143.,-205.,-7.50000000000001));
#14618=CARTESIAN_POINT('',(-15.,-205.,-1.50000000000001));
#14619=CARTESIAN_POINT('',(-9.,-205.,-1.50000000000001));
#14620=CARTESIAN_POINT('',(20.,-210.,-1.50000000000001));
#14621=CARTESIAN_POINT('',(9.,-205.,-1.50000000000001));
#14622=CARTESIAN_POINT('',(-15.,-205.,1.50000000000001));
#14623=CARTESIAN_POINT('',(-15.,-205.,2.5));
#14624=CARTESIAN_POINT('',(20.,-210.,1.50000000000001));
#14625=CARTESIAN_POINT('',(15.,-205.,2.5));
#14626=CARTESIAN_POINT('',(-9.,-205.,7.49999999999998));
#14627=CARTESIAN_POINT('',(-9.,-205.,1.50000000000001));
#14628=CARTESIAN_POINT('',(9.,-210.,12.5));
#14629=CARTESIAN_POINT('',(9.,-205.,1.50000000000001));
#14630=CARTESIAN_POINT('',(-143.,-205.,7.50000000000001));
#14631=CARTESIAN_POINT('',(-9.,-330.,-12.5));
#14632=CARTESIAN_POINT('',(9.,-335.,-7.50000000000001));
#14633=CARTESIAN_POINT('',(-143.,-335.,-7.50000000000001));
#14634=CARTESIAN_POINT('',(14.9999999999999,-335.,-1.50000000000001));
#14635=CARTESIAN_POINT('',(9.,-335.,-1.50000000000001));
#14636=CARTESIAN_POINT('',(-20.,-330.,-1.50000000000001));
#14637=CARTESIAN_POINT('',(-9.,-335.,-1.50000000000001));
#14638=CARTESIAN_POINT('',(15.,-335.,1.50000000000001));
#14639=CARTESIAN_POINT('',(15.,-335.,2.5));
#14640=CARTESIAN_POINT('',(-20.,-330.,1.50000000000001));
#14641=CARTESIAN_POINT('',(-15.,-335.,2.5));
#14642=CARTESIAN_POINT('',(9.,-335.,7.49999999999989));
#14643=CARTESIAN_POINT('',(9.,-335.,1.50000000000001));
#14644=CARTESIAN_POINT('',(-9.,-330.,12.5));
#14645=CARTESIAN_POINT('',(-9.,-335.,1.50000000000001));
#14646=CARTESIAN_POINT('',(-143.,-335.,7.50000000000001));
#14647=CARTESIAN_POINT('',(85.0000000000001,-205.,79.9999999999999));
#14648=CARTESIAN_POINT('',(85.0000000000001,-205.,79.9999999999999));
#14649=CARTESIAN_POINT('',(-85.0000000000001,-205.,79.9999999999999));
#14650=CARTESIAN_POINT('',(85.0000000000001,-185.,79.9999999999999));
#14651=CARTESIAN_POINT('',(85.0000000000001,-185.,79.9999999999999));
#14652=CARTESIAN_POINT('',(85.0000000000001,-185.,79.9999999999999));
#14653=CARTESIAN_POINT('',(-85.0000000000001,-185.,79.9999999999999));
#14654=CARTESIAN_POINT('',(-85.0000000000001,-185.,79.9999999999999));
#14655=CARTESIAN_POINT('',(85.0000000000001,-185.,79.9999999999999));
#14656=CARTESIAN_POINT('',(-85.0000000000001,-205.,79.9999999999999));
#14657=CARTESIAN_POINT('',(-85.,-205.,20.));
#14658=CARTESIAN_POINT('',(-85.0000000000001,-185.,79.9999999999999));
#14659=CARTESIAN_POINT('',(-85.,-185.,20.));
#14660=CARTESIAN_POINT('',(-85.,-185.,20.));
#14661=CARTESIAN_POINT('',(-85.0000000000001,-185.,79.9999999999999));
#14662=CARTESIAN_POINT('',(-85.,-205.,20.));
#14663=CARTESIAN_POINT('',(-65.0000000000001,-205.,20.));
#14664=CARTESIAN_POINT('',(-85.,-185.,20.));
#14665=CARTESIAN_POINT('',(-65.0000000000001,-185.,20.));
#14666=CARTESIAN_POINT('',(-65.0000000000001,-185.,20.));
#14667=CARTESIAN_POINT('',(-85.,-185.,20.));
#14668=CARTESIAN_POINT('',(-65.0000000000001,-205.,19.9999999999999));
#14669=CARTESIAN_POINT('',(-65.,-205.,59.9999999999999));
#14670=CARTESIAN_POINT('',(-65.0000000000001,-185.,19.9999999999999));
#14671=CARTESIAN_POINT('',(-65.,-185.,59.9999999999999));
#14672=CARTESIAN_POINT('',(-65.,-185.,59.9999999999999));
#14673=CARTESIAN_POINT('',(-65.0000000000001,-185.,19.9999999999999));
#14674=CARTESIAN_POINT('',(-65.,-205.,59.9999999999999));
#14675=CARTESIAN_POINT('',(65.,-205.,59.9999999999999));
#14676=CARTESIAN_POINT('',(-65.,-185.,59.9999999999999));
#14677=CARTESIAN_POINT('',(65.,-185.,59.9999999999999));
#14678=CARTESIAN_POINT('',(65.,-185.,59.9999999999999));
#14679=CARTESIAN_POINT('',(-65.,-185.,59.9999999999999));
#14680=CARTESIAN_POINT('',(65.,-205.,59.9999999999999));
#14681=CARTESIAN_POINT('',(65.0000000000001,-205.,19.9999999999999));
#14682=CARTESIAN_POINT('',(65.,-185.,59.9999999999999));
#14683=CARTESIAN_POINT('',(65.0000000000001,-185.,19.9999999999999));
#14684=CARTESIAN_POINT('',(65.0000000000001,-185.,19.9999999999999));
#14685=CARTESIAN_POINT('',(65.,-185.,59.9999999999999));
#14686=CARTESIAN_POINT('',(65.0000000000001,-205.,19.9999999999999));
#14687=CARTESIAN_POINT('',(85.,-205.,19.9999999999999));
#14688=CARTESIAN_POINT('',(65.0000000000001,-185.,19.9999999999999));
#14689=CARTESIAN_POINT('',(85.,-185.,19.9999999999999));
#14690=CARTESIAN_POINT('',(85.,-185.,19.9999999999999));
#14691=CARTESIAN_POINT('',(65.0000000000001,-185.,19.9999999999999));
#14692=CARTESIAN_POINT('',(85.0000000000001,-205.,20.0000000000001));
#14693=CARTESIAN_POINT('',(85.0000000000001,-185.,20.0000000000001));
#14694=CARTESIAN_POINT('',(85.0000000000001,-185.,20.0000000000001));
#14695=CARTESIAN_POINT('',(0.,-185.,0.));
#14696=CARTESIAN_POINT('',(0.,-205.,0.));
#14697=CARTESIAN_POINT('',(-245.,-245.,0.));
#14698=CARTESIAN_POINT('',(-245.,-245.,0.));
#14699=CARTESIAN_POINT('',(-245.,245.,0.));
#14700=CARTESIAN_POINT('',(-245.,-245.,20.));
#14701=CARTESIAN_POINT('',(-245.,-245.,20.));
#14702=CARTESIAN_POINT('',(-245.,-245.,20.));
#14703=CARTESIAN_POINT('',(-245.,245.,20.));
#14704=CARTESIAN_POINT('',(-245.,245.,20.));
#14705=CARTESIAN_POINT('',(-245.,-245.,20.));
#14706=CARTESIAN_POINT('',(-245.,245.,0.));
#14707=CARTESIAN_POINT('',(245.,245.,0.));
#14708=CARTESIAN_POINT('',(-245.,245.,20.));
#14709=CARTESIAN_POINT('',(245.,245.,20.));
#14710=CARTESIAN_POINT('',(245.,245.,20.));
#14711=CARTESIAN_POINT('',(-245.,245.,20.));
#14712=CARTESIAN_POINT('',(245.,245.,0.));
#14713=CARTESIAN_POINT('',(245.,-245.,0.));
#14714=CARTESIAN_POINT('',(245.,245.,20.));
#14715=CARTESIAN_POINT('',(245.,-245.,20.));
#14716=CARTESIAN_POINT('',(245.,-245.,20.));
#14717=CARTESIAN_POINT('',(245.,245.,20.));
#14718=CARTESIAN_POINT('',(245.,-245.,0.));
#14719=CARTESIAN_POINT('',(245.,-245.,20.));
#14720=CARTESIAN_POINT('',(245.,-245.,20.));
#14721=CARTESIAN_POINT('',(0.,0.,20.));
#14722=CARTESIAN_POINT('',(0.,0.,0.));
#14723=CARTESIAN_POINT('',(-225.,-225.,0.));
#14724=CARTESIAN_POINT('',(-225.,-225.,0.));
#14725=CARTESIAN_POINT('',(-225.,225.,0.));
#14726=CARTESIAN_POINT('',(-225.,-225.,-2.));
#14727=CARTESIAN_POINT('',(-225.,-225.,-2.));
#14728=CARTESIAN_POINT('',(-225.,-225.,-2.));
#14729=CARTESIAN_POINT('',(-225.,225.,-2.));
#14730=CARTESIAN_POINT('',(-225.,225.,-2.));
#14731=CARTESIAN_POINT('',(-225.,-225.,-2.));
#14732=CARTESIAN_POINT('',(225.,-225.,0.));
#14733=CARTESIAN_POINT('',(225.,-225.,0.));
#14734=CARTESIAN_POINT('',(225.,-225.,-2.));
#14735=CARTESIAN_POINT('',(225.,-225.,-2.));
#14736=CARTESIAN_POINT('',(225.,-225.,-2.));
#14737=CARTESIAN_POINT('',(225.,-225.,-2.));
#14738=CARTESIAN_POINT('',(225.,225.,0.));
#14739=CARTESIAN_POINT('',(225.,225.,0.));
#14740=CARTESIAN_POINT('',(225.,225.,-2.));
#14741=CARTESIAN_POINT('',(225.,225.,-2.));
#14742=CARTESIAN_POINT('',(225.,225.,-2.));
#14743=CARTESIAN_POINT('',(225.,225.,-2.));
#14744=CARTESIAN_POINT('',(-245.,-245.,0.));
#14745=CARTESIAN_POINT('',(-245.,-245.,0.));
#14746=CARTESIAN_POINT('',(-245.,245.,0.));
#14747=CARTESIAN_POINT('',(-245.,245.,-2.));
#14748=CARTESIAN_POINT('',(-245.,245.,-2.));
#14749=CARTESIAN_POINT('',(-245.,-245.,-2.));
#14750=CARTESIAN_POINT('',(-245.,-245.,-2.));
#14751=CARTESIAN_POINT('',(-245.,-245.,-2.));
#14752=CARTESIAN_POINT('',(-245.,-245.,-2.));
#14753=CARTESIAN_POINT('',(-245.,245.,0.));
#14754=CARTESIAN_POINT('',(245.,245.,0.));
#14755=CARTESIAN_POINT('',(245.,245.,-2.));
#14756=CARTESIAN_POINT('',(245.,245.,-2.));
#14757=CARTESIAN_POINT('',(-245.,245.,-2.));
#14758=CARTESIAN_POINT('',(-245.,245.,-2.));
#14759=CARTESIAN_POINT('',(245.,245.,0.));
#14760=CARTESIAN_POINT('',(245.,-245.,0.));
#14761=CARTESIAN_POINT('',(245.,-245.,-2.));
#14762=CARTESIAN_POINT('',(245.,-245.,-2.));
#14763=CARTESIAN_POINT('',(245.,245.,-2.));
#14764=CARTESIAN_POINT('',(245.,245.,-2.));
#14765=CARTESIAN_POINT('',(245.,-245.,0.));
#14766=CARTESIAN_POINT('',(245.,-245.,-2.));
#14767=CARTESIAN_POINT('',(245.,-245.,-2.));
#14768=CARTESIAN_POINT('',(-225.,225.,0.));
#14769=CARTESIAN_POINT('',(-225.,225.,-2.));
#14770=CARTESIAN_POINT('',(-225.,225.,-2.));
#14771=CARTESIAN_POINT('',(0.,0.,-2.));
#14772=CARTESIAN_POINT('',(0.,0.,0.));
#14773=CARTESIAN_POINT('',(-85.0000000000001,205.,79.9999999999999));
#14774=CARTESIAN_POINT('',(85.0000000000001,205.,79.9999999999999));
#14775=CARTESIAN_POINT('',(-85.0000000000001,205.,79.9999999999999));
#14776=CARTESIAN_POINT('',(-85.0000000000001,185.,79.9999999999999));
#14777=CARTESIAN_POINT('',(-85.0000000000001,185.,79.9999999999999));
#14778=CARTESIAN_POINT('',(-85.0000000000001,185.,79.9999999999999));
#14779=CARTESIAN_POINT('',(85.0000000000001,185.,79.9999999999999));
#14780=CARTESIAN_POINT('',(85.0000000000001,185.,79.9999999999999));
#14781=CARTESIAN_POINT('',(-85.0000000000001,185.,79.9999999999999));
#14782=CARTESIAN_POINT('',(85.0000000000001,205.,79.9999999999999));
#14783=CARTESIAN_POINT('',(85.0000000000001,205.,20.0000000000001));
#14784=CARTESIAN_POINT('',(85.0000000000001,185.,79.9999999999999));
#14785=CARTESIAN_POINT('',(85.0000000000001,185.,20.0000000000001));
#14786=CARTESIAN_POINT('',(85.0000000000001,185.,20.0000000000001));
#14787=CARTESIAN_POINT('',(85.0000000000001,185.,79.9999999999999));
#14788=CARTESIAN_POINT('',(85.,205.,19.9999999999999));
#14789=CARTESIAN_POINT('',(65.0000000000001,205.,19.9999999999999));
#14790=CARTESIAN_POINT('',(85.,185.,19.9999999999999));
#14791=CARTESIAN_POINT('',(65.0000000000001,185.,19.9999999999999));
#14792=CARTESIAN_POINT('',(65.0000000000001,185.,19.9999999999999));
#14793=CARTESIAN_POINT('',(85.,185.,19.9999999999999));
#14794=CARTESIAN_POINT('',(65.0000000000001,205.,19.9999999999999));
#14795=CARTESIAN_POINT('',(65.,205.,59.9999999999999));
#14796=CARTESIAN_POINT('',(65.0000000000001,185.,19.9999999999999));
#14797=CARTESIAN_POINT('',(65.,185.,59.9999999999999));
#14798=CARTESIAN_POINT('',(65.,185.,59.9999999999999));
#14799=CARTESIAN_POINT('',(65.0000000000001,185.,19.9999999999999));
#14800=CARTESIAN_POINT('',(65.,205.,59.9999999999999));
#14801=CARTESIAN_POINT('',(-65.,205.,59.9999999999999));
#14802=CARTESIAN_POINT('',(65.,185.,59.9999999999999));
#14803=CARTESIAN_POINT('',(-65.,185.,59.9999999999999));
#14804=CARTESIAN_POINT('',(-65.,185.,59.9999999999999));
#14805=CARTESIAN_POINT('',(65.,185.,59.9999999999999));
#14806=CARTESIAN_POINT('',(-65.,205.,59.9999999999999));
#14807=CARTESIAN_POINT('',(-65.0000000000001,205.,19.9999999999999));
#14808=CARTESIAN_POINT('',(-65.,185.,59.9999999999999));
#14809=CARTESIAN_POINT('',(-65.0000000000001,185.,19.9999999999999));
#14810=CARTESIAN_POINT('',(-65.0000000000001,185.,19.9999999999999));
#14811=CARTESIAN_POINT('',(-65.,185.,59.9999999999999));
#14812=CARTESIAN_POINT('',(-65.0000000000001,205.,20.));
#14813=CARTESIAN_POINT('',(-85.,205.,20.));
#14814=CARTESIAN_POINT('',(-65.0000000000001,185.,20.));
#14815=CARTESIAN_POINT('',(-85.,185.,20.));
#14816=CARTESIAN_POINT('',(-85.,185.,20.));
#14817=CARTESIAN_POINT('',(-65.0000000000001,185.,20.));
#14818=CARTESIAN_POINT('',(-85.,205.,20.));
#14819=CARTESIAN_POINT('',(-85.,185.,20.));
#14820=CARTESIAN_POINT('',(-85.,185.,20.));
#14821=CARTESIAN_POINT('',(0.,185.,0.));
#14822=CARTESIAN_POINT('',(0.,205.,0.));
#14823=CARTESIAN_POINT('',(-9.99999999999995,3.5324693763832E-16,51.));
#14824=CARTESIAN_POINT('',(-9.99999999999995,0.111613417439141,51.));
#14825=CARTESIAN_POINT('',(-9.99802892848585,0.224764766214557,50.9807783948789));
#14826=CARTESIAN_POINT('',(-9.99455114762164,0.330071746100546,50.9439558477101));
#14827=CARTESIAN_POINT('',(-9.99107378332793,0.435366112258927,50.9071377111662));
#14828=CARTESIAN_POINT('',(-9.98602216166784,0.535718898838324,50.8517219104453));
#14829=CARTESIAN_POINT('',(-9.98057978346034,0.622918281945357,50.7822869128512));
#14830=CARTESIAN_POINT('',(-9.97512045441292,0.710389256391252,50.7126356529019));
#14831=CARTESIAN_POINT('',(-9.96915945197077,0.787038047103578,50.6269591753397));
#14832=CARTESIAN_POINT('',(-9.96410193030581,0.846565249980786,50.5322849589505));
#14833=CARTESIAN_POINT('',(-9.95903383030313,0.906216960254506,50.4374127214948));
#14834=CARTESIAN_POINT('',(-9.95477365090481,0.95031817110074,50.3308688596862));
#14835=CARTESIAN_POINT('',(-9.95233952236065,0.975160515842019,50.2214993642039));
#14836=CARTESIAN_POINT('',(-9.94991364314003,0.999918669245102,50.1125005247236));
#14837=CARTESIAN_POINT('',(-9.94925473131037,1.00622691333195,49.9976773465379));
#14838=CARTESIAN_POINT('',(-9.95052052170882,0.993549871446182,49.8866039994123));
#14839=CARTESIAN_POINT('',(-9.95178176535282,0.980918365848734,49.7759296308501));
#14840=CARTESIAN_POINT('',(-9.95497694410612,0.949099905895224,49.6659338241463));
#14841=CARTESIAN_POINT('',(-9.95934962131486,0.900752530062795,49.5656673169269));
#14842=CARTESIAN_POINT('',(-9.96373028875782,0.852316808615373,49.465217591775));
#14843=CARTESIAN_POINT('',(-9.96937770195655,0.785971106468529,49.3717695009127));
#14844=CARTESIAN_POINT('',(-9.97496487080144,0.707160396427947,49.2929468381204));
#14845=CARTESIAN_POINT('',(-9.98057657619071,0.628003582208802,49.213778018658));
#14846=CARTESIAN_POINT('',(-9.986238908254,0.534082288663507,49.1471800031735));
#14847=CARTESIAN_POINT('',(-9.99061571057716,0.433125528649411,49.0986663900463));
#14848=CARTESIAN_POINT('',(-9.99499306858819,0.332155950956382,49.0501466175305));
#14849=CARTESIAN_POINT('',(-9.99817099581098,0.221343811089059,49.0183821506027));
#14850=CARTESIAN_POINT('',(-9.99939584062686,0.109921892511087,49.0060597716428));
#14851=CARTESIAN_POINT('',(-10.0006154189066,-0.00102093879628755,48.9937903759287));
#14852=CARTESIAN_POINT('',(-9.99992312432971,-0.115632092203165,49.0004583057253));
#14853=CARTESIAN_POINT('',(-9.99748223921423,-0.224385553445664,49.0254995518703));
#14854=CARTESIAN_POINT('',(-9.99504629463905,-0.332918889268754,49.0504901125958));
#14855=CARTESIAN_POINT('',(-9.99082195209305,-0.438601457415309,49.0944540535314));
#14856=CARTESIAN_POINT('',(-9.98579728059032,-0.532778256832928,49.1537451157919));
#14857=CARTESIAN_POINT('',(-9.98075562493485,-0.62727338813445,49.2132365908469));
#14858=CARTESIAN_POINT('',(-9.97480827400844,-0.712787037472692,49.2897895772069));
#14859=CARTESIAN_POINT('',(-9.96935132406621,-0.782326132337613,49.3771309747132));
#14860=CARTESIAN_POINT('',(-9.96387491098906,-0.852113250145687,49.464783890086));
#14861=CARTESIAN_POINT('',(-9.95878422809973,-0.907735826665616,49.5657342590683));
#14862=CARTESIAN_POINT('',(-9.95529113115506,-0.944552007008815,49.6716381476852));
#14863=CARTESIAN_POINT('',(-9.95180433580316,-0.981301770479092,49.7773509842959));
#14864=CARTESIAN_POINT('',(-9.94984210192646,-1.00032107526353,49.890932809718));
#14865=CARTESIAN_POINT('',(-9.94987479518013,-0.999995780110199,50.0029051268123));
#14866=CARTESIAN_POINT('',(-9.94990734481072,-0.999671913994498,50.1143855440023));
#14867=CARTESIAN_POINT('',(-9.95191705764011,-0.980168990608923,50.2273420888518));
#14868=CARTESIAN_POINT('',(-9.95542616732503,-0.943127683264125,50.3324307041488));
#14869=CARTESIAN_POINT('',(-9.95893489833774,-0.906090373090847,50.4375079792082));
#14870=CARTESIAN_POINT('',(-9.9640097852018,-0.850513888403576,50.537607441096));
#14871=CARTESIAN_POINT('',(-9.96945700310704,-0.780978273192647,50.6245581932863));
#14872=CARTESIAN_POINT('',(-9.97492788276212,-0.711140607584541,50.7118866441444));
#14873=CARTESIAN_POINT('',(-9.98088249881938,-0.625298298806368,50.788359156787));
#14874=CARTESIAN_POINT('',(-9.98591894706978,-0.530492961830542,50.8476893401761));
#14875=CARTESIAN_POINT('',(-9.99096562230723,-0.435495113603793,50.9071399991438));
#14876=CARTESIAN_POINT('',(-9.99519039502581,-0.328858194112002,50.9510157522534));
#14877=CARTESIAN_POINT('',(-9.99759207812628,-0.21943709664883,50.9756266502173));
#14878=CARTESIAN_POINT('',(-9.99916778677523,-0.147647538061036,50.9917734952248));
#14879=CARTESIAN_POINT('',(-9.99999999999995,-0.0735998925520387,51.));
#14880=CARTESIAN_POINT('',(-9.99999999999995,3.5324693763832E-16,51.));
#14881=CARTESIAN_POINT('',(-9.99999999999995,3.5324693763832E-16,51.));
#14882=CARTESIAN_POINT('',(-9.99999999999995,3.5324693763832E-16,-49.));
#14883=CARTESIAN_POINT('',(-9.99999999999995,0.111613417439141,-49.));
#14884=CARTESIAN_POINT('',(-9.99802892848585,0.224764766214557,-49.0192216051211));
#14885=CARTESIAN_POINT('',(-9.99455114762164,0.330071746100546,-49.0560441522899));
#14886=CARTESIAN_POINT('',(-9.99107378332793,0.435366112258927,-49.0928622888338));
#14887=CARTESIAN_POINT('',(-9.98602216166784,0.535718898838324,-49.1482780895547));
#14888=CARTESIAN_POINT('',(-9.98057978346034,0.622918281945357,-49.2177130871488));
#14889=CARTESIAN_POINT('',(-9.97512045441292,0.710389256391252,-49.2873643470981));
#14890=CARTESIAN_POINT('',(-9.96915945197077,0.787038047103578,-49.3730408246603));
#14891=CARTESIAN_POINT('',(-9.96410193030581,0.846565249980786,-49.4677150410495));
#14892=CARTESIAN_POINT('',(-9.95903383030313,0.906216960254506,-49.5625872785052));
#14893=CARTESIAN_POINT('',(-9.95477365090481,0.95031817110074,-49.6691311403138));
#14894=CARTESIAN_POINT('',(-9.95233952236065,0.975160515842019,-49.7785006357961));
#14895=CARTESIAN_POINT('',(-9.94991364314003,0.999918669245102,-49.8874994752764));
#14896=CARTESIAN_POINT('',(-9.94925473131037,1.00622691333195,-50.0023226534621));
#14897=CARTESIAN_POINT('',(-9.95052052170882,0.993549871446182,-50.1133960005876));
#14898=CARTESIAN_POINT('',(-9.95178176535282,0.980918365848734,-50.2240703691498));
#14899=CARTESIAN_POINT('',(-9.95497694410612,0.949099905895224,-50.3340661758537));
#14900=CARTESIAN_POINT('',(-9.95934962131486,0.900752530062795,-50.4343326830731));
#14901=CARTESIAN_POINT('',(-9.96373028875782,0.852316808615373,-50.534782408225));
#14902=CARTESIAN_POINT('',(-9.96937770195655,0.785971106468529,-50.6282304990872));
#14903=CARTESIAN_POINT('',(-9.97496487080144,0.707160396427947,-50.7070531618795));
#14904=CARTESIAN_POINT('',(-9.98057657619071,0.628003582208802,-50.786221981342));
#14905=CARTESIAN_POINT('',(-9.986238908254,0.534082288663507,-50.8528199968265));
#14906=CARTESIAN_POINT('',(-9.99061571057716,0.433125528649411,-50.9013336099537));
#14907=CARTESIAN_POINT('',(-9.99499306858819,0.332155950956382,-50.9498533824695));
#14908=CARTESIAN_POINT('',(-9.99817099581098,0.221343811089059,-50.9816178493973));
#14909=CARTESIAN_POINT('',(-9.99939584062686,0.109921892511087,-50.9939402283572));
#14910=CARTESIAN_POINT('',(-10.0006154189066,-0.00102093879628755,-51.0062096240713));
#14911=CARTESIAN_POINT('',(-9.99992312432971,-0.115632092203165,-50.9995416942746));
#14912=CARTESIAN_POINT('',(-9.99748223921423,-0.224385553445664,-50.9745004481296));
#14913=CARTESIAN_POINT('',(-9.99504629463905,-0.332918889268754,-50.9495098874042));
#14914=CARTESIAN_POINT('',(-9.99082195209305,-0.438601457415309,-50.9055459464686));
#14915=CARTESIAN_POINT('',(-9.98579728059032,-0.532778256832928,-50.8462548842081));
#14916=CARTESIAN_POINT('',(-9.98075562493485,-0.62727338813445,-50.7867634091531));
#14917=CARTESIAN_POINT('',(-9.97480827400844,-0.712787037472692,-50.710210422793));
#14918=CARTESIAN_POINT('',(-9.96935132406621,-0.782326132337613,-50.6228690252867));
#14919=CARTESIAN_POINT('',(-9.96387491098906,-0.852113250145687,-50.535216109914));
#14920=CARTESIAN_POINT('',(-9.95878422809973,-0.907735826665616,-50.4342657409316));
#14921=CARTESIAN_POINT('',(-9.95529113115506,-0.944552007008815,-50.3283618523148));
#14922=CARTESIAN_POINT('',(-9.95180433580316,-0.981301770479092,-50.2226490157041));
#14923=CARTESIAN_POINT('',(-9.94984210192646,-1.00032107526353,-50.1090671902819));
#14924=CARTESIAN_POINT('',(-9.94987479518013,-0.999995780110199,-49.9970948731877));
#14925=CARTESIAN_POINT('',(-9.94990734481072,-0.999671913994498,-49.8856144559976));
#14926=CARTESIAN_POINT('',(-9.95191705764011,-0.980168990608923,-49.7726579111481));
#14927=CARTESIAN_POINT('',(-9.95542616732503,-0.943127683264125,-49.6675692958512));
#14928=CARTESIAN_POINT('',(-9.95893489833774,-0.906090373090847,-49.5624920207917));
#14929=CARTESIAN_POINT('',(-9.9640097852018,-0.850513888403576,-49.4623925589039));
#14930=CARTESIAN_POINT('',(-9.96945700310704,-0.780978273192647,-49.3754418067137));
#14931=CARTESIAN_POINT('',(-9.97492788276212,-0.711140607584541,-49.2881133558556));
#14932=CARTESIAN_POINT('',(-9.98088249881938,-0.625298298806368,-49.211640843213));
#14933=CARTESIAN_POINT('',(-9.98591894706978,-0.530492961830542,-49.1523106598238));
#14934=CARTESIAN_POINT('',(-9.99096562230723,-0.435495113603793,-49.0928600008562));
#14935=CARTESIAN_POINT('',(-9.99519039502581,-0.328858194112002,-49.0489842477466));
#14936=CARTESIAN_POINT('',(-9.99759207812628,-0.21943709664883,-49.0243733497826));
#14937=CARTESIAN_POINT('',(-9.99916778677523,-0.147647538061036,-49.0082265047752));
#14938=CARTESIAN_POINT('',(-9.99999999999995,-0.0735998925520387,-49.));
#14939=CARTESIAN_POINT('',(-9.99999999999995,3.5324693763832E-16,-49.));
#14940=CARTESIAN_POINT('',(-9.99999999999995,3.5324693763832E-16,-49.));
#14941=CARTESIAN_POINT('',(1.20211220637524E-14,9.99999999999995,51.));
#14942=CARTESIAN_POINT('',(0.111613417439153,9.99999999999995,51.));
#14943=CARTESIAN_POINT('',(0.224764766214569,9.99802892848585,50.9807783948789));
#14944=CARTESIAN_POINT('',(0.330071746100557,9.99455114762164,50.9439558477101));
#14945=CARTESIAN_POINT('',(0.435366112258938,9.99107378332793,50.9071377111662));
#14946=CARTESIAN_POINT('',(0.535718898838335,9.98602216166784,50.8517219104453));
#14947=CARTESIAN_POINT('',(0.622918281945368,9.98057978346034,50.7822869128512));
#14948=CARTESIAN_POINT('',(0.710389256391264,9.97512045441292,50.7126356529019));
#14949=CARTESIAN_POINT('',(0.787038047103589,9.96915945197077,50.6269591753397));
#14950=CARTESIAN_POINT('',(0.846565249980798,9.96410193030581,50.5322849589505));
#14951=CARTESIAN_POINT('',(0.906216960254518,9.95903383030313,50.4374127214948));
#14952=CARTESIAN_POINT('',(0.950318171100751,9.95477365090481,50.3308688596862));
#14953=CARTESIAN_POINT('',(0.97516051584203,9.95233952236065,50.2214993642039));
#14954=CARTESIAN_POINT('',(0.999918669245114,9.94991364314003,50.1125005247236));
#14955=CARTESIAN_POINT('',(1.00622691333196,9.94925473131037,49.9976773465379));
#14956=CARTESIAN_POINT('',(0.993549871446193,9.95052052170882,49.8866039994123));
#14957=CARTESIAN_POINT('',(0.980918365848745,9.95178176535282,49.7759296308501));
#14958=CARTESIAN_POINT('',(0.949099905895236,9.95497694410612,49.6659338241463));
#14959=CARTESIAN_POINT('',(0.900752530062807,9.95934962131486,49.5656673169269));
#14960=CARTESIAN_POINT('',(0.852316808615385,9.96373028875782,49.465217591775));
#14961=CARTESIAN_POINT('',(0.785971106468541,9.96937770195655,49.3717695009127));
#14962=CARTESIAN_POINT('',(0.707160396427959,9.97496487080144,49.2929468381204));
#14963=CARTESIAN_POINT('',(0.628003582208814,9.98057657619071,49.213778018658));
#14964=CARTESIAN_POINT('',(0.534082288663518,9.986238908254,49.1471800031735));
#14965=CARTESIAN_POINT('',(0.433125528649423,9.99061571057716,49.0986663900463));
#14966=CARTESIAN_POINT('',(0.332155950956393,9.99499306858819,49.0501466175305));
#14967=CARTESIAN_POINT('',(0.221343811089071,9.99817099581098,49.0183821506027));
#14968=CARTESIAN_POINT('',(0.109921892511099,9.99939584062686,49.0060597716428));
#14969=CARTESIAN_POINT('',(-0.00102093879627583,10.0006154189066,48.9937903759287));
#14970=CARTESIAN_POINT('',(-0.115632092203153,9.99992312432971,49.0004583057253));
#14971=CARTESIAN_POINT('',(-0.224385553445653,9.99748223921423,49.0254995518703));
#14972=CARTESIAN_POINT('',(-0.332918889268743,9.99504629463905,49.0504901125958));
#14973=CARTESIAN_POINT('',(-0.438601457415297,9.99082195209305,49.0944540535314));
#14974=CARTESIAN_POINT('',(-0.532778256832916,9.98579728059032,49.1537451157919));
#14975=CARTESIAN_POINT('',(-0.627273388134439,9.98075562493485,49.2132365908469));
#14976=CARTESIAN_POINT('',(-0.71278703747268,9.97480827400844,49.2897895772069));
#14977=CARTESIAN_POINT('',(-0.782326132337601,9.96935132406621,49.3771309747132));
#14978=CARTESIAN_POINT('',(-0.852113250145675,9.96387491098906,49.464783890086));
#14979=CARTESIAN_POINT('',(-0.907735826665605,9.95878422809974,49.5657342590683));
#14980=CARTESIAN_POINT('',(-0.944552007008804,9.95529113115506,49.6716381476852));
#14981=CARTESIAN_POINT('',(-0.981301770479081,9.95180433580316,49.7773509842959));
#14982=CARTESIAN_POINT('',(-1.00032107526352,9.94984210192646,49.890932809718));
#14983=CARTESIAN_POINT('',(-0.999995780110187,9.94987479518013,50.0029051268123));
#14984=CARTESIAN_POINT('',(-0.999671913994487,9.94990734481072,50.1143855440023));
#14985=CARTESIAN_POINT('',(-0.980168990608911,9.95191705764012,50.2273420888518));
#14986=CARTESIAN_POINT('',(-0.943127683264113,9.95542616732503,50.3324307041488));
#14987=CARTESIAN_POINT('',(-0.906090373090835,9.95893489833774,50.4375079792082));
#14988=CARTESIAN_POINT('',(-0.850513888403564,9.96400978520181,50.537607441096));
#14989=CARTESIAN_POINT('',(-0.780978273192635,9.96945700310704,50.6245581932863));
#14990=CARTESIAN_POINT('',(-0.711140607584529,9.97492788276212,50.7118866441444));
#14991=CARTESIAN_POINT('',(-0.625298298806356,9.98088249881938,50.788359156787));
#14992=CARTESIAN_POINT('',(-0.53049296183053,9.98591894706978,50.8476893401761));
#14993=CARTESIAN_POINT('',(-0.435495113603782,9.99096562230723,50.9071399991438));
#14994=CARTESIAN_POINT('',(-0.328858194111991,9.99519039502581,50.9510157522534));
#14995=CARTESIAN_POINT('',(-0.219437096648818,9.99759207812628,50.9756266502173));
#14996=CARTESIAN_POINT('',(-0.147647538061024,9.99916778677523,50.9917734952248));
#14997=CARTESIAN_POINT('',(-0.0735998925520269,9.99999999999995,51.));
#14998=CARTESIAN_POINT('',(1.20211220637524E-14,9.99999999999995,51.));
#14999=CARTESIAN_POINT('',(1.20211220637524E-14,9.99999999999995,51.));
#15000=CARTESIAN_POINT('',(1.13518992925165E-14,9.99999999999995,-51.));
#15001=CARTESIAN_POINT('',(-0.111613417439129,9.99999999999995,-51.));
#15002=CARTESIAN_POINT('',(-0.224764766214545,9.99802892848585,-50.9807783948789));
#15003=CARTESIAN_POINT('',(-0.330071746100534,9.99455114762164,-50.9439558477101));
#15004=CARTESIAN_POINT('',(-0.435366112258915,9.99107378332793,-50.9071377111662));
#15005=CARTESIAN_POINT('',(-0.535718898838312,9.98602216166784,-50.8517219104453));
#15006=CARTESIAN_POINT('',(-0.622918281945345,9.98057978346034,-50.7822869128512));
#15007=CARTESIAN_POINT('',(-0.71038925639124,9.97512045441292,-50.7126356529019));
#15008=CARTESIAN_POINT('',(-0.787038047103566,9.96915945197077,-50.6269591753397));
#15009=CARTESIAN_POINT('',(-0.846565249980774,9.96410193030581,-50.5322849589505));
#15010=CARTESIAN_POINT('',(-0.906216960254494,9.95903383030313,-50.4374127214948));
#15011=CARTESIAN_POINT('',(-0.950318171100728,9.95477365090481,-50.3308688596862));
#15012=CARTESIAN_POINT('',(-0.975160515842007,9.95233952236065,-50.2214993642039));
#15013=CARTESIAN_POINT('',(-0.999918669245091,9.94991364314003,-50.1125005247236));
#15014=CARTESIAN_POINT('',(-1.00622691333193,9.94925473131037,-49.9976773465379));
#15015=CARTESIAN_POINT('',(-0.99354987144617,9.95052052170882,-49.8866039994123));
#15016=CARTESIAN_POINT('',(-0.980918365848722,9.95178176535282,-49.7759296308501));
#15017=CARTESIAN_POINT('',(-0.949099905895213,9.95497694410613,-49.6659338241463));
#15018=CARTESIAN_POINT('',(-0.900752530062783,9.95934962131486,-49.5656673169269));
#15019=CARTESIAN_POINT('',(-0.852316808615361,9.96373028875782,-49.465217591775));
#15020=CARTESIAN_POINT('',(-0.785971106468517,9.96937770195655,-49.3717695009127));
#15021=CARTESIAN_POINT('',(-0.707160396427936,9.97496487080145,-49.2929468381204));
#15022=CARTESIAN_POINT('',(-0.62800358220879,9.98057657619071,-49.213778018658));
#15023=CARTESIAN_POINT('',(-0.534082288663495,9.986238908254,-49.1471800031735));
#15024=CARTESIAN_POINT('',(-0.433125528649399,9.99061571057716,-49.0986663900463));
#15025=CARTESIAN_POINT('',(-0.33215595095637,9.99499306858819,-49.0501466175305));
#15026=CARTESIAN_POINT('',(-0.221343811089048,9.99817099581098,-49.0183821506027));
#15027=CARTESIAN_POINT('',(-0.109921892511075,9.99939584062686,-49.0060597716428));
#15028=CARTESIAN_POINT('',(0.00102093879629958,10.0006154189066,-48.9937903759287));
#15029=CARTESIAN_POINT('',(0.115632092203177,9.99992312432971,-49.0004583057253));
#15030=CARTESIAN_POINT('',(0.224385553445676,9.99748223921423,-49.0254995518703));
#15031=CARTESIAN_POINT('',(0.332918889268766,9.99504629463905,-49.0504901125958));
#15032=CARTESIAN_POINT('',(0.438601457415321,9.99082195209305,-49.0944540535314));
#15033=CARTESIAN_POINT('',(0.53277825683294,9.98579728059032,-49.1537451157919));
#15034=CARTESIAN_POINT('',(0.627273388134462,9.98075562493485,-49.2132365908469));
#15035=CARTESIAN_POINT('',(0.712787037472703,9.97480827400844,-49.2897895772069));
#15036=CARTESIAN_POINT('',(0.782326132337624,9.96935132406621,-49.3771309747132));
#15037=CARTESIAN_POINT('',(0.852113250145699,9.96387491098906,-49.464783890086));
#15038=CARTESIAN_POINT('',(0.907735826665628,9.95878422809973,-49.5657342590683));
#15039=CARTESIAN_POINT('',(0.944552007008827,9.95529113115506,-49.6716381476852));
#15040=CARTESIAN_POINT('',(0.981301770479104,9.95180433580316,-49.7773509842959));
#15041=CARTESIAN_POINT('',(1.00032107526354,9.94984210192646,-49.890932809718));
#15042=CARTESIAN_POINT('',(0.99999578011021,9.94987479518013,-50.0029051268123));
#15043=CARTESIAN_POINT('',(0.99967191399451,9.94990734481072,-50.1143855440023));
#15044=CARTESIAN_POINT('',(0.980168990608934,9.95191705764011,-50.2273420888518));
#15045=CARTESIAN_POINT('',(0.943127683264137,9.95542616732503,-50.3324307041488));
#15046=CARTESIAN_POINT('',(0.906090373090859,9.95893489833774,-50.4375079792082));
#15047=CARTESIAN_POINT('',(0.850513888403587,9.9640097852018,-50.537607441096));
#15048=CARTESIAN_POINT('',(0.780978273192658,9.96945700310704,-50.6245581932863));
#15049=CARTESIAN_POINT('',(0.711140607584553,9.97492788276211,-50.7118866441444));
#15050=CARTESIAN_POINT('',(0.62529829880638,9.98088249881938,-50.788359156787));
#15051=CARTESIAN_POINT('',(0.530492961830553,9.98591894706978,-50.8476893401761));
#15052=CARTESIAN_POINT('',(0.435495113603805,9.99096562230723,-50.9071399991438));
#15053=CARTESIAN_POINT('',(0.328858194112014,9.99519039502581,-50.9510157522534));
#15054=CARTESIAN_POINT('',(0.219437096648842,9.99759207812628,-50.9756266502173));
#15055=CARTESIAN_POINT('',(0.147647538061047,9.99916778677523,-50.9917734952248));
#15056=CARTESIAN_POINT('',(0.0735998925520504,9.99999999999995,-51.));
#15057=CARTESIAN_POINT('',(1.13518992925165E-14,9.99999999999995,-51.));
#15058=CARTESIAN_POINT('',(1.13518992925165E-14,9.99999999999995,-51.));
#15059=CARTESIAN_POINT('',(9.99999999999995,-3.5324693763832E-16,51.));
#15060=CARTESIAN_POINT('',(9.99999999999995,-0.111613417439141,51.));
#15061=CARTESIAN_POINT('',(9.99802892848585,-0.224764766214557,50.9807783948789));
#15062=CARTESIAN_POINT('',(9.99455114762164,-0.330071746100546,50.9439558477101));
#15063=CARTESIAN_POINT('',(9.99107378332793,-0.435366112258927,50.9071377111662));
#15064=CARTESIAN_POINT('',(9.98602216166784,-0.535718898838324,50.8517219104453));
#15065=CARTESIAN_POINT('',(9.98057978346034,-0.622918281945357,50.7822869128512));
#15066=CARTESIAN_POINT('',(9.97512045441292,-0.710389256391252,50.7126356529019));
#15067=CARTESIAN_POINT('',(9.96915945197077,-0.787038047103578,50.6269591753397));
#15068=CARTESIAN_POINT('',(9.96410193030581,-0.846565249980786,50.5322849589505));
#15069=CARTESIAN_POINT('',(9.95903383030313,-0.906216960254506,50.4374127214948));
#15070=CARTESIAN_POINT('',(9.95477365090481,-0.95031817110074,50.3308688596862));
#15071=CARTESIAN_POINT('',(9.95233952236065,-0.975160515842019,50.2214993642039));
#15072=CARTESIAN_POINT('',(9.94991364314003,-0.999918669245102,50.1125005247236));
#15073=CARTESIAN_POINT('',(9.94925473131037,-1.00622691333195,49.9976773465379));
#15074=CARTESIAN_POINT('',(9.95052052170882,-0.993549871446182,49.8866039994123));
#15075=CARTESIAN_POINT('',(9.95178176535282,-0.980918365848734,49.7759296308501));
#15076=CARTESIAN_POINT('',(9.95497694410612,-0.949099905895224,49.6659338241463));
#15077=CARTESIAN_POINT('',(9.95934962131486,-0.900752530062795,49.5656673169269));
#15078=CARTESIAN_POINT('',(9.96373028875782,-0.852316808615373,49.465217591775));
#15079=CARTESIAN_POINT('',(9.96937770195655,-0.785971106468529,49.3717695009127));
#15080=CARTESIAN_POINT('',(9.97496487080144,-0.707160396427947,49.2929468381204));
#15081=CARTESIAN_POINT('',(9.98057657619071,-0.628003582208802,49.213778018658));
#15082=CARTESIAN_POINT('',(9.986238908254,-0.534082288663507,49.1471800031735));
#15083=CARTESIAN_POINT('',(9.99061571057716,-0.433125528649411,49.0986663900463));
#15084=CARTESIAN_POINT('',(9.99499306858819,-0.332155950956382,49.0501466175305));
#15085=CARTESIAN_POINT('',(9.99817099581098,-0.221343811089059,49.0183821506027));
#15086=CARTESIAN_POINT('',(9.99939584062686,-0.109921892511087,49.0060597716428));
#15087=CARTESIAN_POINT('',(10.0006154189066,0.00102093879628755,48.9937903759287));
#15088=CARTESIAN_POINT('',(9.99992312432971,0.115632092203165,49.0004583057253));
#15089=CARTESIAN_POINT('',(9.99748223921423,0.224385553445664,49.0254995518703));
#15090=CARTESIAN_POINT('',(9.99504629463905,0.332918889268754,49.0504901125958));
#15091=CARTESIAN_POINT('',(9.99082195209305,0.438601457415309,49.0944540535314));
#15092=CARTESIAN_POINT('',(9.98579728059032,0.532778256832928,49.1537451157919));
#15093=CARTESIAN_POINT('',(9.98075562493485,0.62727338813445,49.2132365908469));
#15094=CARTESIAN_POINT('',(9.97480827400844,0.712787037472692,49.2897895772069));
#15095=CARTESIAN_POINT('',(9.96935132406621,0.782326132337613,49.3771309747132));
#15096=CARTESIAN_POINT('',(9.96387491098906,0.852113250145687,49.464783890086));
#15097=CARTESIAN_POINT('',(9.95878422809973,0.907735826665616,49.5657342590683));
#15098=CARTESIAN_POINT('',(9.95529113115506,0.944552007008815,49.6716381476852));
#15099=CARTESIAN_POINT('',(9.95180433580316,0.981301770479092,49.7773509842959));
#15100=CARTESIAN_POINT('',(9.94984210192646,1.00032107526353,49.890932809718));
#15101=CARTESIAN_POINT('',(9.94987479518013,0.999995780110199,50.0029051268123));
#15102=CARTESIAN_POINT('',(9.94990734481072,0.999671913994498,50.1143855440023));
#15103=CARTESIAN_POINT('',(9.95191705764011,0.980168990608923,50.2273420888518));
#15104=CARTESIAN_POINT('',(9.95542616732503,0.943127683264125,50.3324307041488));
#15105=CARTESIAN_POINT('',(9.95893489833774,0.906090373090847,50.4375079792082));
#15106=CARTESIAN_POINT('',(9.9640097852018,0.850513888403576,50.537607441096));
#15107=CARTESIAN_POINT('',(9.96945700310704,0.780978273192647,50.6245581932863));
#15108=CARTESIAN_POINT('',(9.97492788276212,0.711140607584541,50.7118866441444));
#15109=CARTESIAN_POINT('',(9.98088249881938,0.625298298806368,50.788359156787));
#15110=CARTESIAN_POINT('',(9.98591894706978,0.530492961830542,50.8476893401761));
#15111=CARTESIAN_POINT('',(9.99096562230723,0.435495113603793,50.9071399991438));
#15112=CARTESIAN_POINT('',(9.99519039502581,0.328858194112002,50.9510157522534));
#15113=CARTESIAN_POINT('',(9.99759207812628,0.21943709664883,50.9756266502173));
#15114=CARTESIAN_POINT('',(9.99916778677523,0.147647538061036,50.9917734952248));
#15115=CARTESIAN_POINT('',(9.99999999999995,0.0735998925520387,51.));
#15116=CARTESIAN_POINT('',(9.99999999999995,-3.5324693763832E-16,51.));
#15117=CARTESIAN_POINT('',(9.99999999999995,-3.5324693763832E-16,51.));
#15118=CARTESIAN_POINT('',(9.99999999999995,3.5324693763832E-16,-51.));
#15119=CARTESIAN_POINT('',(9.99999999999995,0.111613417439141,-51.));
#15120=CARTESIAN_POINT('',(9.99802892848585,0.224764766214557,-50.9807783948789));
#15121=CARTESIAN_POINT('',(9.99455114762164,0.330071746100546,-50.9439558477101));
#15122=CARTESIAN_POINT('',(9.99107378332793,0.435366112258927,-50.9071377111662));
#15123=CARTESIAN_POINT('',(9.98602216166784,0.535718898838324,-50.8517219104453));
#15124=CARTESIAN_POINT('',(9.98057978346034,0.622918281945357,-50.7822869128512));
#15125=CARTESIAN_POINT('',(9.97512045441292,0.710389256391252,-50.7126356529019));
#15126=CARTESIAN_POINT('',(9.96915945197077,0.787038047103578,-50.6269591753397));
#15127=CARTESIAN_POINT('',(9.96410193030581,0.846565249980786,-50.5322849589505));
#15128=CARTESIAN_POINT('',(9.95903383030313,0.906216960254506,-50.4374127214948));
#15129=CARTESIAN_POINT('',(9.95477365090481,0.95031817110074,-50.3308688596862));
#15130=CARTESIAN_POINT('',(9.95233952236065,0.975160515842019,-50.2214993642039));
#15131=CARTESIAN_POINT('',(9.94991364314003,0.999918669245102,-50.1125005247236));
#15132=CARTESIAN_POINT('',(9.94925473131037,1.00622691333195,-49.9976773465379));
#15133=CARTESIAN_POINT('',(9.95052052170882,0.993549871446182,-49.8866039994123));
#15134=CARTESIAN_POINT('',(9.95178176535282,0.980918365848734,-49.7759296308501));
#15135=CARTESIAN_POINT('',(9.95497694410612,0.949099905895224,-49.6659338241463));
#15136=CARTESIAN_POINT('',(9.95934962131486,0.900752530062795,-49.5656673169269));
#15137=CARTESIAN_POINT('',(9.96373028875782,0.852316808615373,-49.465217591775));
#15138=CARTESIAN_POINT('',(9.96937770195655,0.785971106468529,-49.3717695009127));
#15139=CARTESIAN_POINT('',(9.97496487080144,0.707160396427947,-49.2929468381204));
#15140=CARTESIAN_POINT('',(9.98057657619071,0.628003582208802,-49.213778018658));
#15141=CARTESIAN_POINT('',(9.986238908254,0.534082288663507,-49.1471800031735));
#15142=CARTESIAN_POINT('',(9.99061571057716,0.433125528649411,-49.0986663900463));
#15143=CARTESIAN_POINT('',(9.99499306858819,0.332155950956382,-49.0501466175305));
#15144=CARTESIAN_POINT('',(9.99817099581098,0.221343811089059,-49.0183821506027));
#15145=CARTESIAN_POINT('',(9.99939584062686,0.109921892511087,-49.0060597716428));
#15146=CARTESIAN_POINT('',(10.0006154189066,-0.00102093879628755,-48.9937903759287));
#15147=CARTESIAN_POINT('',(9.99992312432971,-0.115632092203165,-49.0004583057253));
#15148=CARTESIAN_POINT('',(9.99748223921423,-0.224385553445664,-49.0254995518703));
#15149=CARTESIAN_POINT('',(9.99504629463905,-0.332918889268754,-49.0504901125958));
#15150=CARTESIAN_POINT('',(9.99082195209305,-0.438601457415309,-49.0944540535314));
#15151=CARTESIAN_POINT('',(9.98579728059032,-0.532778256832928,-49.1537451157919));
#15152=CARTESIAN_POINT('',(9.98075562493485,-0.62727338813445,-49.2132365908469));
#15153=CARTESIAN_POINT('',(9.97480827400844,-0.712787037472692,-49.2897895772069));
#15154=CARTESIAN_POINT('',(9.96935132406621,-0.782326132337613,-49.3771309747132));
#15155=CARTESIAN_POINT('',(9.96387491098906,-0.852113250145687,-49.464783890086));
#15156=CARTESIAN_POINT('',(9.95878422809973,-0.907735826665616,-49.5657342590683));
#15157=CARTESIAN_POINT('',(9.95529113115506,-0.944552007008815,-49.6716381476852));
#15158=CARTESIAN_POINT('',(9.95180433580316,-0.981301770479092,-49.7773509842959));
#15159=CARTESIAN_POINT('',(9.94984210192646,-1.00032107526353,-49.890932809718));
#15160=CARTESIAN_POINT('',(9.94987479518013,-0.999995780110199,-50.0029051268123));
#15161=CARTESIAN_POINT('',(9.94990734481072,-0.999671913994498,-50.1143855440023));
#15162=CARTESIAN_POINT('',(9.95191705764011,-0.980168990608923,-50.2273420888518));
#15163=CARTESIAN_POINT('',(9.95542616732503,-0.943127683264125,-50.3324307041488));
#15164=CARTESIAN_POINT('',(9.95893489833774,-0.906090373090847,-50.4375079792082));
#15165=CARTESIAN_POINT('',(9.9640097852018,-0.850513888403576,-50.537607441096));
#15166=CARTESIAN_POINT('',(9.96945700310704,-0.780978273192647,-50.6245581932863));
#15167=CARTESIAN_POINT('',(9.97492788276212,-0.711140607584541,-50.7118866441444));
#15168=CARTESIAN_POINT('',(9.98088249881938,-0.625298298806368,-50.788359156787));
#15169=CARTESIAN_POINT('',(9.98591894706978,-0.530492961830542,-50.8476893401761));
#15170=CARTESIAN_POINT('',(9.99096562230723,-0.435495113603793,-50.9071399991438));
#15171=CARTESIAN_POINT('',(9.99519039502581,-0.328858194112002,-50.9510157522534));
#15172=CARTESIAN_POINT('',(9.99759207812628,-0.21943709664883,-50.9756266502173));
#15173=CARTESIAN_POINT('',(9.99916778677523,-0.147647538061036,-50.9917734952248));
#15174=CARTESIAN_POINT('',(9.99999999999995,-0.0735998925520387,-51.));
#15175=CARTESIAN_POINT('',(9.99999999999995,3.5324693763832E-16,-51.));
#15176=CARTESIAN_POINT('',(9.99999999999995,3.5324693763832E-16,-51.));
#15177=CARTESIAN_POINT('',(-1.20202742036241E-14,-9.99999999999995,51.));
#15178=CARTESIAN_POINT('',(-0.111613417439153,-9.99999999999995,51.));
#15179=CARTESIAN_POINT('',(-0.224764766214569,-9.99802892848585,50.9807783948789));
#15180=CARTESIAN_POINT('',(-0.330071746100557,-9.99455114762164,50.9439558477101));
#15181=CARTESIAN_POINT('',(-0.435366112258938,-9.99107378332793,50.9071377111662));
#15182=CARTESIAN_POINT('',(-0.535718898838335,-9.98602216166784,50.8517219104453));
#15183=CARTESIAN_POINT('',(-0.622918281945368,-9.98057978346034,50.7822869128512));
#15184=CARTESIAN_POINT('',(-0.710389256391264,-9.97512045441292,50.7126356529019));
#15185=CARTESIAN_POINT('',(-0.787038047103589,-9.96915945197077,50.6269591753397));
#15186=CARTESIAN_POINT('',(-0.846565249980798,-9.96410193030581,50.5322849589505));
#15187=CARTESIAN_POINT('',(-0.906216960254518,-9.95903383030313,50.4374127214948));
#15188=CARTESIAN_POINT('',(-0.950318171100751,-9.95477365090481,50.3308688596862));
#15189=CARTESIAN_POINT('',(-0.97516051584203,-9.95233952236065,50.2214993642039));
#15190=CARTESIAN_POINT('',(-0.999918669245114,-9.94991364314003,50.1125005247236));
#15191=CARTESIAN_POINT('',(-1.00622691333196,-9.94925473131037,49.9976773465379));
#15192=CARTESIAN_POINT('',(-0.993549871446193,-9.95052052170882,49.8866039994123));
#15193=CARTESIAN_POINT('',(-0.980918365848745,-9.95178176535282,49.7759296308501));
#15194=CARTESIAN_POINT('',(-0.949099905895236,-9.95497694410612,49.6659338241463));
#15195=CARTESIAN_POINT('',(-0.900752530062807,-9.95934962131486,49.5656673169269));
#15196=CARTESIAN_POINT('',(-0.852316808615385,-9.96373028875782,49.465217591775));
#15197=CARTESIAN_POINT('',(-0.785971106468541,-9.96937770195655,49.3717695009127));
#15198=CARTESIAN_POINT('',(-0.707160396427959,-9.97496487080144,49.2929468381204));
#15199=CARTESIAN_POINT('',(-0.628003582208814,-9.98057657619071,49.213778018658));
#15200=CARTESIAN_POINT('',(-0.534082288663518,-9.986238908254,49.1471800031735));
#15201=CARTESIAN_POINT('',(-0.433125528649423,-9.99061571057716,49.0986663900463));
#15202=CARTESIAN_POINT('',(-0.332155950956393,-9.99499306858819,49.0501466175305));
#15203=CARTESIAN_POINT('',(-0.221343811089071,-9.99817099581098,49.0183821506027));
#15204=CARTESIAN_POINT('',(-0.109921892511099,-9.99939584062686,49.0060597716428));
#15205=CARTESIAN_POINT('',(0.00102093879627589,-10.0006154189066,48.9937903759287));
#15206=CARTESIAN_POINT('',(0.115632092203153,-9.99992312432971,49.0004583057253));
#15207=CARTESIAN_POINT('',(0.224385553445653,-9.99748223921423,49.0254995518703));
#15208=CARTESIAN_POINT('',(0.332918889268743,-9.99504629463905,49.0504901125958));
#15209=CARTESIAN_POINT('',(0.438601457415297,-9.99082195209305,49.0944540535314));
#15210=CARTESIAN_POINT('',(0.532778256832916,-9.98579728059032,49.1537451157919));
#15211=CARTESIAN_POINT('',(0.627273388134438,-9.98075562493485,49.2132365908469));
#15212=CARTESIAN_POINT('',(0.71278703747268,-9.97480827400844,49.2897895772069));
#15213=CARTESIAN_POINT('',(0.782326132337601,-9.96935132406621,49.3771309747132));
#15214=CARTESIAN_POINT('',(0.852113250145675,-9.96387491098906,49.464783890086));
#15215=CARTESIAN_POINT('',(0.907735826665605,-9.95878422809974,49.5657342590683));
#15216=CARTESIAN_POINT('',(0.944552007008804,-9.95529113115506,49.6716381476852));
#15217=CARTESIAN_POINT('',(0.981301770479081,-9.95180433580316,49.7773509842959));
#15218=CARTESIAN_POINT('',(1.00032107526352,-9.94984210192646,49.890932809718));
#15219=CARTESIAN_POINT('',(0.999995780110187,-9.94987479518013,50.0029051268123));
#15220=CARTESIAN_POINT('',(0.999671913994487,-9.94990734481072,50.1143855440023));
#15221=CARTESIAN_POINT('',(0.980168990608911,-9.95191705764012,50.2273420888518));
#15222=CARTESIAN_POINT('',(0.943127683264113,-9.95542616732503,50.3324307041488));
#15223=CARTESIAN_POINT('',(0.906090373090835,-9.95893489833774,50.4375079792082));
#15224=CARTESIAN_POINT('',(0.850513888403564,-9.96400978520181,50.537607441096));
#15225=CARTESIAN_POINT('',(0.780978273192635,-9.96945700310704,50.6245581932863));
#15226=CARTESIAN_POINT('',(0.711140607584529,-9.97492788276212,50.7118866441444));
#15227=CARTESIAN_POINT('',(0.625298298806356,-9.98088249881938,50.788359156787));
#15228=CARTESIAN_POINT('',(0.53049296183053,-9.98591894706978,50.8476893401761));
#15229=CARTESIAN_POINT('',(0.435495113603782,-9.99096562230723,50.9071399991438));
#15230=CARTESIAN_POINT('',(0.32885819411199,-9.99519039502581,50.9510157522534));
#15231=CARTESIAN_POINT('',(0.219437096648818,-9.99759207812628,50.9756266502173));
#15232=CARTESIAN_POINT('',(0.147647538061024,-9.99916778677523,50.9917734952248));
#15233=CARTESIAN_POINT('',(0.0735998925520269,-9.99999999999995,51.));
#15234=CARTESIAN_POINT('',(-1.20202742036241E-14,-9.99999999999995,51.));
#15235=CARTESIAN_POINT('',(-1.20202742036241E-14,-9.99999999999995,51.));
#15236=CARTESIAN_POINT('',(-1.13552890786676E-14,-9.99999999999995,-51.));
#15237=CARTESIAN_POINT('',(0.111613417439129,-9.99999999999995,-51.));
#15238=CARTESIAN_POINT('',(0.224764766214545,-9.99802892848585,-50.9807783948789));
#15239=CARTESIAN_POINT('',(0.330071746100534,-9.99455114762164,-50.9439558477101));
#15240=CARTESIAN_POINT('',(0.435366112258915,-9.99107378332793,-50.9071377111662));
#15241=CARTESIAN_POINT('',(0.535718898838312,-9.98602216166784,-50.8517219104453));
#15242=CARTESIAN_POINT('',(0.622918281945345,-9.98057978346034,-50.7822869128512));
#15243=CARTESIAN_POINT('',(0.71038925639124,-9.97512045441292,-50.7126356529019));
#15244=CARTESIAN_POINT('',(0.787038047103566,-9.96915945197077,-50.6269591753397));
#15245=CARTESIAN_POINT('',(0.846565249980774,-9.96410193030581,-50.5322849589505));
#15246=CARTESIAN_POINT('',(0.906216960254494,-9.95903383030313,-50.4374127214948));
#15247=CARTESIAN_POINT('',(0.950318171100728,-9.95477365090481,-50.3308688596862));
#15248=CARTESIAN_POINT('',(0.975160515842007,-9.95233952236065,-50.2214993642039));
#15249=CARTESIAN_POINT('',(0.999918669245091,-9.94991364314003,-50.1125005247236));
#15250=CARTESIAN_POINT('',(1.00622691333193,-9.94925473131037,-49.9976773465379));
#15251=CARTESIAN_POINT('',(0.99354987144617,-9.95052052170882,-49.8866039994123));
#15252=CARTESIAN_POINT('',(0.980918365848722,-9.95178176535282,-49.7759296308501));
#15253=CARTESIAN_POINT('',(0.949099905895213,-9.95497694410613,-49.6659338241463));
#15254=CARTESIAN_POINT('',(0.900752530062783,-9.95934962131486,-49.5656673169269));
#15255=CARTESIAN_POINT('',(0.852316808615361,-9.96373028875782,-49.465217591775));
#15256=CARTESIAN_POINT('',(0.785971106468517,-9.96937770195655,-49.3717695009127));
#15257=CARTESIAN_POINT('',(0.707160396427936,-9.97496487080145,-49.2929468381204));
#15258=CARTESIAN_POINT('',(0.62800358220879,-9.98057657619071,-49.213778018658));
#15259=CARTESIAN_POINT('',(0.534082288663495,-9.986238908254,-49.1471800031735));
#15260=CARTESIAN_POINT('',(0.433125528649399,-9.99061571057716,-49.0986663900463));
#15261=CARTESIAN_POINT('',(0.33215595095637,-9.99499306858819,-49.0501466175305));
#15262=CARTESIAN_POINT('',(0.221343811089048,-9.99817099581098,-49.0183821506027));
#15263=CARTESIAN_POINT('',(0.109921892511075,-9.99939584062686,-49.0060597716428));
#15264=CARTESIAN_POINT('',(-0.00102093879629933,-10.0006154189066,-48.9937903759287));
#15265=CARTESIAN_POINT('',(-0.115632092203177,-9.99992312432971,-49.0004583057253));
#15266=CARTESIAN_POINT('',(-0.224385553445676,-9.99748223921423,-49.0254995518703));
#15267=CARTESIAN_POINT('',(-0.332918889268766,-9.99504629463905,-49.0504901125958));
#15268=CARTESIAN_POINT('',(-0.438601457415321,-9.99082195209305,-49.0944540535314));
#15269=CARTESIAN_POINT('',(-0.53277825683294,-9.98579728059032,-49.1537451157919));
#15270=CARTESIAN_POINT('',(-0.627273388134462,-9.98075562493485,-49.2132365908469));
#15271=CARTESIAN_POINT('',(-0.712787037472703,-9.97480827400844,-49.2897895772069));
#15272=CARTESIAN_POINT('',(-0.782326132337624,-9.96935132406621,-49.3771309747132));
#15273=CARTESIAN_POINT('',(-0.852113250145699,-9.96387491098906,-49.464783890086));
#15274=CARTESIAN_POINT('',(-0.907735826665628,-9.95878422809973,-49.5657342590683));
#15275=CARTESIAN_POINT('',(-0.944552007008827,-9.95529113115506,-49.6716381476852));
#15276=CARTESIAN_POINT('',(-0.981301770479104,-9.95180433580316,-49.7773509842959));
#15277=CARTESIAN_POINT('',(-1.00032107526354,-9.94984210192646,-49.890932809718));
#15278=CARTESIAN_POINT('',(-0.99999578011021,-9.94987479518013,-50.0029051268123));
#15279=CARTESIAN_POINT('',(-0.99967191399451,-9.94990734481072,-50.1143855440023));
#15280=CARTESIAN_POINT('',(-0.980168990608934,-9.95191705764011,-50.2273420888518));
#15281=CARTESIAN_POINT('',(-0.943127683264137,-9.95542616732503,-50.3324307041488));
#15282=CARTESIAN_POINT('',(-0.906090373090859,-9.95893489833774,-50.4375079792082));
#15283=CARTESIAN_POINT('',(-0.850513888403587,-9.9640097852018,-50.537607441096));
#15284=CARTESIAN_POINT('',(-0.780978273192658,-9.96945700310704,-50.6245581932863));
#15285=CARTESIAN_POINT('',(-0.711140607584553,-9.97492788276211,-50.7118866441444));
#15286=CARTESIAN_POINT('',(-0.62529829880638,-9.98088249881938,-50.788359156787));
#15287=CARTESIAN_POINT('',(-0.530492961830553,-9.98591894706978,-50.8476893401761));
#15288=CARTESIAN_POINT('',(-0.435495113603805,-9.99096562230723,-50.9071399991438));
#15289=CARTESIAN_POINT('',(-0.328858194112014,-9.99519039502581,-50.9510157522534));
#15290=CARTESIAN_POINT('',(-0.219437096648842,-9.99759207812628,-50.9756266502173));
#15291=CARTESIAN_POINT('',(-0.147647538061047,-9.99916778677523,-50.9917734952248));
#15292=CARTESIAN_POINT('',(-0.0735998925520503,-9.99999999999995,-51.));
#15293=CARTESIAN_POINT('',(-1.13552890786676E-14,-9.99999999999995,-51.));
#15294=CARTESIAN_POINT('',(-1.13552890786676E-14,-9.99999999999995,-51.));
#15295=CARTESIAN_POINT('',(-1.07171841353745E-14,9.99999999999995,509.5));
#15296=CARTESIAN_POINT('',(-0.221391869830286,9.99999999999995,509.5));
#15297=CARTESIAN_POINT('',(-0.445827788070127,9.99224804460835,509.462158076553));
#15298=CARTESIAN_POINT('',(-0.654623802323653,9.97855037956067,509.389832711494));
#15299=CARTESIAN_POINT('',(-0.863323010005433,9.96485906532384,509.3175408795));
#15300=CARTESIAN_POINT('',(-1.06212850390872,9.94496591996175,509.208914001934));
#15301=CARTESIAN_POINT('',(-1.23533131131207,9.9234044839103,509.072881607525));
#15302=CARTESIAN_POINT('',(-1.41063284459449,9.90158178451959,508.935200887026));
#15303=CARTESIAN_POINT('',(-1.56454600127191,9.8776041305419,508.765676363733));
#15304=CARTESIAN_POINT('',(-1.6847356806449,9.85706171667607,508.577805959513));
#15305=CARTESIAN_POINT('',(-1.80599735692888,9.8363360807206,508.388259899828));
#15306=CARTESIAN_POINT('',(-1.8962603934784,9.81870336706435,508.174651221076));
#15307=CARTESIAN_POINT('',(-1.94759639827029,9.80850999232012,507.954827736011));
#15308=CARTESIAN_POINT('',(-1.9982538718935,9.7984513480152,507.737909757263));
#15309=CARTESIAN_POINT('',(-2.01236654739468,9.79545643138101,507.50885871768));
#15310=CARTESIAN_POINT('',(-1.98864624708944,9.80026969546941,507.287194680665));
#15311=CARTESIAN_POINT('',(-1.96528042421097,9.8050110298838,507.068843202785));
#15312=CARTESIAN_POINT('',(-1.90464135228347,9.81739413127735,506.851698075669));
#15313=CARTESIAN_POINT('',(-1.81193501072755,9.83447464366545,506.653305535096));
#15314=CARTESIAN_POINT('',(-1.71858721092761,9.85167334036867,506.453540267171));
#15315=CARTESIAN_POINT('',(-1.59027214080445,9.87395281389614,506.267337682667));
#15316=CARTESIAN_POINT('',(-1.43725007019538,9.89617664735843,506.109204459411));
#15317=CARTESIAN_POINT('',(-1.28148407589298,9.91879898871538,505.948235661545));
#15318=CARTESIAN_POINT('',(-1.09577767116638,9.9418242746837,505.811914756261));
#15319=CARTESIAN_POINT('',(-0.895095487404045,9.95985964100037,505.711479922274));
#15320=CARTESIAN_POINT('',(-0.694139205723994,9.97791964057675,505.610907911293));
#15321=CARTESIAN_POINT('',(-0.472456440671741,9.9913373966114,505.543580247214));
#15322=CARTESIAN_POINT('',(-0.248833815345016,9.99690360723458,505.515539939343));
#15323=CARTESIAN_POINT('',(-0.0289574397337173,10.0023765696235,505.487969378196));
#15324=CARTESIAN_POINT('',(0.198897001566784,10.000372894348,505.497627781261));
#15325=CARTESIAN_POINT('',(0.415546149138669,9.99136233943775,505.543645891477));
#15326=CARTESIAN_POINT('',(0.630282796191669,9.98243132645571,505.589257770417));
#15327=CARTESIAN_POINT('',(0.839858881735236,9.96645698061608,505.671740480988));
#15328=CARTESIAN_POINT('',(1.02761261327646,9.94706048624588,505.784187563562));
#15329=CARTESIAN_POINT('',(1.21768578344098,9.92742437491665,505.898023774886));
#15330=CARTESIAN_POINT('',(1.39059700685475,9.90388511356596,506.045618447209));
#15331=CARTESIAN_POINT('',(1.53277311197149,9.88183214729011,506.215240650076));
#15332=CARTESIAN_POINT('',(1.67709735564866,9.85944598277965,506.387425674553));
#15333=CARTESIAN_POINT('',(1.79373186447516,9.83814026139951,506.587159866532));
#15334=CARTESIAN_POINT('',(1.87279263337619,9.82306712551487,506.798111296307));
#15335=CARTESIAN_POINT('',(1.95142335025066,9.80807598013858,507.00791525318));
#15336=CARTESIAN_POINT('',(1.99501155391056,9.79897702255271,507.234758123648));
#15337=CARTESIAN_POINT('',(1.99958512636416,9.79804364770959,507.459265218508));
#15338=CARTESIAN_POINT('',(2.00407596807023,9.79712715656062,507.679711234205));
#15339=CARTESIAN_POINT('',(1.97110477380187,9.80405402832684,507.90397035291));
#15340=CARTESIAN_POINT('',(1.90359150444043,9.81714517485716,508.113465063571));
#15341=CARTESIAN_POINT('',(1.83622980926219,9.83020693042684,508.322489437216));
#15342=CARTESIAN_POINT('',(1.73275294618765,9.84963040435187,508.522503705186));
#15343=CARTESIAN_POINT('',(1.60160768975955,9.87090942153265,508.697853416785));
#15344=CARTESIAN_POINT('',(1.46822031400942,9.89255223452942,508.876200987301));
#15345=CARTESIAN_POINT('',(1.30256664922839,9.91654592427357,509.033935041529));
#15346=CARTESIAN_POINT('',(1.11782068324101,9.93732745360228,509.15845618577));
#15347=CARTESIAN_POINT('',(0.931234906754209,9.95831593779276,509.284217385822));
#15348=CARTESIAN_POINT('',(0.719878640265172,9.97645446011395,509.379554485802));
#15349=CARTESIAN_POINT('',(0.501364280660437,9.98742378484446,509.436138904644));
#15350=CARTESIAN_POINT('',(0.338413806640597,9.99560382696045,509.478335023422));
#15351=CARTESIAN_POINT('',(0.168523833662185,9.99999999999995,509.5));
#15352=CARTESIAN_POINT('',(-1.07171841353745E-14,9.99999999999995,509.5));
#15353=CARTESIAN_POINT('',(-1.07171841353745E-14,9.99999999999995,509.5));
#15354=CARTESIAN_POINT('',(0.,0.,520.));
#15355=CARTESIAN_POINT('',(-9.99999999999995,0.,520.));
#15356=CARTESIAN_POINT('',(0.,0.,-55.));
#15357=CARTESIAN_POINT('',(-9.99999999999985,0.,-55.));
#15358=CARTESIAN_POINT('',(1.07171841353745E-14,-9.99999999999995,509.5));
#15359=CARTESIAN_POINT('',(0.221391869830286,-9.99999999999995,509.5));
#15360=CARTESIAN_POINT('',(0.445827788070127,-9.99224804460835,509.462158076553));
#15361=CARTESIAN_POINT('',(0.654623802323653,-9.97855037956067,509.389832711494));
#15362=CARTESIAN_POINT('',(0.863323010005433,-9.96485906532384,509.3175408795));
#15363=CARTESIAN_POINT('',(1.06212850390872,-9.94496591996175,509.208914001934));
#15364=CARTESIAN_POINT('',(1.23533131131207,-9.9234044839103,509.072881607525));
#15365=CARTESIAN_POINT('',(1.41063284459449,-9.90158178451959,508.935200887026));
#15366=CARTESIAN_POINT('',(1.56454600127191,-9.8776041305419,508.765676363733));
#15367=CARTESIAN_POINT('',(1.6847356806449,-9.85706171667607,508.577805959513));
#15368=CARTESIAN_POINT('',(1.80599735692888,-9.8363360807206,508.388259899828));
#15369=CARTESIAN_POINT('',(1.8962603934784,-9.81870336706435,508.174651221076));
#15370=CARTESIAN_POINT('',(1.94759639827029,-9.80850999232012,507.954827736011));
#15371=CARTESIAN_POINT('',(1.9982538718935,-9.7984513480152,507.737909757263));
#15372=CARTESIAN_POINT('',(2.01236654739468,-9.79545643138101,507.50885871768));
#15373=CARTESIAN_POINT('',(1.98864624708944,-9.80026969546941,507.287194680665));
#15374=CARTESIAN_POINT('',(1.96528042421097,-9.8050110298838,507.068843202785));
#15375=CARTESIAN_POINT('',(1.90464135228347,-9.81739413127735,506.851698075669));
#15376=CARTESIAN_POINT('',(1.81193501072755,-9.83447464366545,506.653305535096));
#15377=CARTESIAN_POINT('',(1.71858721092761,-9.85167334036867,506.453540267171));
#15378=CARTESIAN_POINT('',(1.59027214080445,-9.87395281389614,506.267337682667));
#15379=CARTESIAN_POINT('',(1.43725007019538,-9.89617664735843,506.109204459411));
#15380=CARTESIAN_POINT('',(1.28148407589298,-9.91879898871538,505.948235661545));
#15381=CARTESIAN_POINT('',(1.09577767116638,-9.9418242746837,505.811914756261));
#15382=CARTESIAN_POINT('',(0.895095487404045,-9.95985964100037,505.711479922274));
#15383=CARTESIAN_POINT('',(0.694139205723994,-9.97791964057675,505.610907911293));
#15384=CARTESIAN_POINT('',(0.472456440671741,-9.9913373966114,505.543580247214));
#15385=CARTESIAN_POINT('',(0.248833815345016,-9.99690360723458,505.515539939343));
#15386=CARTESIAN_POINT('',(0.0289574397337173,-10.0023765696235,505.487969378196));
#15387=CARTESIAN_POINT('',(-0.198897001566784,-10.000372894348,505.497627781261));
#15388=CARTESIAN_POINT('',(-0.415546149138669,-9.99136233943775,505.543645891477));
#15389=CARTESIAN_POINT('',(-0.630282796191669,-9.98243132645571,505.589257770417));
#15390=CARTESIAN_POINT('',(-0.839858881735236,-9.96645698061608,505.671740480988));
#15391=CARTESIAN_POINT('',(-1.02761261327646,-9.94706048624588,505.784187563562));
#15392=CARTESIAN_POINT('',(-1.21768578344098,-9.92742437491665,505.898023774886));
#15393=CARTESIAN_POINT('',(-1.39059700685475,-9.90388511356596,506.045618447209));
#15394=CARTESIAN_POINT('',(-1.53277311197149,-9.88183214729011,506.215240650076));
#15395=CARTESIAN_POINT('',(-1.67709735564866,-9.85944598277965,506.387425674553));
#15396=CARTESIAN_POINT('',(-1.79373186447516,-9.83814026139951,506.587159866532));
#15397=CARTESIAN_POINT('',(-1.87279263337619,-9.82306712551487,506.798111296307));
#15398=CARTESIAN_POINT('',(-1.95142335025066,-9.80807598013858,507.00791525318));
#15399=CARTESIAN_POINT('',(-1.99501155391056,-9.79897702255271,507.234758123648));
#15400=CARTESIAN_POINT('',(-1.99958512636416,-9.79804364770959,507.459265218508));
#15401=CARTESIAN_POINT('',(-2.00407596807023,-9.79712715656062,507.679711234205));
#15402=CARTESIAN_POINT('',(-1.97110477380187,-9.80405402832684,507.90397035291));
#15403=CARTESIAN_POINT('',(-1.90359150444043,-9.81714517485716,508.113465063571));
#15404=CARTESIAN_POINT('',(-1.83622980926219,-9.83020693042684,508.322489437216));
#15405=CARTESIAN_POINT('',(-1.73275294618765,-9.84963040435187,508.522503705186));
#15406=CARTESIAN_POINT('',(-1.60160768975955,-9.87090942153265,508.697853416785));
#15407=CARTESIAN_POINT('',(-1.46822031400942,-9.89255223452942,508.876200987301));
#15408=CARTESIAN_POINT('',(-1.30256664922839,-9.91654592427357,509.033935041529));
#15409=CARTESIAN_POINT('',(-1.11782068324101,-9.93732745360228,509.15845618577));
#15410=CARTESIAN_POINT('',(-0.931234906754209,-9.95831593779276,509.284217385822));
#15411=CARTESIAN_POINT('',(-0.719878640265172,-9.97645446011395,509.379554485802));
#15412=CARTESIAN_POINT('',(-0.501364280660437,-9.98742378484446,509.436138904644));
#15413=CARTESIAN_POINT('',(-0.338413806640597,-9.99560382696045,509.478335023422));
#15414=CARTESIAN_POINT('',(-0.168523833662185,-9.99999999999995,509.5));
#15415=CARTESIAN_POINT('',(1.07171841353745E-14,-9.99999999999995,509.5));
#15416=CARTESIAN_POINT('',(1.07171841353745E-14,-9.99999999999995,509.5));
#15417=CARTESIAN_POINT('',(0.,0.,0.));
#15418=CARTESIAN_POINT('',(-9.99999999999995,0.,520.));
#15419=CARTESIAN_POINT('',(4.2632564145606E-14,0.,-55.));
#15420=CARTESIAN_POINT('',(0.,-10.9999999999999,507.5));
#15421=CARTESIAN_POINT('',(-1.64003751041553E-13,-140.,50.));
#15422=CARTESIAN_POINT('',(-1.64003751041553E-13,-140.,51.));
#15423=CARTESIAN_POINT('',(-1.75718304687379E-13,-150.,40.));
#15424=CARTESIAN_POINT('',(-1.76889760051961E-13,-151.,40.));
#15425=CARTESIAN_POINT('',(-1.64003751041553E-13,-140.,40.));
#15426=CARTESIAN_POINT('',(1.64003751041553E-13,140.,50.));
#15427=CARTESIAN_POINT('',(-1.75718304687379E-13,-150.,-40.));
#15428=CARTESIAN_POINT('',(-1.76889760051961E-13,-151.,-40.));
#15429=CARTESIAN_POINT('',(-1.75718304687379E-13,-150.,-40.));
#15430=CARTESIAN_POINT('',(-1.64003751041553E-13,-140.,-50.));
#15431=CARTESIAN_POINT('',(-1.64003751041553E-13,-140.,-51.));
#15432=CARTESIAN_POINT('',(-1.64003751041553E-13,-140.,-40.));
#15433=CARTESIAN_POINT('',(-1.64003751041553E-13,-140.,-50.));
#15434=CARTESIAN_POINT('',(150.,0.,40.));
#15435=CARTESIAN_POINT('',(151.,0.,40.));
#15436=CARTESIAN_POINT('',(140.,0.,50.));
#15437=CARTESIAN_POINT('',(140.,0.,51.));
#15438=CARTESIAN_POINT('',(140.,0.,40.));
#15439=CARTESIAN_POINT('',(140.,0.,50.));
#15440=CARTESIAN_POINT('',(150.,0.,-40.));
#15441=CARTESIAN_POINT('',(151.,0.,-40.));
#15442=CARTESIAN_POINT('',(150.,0.,-40.));
#15443=CARTESIAN_POINT('',(140.,0.,-50.));
#15444=CARTESIAN_POINT('',(140.,0.,-51.));
#15445=CARTESIAN_POINT('',(140.,0.,-40.));
#15446=CARTESIAN_POINT('',(-140.,0.,-50.));
#15447=CARTESIAN_POINT('',(1.75718304687379E-13,150.,40.));
#15448=CARTESIAN_POINT('',(1.76889760051961E-13,151.,40.));
#15449=CARTESIAN_POINT('',(1.64003751041553E-13,140.,50.));
#15450=CARTESIAN_POINT('',(1.64003751041553E-13,140.,51.));
#15451=CARTESIAN_POINT('',(1.64003751041553E-13,140.,40.));
#15452=CARTESIAN_POINT('',(1.64003751041553E-13,140.,50.));
#15453=CARTESIAN_POINT('',(1.75718304687379E-13,150.,-40.));
#15454=CARTESIAN_POINT('',(1.76889760051961E-13,151.,-40.));
#15455=CARTESIAN_POINT('',(1.75718304687379E-13,150.,-40.));
#15456=CARTESIAN_POINT('',(1.64003751041553E-13,140.,-50.));
#15457=CARTESIAN_POINT('',(1.64003751041553E-13,140.,-51.));
#15458=CARTESIAN_POINT('',(1.64003751041553E-13,140.,-40.));
#15459=CARTESIAN_POINT('',(-1.64003751041553E-13,-140.,-50.));
#15460=CARTESIAN_POINT('',(-140.,0.,50.));
#15461=CARTESIAN_POINT('',(-140.,0.,51.));
#15462=CARTESIAN_POINT('',(140.,0.,50.));
#15463=CARTESIAN_POINT('',(-150.,0.,40.));
#15464=CARTESIAN_POINT('',(-151.,0.,40.));
#15465=CARTESIAN_POINT('',(-140.,0.,40.));
#15466=CARTESIAN_POINT('',(-140.,0.,-50.));
#15467=CARTESIAN_POINT('',(-140.,0.,-51.));
#15468=CARTESIAN_POINT('',(-140.,0.,-50.));
#15469=CARTESIAN_POINT('',(-150.,0.,-40.));
#15470=CARTESIAN_POINT('',(-151.,0.,-40.));
#15471=CARTESIAN_POINT('',(-140.,0.,-40.));
#15472=CARTESIAN_POINT('',(-150.,0.,-40.));
#15473=CARTESIAN_POINT('',(0.,0.,-920.));
#15474=CARTESIAN_POINT('',(-10.0000000000003,0.,-920.));
#15475=CARTESIAN_POINT('',(8.70414851306123E-14,0.,-920.));
#15476=CARTESIAN_POINT('',(0.,0.,0.));
#15477=CARTESIAN_POINT('',(0.,10.,0.));
#15478=CARTESIAN_POINT('',(9.9999999999998,0.,0.));
#15479=CARTESIAN_POINT('',(0.,0.,0.));
#15480=CARTESIAN_POINT('',(0.,-10.,-6.1580370432541E-16));
#15481=CARTESIAN_POINT('',(0.,0.,0.));
#15482=CARTESIAN_POINT('',(0.,0.,0.));
#15483=CARTESIAN_POINT('',(9.99999999999983,10.,0.));
#15484=CARTESIAN_POINT('',(9.9999999999998,10.,0.));
#15485=CARTESIAN_POINT('',(9.9999999999998,-10.,0.));
#15486=CARTESIAN_POINT('',(9.99999999999983,-10.,0.));
#15487=CARTESIAN_POINT('',(9.9999999999998,-10.,0.));
#15488=CARTESIAN_POINT('',(9.9999999999998,-10.,0.));
#15489=CARTESIAN_POINT('',(9.99999999999983,-10.,0.));
#15490=CARTESIAN_POINT('',(9.99999999999983,-10.,0.));
#15491=CARTESIAN_POINT('',(9.99999999999983,-10.,0.));
#15492=CARTESIAN_POINT('',(-365.,-10.,-2.1316282072803E-14));
#15493=CARTESIAN_POINT('',(-366.552776554087,-14.7527765540869,-2.08166817117217E-14));
#15494=CARTESIAN_POINT('',(-369.037254038179,-10.4137246264143,-2.04494936065976E-14));
#15495=CARTESIAN_POINT('',(-375.,0.,-2.08166817117217E-14));
#15496=CARTESIAN_POINT('',(-369.037254038179,10.4137246264143,-2.04494936065976E-14));
#15497=CARTESIAN_POINT('',(-366.552776554087,14.7527765540869,-2.08166817117217E-14));
#15498=CARTESIAN_POINT('',(-365.,10.,-2.1316282072803E-14));
#15499=CARTESIAN_POINT('',(9.99999999999983,10.,0.));
#15500=CARTESIAN_POINT('',(9.99999999999983,-10.,0.));
#15501=CARTESIAN_POINT('',(-365.,10.,19.9999999999999));
#15502=CARTESIAN_POINT('',(-365.,10.,19.9999999999999));
#15503=CARTESIAN_POINT('',(9.9999999999999,10.,20.0000000000001));
#15504=CARTESIAN_POINT('',(-366.552776554087,14.7527765540869,19.9999999999999));
#15505=CARTESIAN_POINT('',(-369.037254038179,10.4137246264143,19.9999999999999));
#15506=CARTESIAN_POINT('',(-375.,0.,19.9999999999999));
#15507=CARTESIAN_POINT('',(-369.037254038179,-10.4137246264143,19.9999999999999));
#15508=CARTESIAN_POINT('',(-366.552776554087,-14.7527765540869,19.9999999999999));
#15509=CARTESIAN_POINT('',(-365.,-10.,19.9999999999999));
#15510=CARTESIAN_POINT('',(-365.,-10.,19.9999999999999));
#15511=CARTESIAN_POINT('',(9.9999999999999,-10.,20.0000000000001));
#15512=CARTESIAN_POINT('',(9.9999999999999,-10.,20.0000000000001));
#15513=CARTESIAN_POINT('',(-365.,-10.,19.9999999999999));
#15514=CARTESIAN_POINT('',(9.9999999999999,10.,20.0000000000001));
#15515=CARTESIAN_POINT('',(9.9999999999999,-10.,20.0000000000001));
#15516=CARTESIAN_POINT('',(9.9999999999999,-10.,20.0000000000001));
#15517=CARTESIAN_POINT('',(-365.,-10.,-2.1316282072803E-14));
#15518=CARTESIAN_POINT('',(0.,-10.,0.));
#15519=CARTESIAN_POINT('',(-365.,10.,-2.1316282072803E-14));
#15520=CARTESIAN_POINT('',(0.,10.,0.));
#15521=CARTESIAN_POINT('',(-369.037254038179,10.4137246264143,35.));
#15522=CARTESIAN_POINT('',(-369.037254038179,-10.4137246264143,35.));
#15523=CARTESIAN_POINT('',(-375.,0.,35.));
#15524=CARTESIAN_POINT('',(-363.,0.,35.));
#15525=CARTESIAN_POINT('',(-375.,0.,-15.));
#15526=CARTESIAN_POINT('',(-363.,0.,-15.));
#15527=CARTESIAN_POINT('',(-375.,0.,35.));
#15528=CARTESIAN_POINT('',(-375.,0.,35.));
#15529=CARTESIAN_POINT('',(-365.,0.,35.));
#15530=CARTESIAN_POINT('',(-375.,0.,-15.));
#15531=CARTESIAN_POINT('',(-365.,0.,-15.));
#15532=CARTESIAN_POINT('',(-375.,0.,35.));
#15533=CARTESIAN_POINT('',(-375.,0.,35.));
#15534=CARTESIAN_POINT('',(-375.,0.,-15.));
#15535=CARTESIAN_POINT('',(-366.552776554087,14.7527765540869,35.));
#15536=CARTESIAN_POINT('',(-366.552776554087,-14.7527765540869,35.));
#15537=CARTESIAN_POINT('',(-50.,7.99999999999993,-35.));
#15538=CARTESIAN_POINT('',(-50.,7.99999999999993,-35.));
#15539=CARTESIAN_POINT('',(-50.,2.99999999999996,-35.));
#15540=CARTESIAN_POINT('',(50.,7.99999999999998,-35.));
#15541=CARTESIAN_POINT('',(50.,7.99999999999998,-35.));
#15542=CARTESIAN_POINT('',(50.,3.00000000000002,-35.));
#15543=CARTESIAN_POINT('',(50.,3.00000000000001,-35.));
#15544=CARTESIAN_POINT('',(-50.,2.99999999999996,-35.));
#15545=CARTESIAN_POINT('',(-32.,-7.00000000000001,-35.));
#15546=CARTESIAN_POINT('',(41.,3.00000000000001,17.5));
#15547=CARTESIAN_POINT('',(46.,3.00000000000001,17.5));
#15548=CARTESIAN_POINT('',(-41.,2.99999999999996,17.5));
#15549=CARTESIAN_POINT('',(-36.,2.99999999999997,17.5));
#15550=CARTESIAN_POINT('',(-41.,2.99999999999996,-17.5));
#15551=CARTESIAN_POINT('',(-36.,2.99999999999997,-17.5));
#15552=CARTESIAN_POINT('',(41.,3.00000000000001,-17.5));
#15553=CARTESIAN_POINT('',(46.,3.00000000000001,-17.5));
#15554=CARTESIAN_POINT('',(-50.,2.99999999999996,-346.5));
#15555=CARTESIAN_POINT('',(-50.,2.99999999999996,35.));
#15556=CARTESIAN_POINT('',(50.,3.00000000000001,-346.5));
#15557=CARTESIAN_POINT('',(50.,3.00000000000001,35.));
#15558=CARTESIAN_POINT('',(-50.,2.99999999999996,35.));
#15559=CARTESIAN_POINT('',(-50.,2.99999999999996,-346.5));
#15560=CARTESIAN_POINT('',(-50.,7.99999999999993,35.));
#15561=CARTESIAN_POINT('',(-50.,7.99999999999993,35.));
#15562=CARTESIAN_POINT('',(50.,3.00000000000002,35.));
#15563=CARTESIAN_POINT('',(50.,7.99999999999998,35.));
#15564=CARTESIAN_POINT('',(50.,7.99999999999998,35.));
#15565=CARTESIAN_POINT('',(-32.,-7.00000000000001,35.));
#15566=CARTESIAN_POINT('',(-50.,7.99999999999993,-346.5));
#15567=CARTESIAN_POINT('',(-50.,7.99999999999993,-346.5));
#15568=CARTESIAN_POINT('',(50.,7.99999999999998,-346.5));
#15569=CARTESIAN_POINT('',(50.,3.00000000000002,-346.5));
#15570=CARTESIAN_POINT('',(41.,7.99999999999998,17.5));
#15571=CARTESIAN_POINT('',(36.,7.99999999999998,17.5));
#15572=CARTESIAN_POINT('',(-41.,7.99999999999994,17.5));
#15573=CARTESIAN_POINT('',(-46.,7.99999999999993,17.5));
#15574=CARTESIAN_POINT('',(-41.,7.99999999999994,-17.5));
#15575=CARTESIAN_POINT('',(-46.,7.99999999999993,-17.5));
#15576=CARTESIAN_POINT('',(41.,7.99999999999998,-17.5));
#15577=CARTESIAN_POINT('',(36.,7.99999999999998,-17.5));
#15578=CARTESIAN_POINT('',(50.,7.99999999999998,-346.5));
#15579=CARTESIAN_POINT('',(41.,2.69999999999996,-17.5));
#15580=CARTESIAN_POINT('',(-41.,2.69999999999996,-17.5));
#15581=CARTESIAN_POINT('',(-41.,2.69999999999996,17.5));
#15582=CARTESIAN_POINT('',(41.,2.69999999999996,17.5));
#15583=CARTESIAN_POINT('',(-12.,-22.,346.5));
#15584=CARTESIAN_POINT('',(-12.,-22.,35.));
#15585=CARTESIAN_POINT('',(-12.,-22.,-35.));
#15586=CARTESIAN_POINT('',(-23.,-22.,35.));
#15587=CARTESIAN_POINT('',(-23.,-22.,35.));
#15588=CARTESIAN_POINT('',(-23.,-22.,35.));
#15589=CARTESIAN_POINT('',(-23.,-22.,-35.));
#15590=CARTESIAN_POINT('',(-23.,-22.,-35.));
#15591=CARTESIAN_POINT('',(-23.,-22.,35.));
#15592=CARTESIAN_POINT('',(-50.,-1.59872115546023E-14,-35.));
#15593=CARTESIAN_POINT('',(-50.,-1.59872115546023E-14,-35.));
#15594=CARTESIAN_POINT('',(-50.,-5.00000000000002,-35.));
#15595=CARTESIAN_POINT('',(-50.,-5.00000000000002,35.));
#15596=CARTESIAN_POINT('',(-50.,-5.00000000000002,35.));
#15597=CARTESIAN_POINT('',(-50.,-1.59872115546023E-14,35.));
#15598=CARTESIAN_POINT('',(-50.,-1.59872115546023E-14,35.));
#15599=CARTESIAN_POINT('',(-50.,-1.59872115546023E-14,35.));
#15600=CARTESIAN_POINT('',(-50.,-1.59872115546023E-14,35.));
#15601=CARTESIAN_POINT('',(-41.,-5.00000000000002,17.5));
#15602=CARTESIAN_POINT('',(-46.,-5.00000000000002,17.5));
#15603=CARTESIAN_POINT('',(-41.,-5.00000000000002,-17.5));
#15604=CARTESIAN_POINT('',(-46.,-5.00000000000002,-17.5));
#15605=CARTESIAN_POINT('',(-50.,-5.00000000000002,-35.));
#15606=CARTESIAN_POINT('',(-32.,-5.00000000000002,-35.));
#15607=CARTESIAN_POINT('',(-32.,-5.00000000000002,35.));
#15608=CARTESIAN_POINT('',(-32.,-5.00000000000002,35.));
#15609=CARTESIAN_POINT('',(-50.,-5.00000000000002,35.));
#15610=CARTESIAN_POINT('',(-50.,-5.00000000000002,35.));
#15611=CARTESIAN_POINT('',(-32.,-7.00000000000001,-35.));
#15612=CARTESIAN_POINT('',(-30.,-7.00000000000001,-35.));
#15613=CARTESIAN_POINT('',(-30.,-7.00000000000001,35.));
#15614=CARTESIAN_POINT('',(-30.,-7.00000000000001,35.));
#15615=CARTESIAN_POINT('',(-32.,-7.00000000000001,35.));
#15616=CARTESIAN_POINT('',(-32.,-7.00000000000001,35.));
#15617=CARTESIAN_POINT('',(-30.,-7.00000000000001,-35.));
#15618=CARTESIAN_POINT('',(-30.,-15.,-35.));
#15619=CARTESIAN_POINT('',(-30.,-15.,35.));
#15620=CARTESIAN_POINT('',(-30.,-15.,35.));
#15621=CARTESIAN_POINT('',(-30.,-7.00000000000001,35.));
#15622=CARTESIAN_POINT('',(-30.,-7.00000000000001,35.));
#15623=CARTESIAN_POINT('',(-23.,-15.,-35.));
#15624=CARTESIAN_POINT('',(-23.,-15.,35.));
#15625=CARTESIAN_POINT('',(-23.,-15.,35.));
#15626=CARTESIAN_POINT('',(-23.,-22.,35.));
#15627=CARTESIAN_POINT('',(12.,-22.,35.));
#15628=CARTESIAN_POINT('',(23.,-22.,35.));
#15629=CARTESIAN_POINT('',(12.,-22.,346.5));
#15630=CARTESIAN_POINT('',(12.,-22.,-35.));
#15631=CARTESIAN_POINT('',(-23.,-22.,-35.));
#15632=CARTESIAN_POINT('',(23.,-22.,-35.));
#15633=CARTESIAN_POINT('',(23.,-22.,35.));
#15634=CARTESIAN_POINT('',(-23.,-22.,35.));
#15635=CARTESIAN_POINT('',(23.,-15.,-35.));
#15636=CARTESIAN_POINT('',(30.,-15.,-35.));
#15637=CARTESIAN_POINT('',(30.,-15.,35.));
#15638=CARTESIAN_POINT('',(30.,-15.,35.));
#15639=CARTESIAN_POINT('',(23.,-15.,35.));
#15640=CARTESIAN_POINT('',(23.,-15.,35.));
#15641=CARTESIAN_POINT('',(30.,-15.,-35.));
#15642=CARTESIAN_POINT('',(30.,-7.00000000000001,-35.));
#15643=CARTESIAN_POINT('',(30.,-7.00000000000001,35.));
#15644=CARTESIAN_POINT('',(30.,-7.00000000000001,35.));
#15645=CARTESIAN_POINT('',(30.,-15.,35.));
#15646=CARTESIAN_POINT('',(30.,-15.,35.));
#15647=CARTESIAN_POINT('',(32.,-7.00000000000002,-35.));
#15648=CARTESIAN_POINT('',(32.,-5.00000000000002,-35.));
#15649=CARTESIAN_POINT('',(32.,-5.00000000000002,35.));
#15650=CARTESIAN_POINT('',(32.,-5.00000000000002,35.));
#15651=CARTESIAN_POINT('',(32.,-7.00000000000002,35.));
#15652=CARTESIAN_POINT('',(32.,-7.00000000000002,35.));
#15653=CARTESIAN_POINT('',(41.,-5.00000000000002,17.5));
#15654=CARTESIAN_POINT('',(36.,-5.00000000000001,17.5));
#15655=CARTESIAN_POINT('',(41.,-5.00000000000002,-17.5));
#15656=CARTESIAN_POINT('',(36.,-5.00000000000001,-17.5));
#15657=CARTESIAN_POINT('',(32.,-5.00000000000002,-35.));
#15658=CARTESIAN_POINT('',(50.,-5.00000000000002,-35.));
#15659=CARTESIAN_POINT('',(50.,-5.00000000000002,35.));
#15660=CARTESIAN_POINT('',(50.,-5.00000000000002,35.));
#15661=CARTESIAN_POINT('',(32.,-5.00000000000002,35.));
#15662=CARTESIAN_POINT('',(32.,-5.00000000000002,35.));
#15663=CARTESIAN_POINT('',(50.,-5.00000000000002,-35.));
#15664=CARTESIAN_POINT('',(50.,-1.56125112837913E-14,-35.));
#15665=CARTESIAN_POINT('',(50.,-1.56125112837913E-14,35.));
#15666=CARTESIAN_POINT('',(50.,-1.56125112837913E-14,35.));
#15667=CARTESIAN_POINT('',(50.,-5.00000000000002,35.));
#15668=CARTESIAN_POINT('',(50.,-5.00000000000002,35.));
#15669=CARTESIAN_POINT('',(41.,-6.93889390390723E-15,17.5));
#15670=CARTESIAN_POINT('',(46.,-1.18437797621576E-14,17.5));
#15671=CARTESIAN_POINT('',(41.,-6.93889390390723E-15,-17.5));
#15672=CARTESIAN_POINT('',(46.,-1.18437797621576E-14,-17.5));
#15673=CARTESIAN_POINT('',(50.,-1.5881232250301E-14,-35.));
#15674=CARTESIAN_POINT('',(32.,1.77635683940025E-15,-35.));
#15675=CARTESIAN_POINT('',(32.,1.77635683940025E-15,35.));
#15676=CARTESIAN_POINT('',(32.,1.77635683940025E-15,35.));
#15677=CARTESIAN_POINT('',(50.,-1.5881232250301E-14,35.));
#15678=CARTESIAN_POINT('',(50.,-1.5881232250301E-14,35.));
#15679=CARTESIAN_POINT('',(32.,-7.00000000000005,-35.));
#15680=CARTESIAN_POINT('',(25.,-7.00000000000006,-35.));
#15681=CARTESIAN_POINT('',(25.,-7.00000000000006,35.));
#15682=CARTESIAN_POINT('',(25.,-7.00000000000006,35.));
#15683=CARTESIAN_POINT('',(32.,-7.00000000000005,35.));
#15684=CARTESIAN_POINT('',(32.,-7.00000000000005,35.));
#15685=CARTESIAN_POINT('',(25.,-7.00000000000006,-35.));
#15686=CARTESIAN_POINT('',(25.,-15.,-35.));
#15687=CARTESIAN_POINT('',(25.,-15.,35.));
#15688=CARTESIAN_POINT('',(25.,-15.,35.));
#15689=CARTESIAN_POINT('',(25.,-7.00000000000006,35.));
#15690=CARTESIAN_POINT('',(25.,-7.00000000000006,35.));
#15691=CARTESIAN_POINT('',(23.,-15.,-35.));
#15692=CARTESIAN_POINT('',(23.,-17.,-35.));
#15693=CARTESIAN_POINT('',(23.,-17.,35.));
#15694=CARTESIAN_POINT('',(23.,-17.,35.));
#15695=CARTESIAN_POINT('',(23.,-15.,35.));
#15696=CARTESIAN_POINT('',(23.,-15.,35.));
#15697=CARTESIAN_POINT('',(23.,-17.,-35.));
#15698=CARTESIAN_POINT('',(-23.,-17.,-35.));
#15699=CARTESIAN_POINT('',(-23.,-17.,35.));
#15700=CARTESIAN_POINT('',(-23.,-17.,35.));
#15701=CARTESIAN_POINT('',(23.,-17.,35.));
#15702=CARTESIAN_POINT('',(23.,-17.,35.));
#15703=CARTESIAN_POINT('',(-23.,-15.,-35.));
#15704=CARTESIAN_POINT('',(-25.,-15.,-35.));
#15705=CARTESIAN_POINT('',(-25.,-15.,35.));
#15706=CARTESIAN_POINT('',(-25.,-15.,35.));
#15707=CARTESIAN_POINT('',(-23.,-15.,35.));
#15708=CARTESIAN_POINT('',(-23.,-15.,35.));
#15709=CARTESIAN_POINT('',(-25.,-15.,-35.));
#15710=CARTESIAN_POINT('',(-25.,-7.00000000000006,-35.));
#15711=CARTESIAN_POINT('',(-25.,-7.00000000000006,35.));
#15712=CARTESIAN_POINT('',(-25.,-7.00000000000006,35.));
#15713=CARTESIAN_POINT('',(-25.,-15.,35.));
#15714=CARTESIAN_POINT('',(-25.,-15.,35.));
#15715=CARTESIAN_POINT('',(-32.,-7.00000000000005,-35.));
#15716=CARTESIAN_POINT('',(-32.,6.07153216591882E-15,-35.));
#15717=CARTESIAN_POINT('',(-32.,6.07153216591882E-15,35.));
#15718=CARTESIAN_POINT('',(-32.,6.07153216591882E-15,35.));
#15719=CARTESIAN_POINT('',(-32.,-7.00000000000005,35.));
#15720=CARTESIAN_POINT('',(-32.,-7.00000000000005,35.));
#15721=CARTESIAN_POINT('',(-41.,-6.93889390390723E-15,17.5));
#15722=CARTESIAN_POINT('',(-36.,-2.03400804565688E-15,17.5));
#15723=CARTESIAN_POINT('',(-41.,-6.93889390390723E-15,-17.5));
#15724=CARTESIAN_POINT('',(-36.,-2.03400804565688E-15,-17.5));
#15725=CARTESIAN_POINT('',(-32.,1.77635683940025E-15,-35.));
#15726=CARTESIAN_POINT('',(-32.,1.77635683940025E-15,35.));
#15727=CARTESIAN_POINT('',(-32.,1.77635683940025E-15,35.));
#15728=CARTESIAN_POINT('',(-12.,-22.,35.));
#15729=CARTESIAN_POINT('',(-12.,-49.,35.));
#15730=CARTESIAN_POINT('',(0.,-49.,35.));
#15731=CARTESIAN_POINT('',(12.,-49.,35.));
#15732=CARTESIAN_POINT('',(12.,-49.,35.));
#15733=CARTESIAN_POINT('',(0.,-49.,35.));
#15734=CARTESIAN_POINT('',(-10.,-49.,35.));
#15735=CARTESIAN_POINT('',(-32.,-7.00000000000001,35.));
#15736=CARTESIAN_POINT('',(12.,-49.,-35.));
#15737=CARTESIAN_POINT('',(12.,-49.,-35.));
#15738=CARTESIAN_POINT('',(0.,-49.,-35.));
#15739=CARTESIAN_POINT('',(-12.,-49.,-35.));
#15740=CARTESIAN_POINT('',(-12.,-22.,-35.));
#15741=CARTESIAN_POINT('',(0.,-49.,-35.));
#15742=CARTESIAN_POINT('',(-10.,-49.,-35.));
#15743=CARTESIAN_POINT('',(-32.,-7.00000000000001,-35.));
#15744=CARTESIAN_POINT('',(-41.,-24.2,-17.5));
#15745=CARTESIAN_POINT('',(-41.,-24.2,17.5));
#15746=CARTESIAN_POINT('',(41.,-24.2,-17.5));
#15747=CARTESIAN_POINT('',(41.,-24.2,17.5));
#15748=CARTESIAN_POINT('',(12.,-49.,346.5));
#15749=CARTESIAN_POINT('',(-12.,-49.,346.5));
#15750=CARTESIAN_POINT('',(0.,-49.,346.5));
#15751=CARTESIAN_POINT('',(12.,-49.,346.5));
#15752=CARTESIAN_POINT('',(-12.,-22.,346.5));
#15753=CARTESIAN_POINT('',(0.,-49.,346.5));
#15754=CARTESIAN_POINT('',(22.4499443206439,-11.,-743.390877647826));
#15755=CARTESIAN_POINT('',(21.8401877683407,-12.2444546043957,-744.280989676782));
#15756=CARTESIAN_POINT('',(21.0825983457261,-13.5284034420357,-744.924470544468));
#15757=CARTESIAN_POINT('',(19.2127770620635,-16.0736694709436,-745.843955491428));
#15758=CARTESIAN_POINT('',(18.1223803021126,-17.298557502602,-746.088341468589));
#15759=CARTESIAN_POINT('',(15.7209323652607,-19.5067435788787,-745.855781538754));
#15760=CARTESIAN_POINT('',(14.387692295879,-20.4839836722857,-745.342452354924));
#15761=CARTESIAN_POINT('',(12.2471730447666,-21.8313084605321,-743.261298113962));
#15762=CARTESIAN_POINT('',(11.5076731716961,-22.1939976479309,-741.66422079475));
#15763=CARTESIAN_POINT('',(11.4924565411556,-22.2018809129449,-738.39157429112));
#15764=CARTESIAN_POINT('',(12.2239355064722,-21.844299025644,-736.772605211605));
#15765=CARTESIAN_POINT('',(14.3650578966727,-20.4998319703695,-734.668483173729));
#15766=CARTESIAN_POINT('',(15.7067062624646,-19.5178614337508,-734.148910447194));
#15767=CARTESIAN_POINT('',(18.1041220210748,-17.3172833437718,-733.910156983329));
#15768=CARTESIAN_POINT('',(19.2071364126883,-16.0789155138254,-734.156181028591));
#15769=CARTESIAN_POINT('',(21.0611627046255,-13.559979306977,-735.062120384891));
#15770=CARTESIAN_POINT('',(21.8399472435568,-12.2449454923963,-735.718659209314));
#15771=CARTESIAN_POINT('',(22.4499443206439,-11.,-736.609122352174));
#15772=CARTESIAN_POINT('',(22.4499443206439,-11.,-743.390877647826));
#15773=CARTESIAN_POINT('',(22.4499443206439,-11.,-736.609122352174));
#15774=CARTESIAN_POINT('',(22.4499443206439,-11.,0.));
#15775=CARTESIAN_POINT('',(24.9799919935938,1.,-7425.));
#15776=CARTESIAN_POINT('',(24.9799919935938,1.,-750.));
#15777=CARTESIAN_POINT('',(24.9799919935938,1.,-730.));
#15778=CARTESIAN_POINT('',(0.,0.,-750.));
#15779=CARTESIAN_POINT('',(24.9799919935938,-0.999999999999996,-750.));
#15780=CARTESIAN_POINT('',(24.9799919935938,-0.999999999999996,-7425.));
#15781=CARTESIAN_POINT('',(24.9799919935938,-0.999999999999996,-730.));
#15782=CARTESIAN_POINT('',(0.,0.,-730.));
#15783=CARTESIAN_POINT('',(22.4499443206439,11.,-743.390877647826));
#15784=CARTESIAN_POINT('',(21.8401877683407,12.2444546043957,-744.280989676782));
#15785=CARTESIAN_POINT('',(21.0825983457261,13.5284034420357,-744.924470544468));
#15786=CARTESIAN_POINT('',(19.2127770620635,16.0736694709436,-745.843955491428));
#15787=CARTESIAN_POINT('',(18.1223803021126,17.298557502602,-746.088341468589));
#15788=CARTESIAN_POINT('',(15.7209323652607,19.5067435788787,-745.855781538754));
#15789=CARTESIAN_POINT('',(14.387692295879,20.4839836722857,-745.342452354924));
#15790=CARTESIAN_POINT('',(12.2471730447667,21.8313084605321,-743.261298113963));
#15791=CARTESIAN_POINT('',(11.5076731716961,22.1939976479309,-741.66422079475));
#15792=CARTESIAN_POINT('',(11.4924565411556,22.2018809129449,-738.39157429112));
#15793=CARTESIAN_POINT('',(12.2239355064722,21.844299025644,-736.772605211605));
#15794=CARTESIAN_POINT('',(14.3650578966727,20.4998319703695,-734.668483173729));
#15795=CARTESIAN_POINT('',(15.7067062624646,19.5178614337508,-734.148910447194));
#15796=CARTESIAN_POINT('',(18.1041220210748,17.3172833437718,-733.91015698333));
#15797=CARTESIAN_POINT('',(19.2071364126883,16.0789155138254,-734.156181028591));
#15798=CARTESIAN_POINT('',(21.0611627046255,13.559979306977,-735.062120384891));
#15799=CARTESIAN_POINT('',(21.8399472435568,12.2449454923963,-735.718659209314));
#15800=CARTESIAN_POINT('',(22.4499443206439,11.,-736.609122352174));
#15801=CARTESIAN_POINT('',(22.4499443206439,11.,-743.390877647826));
#15802=CARTESIAN_POINT('',(22.4499443206439,11.,-736.609122352174));
#15803=CARTESIAN_POINT('',(22.4499443206439,11.,0.));
#15804=CARTESIAN_POINT('',(0.,0.,0.));
#15805=CARTESIAN_POINT('',(17.5000000000002,1.,-740.));
#15806=CARTESIAN_POINT('',(14.5000000000002,1.,-740.));
#15807=CARTESIAN_POINT('',(17.5000000000002,11.,-740.));
#15808=CARTESIAN_POINT('',(14.5000000000002,11.,-740.));
#15809=CARTESIAN_POINT('',(17.5000000000002,-27.6000000000003,-740.));
#15810=CARTESIAN_POINT('',(17.5000000000002,-1.,-740.));
#15811=CARTESIAN_POINT('',(20.5000000000002,-0.999999999999999,-740.));
#15812=CARTESIAN_POINT('',(17.5000000000002,-11.,-740.));
#15813=CARTESIAN_POINT('',(20.5000000000002,-11.,-740.));
#15814=CARTESIAN_POINT('',(17.5000000000002,-27.6000000000003,-740.));
#15815=CARTESIAN_POINT('',(0.,0.,-750.));
#15816=CARTESIAN_POINT('',(9.94987437106638,-1.00000000000001,-750.));
#15817=CARTESIAN_POINT('',(9.94987437106638,1.00000000000001,-750.));
#15818=CARTESIAN_POINT('',(9.94987437106638,1.00000000000001,-7425.));
#15819=CARTESIAN_POINT('',(9.94987437106638,1.00000000000001,-730.));
#15820=CARTESIAN_POINT('',(0.,0.,-730.));
#15821=CARTESIAN_POINT('',(9.94987437106638,-1.00000000000001,-730.));
#15822=CARTESIAN_POINT('',(9.94987437106638,-1.00000000000001,-7425.));
#15823=CARTESIAN_POINT('',(0.,0.,0.));
#15824=CARTESIAN_POINT('',(9.94987437106638,-1.00000000000001,-750.));
#15825=CARTESIAN_POINT('',(24.9799919935938,0.999999999999996,-750.));
#15826=CARTESIAN_POINT('',(10.0000000000002,0.,-750.));
#15827=CARTESIAN_POINT('',(9.94987437106638,-1.00000000000001,-730.));
#15828=CARTESIAN_POINT('',(24.9799919935938,0.999999999999996,-730.));
#15829=CARTESIAN_POINT('',(25.0000000000002,0.,-730.));
#15830=CARTESIAN_POINT('',(24.9799919935938,0.999999999999996,-7425.));
#15831=CARTESIAN_POINT('',(9.94987437106638,-1.00000000000001,-7425.));
#15832=CARTESIAN_POINT('',(17.5000000000002,-11.,-740.));
#15833=CARTESIAN_POINT('',(9.94987437106639,-11.,-7425.));
#15834=CARTESIAN_POINT('',(17.5000000000002,-27.6000000000003,-740.));
#15835=CARTESIAN_POINT('',(17.5000000000002,11.,-740.));
#15836=CARTESIAN_POINT('',(9.94987437106639,11.,-7425.));
#15837=CARTESIAN_POINT('',(17.5000000000002,27.6000000000003,-740.));
#15838=CARTESIAN_POINT('',(0.,-25.,0.));
#15839=CARTESIAN_POINT('',(12.5,-25.,-7.65404249467096E-16));
#15840=CARTESIAN_POINT('',(0.,-20.,0.));
#15841=CARTESIAN_POINT('',(-6.61877280390294,-20.,-10.6038599844733));
#15842=CARTESIAN_POINT('',(-6.61877280390294,-20.,10.6038599844733));
#15843=CARTESIAN_POINT('',(-6.61877280390294,-25.,-10.6038599844733));
#15844=CARTESIAN_POINT('',(-6.61877280390294,0.,-10.6038599844733));
#15845=CARTESIAN_POINT('',(0.,0.,0.));
#15846=CARTESIAN_POINT('',(-6.61877280390294,0.,10.6038599844733));
#15847=CARTESIAN_POINT('',(-6.61877280390294,-25.,10.6038599844733));
#15848=CARTESIAN_POINT('',(-2.,-12.5,-12.3389626792531));
#15849=CARTESIAN_POINT('',(-2.,-12.2777529181862,-12.3389626792531));
#15850=CARTESIAN_POINT('',(-1.96187824226912,-12.0524475402138,-12.3453018594499));
#15851=CARTESIAN_POINT('',(-1.88894049620397,-11.8428061155179,-12.3564519099052));
#15852=CARTESIAN_POINT('',(-1.81602551051612,-11.6332301098701,-12.3675984809638));
#15853=CARTESIAN_POINT('',(-1.70637920950618,-11.4335428129524,-12.3837570168677));
#15854=CARTESIAN_POINT('',(-1.56902618053069,-11.2597754861279,-12.4011353046731));
#15855=CARTESIAN_POINT('',(-1.43056305267641,-11.084603756968,-12.4186540452806));
#15856=CARTESIAN_POINT('',(-1.26013698043552,-10.9309380171159,-12.4377608715669));
#15857=CARTESIAN_POINT('',(-1.07151740406596,-10.8112577305036,-12.4539893388739));
#15858=CARTESIAN_POINT('',(-0.88188272652944,-10.690933355929,-12.4703051435422));
#15859=CARTESIAN_POINT('',(-0.66852814248815,-10.6016550886266,-12.4840386274992));
#15860=CARTESIAN_POINT('',(-0.44923806404229,-10.5511066828029,-12.4919247981172));
#15861=CARTESIAN_POINT('',(-0.231830335219868,-10.500992176102,-12.499743275156));
#15862=CARTESIAN_POINT('',(-0.00253341086169247,-10.4875842539933,-12.501969168264));
#15863=CARTESIAN_POINT('',(0.219332184541977,-10.5120630309731,-12.4980755875784));
#15864=CARTESIAN_POINT('',(0.439190303474798,-10.5363203199446,-12.4942172366526));
#15865=CARTESIAN_POINT('',(0.657776264360856,-10.5983998257417,-12.4842826838476));
#15866=CARTESIAN_POINT('',(0.85726482410619,-10.6930420532425,-12.4705692340546));
#15867=CARTESIAN_POINT('',(1.05762193010608,-10.7880963402233,-12.4567960777528));
#15868=CARTESIAN_POINT('',(1.24420272997811,-10.9185418991461,-12.4389396514623));
#15869=CARTESIAN_POINT('',(1.40213390744116,-11.0738090921606,-12.4211118868483));
#15870=CARTESIAN_POINT('',(1.561826028359,-11.2308075250207,-12.4030853414367));
#15871=CARTESIAN_POINT('',(1.69663038139125,-11.4175422291404,-12.3847248370089));
#15872=CARTESIAN_POINT('',(1.79541488673651,-11.6188159190697,-12.3703874387379));
#15873=CARTESIAN_POINT('',(1.8942829818777,-11.8202599234285,-12.3560379084003));
#15874=CARTESIAN_POINT('',(1.95977470301597,-12.0419327935053,-12.3454444150155));
#15875=CARTESIAN_POINT('',(1.98616877272012,-12.2651945352607,-12.3411966035013));
#15876=CARTESIAN_POINT('',(2.01227166044643,-12.4859932314808,-12.3369956542623));
#15877=CARTESIAN_POINT('',(2.00085011415813,-12.714458335668,-12.3389203420158));
#15878=CARTESIAN_POINT('',(1.95290358115521,-12.9314714390445,-12.3465042665003));
#15879=CARTESIAN_POINT('',(1.90522844120294,-13.1472561773137,-12.3540452634931));
#15880=CARTESIAN_POINT('',(1.82020085808539,-13.3576185995743,-12.3673123976875));
#15881=CARTESIAN_POINT('',(1.70489650862674,-13.5456232088436,-12.3831873075906));
#15882=CARTESIAN_POINT('',(1.58860119712374,-13.7352435891815,-12.3991986514899));
#15883=CARTESIAN_POINT('',(1.43835288692567,-13.9073275244289,-12.4181747325153));
#15884=CARTESIAN_POINT('',(1.26626090076244,-14.0480902206268,-12.435697943067));
#15885=CARTESIAN_POINT('',(1.09254155204471,-14.1901840185568,-12.4533868592818));
#15886=CARTESIAN_POINT('',(0.891701625711793,-14.3042775233434,-12.4699519624414));
#15887=CARTESIAN_POINT('',(0.680275638314631,-14.3807511945804,-12.4814752756201));
#15888=CARTESIAN_POINT('',(0.46974250825681,-14.4569019155525,-12.4929499255532));
#15889=CARTESIAN_POINT('',(0.242813935162116,-14.4978228349382,-12.4996516680505));
#15890=CARTESIAN_POINT('',(0.0186481084438204,-14.4999130601232,-12.4999860899143));
#15891=CARTESIAN_POINT('',(-0.203024905346073,-14.5019800411749,-12.5003167928743));
#15892=CARTESIAN_POINT('',(-0.428098494820467,-14.4661535989722,-12.4944342216073));
#15893=CARTESIAN_POINT('',(-0.637955180538949,-14.3955245151734,-12.4837099128273));
#15894=CARTESIAN_POINT('',(-0.847634904130167,-14.3249549895101,-12.4729946473451));
#15895=CARTESIAN_POINT('',(-1.04785698638457,-14.2177779805565,-12.4572401668673));
#15896=CARTESIAN_POINT('',(-1.22261920190548,-14.0827830827792,-12.4400644004415));
#15897=CARTESIAN_POINT('',(-1.3992514327631,-13.9463436935341,-12.4227048474544));
#15898=CARTESIAN_POINT('',(-1.55473871520849,-13.7777449065623,-12.4035430580083));
#15899=CARTESIAN_POINT('',(-1.67648179408317,-13.5906001990224,-12.3870661899462));
#15900=CARTESIAN_POINT('',(-1.79895070023005,-13.4023397423669,-12.3704910874685));
#15901=CARTESIAN_POINT('',(-1.89063964434372,-13.1900198650752,-12.3563086707633));
#15902=CARTESIAN_POINT('',(-1.94367307127967,-12.9713119900684,-12.3479607624896));
#15903=CARTESIAN_POINT('',(-1.9809400944023,-12.8176241764406,-12.342094619028));
#15904=CARTESIAN_POINT('',(-2.,-12.6582503924458,-12.3389626792531));
#15905=CARTESIAN_POINT('',(-2.,-12.5,-12.3389626792531));
#15906=CARTESIAN_POINT('',(-2.,-12.5,-12.3389626792531));
#15907=CARTESIAN_POINT('',(-2.03201278785829E-17,-14.5,12.5));
#15908=CARTESIAN_POINT('',(0.222267608555157,-14.5,12.5));
#15909=CARTESIAN_POINT('',(0.44759424757947,-14.4618716595339,12.4937480396757));
#15910=CARTESIAN_POINT('',(0.657257831692157,-14.3889182466902,12.4827085259041));
#15911=CARTESIAN_POINT('',(0.866858216208671,-14.3159868244381,12.4716723398101));
#15912=CARTESIAN_POINT('',(1.0665699136894,-14.2063122319072,12.4556383845385));
#15913=CARTESIAN_POINT('',(1.24034750077885,-14.0689289586567,12.438309293361));
#15914=CARTESIAN_POINT('',(1.41549096740017,-13.9304658626046,12.4208439967538));
#15915=CARTESIAN_POINT('',(1.56912468227833,-13.7600531093799,12.4017108288917));
#15916=CARTESIAN_POINT('',(1.6887806872406,-13.5714568541958,12.3853954232557));
#15917=CARTESIAN_POINT('',(1.80909955075501,-13.3818158320509,12.3689896351424));
#15918=CARTESIAN_POINT('',(1.89837047713729,-13.1684574680205,12.3551126078809));
#15919=CARTESIAN_POINT('',(1.9489113598103,-12.9491597840439,12.3471350730282));
#15920=CARTESIAN_POINT('',(1.99901931309301,-12.7317405874936,12.3392258731375));
#15921=CARTESIAN_POINT('',(2.01241720792775,-12.5024256767473,12.3369685283259));
#15922=CARTESIAN_POINT('',(1.98792392547084,-12.2805496262464,12.3409140045031));
#15923=CARTESIAN_POINT('',(1.96366056286619,-12.0607563390027,12.3448224442683));
#15924=CARTESIAN_POINT('',(1.90159806299024,-11.8422410315859,12.3548802394575));
#15925=CARTESIAN_POINT('',(1.80699413908466,-11.6428114668793,12.3687013134489));
#15926=CARTESIAN_POINT('',(1.71195988123752,-11.4424747377856,12.3825852566852));
#15927=CARTESIAN_POINT('',(1.58154390336125,-11.2559099507084,12.4005296795182));
#15928=CARTESIAN_POINT('',(1.4263036353651,-11.0979807634186,12.4183597121256));
#15929=CARTESIAN_POINT('',(1.26929907523282,-10.9382567246589,12.436392381502));
#15930=CARTESIAN_POINT('',(1.08254202504965,-10.8034188101152,12.4546709112409));
#15931=CARTESIAN_POINT('',(0.881240421597219,-10.7046127661858,12.4688979191965));
#15932=CARTESIAN_POINT('',(0.679815800798026,-10.6057463409322,12.4831336214136));
#15933=CARTESIAN_POINT('',(0.458167417952549,-10.5402515184668,12.4935957384627));
#15934=CARTESIAN_POINT('',(0.234931556972913,-10.5138461379998,12.4977920915471));
#15935=CARTESIAN_POINT('',(0.0141199706769292,-10.4877275120672,12.5019428734922));
#15936=CARTESIAN_POINT('',(-0.21435723165677,-10.4991371914665,12.5000483923266));
#15937=CARTESIAN_POINT('',(-0.431388718661382,-10.5470781445711,12.49255393318));
#15938=CARTESIAN_POINT('',(-0.647241513064611,-10.5947587315533,12.4851001762545));
#15939=CARTESIAN_POINT('',(-0.85767592779888,-10.679817545554,12.4719688485835));
#15940=CARTESIAN_POINT('',(-1.04573362118539,-10.795171212842,12.4561808430001));
#15941=CARTESIAN_POINT('',(-1.23534578584049,-10.9114783851864,12.4402623349064));
#15942=CARTESIAN_POINT('',(-1.40741624478933,-11.0617356145995,12.4213243073817));
#15943=CARTESIAN_POINT('',(-1.54816223383898,-11.2338271454044,12.4037572411635));
#15944=CARTESIAN_POINT('',(-1.69023509715258,-11.4075410586645,12.3860245624953));
#15945=CARTESIAN_POINT('',(-1.80430731219026,-11.6083636538123,12.3693353458271));
#15946=CARTESIAN_POINT('',(-1.88076877289818,-11.8197729622464,12.3576983626762));
#15947=CARTESIAN_POINT('',(-1.95692172733431,-12.0303292775913,12.3461083323596));
#15948=CARTESIAN_POINT('',(-1.99783864436597,-12.2572898825733,12.3393129943512));
#15949=CARTESIAN_POINT('',(-1.99991429047825,-12.4814843109532,12.3389765714479));
#15950=CARTESIAN_POINT('',(-2.00196620463312,-12.7031154061167,12.3386439950452));
#15951=CARTESIAN_POINT('',(-1.96613854472231,-12.9281431133419,12.344610277786));
#15952=CARTESIAN_POINT('',(-1.89552461759575,-13.1379548762165,12.3554435947921));
#15953=CARTESIAN_POINT('',(-1.82497260662179,-13.3475826706072,12.3662674128603));
#15954=CARTESIAN_POINT('',(-1.71783435970179,-13.547753258306,12.382146528379));
#15955=CARTESIAN_POINT('',(-1.58288710403188,-13.7224845258283,12.3993737106311));
#15956=CARTESIAN_POINT('',(-1.44644991315232,-13.8991449786935,12.416791095976));
#15957=CARTESIAN_POINT('',(-1.27784053208041,-14.0546646635921,12.4359327498788));
#15958=CARTESIAN_POINT('',(-1.09067472694804,-14.1764333091408,12.4523262340816));
#15959=CARTESIAN_POINT('',(-0.90242008270496,-14.2989103451118,12.4688150875574));
#15960=CARTESIAN_POINT('',(-0.690102304655623,-14.3906091625107,12.482854545893));
#15961=CARTESIAN_POINT('',(-0.471400033600369,-14.4436517199132,12.49110811771));
#15962=CARTESIAN_POINT('',(-0.317683070417761,-14.4809331839054,12.4969092188555));
#15963=CARTESIAN_POINT('',(-0.158279705275126,-14.5,12.5));
#15964=CARTESIAN_POINT('',(-2.03201278785829E-17,-14.5,12.5));
#15965=CARTESIAN_POINT('',(-2.03201278785829E-17,-14.5,12.5));
#15966=CARTESIAN_POINT('',(0.,-25.,0.));
#15967=CARTESIAN_POINT('',(-2.,-12.5,-10.3077640640442));
#15968=CARTESIAN_POINT('',(-2.,-12.2784239571859,-10.3077640640442));
#15969=CARTESIAN_POINT('',(-1.96209763352799,-12.0538015018651,-10.3153089324461));
#15970=CARTESIAN_POINT('',(-1.88964229705325,-11.8448267487242,-10.3285648562222));
#15971=CARTESIAN_POINT('',(-1.81721909672667,-11.6359446822501,-10.3418149005923));
#15972=CARTESIAN_POINT('',(-1.70837990982604,-11.4369551380029,-10.3610060815081));
#15973=CARTESIAN_POINT('',(-1.57206105219695,-11.2636246329834,-10.3816484263418));
#15974=CARTESIAN_POINT('',(-1.43417779556645,-11.0883049822677,-10.4025276632989));
#15975=CARTESIAN_POINT('',(-1.26439583450592,-10.9343971903956,-10.4253087840525));
#15976=CARTESIAN_POINT('',(-1.07628858319897,-10.8142945436181,-10.4446925701849));
#15977=CARTESIAN_POINT('',(-0.886730049722542,-10.6932652827492,-10.4642259058056));
#15978=CARTESIAN_POINT('',(-0.673192417224893,-10.603243862169,-10.4807040891907));
#15979=CARTESIAN_POINT('',(-0.453519838155696,-10.552098627651,-10.4902011304073));
#15980=CARTESIAN_POINT('',(-0.236499323041168,-10.5015708595163,-10.4995835157084));
#15981=CARTESIAN_POINT('',(-0.00742136444956495,-10.487622441926,-10.5023384652164));
#15982=CARTESIAN_POINT('',(0.214271754559974,-10.5115112232658,-10.4978134682989));
#15983=CARTESIAN_POINT('',(0.433125265183444,-10.5350940195388,-10.4933464308673));
#15984=CARTESIAN_POINT('',(0.650765637427938,-10.5961311295407,-10.4817115947152));
#15985=CARTESIAN_POINT('',(0.849545663059818,-10.6894000534695,-10.465575577405));
#15986=CARTESIAN_POINT('',(1.04950596240212,-10.7832227697553,-10.449343751087));
#15987=CARTESIAN_POINT('',(1.23584141688541,-10.9121404629501,-10.4282374977655));
#15988=CARTESIAN_POINT('',(1.39393296944779,-11.0657925963493,-10.4070625479377));
#15989=CARTESIAN_POINT('',(1.5545189535651,-11.2218691143777,-10.385553491308));
#15990=CARTESIAN_POINT('',(1.69039179296982,-11.4078064781804,-10.3635355527895));
#15991=CARTESIAN_POINT('',(1.790363255014,-11.608596940158,-10.3462360022907));
#15992=CARTESIAN_POINT('',(1.89049614436358,-11.8097116252946,-10.3289085176218));
#15993=CARTESIAN_POINT('',(1.95734258611675,-12.0314322534889,-10.3159875776002));
#15994=CARTESIAN_POINT('',(1.98493750037362,-12.2550038375596,-10.3106752019259));
#15995=CARTESIAN_POINT('',(2.01210265599825,-12.4750935547441,-10.3054455603121));
#15996=CARTESIAN_POINT('',(2.00197020796688,-12.7030820090974,-10.3074903537136));
#15997=CARTESIAN_POINT('',(1.95544770749039,-12.9197907374759,-10.3163086549051));
#15998=CARTESIAN_POINT('',(1.90931616491961,-13.1346783257667,-10.3250528503515));
#15999=CARTESIAN_POINT('',(1.82623566831517,-13.3443309514822,-10.3405997489488));
#16000=CARTESIAN_POINT('',(1.71314234283679,-13.5320578051542,-10.3593022599584));
#16001=CARTESIAN_POINT('',(1.59869318512429,-13.7220352436272,-10.3782289881549));
#16002=CARTESIAN_POINT('',(1.45042902316061,-13.8947639520428,-10.4007539594087));
#16003=CARTESIAN_POINT('',(1.28016496160526,-14.0366124010557,-10.4216686605878));
#16004=CARTESIAN_POINT('',(1.10756739421955,-14.1804049137763,-10.4428700022752));
#16005=CARTESIAN_POINT('',(0.907505993300367,-14.2964274713869,-10.4628485332137));
#16006=CARTESIAN_POINT('',(0.696390762193167,-14.3748439685297,-10.4768812108534));
#16007=CARTESIAN_POINT('',(0.486443719334441,-14.4528265546279,-10.49083623986));
#16008=CARTESIAN_POINT('',(0.259641313590269,-14.4957303443406,-10.4991868497694));
#16009=CARTESIAN_POINT('',(0.0352810012254696,-14.499688788525,-10.4999407260685));
#16010=CARTESIAN_POINT('',(-0.185546552803907,-14.503584903385,-10.5006827318958));
#16011=CARTESIAN_POINT('',(-0.41008631640188,-14.4698873262265,-10.4940907429911));
#16012=CARTESIAN_POINT('',(-0.619747078243583,-14.4015555629559,-10.4816942122449));
#16013=CARTESIAN_POINT('',(-0.829045241926699,-14.3333419761687,-10.4693191206998));
#16014=CARTESIAN_POINT('',(-1.02921879193027,-14.2288467268793,-10.4509252099896));
#16015=CARTESIAN_POINT('',(-1.20448840004124,-14.0966238424144,-10.4306858688279));
#16016=CARTESIAN_POINT('',(-1.38236116422937,-13.9624371445483,-10.410145926983));
#16017=CARTESIAN_POINT('',(-1.53947557977685,-13.796027522337,-10.3872868615492));
#16018=CARTESIAN_POINT('',(-1.66324603218881,-13.6106811587527,-10.3674303776977));
#16019=CARTESIAN_POINT('',(-1.78814192853804,-13.4236494418621,-10.3473933389647));
#16020=CARTESIAN_POINT('',(-1.88251814333933,-13.2120375900207,-10.3300208897688));
#16021=CARTESIAN_POINT('',(-1.93816795643086,-12.9934622302311,-10.3195690303745));
#16022=CARTESIAN_POINT('',(-1.9790371420419,-12.8329406318108,-10.3118931918076));
#16023=CARTESIAN_POINT('',(-2.,-12.6658203618065,-10.3077640640442));
#16024=CARTESIAN_POINT('',(-2.,-12.5,-10.3077640640442));
#16025=CARTESIAN_POINT('',(-2.,-12.5,-10.3077640640442));
#16026=CARTESIAN_POINT('',(0.,0.,0.));
#16027=CARTESIAN_POINT('',(10.5,0.,-6.4293956955236E-16));
#16028=CARTESIAN_POINT('',(0.,-25.,0.));
#16029=CARTESIAN_POINT('',(10.5,-25.,-6.4293956955236E-16));
#16030=CARTESIAN_POINT('',(-1.68269396502156E-16,-14.5,10.5));
#16031=CARTESIAN_POINT('',(0.221617149551269,-14.5,10.5));
#16032=CARTESIAN_POINT('',(0.446282167037333,-14.4620844925194,10.4926017783508));
#16033=CARTESIAN_POINT('',(0.655301350587696,-14.3895978778348,10.4795314847525));
#16034=CARTESIAN_POINT('',(0.864232276854041,-14.3171418702536,10.4664667100189));
#16035=CARTESIAN_POINT('',(1.06327077797118,-14.2082462532737,10.4474843206529));
#16036=CARTESIAN_POINT('',(1.23662213609454,-14.0718669449164,10.4269250353362));
#16037=CARTESIAN_POINT('',(1.41188539579374,-13.933983501735,10.4061390005413));
#16038=CARTESIAN_POINT('',(1.56572920132889,-13.7642277627547,10.3833176943729));
#16039=CARTESIAN_POINT('',(1.6857830594042,-13.5761670300775,10.3637896291186));
#16040=CARTESIAN_POINT('',(1.80680078143972,-13.3865964336985,10.3441047809119));
#16041=CARTESIAN_POINT('',(1.89680709320538,-13.1730523467397,10.3273825499147));
#16042=CARTESIAN_POINT('',(1.94793730048662,-12.9533654964517,10.3177294146228));
#16043=CARTESIAN_POINT('',(1.99845249418466,-12.7363211231682,10.3081923909143));
#16044=CARTESIAN_POINT('',(2.01238112574019,-12.5072058723234,10.3053828436275));
#16045=CARTESIAN_POINT('',(1.98846315739129,-12.2854906256187,10.3099958424675));
#16046=CARTESIAN_POINT('',(1.9648678379876,-12.0667662763616,10.314546612811));
#16047=CARTESIAN_POINT('',(1.90386388919712,-11.8492666465388,10.3263862744722));
#16048=CARTESIAN_POINT('',(1.81067046386249,-11.6506046437047,10.3427014107193));
#16049=CARTESIAN_POINT('',(1.71688803469821,-11.4506870514334,10.3591196623708));
#16050=CARTESIAN_POINT('',(1.58803042127327,-11.2643857976937,10.3803757153409));
#16051=CARTESIAN_POINT('',(1.43443374275689,-11.1062999470329,10.4015575678665));
#16052=CARTESIAN_POINT('',(1.27834512112276,-10.9456493212001,10.4230830734719));
#16053=CARTESIAN_POINT('',(1.09236291354426,-10.8097083177632,10.444968922663));
#16054=CARTESIAN_POINT('',(0.891515689433884,-10.7096928264979,10.462083911702));
#16055=CARTESIAN_POINT('',(0.690438954326444,-10.6095630460995,10.4792184582838));
#16056=CARTESIAN_POINT('',(0.468766052285054,-10.5427104106468,10.491913414713));
#16057=CARTESIAN_POINT('',(0.245245487317682,-10.5150932891064,10.4971355450404));
#16058=CARTESIAN_POINT('',(0.0251326760619087,-10.4878972131574,10.5022780597226));
#16059=CARTESIAN_POINT('',(-0.202876692841651,-10.4980055890463,10.5002806436645));
#16060=CARTESIAN_POINT('',(-0.419619398645502,-10.5445155177603,10.4916118666428));
#16061=CARTESIAN_POINT('',(-0.634643697933564,-10.5906567006645,10.4830118184988));
#16062=CARTESIAN_POINT('',(-0.844441149509062,-10.6737981416268,10.4676905465273));
#16063=CARTESIAN_POINT('',(-1.03227590795219,-10.7869890689603,10.4491342440348));
#16064=CARTESIAN_POINT('',(-1.22224012769971,-10.9014632289701,10.4303675708504));
#16065=CARTESIAN_POINT('',(-1.39494516745244,-11.0497480696484,10.4079143071405));
#16066=CARTESIAN_POINT('',(-1.53676195259957,-11.2200145699883,10.3869323046337));
#16067=CARTESIAN_POINT('',(-1.6805102464882,-11.3926000569942,10.36566453256));
#16068=CARTESIAN_POINT('',(-1.79648782073872,-11.5926242406187,10.3454810917886));
#16069=CARTESIAN_POINT('',(-1.87487869356762,-11.8037027327311,10.331255000454));
#16070=CARTESIAN_POINT('',(-1.95286678141105,-12.0136966694059,10.317102005078));
#16071=CARTESIAN_POINT('',(-1.99576356534287,-12.240563856441,10.3085859270942));
#16072=CARTESIAN_POINT('',(-1.99969342602604,-12.4649828340919,10.3078235434018));
#16073=CARTESIAN_POINT('',(-2.00355899962489,-12.6857306277235,10.307073631252));
#16074=CARTESIAN_POINT('',(-1.96985698791962,-12.9101832938295,10.3138008125496));
#16075=CARTESIAN_POINT('',(-1.90155217274373,-13.1197574802563,10.3263788103252));
#16076=CARTESIAN_POINT('',(-1.83337240428446,-13.328947995871,10.3389337813593));
#16077=CARTESIAN_POINT('',(-1.72895443402472,-13.5290141075354,10.3575376989867));
#16078=CARTESIAN_POINT('',(-1.59682832245782,-13.7042173012362,10.3778677631099));
#16079=CARTESIAN_POINT('',(-1.46264809778057,-13.8821443106376,10.3985138908087));
#16080=CARTESIAN_POINT('',(-1.2962207637378,-14.0393217134126,10.4213515717898));
#16081=CARTESIAN_POINT('',(-1.11083510905852,-14.1631432170691,10.4410749140346));
#16082=CARTESIAN_POINT('',(-0.923812251641778,-14.288058229849,10.4609724397133));
#16083=CARTESIAN_POINT('',(-0.712199772199542,-14.3824566094694,10.47810334605));
#16084=CARTESIAN_POINT('',(-0.493630728326437,-14.4381250486106,10.4883901864896));
#16085=CARTESIAN_POINT('',(-0.333053123530637,-14.4790233591015,10.4959476894619));
#16086=CARTESIAN_POINT('',(-0.165876323850456,-14.5,10.5));
#16087=CARTESIAN_POINT('',(-1.68269396502156E-16,-14.5,10.5));
#16088=CARTESIAN_POINT('',(-1.68269396502156E-16,-14.5,10.5));
#16089=CARTESIAN_POINT('',(0.,-25.,0.));
#16090=CARTESIAN_POINT('',(-110.5,0.,9.99999999999999));
#16091=CARTESIAN_POINT('',(-100.5,0.,9.99999999999999));
#16092=CARTESIAN_POINT('',(-110.5,0.,9.99999999999999));
#16093=CARTESIAN_POINT('',(-100.5,0.,0.));
#16094=CARTESIAN_POINT('',(-110.5,0.,0.));
#16095=CARTESIAN_POINT('',(-110.5,0.,-9.99999999999999));
#16096=CARTESIAN_POINT('',(0.,0.,0.));
#16097=CARTESIAN_POINT('',(-110.5,0.,-9.99999999999999));
#16098=CARTESIAN_POINT('',(-110.5,0.,-9.99999999999999));
#16099=CARTESIAN_POINT('',(-100.5,0.,0.));
#16100=CARTESIAN_POINT('',(-100.5,0.,-10.));
#16101=CARTESIAN_POINT('',(-10.5,0.,-10.));
#16102=CARTESIAN_POINT('',(0.,0.,0.));
#16103=CARTESIAN_POINT('',(0.,-25.,0.));
#16104=CARTESIAN_POINT('',(-10.5,0.,-10.));
#16105=CARTESIAN_POINT('',(-10.5,0.,-10.));
#16106=CARTESIAN_POINT('',(-100.5,0.,0.));
#16107=CARTESIAN_POINT('',(-110.5,0.,9.99999999999999));
#16108=CARTESIAN_POINT('',(-10.5,0.,10.));
#16109=CARTESIAN_POINT('',(-9.26628192546412,0.,14.8454039782627));
#16110=CARTESIAN_POINT('',(-9.26628192546412,0.,-14.8454039782627));
#16111=CARTESIAN_POINT('',(0.,0.,0.));
#16112=CARTESIAN_POINT('',(-10.5,-20.,-10.));
#16113=CARTESIAN_POINT('',(-10.5,-20.,-10.));
#16114=CARTESIAN_POINT('',(-10.5,-20.,-10.));
#16115=CARTESIAN_POINT('',(-110.5,-20.,-9.99999999999999));
#16116=CARTESIAN_POINT('',(-110.5,-20.,-9.99999999999999));
#16117=CARTESIAN_POINT('',(-10.5,-20.,-10.));
#16118=CARTESIAN_POINT('',(-110.5,-20.,-9.99999999999999));
#16119=CARTESIAN_POINT('',(-110.5,-20.,9.99999999999999));
#16120=CARTESIAN_POINT('',(-110.5,-20.,9.99999999999999));
#16121=CARTESIAN_POINT('',(-110.5,-20.,-9.99999999999999));
#16122=CARTESIAN_POINT('',(-110.5,-20.,9.99999999999999));
#16123=CARTESIAN_POINT('',(-10.5,-20.,10.));
#16124=CARTESIAN_POINT('',(-10.5,-20.,10.));
#16125=CARTESIAN_POINT('',(-110.5,-20.,9.99999999999999));
#16126=CARTESIAN_POINT('',(-9.26628192546412,-20.,-14.8454039782627));
#16127=CARTESIAN_POINT('',(-9.26628192546412,-20.,14.8454039782627));
#16128=CARTESIAN_POINT('',(0.,-20.,0.));
#16129=CARTESIAN_POINT('',(-100.5,50.,0.));
#16130=CARTESIAN_POINT('',(-90.5,50.,-6.12323399573677E-16));
#16131=CARTESIAN_POINT('',(-100.5,50.,0.));
#16132=CARTESIAN_POINT('',(-100.5,50.,0.));
#16133=CARTESIAN_POINT('',(0.,-12.5,13.75));
#16134=CARTESIAN_POINT('',(0.,-12.5,13.75));
#16135=CARTESIAN_POINT('',(-9.26628192546412,-20.,-14.8454039782627));
#16136=CARTESIAN_POINT('',(-9.26628192546412,-20.,14.8454039782627));
#16137=CARTESIAN_POINT('',(0.,0.,0.));
#16138=CARTESIAN_POINT('',(-2.57730333776184E-14,1.11022302462515E-13,-20.0000000000001));
#16139=CARTESIAN_POINT('',(1.99840144432528E-15,8.22592602586384E-14,21.));
#16140=CARTESIAN_POINT('',(257.5,2.20883468755348E-13,-311.));
#16141=CARTESIAN_POINT('',(-500.,5.38024690771737E-13,-20.000000000001));
#16142=CARTESIAN_POINT('',(-500.,-2.53043957250864E-13,-5.6843418860808E-13));
#16143=CARTESIAN_POINT('',(-1120.,5.15231643483776E-14,-399.000000000003));
#16144=CARTESIAN_POINT('',(-757.499999999999,6.49608295425136E-14,-311.000000000002));
#16145=CARTESIAN_POINT('',(-500.000000000001,5.46654439933402E-13,402.));
#16146=CARTESIAN_POINT('',(3.94754803002637,-4.02167227293126E-15,-310.741621566578));
#16147=CARTESIAN_POINT('',(1.73206837732101E-12,-3.17896066621285,245.000000000003));
#16148=CARTESIAN_POINT('',(-250.000000000003,277.,710.000000000003));
#16149=CARTESIAN_POINT('',(-250.,228.,-75.0000000000001));
#16150=CARTESIAN_POINT('',(-250.000000000003,277.,710.000000000002));
#16151=CARTESIAN_POINT('',(-8.44147200180482E-14,-3.1789606662133,765.000000000003));
#16152=MECHANICAL_DESIGN_GEOMETRIC_PRESENTATION_REPRESENTATION('',(#1069,
#1070,#1071,#1072,#1073),#16163);
#16153=MECHANICAL_DESIGN_GEOMETRIC_PRESENTATION_REPRESENTATION('',(#1074,
#1075,#1076,#1077,#1078,#41,#46),#16164);
#16154=MECHANICAL_DESIGN_GEOMETRIC_PRESENTATION_REPRESENTATION('',(#1079,
#1080,#1081,#1082,#1083,#1084,#1085,#1086,#1087,#1088,#1089,#1090,#1091,
#1092,#1093,#1094,#1095,#1096,#1097,#1098,#42,#45),#16165);
#16155=MECHANICAL_DESIGN_GEOMETRIC_PRESENTATION_REPRESENTATION('',(#1099,
#1100,#1101,#1102,#1103,#1104,#1105,#1106,#1107,#43,#47),#16166);
#16156=MECHANICAL_DESIGN_GEOMETRIC_PRESENTATION_REPRESENTATION('',(#1108,
#1109,#1110,#44,#48),#16167);
#16157=MECHANICAL_DESIGN_GEOMETRIC_PRESENTATION_REPRESENTATION('',(#1111,
#1112,#1113,#1114,#49,#50),#16168);
#16158=MECHANICAL_DESIGN_GEOMETRIC_PRESENTATION_REPRESENTATION('',(#1115,
#51),#16169);
#16159=MECHANICAL_DESIGN_GEOMETRIC_PRESENTATION_REPRESENTATION('',(#1116,
#52),#16170);
#16160=MECHANICAL_DESIGN_GEOMETRIC_PRESENTATION_REPRESENTATION('',(#1117,
#1118,#53),#16171);
#16161=MECHANICAL_DESIGN_GEOMETRIC_PRESENTATION_REPRESENTATION('',(#1119,
#54),#16172);
#16162=MECHANICAL_DESIGN_GEOMETRIC_PRESENTATION_REPRESENTATION('',(#1120,
#55),#16173);
#16163=(
GEOMETRIC_REPRESENTATION_CONTEXT(3)
GLOBAL_UNCERTAINTY_ASSIGNED_CONTEXT((#16174))
GLOBAL_UNIT_ASSIGNED_CONTEXT((#16190,#16186,#16185))
REPRESENTATION_CONTEXT('S_SF_A_01_sink_float','TOP_LEVEL_ASSEMBLY_PART')
);
#16164=(
GEOMETRIC_REPRESENTATION_CONTEXT(3)
GLOBAL_UNCERTAINTY_ASSIGNED_CONTEXT((#16175))
GLOBAL_UNIT_ASSIGNED_CONTEXT((#16190,#16186,#16185))
REPRESENTATION_CONTEXT('S_SF_M_01_basin','COMPONENT_PART')
);
#16165=(
GEOMETRIC_REPRESENTATION_CONTEXT(3)
GLOBAL_UNCERTAINTY_ASSIGNED_CONTEXT((#16176))
GLOBAL_UNIT_ASSIGNED_CONTEXT((#16190,#16186,#16185))
REPRESENTATION_CONTEXT('S_SF_M_02_frame','COMPONENT_PART')
);
#16166=(
GEOMETRIC_REPRESENTATION_CONTEXT(3)
GLOBAL_UNCERTAINTY_ASSIGNED_CONTEXT((#16177))
GLOBAL_UNIT_ASSIGNED_CONTEXT((#16190,#16186,#16185))
REPRESENTATION_CONTEXT('S_SF_M_03_tray','COMPONENT_PART')
);
#16167=(
GEOMETRIC_REPRESENTATION_CONTEXT(3)
GLOBAL_UNCERTAINTY_ASSIGNED_CONTEXT((#16178))
GLOBAL_UNIT_ASSIGNED_CONTEXT((#16190,#16186,#16185))
REPRESENTATION_CONTEXT('S_SF_M_04_scoop','COMPONENT_PART')
);
#16168=(
GEOMETRIC_REPRESENTATION_CONTEXT(3)
GLOBAL_UNCERTAINTY_ASSIGNED_CONTEXT((#16179))
GLOBAL_UNIT_ASSIGNED_CONTEXT((#16190,#16186,#16185))
REPRESENTATION_CONTEXT('S_SF_M_05_lid','COMPONENT_PART')
);
#16169=(
GEOMETRIC_REPRESENTATION_CONTEXT(3)
GLOBAL_UNCERTAINTY_ASSIGNED_CONTEXT((#16180))
GLOBAL_UNIT_ASSIGNED_CONTEXT((#16190,#16186,#16185))
REPRESENTATION_CONTEXT('S_SF_M_06_stirrer','COMPONENT_PART')
);
#16170=(
GEOMETRIC_REPRESENTATION_CONTEXT(3)
GLOBAL_UNCERTAINTY_ASSIGNED_CONTEXT((#16181))
GLOBAL_UNIT_ASSIGNED_CONTEXT((#16190,#16186,#16185))
REPRESENTATION_CONTEXT('S_SF_M_07_stirrer_holder','COMPONENT_PART')
);
#16171=(
GEOMETRIC_REPRESENTATION_CONTEXT(3)
GLOBAL_UNCERTAINTY_ASSIGNED_CONTEXT((#16182))
GLOBAL_UNIT_ASSIGNED_CONTEXT((#16190,#16186,#16185))
REPRESENTATION_CONTEXT('S_SF_M_08_stirrer_mount','COMPONENT_PART')
);
#16172=(
GEOMETRIC_REPRESENTATION_CONTEXT(3)
GLOBAL_UNCERTAINTY_ASSIGNED_CONTEXT((#16183))
GLOBAL_UNIT_ASSIGNED_CONTEXT((#16190,#16186,#16185))
REPRESENTATION_CONTEXT('S_SF_M_09_stirrer_holder_clamp',
'COMPONENT_PART')
);
#16173=(
GEOMETRIC_REPRESENTATION_CONTEXT(3)
GLOBAL_UNCERTAINTY_ASSIGNED_CONTEXT((#16184))
GLOBAL_UNIT_ASSIGNED_CONTEXT((#16190,#16186,#16185))
REPRESENTATION_CONTEXT('S_AC_M_06_crank','COMPONENT_PART')
);
#16174=UNCERTAINTY_MEASURE_WITH_UNIT(LENGTH_MEASURE(2.E-5),#16190,
'DISTANCE_ACCURACY_VALUE','Maximum Tolerance applied to model');
#16175=UNCERTAINTY_MEASURE_WITH_UNIT(LENGTH_MEASURE(2.E-5),#16190,
'DISTANCE_ACCURACY_VALUE','Maximum Tolerance applied to model');
#16176=UNCERTAINTY_MEASURE_WITH_UNIT(LENGTH_MEASURE(2.E-5),#16190,
'DISTANCE_ACCURACY_VALUE','Maximum Tolerance applied to model');
#16177=UNCERTAINTY_MEASURE_WITH_UNIT(LENGTH_MEASURE(2.E-5),#16190,
'DISTANCE_ACCURACY_VALUE','Maximum Tolerance applied to model');
#16178=UNCERTAINTY_MEASURE_WITH_UNIT(LENGTH_MEASURE(2.E-5),#16190,
'DISTANCE_ACCURACY_VALUE','Maximum Tolerance applied to model');
#16179=UNCERTAINTY_MEASURE_WITH_UNIT(LENGTH_MEASURE(2.E-5),#16190,
'DISTANCE_ACCURACY_VALUE','Maximum Tolerance applied to model');
#16180=UNCERTAINTY_MEASURE_WITH_UNIT(LENGTH_MEASURE(0.0508),#16190,
'DISTANCE_ACCURACY_VALUE','Maximum Tolerance applied to model');
#16181=UNCERTAINTY_MEASURE_WITH_UNIT(LENGTH_MEASURE(2.E-5),#16190,
'DISTANCE_ACCURACY_VALUE','Maximum Tolerance applied to model');
#16182=UNCERTAINTY_MEASURE_WITH_UNIT(LENGTH_MEASURE(2.E-5),#16190,
'DISTANCE_ACCURACY_VALUE','Maximum Tolerance applied to model');
#16183=UNCERTAINTY_MEASURE_WITH_UNIT(LENGTH_MEASURE(0.0508),#16190,
'DISTANCE_ACCURACY_VALUE','Maximum Tolerance applied to model');
#16184=UNCERTAINTY_MEASURE_WITH_UNIT(LENGTH_MEASURE(0.0508),#16190,
'DISTANCE_ACCURACY_VALUE','Maximum Tolerance applied to model');
#16185=(
NAMED_UNIT(*)
SI_UNIT($,.STERADIAN.)
SOLID_ANGLE_UNIT()
);
#16186=(
CONVERSION_BASED_UNIT('DEGREE',#16188)
NAMED_UNIT(#16187)
PLANE_ANGLE_UNIT()
);
#16187=DIMENSIONAL_EXPONENTS(0.,0.,0.,0.,0.,0.,0.);
#16188=PLANE_ANGLE_MEASURE_WITH_UNIT(PLANE_ANGLE_MEASURE(0.0174532925),
#16189);
#16189=(
NAMED_UNIT(*)
PLANE_ANGLE_UNIT()
SI_UNIT($,.RADIAN.)
);
#16190=(
LENGTH_UNIT()
NAMED_UNIT(*)
SI_UNIT(.MILLI.,.METRE.)
);
ENDSEC;
END-ISO-10303-21;
