ISO-10303-21;
HEADER;
/* Generated by software containing ST-Developer
 * from STEP Tools, Inc. (www.steptools.com) 
 */
/* OPTION: using custom schema-name function */

FILE_DESCRIPTION(
/* description */ (''),
/* implementation_level */ '2;1');

FILE_NAME(
/* name */ 'W_WS_M_04_door.stp',
/* time_stamp */ '2025-11-20T09:29:00+01:00',
/* author */ (''),
/* organization */ (''),
/* preprocessor_version */ 'ST-DEVELOPER v18.1',
/* originating_system */ 'SIEMENS PLM Software NX 1988',
/* authorisation */ '');

FILE_SCHEMA (('AUTOMOTIVE_DESIGN { 1 0 10303 214 3 1 1 1 }'));
ENDSEC;

DATA;
#10=SHAPE_REPRESENTATION_RELATIONSHIP('None',
'relationship between W_WS_M_04_door-None and W_WS_M_04_door-None',#22,
#11);
#11=ADVANCED_BREP_SHAPE_REPRESENTATION('W_WS_M_04_door-None',(#40,#41),
#2261);
#12=SHAPE_DEFINITION_REPRESENTATION(#13,#22);
#13=PRODUCT_DEFINITION_SHAPE('','',#14);
#14=PRODUCT_DEFINITION(' ','',#16,#15);
#15=PRODUCT_DEFINITION_CONTEXT('part definition',#21,'design');
#16=PRODUCT_DEFINITION_FORMATION_WITH_SPECIFIED_SOURCE(' ',' ',#18,
 .NOT_KNOWN.);
#17=PRODUCT_RELATED_PRODUCT_CATEGORY('part','',(#18));
#18=PRODUCT('W_WS_M_04_door','W_WS_M_04_door',' ',(#19));
#19=PRODUCT_CONTEXT(' ',#21,'mechanical');
#20=APPLICATION_PROTOCOL_DEFINITION('international standard',
'automotive_design',2010,#21);
#21=APPLICATION_CONTEXT(
'core data for automotive mechanical design processes');
#22=SHAPE_REPRESENTATION('W_WS_M_04_door-None',(#1180),#2261);
#23=PRESENTATION_LAYER_ASSIGNMENT('1','Layer 1',(#40,#41));
#24=STYLED_ITEM('',(#26),#40);
#25=STYLED_ITEM('',(#27),#41);
#26=PRESENTATION_STYLE_ASSIGNMENT((#28));
#27=PRESENTATION_STYLE_ASSIGNMENT((#29));
#28=SURFACE_STYLE_USAGE(.BOTH.,#30);
#29=SURFACE_STYLE_USAGE(.BOTH.,#31);
#30=SURFACE_SIDE_STYLE('',(#32));
#31=SURFACE_SIDE_STYLE('',(#33));
#32=SURFACE_STYLE_FILL_AREA(#34);
#33=SURFACE_STYLE_FILL_AREA(#35);
#34=FILL_AREA_STYLE('',(#36));
#35=FILL_AREA_STYLE('',(#37));
#36=FILL_AREA_STYLE_COLOUR('',#38);
#37=FILL_AREA_STYLE_COLOUR('',#39);
#38=COLOUR_RGB('medium steel',0.596078431372549,0.666666666666667,0.686274509803922);
#39=COLOUR_RGB('dark gray',0.2,0.2,0.2);
#40=MANIFOLD_SOLID_BREP('',#42);
#41=MANIFOLD_SOLID_BREP('',#43);
#42=CLOSED_SHELL('',(#155,#156,#157,#158,#159,#160,#161,#162,#163,#164,
#165,#166,#167,#168,#169,#170,#171,#172,#173,#174,#175,#176,#177,#178,#179,
#180,#181,#182,#183,#184,#185,#186,#187,#188,#189,#190,#191,#192,#193,#194,
#195,#196,#197,#198,#199,#200));
#43=CLOSED_SHELL('',(#201,#202,#203,#204,#205,#206,#207,#208,#209,#210,
#211,#212,#213,#214,#215,#216,#217,#218));
#44=CYLINDRICAL_SURFACE('',#1190,303.);
#45=CYLINDRICAL_SURFACE('',#1195,300.);
#46=CYLINDRICAL_SURFACE('',#1199,72.);
#47=CYLINDRICAL_SURFACE('',#1200,72.);
#48=CYLINDRICAL_SURFACE('',#1201,72.);
#49=CYLINDRICAL_SURFACE('',#1202,72.);
#50=CYLINDRICAL_SURFACE('',#1206,5.74503291593653);
#51=CYLINDRICAL_SURFACE('',#1210,2.5);
#52=CYLINDRICAL_SURFACE('',#1224,5.74503291593653);
#53=CYLINDRICAL_SURFACE('',#1228,2.5);
#54=CYLINDRICAL_SURFACE('',#1234,5.74503291593653);
#55=CYLINDRICAL_SURFACE('',#1238,2.5);
#56=CYLINDRICAL_SURFACE('',#1244,5.74503291593653);
#57=CYLINDRICAL_SURFACE('',#1248,2.5);
#58=CYLINDRICAL_SURFACE('',#1261,300.);
#59=CYLINDRICAL_SURFACE('',#1264,295.);
#60=CYLINDRICAL_SURFACE('',#1269,54.);
#61=CYLINDRICAL_SURFACE('',#1270,54.);
#62=CYLINDRICAL_SURFACE('',#1271,54.);
#63=CYLINDRICAL_SURFACE('',#1272,54.);
#64=CYLINDRICAL_SURFACE('',#1273,72.);
#65=CYLINDRICAL_SURFACE('',#1274,72.);
#66=CYLINDRICAL_SURFACE('',#1275,72.);
#67=CYLINDRICAL_SURFACE('',#1276,72.);
#68=FACE_BOUND('',#311,.T.);
#69=FACE_BOUND('',#312,.T.);
#70=FACE_BOUND('',#313,.T.);
#71=FACE_BOUND('',#327,.T.);
#72=FACE_BOUND('',#328,.T.);
#73=FACE_BOUND('',#329,.T.);
#74=FACE_BOUND('',#330,.T.);
#75=FACE_BOUND('',#331,.T.);
#76=FACE_BOUND('',#332,.T.);
#77=FACE_BOUND('',#344,.T.);
#78=FACE_BOUND('',#345,.T.);
#79=FACE_BOUND('',#346,.T.);
#80=FACE_BOUND('',#347,.T.);
#81=FACE_BOUND('',#348,.T.);
#82=FACE_BOUND('',#349,.T.);
#83=FACE_BOUND('',#353,.T.);
#84=FACE_BOUND('',#354,.T.);
#85=FACE_BOUND('',#355,.T.);
#86=FACE_BOUND('',#356,.T.);
#87=FACE_BOUND('',#357,.T.);
#88=FACE_BOUND('',#358,.T.);
#89=FACE_BOUND('',#362,.T.);
#90=FACE_BOUND('',#363,.T.);
#91=FACE_BOUND('',#364,.T.);
#92=FACE_BOUND('',#365,.T.);
#93=FACE_BOUND('',#366,.T.);
#94=FACE_BOUND('',#367,.T.);
#95=FACE_BOUND('',#372,.T.);
#96=FACE_BOUND('',#373,.T.);
#97=FACE_BOUND('',#374,.T.);
#98=FACE_BOUND('',#375,.T.);
#99=CIRCLE('',#1184,303.);
#100=CIRCLE('',#1185,303.);
#101=CIRCLE('',#1186,303.);
#102=CIRCLE('',#1187,303.);
#103=CIRCLE('',#1188,303.);
#104=CIRCLE('',#1189,303.);
#105=CIRCLE('',#1193,300.);
#106=CIRCLE('',#1194,300.);
#107=CIRCLE('',#1204,5.74503291593653);
#108=CIRCLE('',#1205,5.74503291593653);
#109=CIRCLE('',#1208,2.5);
#110=CIRCLE('',#1209,2.5);
#111=CIRCLE('',#1222,5.74503291593653);
#112=CIRCLE('',#1223,5.74503291593653);
#113=CIRCLE('',#1226,2.5);
#114=CIRCLE('',#1227,2.5);
#115=CIRCLE('',#1232,5.74503291593653);
#116=CIRCLE('',#1233,5.74503291593653);
#117=CIRCLE('',#1236,2.5);
#118=CIRCLE('',#1237,2.5);
#119=CIRCLE('',#1242,5.74503291593653);
#120=CIRCLE('',#1243,5.74503291593653);
#121=CIRCLE('',#1246,2.5);
#122=CIRCLE('',#1247,2.5);
#123=CIRCLE('',#1251,300.);
#124=CIRCLE('',#1252,295.);
#125=CIRCLE('',#1255,300.);
#126=CIRCLE('',#1256,295.);
#127=CIRCLE('',#1259,300.);
#128=CIRCLE('',#1260,300.);
#129=CIRCLE('',#1262,295.);
#130=CIRCLE('',#1263,295.);
#131=B_SPLINE_CURVE_WITH_KNOTS('',3,(#1606,#1607,#1608,#1609,#1610,#1611,
#1612,#1613,#1614,#1615,#1616,#1617,#1618,#1619,#1620,#1621,#1622,#1623),
 .UNSPECIFIED.,.F.,.F.,(4,2,2,2,2,2,2,2,4),(0.,0.125,0.25,0.375,0.5,0.625,
0.75,0.875,1.),.UNSPECIFIED.);
#132=B_SPLINE_CURVE_WITH_KNOTS('',3,(#1627,#1628,#1629,#1630,#1631,#1632,
#1633,#1634,#1635,#1636,#1637,#1638,#1639,#1640,#1641,#1642),
 .UNSPECIFIED.,.F.,.F.,(4,2,2,2,2,2,2,4),(0.,0.25,0.375,0.5,0.625,0.75,
0.875,1.),.UNSPECIFIED.);
#133=B_SPLINE_CURVE_WITH_KNOTS('',3,(#1653,#1654,#1655,#1656,#1657,#1658,
#1659,#1660,#1661,#1662,#1663,#1664,#1665,#1666,#1667,#1668,#1669,#1670),
 .UNSPECIFIED.,.F.,.F.,(4,2,2,2,2,2,2,2,4),(0.,0.125,0.25,0.375,0.5,0.625,
0.75,0.875,1.),.UNSPECIFIED.);
#134=B_SPLINE_CURVE_WITH_KNOTS('',3,(#1674,#1675,#1676,#1677,#1678,#1679,
#1680,#1681,#1682,#1683,#1684,#1685,#1686,#1687,#1688,#1689),
 .UNSPECIFIED.,.F.,.F.,(4,2,2,2,2,2,2,4),(0.,0.25,0.375,0.5,0.625,0.75,
0.875,1.),.UNSPECIFIED.);
#135=B_SPLINE_CURVE_WITH_KNOTS('',3,(#1722,#1723,#1724,#1725,#1726,#1727,
#1728,#1729,#1730,#1731,#1732,#1733,#1734,#1735,#1736,#1737),
 .UNSPECIFIED.,.F.,.F.,(4,2,2,2,2,2,2,4),(0.,0.25,0.375,0.5,0.625,0.75,
0.875,1.),.UNSPECIFIED.);
#136=B_SPLINE_CURVE_WITH_KNOTS('',3,(#1738,#1739,#1740,#1741,#1742,#1743,
#1744,#1745,#1746,#1747,#1748,#1749,#1750,#1751,#1752,#1753,#1754,#1755),
 .UNSPECIFIED.,.F.,.F.,(4,2,2,2,2,2,2,2,4),(0.,0.125,0.25,0.375,0.5,0.625,
0.75,0.875,1.),.UNSPECIFIED.);
#137=B_SPLINE_CURVE_WITH_KNOTS('',3,(#1759,#1760,#1761,#1762,#1763,#1764,
#1765,#1766,#1767,#1768,#1769,#1770,#1771,#1772,#1773,#1774),
 .UNSPECIFIED.,.F.,.F.,(4,2,2,2,2,2,2,4),(0.,0.250000000000001,0.375000000000001,
0.500000000000001,0.625,0.75,0.875,1.),.UNSPECIFIED.);
#138=B_SPLINE_CURVE_WITH_KNOTS('',3,(#1782,#1783,#1784,#1785,#1786,#1787,
#1788,#1789,#1790,#1791,#1792,#1793,#1794,#1795,#1796,#1797,#1798,#1799),
 .UNSPECIFIED.,.F.,.F.,(4,2,2,2,2,2,2,2,4),(0.,0.125,0.25,0.375,0.5,0.625,
0.75,0.875,1.),.UNSPECIFIED.);
#139=B_SPLINE_CURVE_WITH_KNOTS('',3,(#1970,#1971,#1972,#1973,#1974,#1975,
#1976,#1977,#1978,#1979,#1980,#1981,#1982,#1983,#1984,#1985),
 .UNSPECIFIED.,.F.,.F.,(4,2,2,2,2,2,2,4),(0.,0.125,0.25,0.375,0.5,0.625,
0.75,1.),.UNSPECIFIED.);
#140=B_SPLINE_CURVE_WITH_KNOTS('',3,(#1986,#1987,#1988,#1989,#1990,#1991,
#1992,#1993,#1994,#1995,#1996,#1997),.UNSPECIFIED.,.F.,.F.,(4,2,2,2,2,4),
(0.,0.25,0.5,0.75,0.875,1.),.UNSPECIFIED.);
#141=B_SPLINE_CURVE_WITH_KNOTS('',3,(#1998,#1999,#2000,#2001,#2002,#2003,
#2004,#2005,#2006,#2007,#2008,#2009,#2010,#2011,#2012,#2013),
 .UNSPECIFIED.,.F.,.F.,(4,2,2,2,2,2,2,4),(0.,0.125,0.25,0.375,0.5,0.625,
0.75,1.),.UNSPECIFIED.);
#142=B_SPLINE_CURVE_WITH_KNOTS('',3,(#2014,#2015,#2016,#2017,#2018,#2019,
#2020,#2021,#2022,#2023,#2024,#2025),.UNSPECIFIED.,.F.,.F.,(4,2,2,2,2,4),
(0.,0.25,0.5,0.75,0.875,1.),.UNSPECIFIED.);
#143=B_SPLINE_CURVE_WITH_KNOTS('',3,(#2029,#2030,#2031,#2032,#2033,#2034,
#2035,#2036,#2037,#2038,#2039,#2040,#2041,#2042,#2043,#2044,#2045,#2046),
 .UNSPECIFIED.,.F.,.F.,(4,2,2,2,2,2,2,2,4),(0.,0.125,0.25,0.375,0.5,0.625,
0.75,0.875,1.),.UNSPECIFIED.);
#144=B_SPLINE_CURVE_WITH_KNOTS('',3,(#2050,#2051,#2052,#2053,#2054,#2055,
#2056,#2057,#2058,#2059,#2060,#2061,#2062,#2063,#2064,#2065),
 .UNSPECIFIED.,.F.,.F.,(4,2,2,2,2,2,2,4),(0.,0.25,0.375,0.5,0.625,0.75,
0.875,1.),.UNSPECIFIED.);
#145=B_SPLINE_CURVE_WITH_KNOTS('',3,(#2069,#2070,#2071,#2072,#2073,#2074,
#2075,#2076,#2077,#2078,#2079,#2080,#2081,#2082,#2083,#2084,#2085,#2086),
 .UNSPECIFIED.,.F.,.F.,(4,2,2,2,2,2,2,2,4),(0.,0.125,0.25,0.375,0.5,0.625,
0.75,0.875,1.),.UNSPECIFIED.);
#146=B_SPLINE_CURVE_WITH_KNOTS('',3,(#2090,#2091,#2092,#2093,#2094,#2095,
#2096,#2097,#2098,#2099,#2100,#2101,#2102,#2103,#2104,#2105),
 .UNSPECIFIED.,.F.,.F.,(4,2,2,2,2,2,2,4),(0.,0.250000000000001,0.375000000000001,
0.500000000000001,0.625,0.75,0.875,1.),.UNSPECIFIED.);
#147=B_SPLINE_CURVE_WITH_KNOTS('',3,(#2107,#2108,#2109,#2110,#2111,#2112,
#2113,#2114,#2115,#2116,#2117,#2118,#2119,#2120,#2121,#2122),
 .UNSPECIFIED.,.F.,.F.,(4,2,2,2,2,2,2,4),(0.,0.125,0.25,0.374999999999999,
0.499999999999999,0.624999999999999,0.749999999999999,1.),.UNSPECIFIED.);
#148=B_SPLINE_CURVE_WITH_KNOTS('',3,(#2123,#2124,#2125,#2126,#2127,#2128,
#2129,#2130,#2131,#2132,#2133,#2134),.UNSPECIFIED.,.F.,.F.,(4,2,2,2,2,4),
(0.,0.25,0.5,0.75,0.875,1.),.UNSPECIFIED.);
#149=B_SPLINE_CURVE_WITH_KNOTS('',3,(#2135,#2136,#2137,#2138,#2139,#2140,
#2141,#2142,#2143,#2144,#2145,#2146,#2147,#2148,#2149,#2150),
 .UNSPECIFIED.,.F.,.F.,(4,2,2,2,2,2,2,4),(0.,0.125,0.25,0.374999999999999,
0.499999999999999,0.624999999999999,0.749999999999999,1.),.UNSPECIFIED.);
#150=B_SPLINE_CURVE_WITH_KNOTS('',3,(#2151,#2152,#2153,#2154,#2155,#2156,
#2157,#2158,#2159,#2160,#2161,#2162),.UNSPECIFIED.,.F.,.F.,(4,2,2,2,2,4),
(0.,0.25,0.5,0.75,0.875,1.),.UNSPECIFIED.);
#151=B_SPLINE_CURVE_WITH_KNOTS('',3,(#2166,#2167,#2168,#2169,#2170,#2171,
#2172,#2173,#2174,#2175,#2176,#2177,#2178,#2179,#2180,#2181),
 .UNSPECIFIED.,.F.,.F.,(4,2,2,2,2,2,2,4),(0.,0.250000000000001,0.375000000000001,
0.5,0.625,0.75,0.875,1.),.UNSPECIFIED.);
#152=B_SPLINE_CURVE_WITH_KNOTS('',3,(#2185,#2186,#2187,#2188,#2189,#2190,
#2191,#2192,#2193,#2194,#2195,#2196,#2197,#2198,#2199,#2200),
 .UNSPECIFIED.,.F.,.F.,(4,2,2,2,2,2,2,4),(0.,0.125,0.25,0.375,0.5,0.625,
0.75,1.),.UNSPECIFIED.);
#153=B_SPLINE_CURVE_WITH_KNOTS('',3,(#2204,#2205,#2206,#2207,#2208,#2209,
#2210,#2211,#2212,#2213,#2214,#2215,#2216,#2217,#2218,#2219),
 .UNSPECIFIED.,.F.,.F.,(4,2,2,2,2,2,2,4),(0.,0.250000000000001,0.375000000000001,
0.5,0.625,0.75,0.875,1.),.UNSPECIFIED.);
#154=B_SPLINE_CURVE_WITH_KNOTS('',3,(#2223,#2224,#2225,#2226,#2227,#2228,
#2229,#2230,#2231,#2232,#2233,#2234,#2235,#2236,#2237,#2238),
 .UNSPECIFIED.,.F.,.F.,(4,2,2,2,2,2,2,4),(0.,0.125,0.25,0.375,0.5,0.625000000000001,
0.750000000000001,1.),.UNSPECIFIED.);
#155=ADVANCED_FACE('',(#259),#219,.F.);
#156=ADVANCED_FACE('',(#260),#220,.F.);
#157=ADVANCED_FACE('',(#261),#221,.F.);
#158=ADVANCED_FACE('',(#68,#69,#70),#44,.T.);
#159=ADVANCED_FACE('',(#262),#222,.F.);
#160=ADVANCED_FACE('',(#263),#223,.F.);
#161=ADVANCED_FACE('',(#264),#45,.F.);
#162=ADVANCED_FACE('',(#265),#224,.T.);
#163=ADVANCED_FACE('',(#266),#225,.F.);
#164=ADVANCED_FACE('',(#267),#226,.F.);
#165=ADVANCED_FACE('',(#268),#46,.T.);
#166=ADVANCED_FACE('',(#269),#47,.T.);
#167=ADVANCED_FACE('',(#270),#48,.T.);
#168=ADVANCED_FACE('',(#271),#49,.T.);
#169=ADVANCED_FACE('',(#272),#227,.T.);
#170=ADVANCED_FACE('',(#273),#50,.T.);
#171=ADVANCED_FACE('',(#274),#228,.T.);
#172=ADVANCED_FACE('',(#71,#72),#51,.F.);
#173=ADVANCED_FACE('',(#73,#74),#229,.F.);
#174=ADVANCED_FACE('',(#75,#76),#230,.T.);
#175=ADVANCED_FACE('',(#275),#231,.F.);
#176=ADVANCED_FACE('',(#276),#232,.F.);
#177=ADVANCED_FACE('',(#277),#233,.F.);
#178=ADVANCED_FACE('',(#278),#234,.T.);
#179=ADVANCED_FACE('',(#279),#235,.F.);
#180=ADVANCED_FACE('',(#280),#236,.F.);
#181=ADVANCED_FACE('',(#281),#237,.T.);
#182=ADVANCED_FACE('',(#282),#238,.F.);
#183=ADVANCED_FACE('',(#283),#239,.T.);
#184=ADVANCED_FACE('',(#284),#52,.T.);
#185=ADVANCED_FACE('',(#285),#240,.T.);
#186=ADVANCED_FACE('',(#77,#78),#53,.F.);
#187=ADVANCED_FACE('',(#79,#80),#241,.F.);
#188=ADVANCED_FACE('',(#81,#82),#242,.T.);
#189=ADVANCED_FACE('',(#286),#243,.T.);
#190=ADVANCED_FACE('',(#287),#54,.T.);
#191=ADVANCED_FACE('',(#288),#244,.T.);
#192=ADVANCED_FACE('',(#83,#84),#55,.F.);
#193=ADVANCED_FACE('',(#85,#86),#245,.F.);
#194=ADVANCED_FACE('',(#87,#88),#246,.T.);
#195=ADVANCED_FACE('',(#289),#247,.T.);
#196=ADVANCED_FACE('',(#290),#56,.T.);
#197=ADVANCED_FACE('',(#291),#248,.T.);
#198=ADVANCED_FACE('',(#89,#90),#57,.F.);
#199=ADVANCED_FACE('',(#91,#92),#249,.F.);
#200=ADVANCED_FACE('',(#93,#94),#250,.T.);
#201=ADVANCED_FACE('',(#292),#251,.F.);
#202=ADVANCED_FACE('',(#293),#252,.F.);
#203=ADVANCED_FACE('',(#294),#253,.F.);
#204=ADVANCED_FACE('',(#295),#254,.F.);
#205=ADVANCED_FACE('',(#95,#96),#58,.T.);
#206=ADVANCED_FACE('',(#97,#98),#59,.F.);
#207=ADVANCED_FACE('',(#296),#255,.T.);
#208=ADVANCED_FACE('',(#297),#256,.F.);
#209=ADVANCED_FACE('',(#298),#257,.F.);
#210=ADVANCED_FACE('',(#299),#258,.F.);
#211=ADVANCED_FACE('',(#300),#60,.F.);
#212=ADVANCED_FACE('',(#301),#61,.F.);
#213=ADVANCED_FACE('',(#302),#62,.F.);
#214=ADVANCED_FACE('',(#303),#63,.F.);
#215=ADVANCED_FACE('',(#304),#64,.T.);
#216=ADVANCED_FACE('',(#305),#65,.T.);
#217=ADVANCED_FACE('',(#306),#66,.T.);
#218=ADVANCED_FACE('',(#307),#67,.T.);
#219=PLANE('',#1181);
#220=PLANE('',#1182);
#221=PLANE('',#1183);
#222=PLANE('',#1191);
#223=PLANE('',#1192);
#224=PLANE('',#1196);
#225=PLANE('',#1197);
#226=PLANE('',#1198);
#227=PLANE('',#1203);
#228=PLANE('',#1207);
#229=PLANE('',#1211);
#230=PLANE('',#1212);
#231=PLANE('',#1213);
#232=PLANE('',#1214);
#233=PLANE('',#1215);
#234=PLANE('',#1216);
#235=PLANE('',#1217);
#236=PLANE('',#1218);
#237=PLANE('',#1219);
#238=PLANE('',#1220);
#239=PLANE('',#1221);
#240=PLANE('',#1225);
#241=PLANE('',#1229);
#242=PLANE('',#1230);
#243=PLANE('',#1231);
#244=PLANE('',#1235);
#245=PLANE('',#1239);
#246=PLANE('',#1240);
#247=PLANE('',#1241);
#248=PLANE('',#1245);
#249=PLANE('',#1249);
#250=PLANE('',#1250);
#251=PLANE('',#1253);
#252=PLANE('',#1254);
#253=PLANE('',#1257);
#254=PLANE('',#1258);
#255=PLANE('',#1265);
#256=PLANE('',#1266);
#257=PLANE('',#1267);
#258=PLANE('',#1268);
#259=FACE_OUTER_BOUND('',#308,.T.);
#260=FACE_OUTER_BOUND('',#309,.T.);
#261=FACE_OUTER_BOUND('',#310,.T.);
#262=FACE_OUTER_BOUND('',#314,.T.);
#263=FACE_OUTER_BOUND('',#315,.T.);
#264=FACE_OUTER_BOUND('',#316,.T.);
#265=FACE_OUTER_BOUND('',#317,.T.);
#266=FACE_OUTER_BOUND('',#318,.T.);
#267=FACE_OUTER_BOUND('',#319,.T.);
#268=FACE_OUTER_BOUND('',#320,.T.);
#269=FACE_OUTER_BOUND('',#321,.T.);
#270=FACE_OUTER_BOUND('',#322,.T.);
#271=FACE_OUTER_BOUND('',#323,.T.);
#272=FACE_OUTER_BOUND('',#324,.T.);
#273=FACE_OUTER_BOUND('',#325,.T.);
#274=FACE_OUTER_BOUND('',#326,.T.);
#275=FACE_OUTER_BOUND('',#333,.T.);
#276=FACE_OUTER_BOUND('',#334,.T.);
#277=FACE_OUTER_BOUND('',#335,.T.);
#278=FACE_OUTER_BOUND('',#336,.T.);
#279=FACE_OUTER_BOUND('',#337,.T.);
#280=FACE_OUTER_BOUND('',#338,.T.);
#281=FACE_OUTER_BOUND('',#339,.T.);
#282=FACE_OUTER_BOUND('',#340,.T.);
#283=FACE_OUTER_BOUND('',#341,.T.);
#284=FACE_OUTER_BOUND('',#342,.T.);
#285=FACE_OUTER_BOUND('',#343,.T.);
#286=FACE_OUTER_BOUND('',#350,.T.);
#287=FACE_OUTER_BOUND('',#351,.T.);
#288=FACE_OUTER_BOUND('',#352,.T.);
#289=FACE_OUTER_BOUND('',#359,.T.);
#290=FACE_OUTER_BOUND('',#360,.T.);
#291=FACE_OUTER_BOUND('',#361,.T.);
#292=FACE_OUTER_BOUND('',#368,.T.);
#293=FACE_OUTER_BOUND('',#369,.T.);
#294=FACE_OUTER_BOUND('',#370,.T.);
#295=FACE_OUTER_BOUND('',#371,.T.);
#296=FACE_OUTER_BOUND('',#376,.T.);
#297=FACE_OUTER_BOUND('',#377,.T.);
#298=FACE_OUTER_BOUND('',#378,.T.);
#299=FACE_OUTER_BOUND('',#379,.T.);
#300=FACE_OUTER_BOUND('',#380,.T.);
#301=FACE_OUTER_BOUND('',#381,.T.);
#302=FACE_OUTER_BOUND('',#382,.T.);
#303=FACE_OUTER_BOUND('',#383,.T.);
#304=FACE_OUTER_BOUND('',#384,.T.);
#305=FACE_OUTER_BOUND('',#385,.T.);
#306=FACE_OUTER_BOUND('',#386,.T.);
#307=FACE_OUTER_BOUND('',#387,.T.);
#308=EDGE_LOOP('',(#388,#389,#390,#391));
#309=EDGE_LOOP('',(#392,#393,#394,#395));
#310=EDGE_LOOP('',(#396,#397,#398,#399));
#311=EDGE_LOOP('',(#400,#401,#402,#403,#404,#405,#406,#407,#408,#409,#410,
#411,#412,#413,#414,#415));
#312=EDGE_LOOP('',(#416,#417,#418,#419));
#313=EDGE_LOOP('',(#420,#421,#422,#423));
#314=EDGE_LOOP('',(#424,#425,#426,#427));
#315=EDGE_LOOP('',(#428,#429,#430,#431));
#316=EDGE_LOOP('',(#432,#433,#434,#435,#436,#437,#438,#439,#440,#441,#442,
#443,#444,#445,#446,#447));
#317=EDGE_LOOP('',(#448,#449,#450,#451));
#318=EDGE_LOOP('',(#452,#453,#454,#455));
#319=EDGE_LOOP('',(#456,#457,#458,#459));
#320=EDGE_LOOP('',(#460,#461,#462,#463));
#321=EDGE_LOOP('',(#464,#465,#466,#467));
#322=EDGE_LOOP('',(#468,#469,#470,#471));
#323=EDGE_LOOP('',(#472,#473,#474,#475));
#324=EDGE_LOOP('',(#476,#477,#478,#479));
#325=EDGE_LOOP('',(#480,#481,#482,#483));
#326=EDGE_LOOP('',(#484,#485,#486,#487));
#327=EDGE_LOOP('',(#488));
#328=EDGE_LOOP('',(#489));
#329=EDGE_LOOP('',(#490,#491,#492,#493));
#330=EDGE_LOOP('',(#494));
#331=EDGE_LOOP('',(#495,#496,#497,#498));
#332=EDGE_LOOP('',(#499));
#333=EDGE_LOOP('',(#500,#501,#502,#503,#504,#505,#506,#507));
#334=EDGE_LOOP('',(#508,#509,#510,#511));
#335=EDGE_LOOP('',(#512,#513,#514,#515,#516,#517,#518,#519));
#336=EDGE_LOOP('',(#520,#521,#522,#523));
#337=EDGE_LOOP('',(#524,#525,#526,#527));
#338=EDGE_LOOP('',(#528,#529,#530,#531));
#339=EDGE_LOOP('',(#532,#533,#534,#535));
#340=EDGE_LOOP('',(#536,#537,#538,#539));
#341=EDGE_LOOP('',(#540,#541,#542,#543));
#342=EDGE_LOOP('',(#544,#545,#546,#547));
#343=EDGE_LOOP('',(#548,#549,#550,#551));
#344=EDGE_LOOP('',(#552));
#345=EDGE_LOOP('',(#553));
#346=EDGE_LOOP('',(#554,#555,#556,#557));
#347=EDGE_LOOP('',(#558));
#348=EDGE_LOOP('',(#559,#560,#561,#562));
#349=EDGE_LOOP('',(#563));
#350=EDGE_LOOP('',(#564,#565,#566,#567));
#351=EDGE_LOOP('',(#568,#569,#570,#571));
#352=EDGE_LOOP('',(#572,#573,#574,#575));
#353=EDGE_LOOP('',(#576));
#354=EDGE_LOOP('',(#577));
#355=EDGE_LOOP('',(#578,#579,#580,#581));
#356=EDGE_LOOP('',(#582));
#357=EDGE_LOOP('',(#583,#584,#585,#586));
#358=EDGE_LOOP('',(#587));
#359=EDGE_LOOP('',(#588,#589,#590,#591));
#360=EDGE_LOOP('',(#592,#593,#594,#595));
#361=EDGE_LOOP('',(#596,#597,#598,#599));
#362=EDGE_LOOP('',(#600));
#363=EDGE_LOOP('',(#601));
#364=EDGE_LOOP('',(#602,#603,#604,#605));
#365=EDGE_LOOP('',(#606));
#366=EDGE_LOOP('',(#607,#608,#609,#610));
#367=EDGE_LOOP('',(#611));
#368=EDGE_LOOP('',(#612,#613,#614,#615));
#369=EDGE_LOOP('',(#616,#617,#618,#619));
#370=EDGE_LOOP('',(#620,#621,#622,#623));
#371=EDGE_LOOP('',(#624,#625,#626,#627));
#372=EDGE_LOOP('',(#628,#629,#630,#631,#632,#633,#634,#635));
#373=EDGE_LOOP('',(#636,#637,#638,#639,#640,#641,#642,#643));
#374=EDGE_LOOP('',(#644,#645,#646,#647,#648,#649,#650,#651));
#375=EDGE_LOOP('',(#652,#653,#654,#655,#656,#657,#658,#659));
#376=EDGE_LOOP('',(#660,#661,#662,#663));
#377=EDGE_LOOP('',(#664,#665,#666,#667));
#378=EDGE_LOOP('',(#668,#669,#670,#671));
#379=EDGE_LOOP('',(#672,#673,#674,#675));
#380=EDGE_LOOP('',(#676,#677,#678,#679));
#381=EDGE_LOOP('',(#680,#681,#682,#683));
#382=EDGE_LOOP('',(#684,#685,#686,#687));
#383=EDGE_LOOP('',(#688,#689,#690,#691));
#384=EDGE_LOOP('',(#692,#693,#694,#695));
#385=EDGE_LOOP('',(#696,#697,#698,#699));
#386=EDGE_LOOP('',(#700,#701,#702,#703));
#387=EDGE_LOOP('',(#704,#705,#706,#707));
#388=ORIENTED_EDGE('',*,*,#812,.F.);
#389=ORIENTED_EDGE('',*,*,#813,.T.);
#390=ORIENTED_EDGE('',*,*,#814,.T.);
#391=ORIENTED_EDGE('',*,*,#815,.F.);
#392=ORIENTED_EDGE('',*,*,#816,.T.);
#393=ORIENTED_EDGE('',*,*,#817,.T.);
#394=ORIENTED_EDGE('',*,*,#818,.F.);
#395=ORIENTED_EDGE('',*,*,#819,.F.);
#396=ORIENTED_EDGE('',*,*,#820,.T.);
#397=ORIENTED_EDGE('',*,*,#821,.T.);
#398=ORIENTED_EDGE('',*,*,#822,.F.);
#399=ORIENTED_EDGE('',*,*,#823,.F.);
#400=ORIENTED_EDGE('',*,*,#824,.T.);
#401=ORIENTED_EDGE('',*,*,#825,.T.);
#402=ORIENTED_EDGE('',*,*,#826,.F.);
#403=ORIENTED_EDGE('',*,*,#827,.T.);
#404=ORIENTED_EDGE('',*,*,#828,.T.);
#405=ORIENTED_EDGE('',*,*,#829,.T.);
#406=ORIENTED_EDGE('',*,*,#830,.T.);
#407=ORIENTED_EDGE('',*,*,#831,.T.);
#408=ORIENTED_EDGE('',*,*,#822,.T.);
#409=ORIENTED_EDGE('',*,*,#832,.T.);
#410=ORIENTED_EDGE('',*,*,#818,.T.);
#411=ORIENTED_EDGE('',*,*,#833,.T.);
#412=ORIENTED_EDGE('',*,*,#815,.T.);
#413=ORIENTED_EDGE('',*,*,#834,.T.);
#414=ORIENTED_EDGE('',*,*,#835,.T.);
#415=ORIENTED_EDGE('',*,*,#836,.T.);
#416=ORIENTED_EDGE('',*,*,#837,.F.);
#417=ORIENTED_EDGE('',*,*,#838,.T.);
#418=ORIENTED_EDGE('',*,*,#839,.T.);
#419=ORIENTED_EDGE('',*,*,#840,.T.);
#420=ORIENTED_EDGE('',*,*,#841,.F.);
#421=ORIENTED_EDGE('',*,*,#842,.F.);
#422=ORIENTED_EDGE('',*,*,#843,.F.);
#423=ORIENTED_EDGE('',*,*,#844,.T.);
#424=ORIENTED_EDGE('',*,*,#845,.T.);
#425=ORIENTED_EDGE('',*,*,#846,.T.);
#426=ORIENTED_EDGE('',*,*,#830,.F.);
#427=ORIENTED_EDGE('',*,*,#847,.F.);
#428=ORIENTED_EDGE('',*,*,#848,.T.);
#429=ORIENTED_EDGE('',*,*,#849,.T.);
#430=ORIENTED_EDGE('',*,*,#824,.F.);
#431=ORIENTED_EDGE('',*,*,#850,.T.);
#432=ORIENTED_EDGE('',*,*,#851,.T.);
#433=ORIENTED_EDGE('',*,*,#852,.T.);
#434=ORIENTED_EDGE('',*,*,#848,.F.);
#435=ORIENTED_EDGE('',*,*,#853,.T.);
#436=ORIENTED_EDGE('',*,*,#854,.F.);
#437=ORIENTED_EDGE('',*,*,#855,.T.);
#438=ORIENTED_EDGE('',*,*,#813,.F.);
#439=ORIENTED_EDGE('',*,*,#856,.F.);
#440=ORIENTED_EDGE('',*,*,#816,.F.);
#441=ORIENTED_EDGE('',*,*,#857,.F.);
#442=ORIENTED_EDGE('',*,*,#820,.F.);
#443=ORIENTED_EDGE('',*,*,#858,.F.);
#444=ORIENTED_EDGE('',*,*,#845,.F.);
#445=ORIENTED_EDGE('',*,*,#859,.F.);
#446=ORIENTED_EDGE('',*,*,#860,.F.);
#447=ORIENTED_EDGE('',*,*,#861,.T.);
#448=ORIENTED_EDGE('',*,*,#826,.T.);
#449=ORIENTED_EDGE('',*,*,#862,.T.);
#450=ORIENTED_EDGE('',*,*,#851,.F.);
#451=ORIENTED_EDGE('',*,*,#863,.T.);
#452=ORIENTED_EDGE('',*,*,#835,.F.);
#453=ORIENTED_EDGE('',*,*,#864,.T.);
#454=ORIENTED_EDGE('',*,*,#854,.T.);
#455=ORIENTED_EDGE('',*,*,#865,.T.);
#456=ORIENTED_EDGE('',*,*,#860,.T.);
#457=ORIENTED_EDGE('',*,*,#866,.T.);
#458=ORIENTED_EDGE('',*,*,#828,.F.);
#459=ORIENTED_EDGE('',*,*,#867,.T.);
#460=ORIENTED_EDGE('',*,*,#825,.F.);
#461=ORIENTED_EDGE('',*,*,#849,.F.);
#462=ORIENTED_EDGE('',*,*,#852,.F.);
#463=ORIENTED_EDGE('',*,*,#862,.F.);
#464=ORIENTED_EDGE('',*,*,#827,.F.);
#465=ORIENTED_EDGE('',*,*,#863,.F.);
#466=ORIENTED_EDGE('',*,*,#861,.F.);
#467=ORIENTED_EDGE('',*,*,#867,.F.);
#468=ORIENTED_EDGE('',*,*,#834,.F.);
#469=ORIENTED_EDGE('',*,*,#814,.F.);
#470=ORIENTED_EDGE('',*,*,#855,.F.);
#471=ORIENTED_EDGE('',*,*,#864,.F.);
#472=ORIENTED_EDGE('',*,*,#836,.F.);
#473=ORIENTED_EDGE('',*,*,#865,.F.);
#474=ORIENTED_EDGE('',*,*,#853,.F.);
#475=ORIENTED_EDGE('',*,*,#850,.F.);
#476=ORIENTED_EDGE('',*,*,#868,.T.);
#477=ORIENTED_EDGE('',*,*,#859,.T.);
#478=ORIENTED_EDGE('',*,*,#869,.F.);
#479=ORIENTED_EDGE('',*,*,#870,.F.);
#480=ORIENTED_EDGE('',*,*,#871,.T.);
#481=ORIENTED_EDGE('',*,*,#870,.T.);
#482=ORIENTED_EDGE('',*,*,#872,.F.);
#483=ORIENTED_EDGE('',*,*,#873,.F.);
#484=ORIENTED_EDGE('',*,*,#874,.T.);
#485=ORIENTED_EDGE('',*,*,#873,.T.);
#486=ORIENTED_EDGE('',*,*,#875,.F.);
#487=ORIENTED_EDGE('',*,*,#829,.F.);
#488=ORIENTED_EDGE('',*,*,#876,.T.);
#489=ORIENTED_EDGE('',*,*,#877,.F.);
#490=ORIENTED_EDGE('',*,*,#847,.T.);
#491=ORIENTED_EDGE('',*,*,#875,.T.);
#492=ORIENTED_EDGE('',*,*,#872,.T.);
#493=ORIENTED_EDGE('',*,*,#869,.T.);
#494=ORIENTED_EDGE('',*,*,#876,.F.);
#495=ORIENTED_EDGE('',*,*,#866,.F.);
#496=ORIENTED_EDGE('',*,*,#868,.F.);
#497=ORIENTED_EDGE('',*,*,#871,.F.);
#498=ORIENTED_EDGE('',*,*,#874,.F.);
#499=ORIENTED_EDGE('',*,*,#877,.T.);
#500=ORIENTED_EDGE('',*,*,#878,.T.);
#501=ORIENTED_EDGE('',*,*,#879,.T.);
#502=ORIENTED_EDGE('',*,*,#842,.T.);
#503=ORIENTED_EDGE('',*,*,#880,.T.);
#504=ORIENTED_EDGE('',*,*,#881,.T.);
#505=ORIENTED_EDGE('',*,*,#882,.F.);
#506=ORIENTED_EDGE('',*,*,#837,.T.);
#507=ORIENTED_EDGE('',*,*,#883,.F.);
#508=ORIENTED_EDGE('',*,*,#884,.T.);
#509=ORIENTED_EDGE('',*,*,#885,.T.);
#510=ORIENTED_EDGE('',*,*,#886,.F.);
#511=ORIENTED_EDGE('',*,*,#881,.F.);
#512=ORIENTED_EDGE('',*,*,#844,.F.);
#513=ORIENTED_EDGE('',*,*,#887,.T.);
#514=ORIENTED_EDGE('',*,*,#888,.F.);
#515=ORIENTED_EDGE('',*,*,#889,.F.);
#516=ORIENTED_EDGE('',*,*,#839,.F.);
#517=ORIENTED_EDGE('',*,*,#890,.F.);
#518=ORIENTED_EDGE('',*,*,#885,.F.);
#519=ORIENTED_EDGE('',*,*,#891,.T.);
#520=ORIENTED_EDGE('',*,*,#838,.F.);
#521=ORIENTED_EDGE('',*,*,#882,.T.);
#522=ORIENTED_EDGE('',*,*,#886,.T.);
#523=ORIENTED_EDGE('',*,*,#890,.T.);
#524=ORIENTED_EDGE('',*,*,#880,.F.);
#525=ORIENTED_EDGE('',*,*,#841,.T.);
#526=ORIENTED_EDGE('',*,*,#891,.F.);
#527=ORIENTED_EDGE('',*,*,#884,.F.);
#528=ORIENTED_EDGE('',*,*,#892,.F.);
#529=ORIENTED_EDGE('',*,*,#878,.F.);
#530=ORIENTED_EDGE('',*,*,#893,.T.);
#531=ORIENTED_EDGE('',*,*,#888,.T.);
#532=ORIENTED_EDGE('',*,*,#840,.F.);
#533=ORIENTED_EDGE('',*,*,#889,.T.);
#534=ORIENTED_EDGE('',*,*,#893,.F.);
#535=ORIENTED_EDGE('',*,*,#883,.T.);
#536=ORIENTED_EDGE('',*,*,#887,.F.);
#537=ORIENTED_EDGE('',*,*,#843,.T.);
#538=ORIENTED_EDGE('',*,*,#879,.F.);
#539=ORIENTED_EDGE('',*,*,#892,.T.);
#540=ORIENTED_EDGE('',*,*,#894,.T.);
#541=ORIENTED_EDGE('',*,*,#858,.T.);
#542=ORIENTED_EDGE('',*,*,#895,.F.);
#543=ORIENTED_EDGE('',*,*,#896,.F.);
#544=ORIENTED_EDGE('',*,*,#897,.T.);
#545=ORIENTED_EDGE('',*,*,#896,.T.);
#546=ORIENTED_EDGE('',*,*,#898,.F.);
#547=ORIENTED_EDGE('',*,*,#899,.F.);
#548=ORIENTED_EDGE('',*,*,#900,.T.);
#549=ORIENTED_EDGE('',*,*,#899,.T.);
#550=ORIENTED_EDGE('',*,*,#901,.F.);
#551=ORIENTED_EDGE('',*,*,#831,.F.);
#552=ORIENTED_EDGE('',*,*,#902,.T.);
#553=ORIENTED_EDGE('',*,*,#903,.F.);
#554=ORIENTED_EDGE('',*,*,#823,.T.);
#555=ORIENTED_EDGE('',*,*,#901,.T.);
#556=ORIENTED_EDGE('',*,*,#898,.T.);
#557=ORIENTED_EDGE('',*,*,#895,.T.);
#558=ORIENTED_EDGE('',*,*,#902,.F.);
#559=ORIENTED_EDGE('',*,*,#846,.F.);
#560=ORIENTED_EDGE('',*,*,#894,.F.);
#561=ORIENTED_EDGE('',*,*,#897,.F.);
#562=ORIENTED_EDGE('',*,*,#900,.F.);
#563=ORIENTED_EDGE('',*,*,#903,.T.);
#564=ORIENTED_EDGE('',*,*,#904,.T.);
#565=ORIENTED_EDGE('',*,*,#857,.T.);
#566=ORIENTED_EDGE('',*,*,#905,.F.);
#567=ORIENTED_EDGE('',*,*,#906,.F.);
#568=ORIENTED_EDGE('',*,*,#907,.T.);
#569=ORIENTED_EDGE('',*,*,#906,.T.);
#570=ORIENTED_EDGE('',*,*,#908,.F.);
#571=ORIENTED_EDGE('',*,*,#909,.F.);
#572=ORIENTED_EDGE('',*,*,#910,.T.);
#573=ORIENTED_EDGE('',*,*,#909,.T.);
#574=ORIENTED_EDGE('',*,*,#911,.F.);
#575=ORIENTED_EDGE('',*,*,#832,.F.);
#576=ORIENTED_EDGE('',*,*,#912,.T.);
#577=ORIENTED_EDGE('',*,*,#913,.F.);
#578=ORIENTED_EDGE('',*,*,#819,.T.);
#579=ORIENTED_EDGE('',*,*,#911,.T.);
#580=ORIENTED_EDGE('',*,*,#908,.T.);
#581=ORIENTED_EDGE('',*,*,#905,.T.);
#582=ORIENTED_EDGE('',*,*,#912,.F.);
#583=ORIENTED_EDGE('',*,*,#821,.F.);
#584=ORIENTED_EDGE('',*,*,#904,.F.);
#585=ORIENTED_EDGE('',*,*,#907,.F.);
#586=ORIENTED_EDGE('',*,*,#910,.F.);
#587=ORIENTED_EDGE('',*,*,#913,.T.);
#588=ORIENTED_EDGE('',*,*,#914,.T.);
#589=ORIENTED_EDGE('',*,*,#856,.T.);
#590=ORIENTED_EDGE('',*,*,#915,.F.);
#591=ORIENTED_EDGE('',*,*,#916,.F.);
#592=ORIENTED_EDGE('',*,*,#917,.T.);
#593=ORIENTED_EDGE('',*,*,#916,.T.);
#594=ORIENTED_EDGE('',*,*,#918,.F.);
#595=ORIENTED_EDGE('',*,*,#919,.F.);
#596=ORIENTED_EDGE('',*,*,#920,.T.);
#597=ORIENTED_EDGE('',*,*,#919,.T.);
#598=ORIENTED_EDGE('',*,*,#921,.F.);
#599=ORIENTED_EDGE('',*,*,#833,.F.);
#600=ORIENTED_EDGE('',*,*,#922,.T.);
#601=ORIENTED_EDGE('',*,*,#923,.F.);
#602=ORIENTED_EDGE('',*,*,#812,.T.);
#603=ORIENTED_EDGE('',*,*,#921,.T.);
#604=ORIENTED_EDGE('',*,*,#918,.T.);
#605=ORIENTED_EDGE('',*,*,#915,.T.);
#606=ORIENTED_EDGE('',*,*,#922,.F.);
#607=ORIENTED_EDGE('',*,*,#817,.F.);
#608=ORIENTED_EDGE('',*,*,#914,.F.);
#609=ORIENTED_EDGE('',*,*,#917,.F.);
#610=ORIENTED_EDGE('',*,*,#920,.F.);
#611=ORIENTED_EDGE('',*,*,#923,.T.);
#612=ORIENTED_EDGE('',*,*,#924,.F.);
#613=ORIENTED_EDGE('',*,*,#925,.T.);
#614=ORIENTED_EDGE('',*,*,#926,.T.);
#615=ORIENTED_EDGE('',*,*,#927,.T.);
#616=ORIENTED_EDGE('',*,*,#928,.F.);
#617=ORIENTED_EDGE('',*,*,#929,.T.);
#618=ORIENTED_EDGE('',*,*,#930,.T.);
#619=ORIENTED_EDGE('',*,*,#931,.T.);
#620=ORIENTED_EDGE('',*,*,#932,.F.);
#621=ORIENTED_EDGE('',*,*,#933,.T.);
#622=ORIENTED_EDGE('',*,*,#934,.T.);
#623=ORIENTED_EDGE('',*,*,#935,.T.);
#624=ORIENTED_EDGE('',*,*,#936,.T.);
#625=ORIENTED_EDGE('',*,*,#937,.T.);
#626=ORIENTED_EDGE('',*,*,#938,.F.);
#627=ORIENTED_EDGE('',*,*,#939,.T.);
#628=ORIENTED_EDGE('',*,*,#928,.T.);
#629=ORIENTED_EDGE('',*,*,#940,.T.);
#630=ORIENTED_EDGE('',*,*,#924,.T.);
#631=ORIENTED_EDGE('',*,*,#941,.T.);
#632=ORIENTED_EDGE('',*,*,#938,.T.);
#633=ORIENTED_EDGE('',*,*,#942,.T.);
#634=ORIENTED_EDGE('',*,*,#932,.T.);
#635=ORIENTED_EDGE('',*,*,#943,.T.);
#636=ORIENTED_EDGE('',*,*,#944,.T.);
#637=ORIENTED_EDGE('',*,*,#945,.T.);
#638=ORIENTED_EDGE('',*,*,#946,.F.);
#639=ORIENTED_EDGE('',*,*,#947,.T.);
#640=ORIENTED_EDGE('',*,*,#948,.T.);
#641=ORIENTED_EDGE('',*,*,#949,.T.);
#642=ORIENTED_EDGE('',*,*,#950,.T.);
#643=ORIENTED_EDGE('',*,*,#951,.T.);
#644=ORIENTED_EDGE('',*,*,#936,.F.);
#645=ORIENTED_EDGE('',*,*,#952,.T.);
#646=ORIENTED_EDGE('',*,*,#926,.F.);
#647=ORIENTED_EDGE('',*,*,#953,.T.);
#648=ORIENTED_EDGE('',*,*,#930,.F.);
#649=ORIENTED_EDGE('',*,*,#954,.T.);
#650=ORIENTED_EDGE('',*,*,#934,.F.);
#651=ORIENTED_EDGE('',*,*,#955,.T.);
#652=ORIENTED_EDGE('',*,*,#956,.T.);
#653=ORIENTED_EDGE('',*,*,#957,.T.);
#654=ORIENTED_EDGE('',*,*,#958,.F.);
#655=ORIENTED_EDGE('',*,*,#959,.T.);
#656=ORIENTED_EDGE('',*,*,#960,.F.);
#657=ORIENTED_EDGE('',*,*,#961,.T.);
#658=ORIENTED_EDGE('',*,*,#962,.F.);
#659=ORIENTED_EDGE('',*,*,#963,.T.);
#660=ORIENTED_EDGE('',*,*,#946,.T.);
#661=ORIENTED_EDGE('',*,*,#964,.T.);
#662=ORIENTED_EDGE('',*,*,#956,.F.);
#663=ORIENTED_EDGE('',*,*,#965,.T.);
#664=ORIENTED_EDGE('',*,*,#950,.F.);
#665=ORIENTED_EDGE('',*,*,#966,.T.);
#666=ORIENTED_EDGE('',*,*,#960,.T.);
#667=ORIENTED_EDGE('',*,*,#967,.T.);
#668=ORIENTED_EDGE('',*,*,#948,.F.);
#669=ORIENTED_EDGE('',*,*,#968,.T.);
#670=ORIENTED_EDGE('',*,*,#962,.T.);
#671=ORIENTED_EDGE('',*,*,#969,.T.);
#672=ORIENTED_EDGE('',*,*,#958,.T.);
#673=ORIENTED_EDGE('',*,*,#970,.T.);
#674=ORIENTED_EDGE('',*,*,#944,.F.);
#675=ORIENTED_EDGE('',*,*,#971,.T.);
#676=ORIENTED_EDGE('',*,*,#942,.F.);
#677=ORIENTED_EDGE('',*,*,#937,.F.);
#678=ORIENTED_EDGE('',*,*,#955,.F.);
#679=ORIENTED_EDGE('',*,*,#933,.F.);
#680=ORIENTED_EDGE('',*,*,#943,.F.);
#681=ORIENTED_EDGE('',*,*,#935,.F.);
#682=ORIENTED_EDGE('',*,*,#954,.F.);
#683=ORIENTED_EDGE('',*,*,#929,.F.);
#684=ORIENTED_EDGE('',*,*,#940,.F.);
#685=ORIENTED_EDGE('',*,*,#931,.F.);
#686=ORIENTED_EDGE('',*,*,#953,.F.);
#687=ORIENTED_EDGE('',*,*,#925,.F.);
#688=ORIENTED_EDGE('',*,*,#941,.F.);
#689=ORIENTED_EDGE('',*,*,#927,.F.);
#690=ORIENTED_EDGE('',*,*,#952,.F.);
#691=ORIENTED_EDGE('',*,*,#939,.F.);
#692=ORIENTED_EDGE('',*,*,#945,.F.);
#693=ORIENTED_EDGE('',*,*,#970,.F.);
#694=ORIENTED_EDGE('',*,*,#957,.F.);
#695=ORIENTED_EDGE('',*,*,#964,.F.);
#696=ORIENTED_EDGE('',*,*,#947,.F.);
#697=ORIENTED_EDGE('',*,*,#965,.F.);
#698=ORIENTED_EDGE('',*,*,#963,.F.);
#699=ORIENTED_EDGE('',*,*,#968,.F.);
#700=ORIENTED_EDGE('',*,*,#949,.F.);
#701=ORIENTED_EDGE('',*,*,#969,.F.);
#702=ORIENTED_EDGE('',*,*,#961,.F.);
#703=ORIENTED_EDGE('',*,*,#966,.F.);
#704=ORIENTED_EDGE('',*,*,#951,.F.);
#705=ORIENTED_EDGE('',*,*,#967,.F.);
#706=ORIENTED_EDGE('',*,*,#959,.F.);
#707=ORIENTED_EDGE('',*,*,#971,.F.);
#708=VERTEX_POINT('',#1577);
#709=VERTEX_POINT('',#1578);
#710=VERTEX_POINT('',#1580);
#711=VERTEX_POINT('',#1582);
#712=VERTEX_POINT('',#1586);
#713=VERTEX_POINT('',#1587);
#714=VERTEX_POINT('',#1589);
#715=VERTEX_POINT('',#1591);
#716=VERTEX_POINT('',#1595);
#717=VERTEX_POINT('',#1596);
#718=VERTEX_POINT('',#1598);
#719=VERTEX_POINT('',#1600);
#720=VERTEX_POINT('',#1604);
#721=VERTEX_POINT('',#1605);
#722=VERTEX_POINT('',#1624);
#723=VERTEX_POINT('',#1626);
#724=VERTEX_POINT('',#1643);
#725=VERTEX_POINT('',#1645);
#726=VERTEX_POINT('',#1647);
#727=VERTEX_POINT('',#1649);
#728=VERTEX_POINT('',#1671);
#729=VERTEX_POINT('',#1673);
#730=VERTEX_POINT('',#1691);
#731=VERTEX_POINT('',#1692);
#732=VERTEX_POINT('',#1694);
#733=VERTEX_POINT('',#1696);
#734=VERTEX_POINT('',#1699);
#735=VERTEX_POINT('',#1700);
#736=VERTEX_POINT('',#1702);
#737=VERTEX_POINT('',#1704);
#738=VERTEX_POINT('',#1708);
#739=VERTEX_POINT('',#1709);
#740=VERTEX_POINT('',#1714);
#741=VERTEX_POINT('',#1715);
#742=VERTEX_POINT('',#1720);
#743=VERTEX_POINT('',#1721);
#744=VERTEX_POINT('',#1756);
#745=VERTEX_POINT('',#1758);
#746=VERTEX_POINT('',#1779);
#747=VERTEX_POINT('',#1781);
#748=VERTEX_POINT('',#1815);
#749=VERTEX_POINT('',#1817);
#750=VERTEX_POINT('',#1821);
#751=VERTEX_POINT('',#1823);
#752=VERTEX_POINT('',#1830);
#753=VERTEX_POINT('',#1832);
#754=VERTEX_POINT('',#1837);
#755=VERTEX_POINT('',#1838);
#756=VERTEX_POINT('',#1841);
#757=VERTEX_POINT('',#1843);
#758=VERTEX_POINT('',#1848);
#759=VERTEX_POINT('',#1850);
#760=VERTEX_POINT('',#1854);
#761=VERTEX_POINT('',#1856);
#762=VERTEX_POINT('',#1869);
#763=VERTEX_POINT('',#1871);
#764=VERTEX_POINT('',#1875);
#765=VERTEX_POINT('',#1877);
#766=VERTEX_POINT('',#1884);
#767=VERTEX_POINT('',#1886);
#768=VERTEX_POINT('',#1891);
#769=VERTEX_POINT('',#1893);
#770=VERTEX_POINT('',#1897);
#771=VERTEX_POINT('',#1899);
#772=VERTEX_POINT('',#1906);
#773=VERTEX_POINT('',#1908);
#774=VERTEX_POINT('',#1913);
#775=VERTEX_POINT('',#1915);
#776=VERTEX_POINT('',#1919);
#777=VERTEX_POINT('',#1921);
#778=VERTEX_POINT('',#1928);
#779=VERTEX_POINT('',#1930);
#780=VERTEX_POINT('',#1935);
#781=VERTEX_POINT('',#1936);
#782=VERTEX_POINT('',#1938);
#783=VERTEX_POINT('',#1940);
#784=VERTEX_POINT('',#1944);
#785=VERTEX_POINT('',#1945);
#786=VERTEX_POINT('',#1947);
#787=VERTEX_POINT('',#1949);
#788=VERTEX_POINT('',#1953);
#789=VERTEX_POINT('',#1954);
#790=VERTEX_POINT('',#1956);
#791=VERTEX_POINT('',#1958);
#792=VERTEX_POINT('',#1962);
#793=VERTEX_POINT('',#1963);
#794=VERTEX_POINT('',#1965);
#795=VERTEX_POINT('',#1967);
#796=VERTEX_POINT('',#2027);
#797=VERTEX_POINT('',#2028);
#798=VERTEX_POINT('',#2047);
#799=VERTEX_POINT('',#2049);
#800=VERTEX_POINT('',#2066);
#801=VERTEX_POINT('',#2068);
#802=VERTEX_POINT('',#2087);
#803=VERTEX_POINT('',#2089);
#804=VERTEX_POINT('',#2164);
#805=VERTEX_POINT('',#2165);
#806=VERTEX_POINT('',#2182);
#807=VERTEX_POINT('',#2184);
#808=VERTEX_POINT('',#2201);
#809=VERTEX_POINT('',#2203);
#810=VERTEX_POINT('',#2220);
#811=VERTEX_POINT('',#2222);
#812=EDGE_CURVE('',#708,#709,#972,.T.);
#813=EDGE_CURVE('',#708,#710,#973,.T.);
#814=EDGE_CURVE('',#710,#711,#974,.T.);
#815=EDGE_CURVE('',#709,#711,#975,.T.);
#816=EDGE_CURVE('',#712,#713,#976,.T.);
#817=EDGE_CURVE('',#713,#714,#977,.T.);
#818=EDGE_CURVE('',#715,#714,#978,.T.);
#819=EDGE_CURVE('',#712,#715,#979,.T.);
#820=EDGE_CURVE('',#716,#717,#980,.T.);
#821=EDGE_CURVE('',#717,#718,#981,.T.);
#822=EDGE_CURVE('',#719,#718,#982,.T.);
#823=EDGE_CURVE('',#716,#719,#983,.T.);
#824=EDGE_CURVE('',#720,#721,#984,.T.);
#825=EDGE_CURVE('',#721,#722,#131,.T.);
#826=EDGE_CURVE('',#723,#722,#99,.T.);
#827=EDGE_CURVE('',#723,#724,#132,.T.);
#828=EDGE_CURVE('',#724,#725,#985,.T.);
#829=EDGE_CURVE('',#725,#726,#986,.T.);
#830=EDGE_CURVE('',#726,#727,#987,.T.);
#831=EDGE_CURVE('',#727,#719,#988,.T.);
#832=EDGE_CURVE('',#718,#715,#989,.T.);
#833=EDGE_CURVE('',#714,#709,#990,.T.);
#834=EDGE_CURVE('',#711,#728,#133,.T.);
#835=EDGE_CURVE('',#728,#729,#100,.T.);
#836=EDGE_CURVE('',#729,#720,#134,.T.);
#837=EDGE_CURVE('',#730,#731,#991,.T.);
#838=EDGE_CURVE('',#730,#732,#101,.T.);
#839=EDGE_CURVE('',#732,#733,#992,.T.);
#840=EDGE_CURVE('',#733,#731,#102,.T.);
#841=EDGE_CURVE('',#734,#735,#103,.T.);
#842=EDGE_CURVE('',#736,#734,#993,.T.);
#843=EDGE_CURVE('',#737,#736,#104,.T.);
#844=EDGE_CURVE('',#737,#735,#994,.T.);
#845=EDGE_CURVE('',#738,#739,#995,.T.);
#846=EDGE_CURVE('',#739,#727,#996,.T.);
#847=EDGE_CURVE('',#738,#726,#997,.T.);
#848=EDGE_CURVE('',#740,#741,#998,.T.);
#849=EDGE_CURVE('',#741,#721,#999,.T.);
#850=EDGE_CURVE('',#720,#740,#1000,.T.);
#851=EDGE_CURVE('',#742,#743,#105,.T.);
#852=EDGE_CURVE('',#743,#741,#135,.T.);
#853=EDGE_CURVE('',#740,#744,#136,.T.);
#854=EDGE_CURVE('',#745,#744,#106,.T.);
#855=EDGE_CURVE('',#745,#710,#137,.T.);
#856=EDGE_CURVE('',#713,#708,#1001,.T.);
#857=EDGE_CURVE('',#717,#712,#1002,.T.);
#858=EDGE_CURVE('',#739,#716,#1003,.T.);
#859=EDGE_CURVE('',#746,#738,#1004,.T.);
#860=EDGE_CURVE('',#747,#746,#1005,.T.);
#861=EDGE_CURVE('',#747,#742,#138,.T.);
#862=EDGE_CURVE('',#722,#743,#1006,.T.);
#863=EDGE_CURVE('',#742,#723,#1007,.T.);
#864=EDGE_CURVE('',#728,#745,#1008,.T.);
#865=EDGE_CURVE('',#744,#729,#1009,.T.);
#866=EDGE_CURVE('',#746,#725,#1010,.T.);
#867=EDGE_CURVE('',#724,#747,#1011,.T.);
#868=EDGE_CURVE('',#748,#746,#1012,.T.);
#869=EDGE_CURVE('',#749,#738,#1013,.T.);
#870=EDGE_CURVE('',#748,#749,#1014,.T.);
#871=EDGE_CURVE('',#750,#748,#107,.T.);
#872=EDGE_CURVE('',#751,#749,#108,.T.);
#873=EDGE_CURVE('',#750,#751,#1015,.T.);
#874=EDGE_CURVE('',#725,#750,#1016,.T.);
#875=EDGE_CURVE('',#726,#751,#1017,.T.);
#876=EDGE_CURVE('',#752,#752,#109,.T.);
#877=EDGE_CURVE('',#753,#753,#110,.T.);
#878=EDGE_CURVE('',#754,#755,#1018,.T.);
#879=EDGE_CURVE('',#755,#736,#1019,.T.);
#880=EDGE_CURVE('',#734,#756,#1020,.T.);
#881=EDGE_CURVE('',#756,#757,#1021,.T.);
#882=EDGE_CURVE('',#730,#757,#1022,.T.);
#883=EDGE_CURVE('',#754,#731,#1023,.T.);
#884=EDGE_CURVE('',#756,#758,#1024,.T.);
#885=EDGE_CURVE('',#758,#759,#1025,.T.);
#886=EDGE_CURVE('',#757,#759,#1026,.T.);
#887=EDGE_CURVE('',#737,#760,#1027,.T.);
#888=EDGE_CURVE('',#761,#760,#1028,.T.);
#889=EDGE_CURVE('',#733,#761,#1029,.T.);
#890=EDGE_CURVE('',#759,#732,#1030,.T.);
#891=EDGE_CURVE('',#758,#735,#1031,.T.);
#892=EDGE_CURVE('',#755,#760,#1032,.T.);
#893=EDGE_CURVE('',#754,#761,#1033,.T.);
#894=EDGE_CURVE('',#762,#739,#1034,.T.);
#895=EDGE_CURVE('',#763,#716,#1035,.T.);
#896=EDGE_CURVE('',#762,#763,#1036,.T.);
#897=EDGE_CURVE('',#764,#762,#111,.T.);
#898=EDGE_CURVE('',#765,#763,#112,.T.);
#899=EDGE_CURVE('',#764,#765,#1037,.T.);
#900=EDGE_CURVE('',#727,#764,#1038,.T.);
#901=EDGE_CURVE('',#719,#765,#1039,.T.);
#902=EDGE_CURVE('',#766,#766,#113,.T.);
#903=EDGE_CURVE('',#767,#767,#114,.T.);
#904=EDGE_CURVE('',#768,#717,#1040,.T.);
#905=EDGE_CURVE('',#769,#712,#1041,.T.);
#906=EDGE_CURVE('',#768,#769,#1042,.T.);
#907=EDGE_CURVE('',#770,#768,#115,.T.);
#908=EDGE_CURVE('',#771,#769,#116,.T.);
#909=EDGE_CURVE('',#770,#771,#1043,.T.);
#910=EDGE_CURVE('',#718,#770,#1044,.T.);
#911=EDGE_CURVE('',#715,#771,#1045,.T.);
#912=EDGE_CURVE('',#772,#772,#117,.T.);
#913=EDGE_CURVE('',#773,#773,#118,.T.);
#914=EDGE_CURVE('',#774,#713,#1046,.T.);
#915=EDGE_CURVE('',#775,#708,#1047,.T.);
#916=EDGE_CURVE('',#774,#775,#1048,.T.);
#917=EDGE_CURVE('',#776,#774,#119,.T.);
#918=EDGE_CURVE('',#777,#775,#120,.T.);
#919=EDGE_CURVE('',#776,#777,#1049,.T.);
#920=EDGE_CURVE('',#714,#776,#1050,.T.);
#921=EDGE_CURVE('',#709,#777,#1051,.T.);
#922=EDGE_CURVE('',#778,#778,#121,.T.);
#923=EDGE_CURVE('',#779,#779,#122,.T.);
#924=EDGE_CURVE('',#780,#781,#123,.T.);
#925=EDGE_CURVE('',#780,#782,#1052,.T.);
#926=EDGE_CURVE('',#782,#783,#124,.T.);
#927=EDGE_CURVE('',#783,#781,#1053,.T.);
#928=EDGE_CURVE('',#784,#785,#1054,.T.);
#929=EDGE_CURVE('',#784,#786,#1055,.T.);
#930=EDGE_CURVE('',#786,#787,#1056,.T.);
#931=EDGE_CURVE('',#787,#785,#1057,.T.);
#932=EDGE_CURVE('',#788,#789,#125,.T.);
#933=EDGE_CURVE('',#788,#790,#1058,.T.);
#934=EDGE_CURVE('',#790,#791,#126,.T.);
#935=EDGE_CURVE('',#791,#789,#1059,.T.);
#936=EDGE_CURVE('',#792,#793,#1060,.T.);
#937=EDGE_CURVE('',#793,#794,#1061,.T.);
#938=EDGE_CURVE('',#795,#794,#1062,.T.);
#939=EDGE_CURVE('',#795,#792,#1063,.T.);
#940=EDGE_CURVE('',#785,#780,#139,.T.);
#941=EDGE_CURVE('',#781,#795,#140,.T.);
#942=EDGE_CURVE('',#794,#788,#141,.T.);
#943=EDGE_CURVE('',#789,#784,#142,.T.);
#944=EDGE_CURVE('',#796,#797,#1064,.T.);
#945=EDGE_CURVE('',#797,#798,#143,.T.);
#946=EDGE_CURVE('',#799,#798,#127,.T.);
#947=EDGE_CURVE('',#799,#800,#144,.T.);
#948=EDGE_CURVE('',#800,#801,#1065,.T.);
#949=EDGE_CURVE('',#801,#802,#145,.T.);
#950=EDGE_CURVE('',#802,#803,#128,.T.);
#951=EDGE_CURVE('',#803,#796,#146,.T.);
#952=EDGE_CURVE('',#792,#783,#147,.T.);
#953=EDGE_CURVE('',#782,#787,#148,.T.);
#954=EDGE_CURVE('',#786,#791,#149,.T.);
#955=EDGE_CURVE('',#790,#793,#150,.T.);
#956=EDGE_CURVE('',#804,#805,#129,.T.);
#957=EDGE_CURVE('',#805,#806,#151,.T.);
#958=EDGE_CURVE('',#807,#806,#1066,.T.);
#959=EDGE_CURVE('',#807,#808,#152,.T.);
#960=EDGE_CURVE('',#809,#808,#130,.T.);
#961=EDGE_CURVE('',#809,#810,#153,.T.);
#962=EDGE_CURVE('',#811,#810,#1067,.T.);
#963=EDGE_CURVE('',#811,#804,#154,.T.);
#964=EDGE_CURVE('',#798,#805,#1068,.T.);
#965=EDGE_CURVE('',#804,#799,#1069,.T.);
#966=EDGE_CURVE('',#802,#809,#1070,.T.);
#967=EDGE_CURVE('',#808,#803,#1071,.T.);
#968=EDGE_CURVE('',#800,#811,#1072,.T.);
#969=EDGE_CURVE('',#810,#801,#1073,.T.);
#970=EDGE_CURVE('',#806,#797,#1074,.T.);
#971=EDGE_CURVE('',#796,#807,#1075,.T.);
#972=LINE('',#1576,#1076);
#973=LINE('',#1579,#1077);
#974=LINE('',#1581,#1078);
#975=LINE('',#1583,#1079);
#976=LINE('',#1585,#1080);
#977=LINE('',#1588,#1081);
#978=LINE('',#1590,#1082);
#979=LINE('',#1592,#1083);
#980=LINE('',#1594,#1084);
#981=LINE('',#1597,#1085);
#982=LINE('',#1599,#1086);
#983=LINE('',#1601,#1087);
#984=LINE('',#1603,#1088);
#985=LINE('',#1644,#1089);
#986=LINE('',#1646,#1090);
#987=LINE('',#1648,#1091);
#988=LINE('',#1650,#1092);
#989=LINE('',#1651,#1093);
#990=LINE('',#1652,#1094);
#991=LINE('',#1690,#1095);
#992=LINE('',#1695,#1096);
#993=LINE('',#1701,#1097);
#994=LINE('',#1705,#1098);
#995=LINE('',#1707,#1099);
#996=LINE('',#1710,#1100);
#997=LINE('',#1711,#1101);
#998=LINE('',#1713,#1102);
#999=LINE('',#1716,#1103);
#1000=LINE('',#1717,#1104);
#1001=LINE('',#1775,#1105);
#1002=LINE('',#1776,#1106);
#1003=LINE('',#1777,#1107);
#1004=LINE('',#1778,#1108);
#1005=LINE('',#1780,#1109);
#1006=LINE('',#1801,#1110);
#1007=LINE('',#1802,#1111);
#1008=LINE('',#1804,#1112);
#1009=LINE('',#1805,#1113);
#1010=LINE('',#1807,#1114);
#1011=LINE('',#1808,#1115);
#1012=LINE('',#1814,#1116);
#1013=LINE('',#1816,#1117);
#1014=LINE('',#1818,#1118);
#1015=LINE('',#1824,#1119);
#1016=LINE('',#1826,#1120);
#1017=LINE('',#1827,#1121);
#1018=LINE('',#1836,#1122);
#1019=LINE('',#1839,#1123);
#1020=LINE('',#1840,#1124);
#1021=LINE('',#1842,#1125);
#1022=LINE('',#1844,#1126);
#1023=LINE('',#1845,#1127);
#1024=LINE('',#1847,#1128);
#1025=LINE('',#1849,#1129);
#1026=LINE('',#1851,#1130);
#1027=LINE('',#1853,#1131);
#1028=LINE('',#1855,#1132);
#1029=LINE('',#1857,#1133);
#1030=LINE('',#1858,#1134);
#1031=LINE('',#1859,#1135);
#1032=LINE('',#1863,#1136);
#1033=LINE('',#1864,#1137);
#1034=LINE('',#1868,#1138);
#1035=LINE('',#1870,#1139);
#1036=LINE('',#1872,#1140);
#1037=LINE('',#1878,#1141);
#1038=LINE('',#1880,#1142);
#1039=LINE('',#1881,#1143);
#1040=LINE('',#1890,#1144);
#1041=LINE('',#1892,#1145);
#1042=LINE('',#1894,#1146);
#1043=LINE('',#1900,#1147);
#1044=LINE('',#1902,#1148);
#1045=LINE('',#1903,#1149);
#1046=LINE('',#1912,#1150);
#1047=LINE('',#1914,#1151);
#1048=LINE('',#1916,#1152);
#1049=LINE('',#1922,#1153);
#1050=LINE('',#1924,#1154);
#1051=LINE('',#1925,#1155);
#1052=LINE('',#1937,#1156);
#1053=LINE('',#1941,#1157);
#1054=LINE('',#1943,#1158);
#1055=LINE('',#1946,#1159);
#1056=LINE('',#1948,#1160);
#1057=LINE('',#1950,#1161);
#1058=LINE('',#1955,#1162);
#1059=LINE('',#1959,#1163);
#1060=LINE('',#1961,#1164);
#1061=LINE('',#1964,#1165);
#1062=LINE('',#1966,#1166);
#1063=LINE('',#1968,#1167);
#1064=LINE('',#2026,#1168);
#1065=LINE('',#2067,#1169);
#1066=LINE('',#2183,#1170);
#1067=LINE('',#2221,#1171);
#1068=LINE('',#2240,#1172);
#1069=LINE('',#2241,#1173);
#1070=LINE('',#2243,#1174);
#1071=LINE('',#2244,#1175);
#1072=LINE('',#2246,#1176);
#1073=LINE('',#2247,#1177);
#1074=LINE('',#2249,#1178);
#1075=LINE('',#2250,#1179);
#1076=VECTOR('',#1279,1.);
#1077=VECTOR('',#1280,1.);
#1078=VECTOR('',#1281,1.);
#1079=VECTOR('',#1282,1.);
#1080=VECTOR('',#1285,1.);
#1081=VECTOR('',#1286,1.);
#1082=VECTOR('',#1287,1.);
#1083=VECTOR('',#1288,1.);
#1084=VECTOR('',#1291,1.);
#1085=VECTOR('',#1292,1.);
#1086=VECTOR('',#1293,1.);
#1087=VECTOR('',#1294,1.);
#1088=VECTOR('',#1297,1.);
#1089=VECTOR('',#1300,1.);
#1090=VECTOR('',#1301,1.);
#1091=VECTOR('',#1302,1.);
#1092=VECTOR('',#1303,1.);
#1093=VECTOR('',#1304,1.);
#1094=VECTOR('',#1305,1.);
#1095=VECTOR('',#1308,1.);
#1096=VECTOR('',#1311,1.);
#1097=VECTOR('',#1316,1.);
#1098=VECTOR('',#1319,1.);
#1099=VECTOR('',#1322,1.);
#1100=VECTOR('',#1323,1.);
#1101=VECTOR('',#1324,1.);
#1102=VECTOR('',#1327,1.);
#1103=VECTOR('',#1328,1.);
#1104=VECTOR('',#1329,1.);
#1105=VECTOR('',#1336,1.);
#1106=VECTOR('',#1337,1.);
#1107=VECTOR('',#1338,1.);
#1108=VECTOR('',#1339,1.);
#1109=VECTOR('',#1340,1.);
#1110=VECTOR('',#1343,1.);
#1111=VECTOR('',#1344,1.);
#1112=VECTOR('',#1347,1.);
#1113=VECTOR('',#1348,1.);
#1114=VECTOR('',#1351,1.);
#1115=VECTOR('',#1352,1.);
#1116=VECTOR('',#1363,1.);
#1117=VECTOR('',#1364,1.);
#1118=VECTOR('',#1365,1.);
#1119=VECTOR('',#1372,1.);
#1120=VECTOR('',#1375,1.);
#1121=VECTOR('',#1376,1.);
#1122=VECTOR('',#1389,1.);
#1123=VECTOR('',#1390,1.);
#1124=VECTOR('',#1391,1.);
#1125=VECTOR('',#1392,1.);
#1126=VECTOR('',#1393,1.);
#1127=VECTOR('',#1394,1.);
#1128=VECTOR('',#1397,1.);
#1129=VECTOR('',#1398,1.);
#1130=VECTOR('',#1399,1.);
#1131=VECTOR('',#1402,1.);
#1132=VECTOR('',#1403,1.);
#1133=VECTOR('',#1404,1.);
#1134=VECTOR('',#1405,1.);
#1135=VECTOR('',#1406,1.);
#1136=VECTOR('',#1413,1.);
#1137=VECTOR('',#1414,1.);
#1138=VECTOR('',#1421,1.);
#1139=VECTOR('',#1422,1.);
#1140=VECTOR('',#1423,1.);
#1141=VECTOR('',#1430,1.);
#1142=VECTOR('',#1433,1.);
#1143=VECTOR('',#1434,1.);
#1144=VECTOR('',#1447,1.);
#1145=VECTOR('',#1448,1.);
#1146=VECTOR('',#1449,1.);
#1147=VECTOR('',#1456,1.);
#1148=VECTOR('',#1459,1.);
#1149=VECTOR('',#1460,1.);
#1150=VECTOR('',#1473,1.);
#1151=VECTOR('',#1474,1.);
#1152=VECTOR('',#1475,1.);
#1153=VECTOR('',#1482,1.);
#1154=VECTOR('',#1485,1.);
#1155=VECTOR('',#1486,1.);
#1156=VECTOR('',#1501,1.);
#1157=VECTOR('',#1504,1.);
#1158=VECTOR('',#1507,1.);
#1159=VECTOR('',#1508,1.);
#1160=VECTOR('',#1509,1.);
#1161=VECTOR('',#1510,1.);
#1162=VECTOR('',#1515,1.);
#1163=VECTOR('',#1518,1.);
#1164=VECTOR('',#1521,1.);
#1165=VECTOR('',#1522,1.);
#1166=VECTOR('',#1523,1.);
#1167=VECTOR('',#1524,1.);
#1168=VECTOR('',#1527,1.);
#1169=VECTOR('',#1530,1.);
#1170=VECTOR('',#1537,1.);
#1171=VECTOR('',#1540,1.);
#1172=VECTOR('',#1543,1.);
#1173=VECTOR('',#1544,1.);
#1174=VECTOR('',#1547,1.);
#1175=VECTOR('',#1548,1.);
#1176=VECTOR('',#1551,1.);
#1177=VECTOR('',#1552,1.);
#1178=VECTOR('',#1555,1.);
#1179=VECTOR('',#1556,1.);
#1180=AXIS2_PLACEMENT_3D('',#1575,#1277,#1278);
#1181=AXIS2_PLACEMENT_3D('',#1584,#1283,#1284);
#1182=AXIS2_PLACEMENT_3D('',#1593,#1289,#1290);
#1183=AXIS2_PLACEMENT_3D('',#1602,#1295,#1296);
#1184=AXIS2_PLACEMENT_3D('',#1625,#1298,#1299);
#1185=AXIS2_PLACEMENT_3D('',#1672,#1306,#1307);
#1186=AXIS2_PLACEMENT_3D('',#1693,#1309,#1310);
#1187=AXIS2_PLACEMENT_3D('',#1697,#1312,#1313);
#1188=AXIS2_PLACEMENT_3D('',#1698,#1314,#1315);
#1189=AXIS2_PLACEMENT_3D('',#1703,#1317,#1318);
#1190=AXIS2_PLACEMENT_3D('',#1706,#1320,#1321);
#1191=AXIS2_PLACEMENT_3D('',#1712,#1325,#1326);
#1192=AXIS2_PLACEMENT_3D('',#1718,#1330,#1331);
#1193=AXIS2_PLACEMENT_3D('',#1719,#1332,#1333);
#1194=AXIS2_PLACEMENT_3D('',#1757,#1334,#1335);
#1195=AXIS2_PLACEMENT_3D('',#1800,#1341,#1342);
#1196=AXIS2_PLACEMENT_3D('',#1803,#1345,#1346);
#1197=AXIS2_PLACEMENT_3D('',#1806,#1349,#1350);
#1198=AXIS2_PLACEMENT_3D('',#1809,#1353,#1354);
#1199=AXIS2_PLACEMENT_3D('',#1810,#1355,#1356);
#1200=AXIS2_PLACEMENT_3D('',#1811,#1357,#1358);
#1201=AXIS2_PLACEMENT_3D('',#1812,#1359,#1360);
#1202=AXIS2_PLACEMENT_3D('',#1813,#1361,#1362);
#1203=AXIS2_PLACEMENT_3D('',#1819,#1366,#1367);
#1204=AXIS2_PLACEMENT_3D('',#1820,#1368,#1369);
#1205=AXIS2_PLACEMENT_3D('',#1822,#1370,#1371);
#1206=AXIS2_PLACEMENT_3D('',#1825,#1373,#1374);
#1207=AXIS2_PLACEMENT_3D('',#1828,#1377,#1378);
#1208=AXIS2_PLACEMENT_3D('',#1829,#1379,#1380);
#1209=AXIS2_PLACEMENT_3D('',#1831,#1381,#1382);
#1210=AXIS2_PLACEMENT_3D('',#1833,#1383,#1384);
#1211=AXIS2_PLACEMENT_3D('',#1834,#1385,#1386);
#1212=AXIS2_PLACEMENT_3D('',#1835,#1387,#1388);
#1213=AXIS2_PLACEMENT_3D('',#1846,#1395,#1396);
#1214=AXIS2_PLACEMENT_3D('',#1852,#1400,#1401);
#1215=AXIS2_PLACEMENT_3D('',#1860,#1407,#1408);
#1216=AXIS2_PLACEMENT_3D('',#1861,#1409,#1410);
#1217=AXIS2_PLACEMENT_3D('',#1862,#1411,#1412);
#1218=AXIS2_PLACEMENT_3D('',#1865,#1415,#1416);
#1219=AXIS2_PLACEMENT_3D('',#1866,#1417,#1418);
#1220=AXIS2_PLACEMENT_3D('',#1867,#1419,#1420);
#1221=AXIS2_PLACEMENT_3D('',#1873,#1424,#1425);
#1222=AXIS2_PLACEMENT_3D('',#1874,#1426,#1427);
#1223=AXIS2_PLACEMENT_3D('',#1876,#1428,#1429);
#1224=AXIS2_PLACEMENT_3D('',#1879,#1431,#1432);
#1225=AXIS2_PLACEMENT_3D('',#1882,#1435,#1436);
#1226=AXIS2_PLACEMENT_3D('',#1883,#1437,#1438);
#1227=AXIS2_PLACEMENT_3D('',#1885,#1439,#1440);
#1228=AXIS2_PLACEMENT_3D('',#1887,#1441,#1442);
#1229=AXIS2_PLACEMENT_3D('',#1888,#1443,#1444);
#1230=AXIS2_PLACEMENT_3D('',#1889,#1445,#1446);
#1231=AXIS2_PLACEMENT_3D('',#1895,#1450,#1451);
#1232=AXIS2_PLACEMENT_3D('',#1896,#1452,#1453);
#1233=AXIS2_PLACEMENT_3D('',#1898,#1454,#1455);
#1234=AXIS2_PLACEMENT_3D('',#1901,#1457,#1458);
#1235=AXIS2_PLACEMENT_3D('',#1904,#1461,#1462);
#1236=AXIS2_PLACEMENT_3D('',#1905,#1463,#1464);
#1237=AXIS2_PLACEMENT_3D('',#1907,#1465,#1466);
#1238=AXIS2_PLACEMENT_3D('',#1909,#1467,#1468);
#1239=AXIS2_PLACEMENT_3D('',#1910,#1469,#1470);
#1240=AXIS2_PLACEMENT_3D('',#1911,#1471,#1472);
#1241=AXIS2_PLACEMENT_3D('',#1917,#1476,#1477);
#1242=AXIS2_PLACEMENT_3D('',#1918,#1478,#1479);
#1243=AXIS2_PLACEMENT_3D('',#1920,#1480,#1481);
#1244=AXIS2_PLACEMENT_3D('',#1923,#1483,#1484);
#1245=AXIS2_PLACEMENT_3D('',#1926,#1487,#1488);
#1246=AXIS2_PLACEMENT_3D('',#1927,#1489,#1490);
#1247=AXIS2_PLACEMENT_3D('',#1929,#1491,#1492);
#1248=AXIS2_PLACEMENT_3D('',#1931,#1493,#1494);
#1249=AXIS2_PLACEMENT_3D('',#1932,#1495,#1496);
#1250=AXIS2_PLACEMENT_3D('',#1933,#1497,#1498);
#1251=AXIS2_PLACEMENT_3D('',#1934,#1499,#1500);
#1252=AXIS2_PLACEMENT_3D('',#1939,#1502,#1503);
#1253=AXIS2_PLACEMENT_3D('',#1942,#1505,#1506);
#1254=AXIS2_PLACEMENT_3D('',#1951,#1511,#1512);
#1255=AXIS2_PLACEMENT_3D('',#1952,#1513,#1514);
#1256=AXIS2_PLACEMENT_3D('',#1957,#1516,#1517);
#1257=AXIS2_PLACEMENT_3D('',#1960,#1519,#1520);
#1258=AXIS2_PLACEMENT_3D('',#1969,#1525,#1526);
#1259=AXIS2_PLACEMENT_3D('',#2048,#1528,#1529);
#1260=AXIS2_PLACEMENT_3D('',#2088,#1531,#1532);
#1261=AXIS2_PLACEMENT_3D('',#2106,#1533,#1534);
#1262=AXIS2_PLACEMENT_3D('',#2163,#1535,#1536);
#1263=AXIS2_PLACEMENT_3D('',#2202,#1538,#1539);
#1264=AXIS2_PLACEMENT_3D('',#2239,#1541,#1542);
#1265=AXIS2_PLACEMENT_3D('',#2242,#1545,#1546);
#1266=AXIS2_PLACEMENT_3D('',#2245,#1549,#1550);
#1267=AXIS2_PLACEMENT_3D('',#2248,#1553,#1554);
#1268=AXIS2_PLACEMENT_3D('',#2251,#1557,#1558);
#1269=AXIS2_PLACEMENT_3D('',#2252,#1559,#1560);
#1270=AXIS2_PLACEMENT_3D('',#2253,#1561,#1562);
#1271=AXIS2_PLACEMENT_3D('',#2254,#1563,#1564);
#1272=AXIS2_PLACEMENT_3D('',#2255,#1565,#1566);
#1273=AXIS2_PLACEMENT_3D('',#2256,#1567,#1568);
#1274=AXIS2_PLACEMENT_3D('',#2257,#1569,#1570);
#1275=AXIS2_PLACEMENT_3D('',#2258,#1571,#1572);
#1276=AXIS2_PLACEMENT_3D('',#2259,#1573,#1574);
#1277=DIRECTION('',(0.,0.,1.));
#1278=DIRECTION('',(1.,0.,0.));
#1279=DIRECTION('',(0.,0.,1.));
#1280=DIRECTION('',(0.,1.,0.));
#1281=DIRECTION('',(0.,0.,1.));
#1282=DIRECTION('',(0.,1.,0.));
#1283=DIRECTION('',(-1.,0.,0.));
#1284=DIRECTION('',(0.,0.,1.));
#1285=DIRECTION('',(0.,1.,0.));
#1286=DIRECTION('',(0.,0.,1.));
#1287=DIRECTION('',(0.,1.,0.));
#1288=DIRECTION('',(0.,0.,1.));
#1289=DIRECTION('',(-1.,0.,0.));
#1290=DIRECTION('',(0.,0.,1.));
#1291=DIRECTION('',(0.,1.,0.));
#1292=DIRECTION('',(0.,0.,1.));
#1293=DIRECTION('',(0.,1.,0.));
#1294=DIRECTION('',(0.,0.,1.));
#1295=DIRECTION('',(-1.,0.,0.));
#1296=DIRECTION('',(0.,0.,1.));
#1297=DIRECTION('',(0.,-1.,0.));
#1298=DIRECTION('',(0.,-1.,0.));
#1299=DIRECTION('',(1.,0.,-6.12323399573677E-17));
#1300=DIRECTION('',(0.,1.,0.));
#1301=DIRECTION('',(0.,1.,0.));
#1302=DIRECTION('',(0.,1.,0.));
#1303=DIRECTION('',(0.,1.,0.));
#1304=DIRECTION('',(0.,1.,0.));
#1305=DIRECTION('',(0.,1.,0.));
#1306=DIRECTION('',(0.,-1.,0.));
#1307=DIRECTION('',(1.,0.,-6.12323399573677E-17));
#1308=DIRECTION('',(0.,1.,0.));
#1309=DIRECTION('',(0.,-1.,0.));
#1310=DIRECTION('',(0.,0.,-1.));
#1311=DIRECTION('',(0.,1.,0.));
#1312=DIRECTION('',(0.,1.,0.));
#1313=DIRECTION('',(0.,0.,1.));
#1314=DIRECTION('',(0.,-1.,0.));
#1315=DIRECTION('',(0.,0.,-1.));
#1316=DIRECTION('',(0.,1.,0.));
#1317=DIRECTION('',(0.,1.,0.));
#1318=DIRECTION('',(0.,0.,1.));
#1319=DIRECTION('',(0.,1.,0.));
#1320=DIRECTION('',(0.,1.,0.));
#1321=DIRECTION('',(0.,0.,1.));
#1322=DIRECTION('',(0.,1.,0.));
#1323=DIRECTION('',(0.,0.,1.));
#1324=DIRECTION('',(0.,0.,1.));
#1325=DIRECTION('',(-1.,0.,0.));
#1326=DIRECTION('',(0.,0.,1.));
#1327=DIRECTION('',(0.,-1.,0.));
#1328=DIRECTION('',(0.,0.,1.));
#1329=DIRECTION('',(0.,0.,-1.));
#1330=DIRECTION('',(1.,0.,0.));
#1331=DIRECTION('',(0.,0.,-1.));
#1332=DIRECTION('',(0.,-1.,0.));
#1333=DIRECTION('',(1.,0.,-6.12323399573677E-17));
#1334=DIRECTION('',(0.,-1.,0.));
#1335=DIRECTION('',(1.,0.,-6.12323399573677E-17));
#1336=DIRECTION('',(0.,1.,0.));
#1337=DIRECTION('',(0.,1.,0.));
#1338=DIRECTION('',(0.,1.,0.));
#1339=DIRECTION('',(0.,1.,0.));
#1340=DIRECTION('',(0.,1.,0.));
#1341=DIRECTION('',(0.,1.,0.));
#1342=DIRECTION('',(0.,0.,1.));
#1343=DIRECTION('',(0.,0.,-1.));
#1344=DIRECTION('',(0.,0.,1.));
#1345=DIRECTION('',(0.,-1.,0.));
#1346=DIRECTION('',(0.,0.,-1.));
#1347=DIRECTION('',(0.,0.,-1.));
#1348=DIRECTION('',(0.,0.,1.));
#1349=DIRECTION('',(0.,-1.,0.));
#1350=DIRECTION('',(0.,0.,-1.));
#1351=DIRECTION('',(0.,0.,1.));
#1352=DIRECTION('',(0.,0.,-1.));
#1353=DIRECTION('',(-1.,0.,0.));
#1354=DIRECTION('',(0.,0.,1.));
#1355=DIRECTION('',(0.,0.,1.));
#1356=DIRECTION('',(1.,0.,0.));
#1357=DIRECTION('',(0.,0.,1.));
#1358=DIRECTION('',(1.,0.,0.));
#1359=DIRECTION('',(0.,0.,-1.));
#1360=DIRECTION('',(-1.,0.,0.));
#1361=DIRECTION('',(0.,0.,-1.));
#1362=DIRECTION('',(-1.,0.,0.));
#1363=DIRECTION('',(-0.309513985692141,0.,0.950894890437931));
#1364=DIRECTION('',(-0.309513985692141,0.,0.950894890437931));
#1365=DIRECTION('',(0.,1.,0.));
#1366=DIRECTION('',(-0.950894890437931,0.,-0.309513985692141));
#1367=DIRECTION('',(-0.309513985692141,0.,0.950894890437931));
#1368=DIRECTION('',(0.,1.,0.));
#1369=DIRECTION('',(1.,0.,0.));
#1370=DIRECTION('',(0.,1.,0.));
#1371=DIRECTION('',(1.,0.,0.));
#1372=DIRECTION('',(0.,1.,0.));
#1373=DIRECTION('',(0.,-1.,0.));
#1374=DIRECTION('',(0.,0.,-1.));
#1375=DIRECTION('',(0.613442772896664,0.,-0.789739174905773));
#1376=DIRECTION('',(0.613442772896664,0.,-0.789739174905773));
#1377=DIRECTION('',(0.789739174905773,0.,0.613442772896664));
#1378=DIRECTION('',(0.613442772896664,0.,-0.789739174905773));
#1379=DIRECTION('',(0.,1.,0.));
#1380=DIRECTION('',(1.,0.,0.));
#1381=DIRECTION('',(0.,1.,0.));
#1382=DIRECTION('',(1.,0.,0.));
#1383=DIRECTION('',(0.,-1.,0.));
#1384=DIRECTION('',(0.,0.,-1.));
#1385=DIRECTION('',(0.,-1.,0.));
#1386=DIRECTION('',(0.,0.,-1.));
#1387=DIRECTION('',(0.,-1.,0.));
#1388=DIRECTION('',(0.,0.,-1.));
#1389=DIRECTION('',(0.,1.,0.));
#1390=DIRECTION('',(0.567070389778198,0.,-0.823669334767783));
#1391=DIRECTION('',(-0.56707038977819,0.,0.823669334767789));
#1392=DIRECTION('',(0.,-1.,0.));
#1393=DIRECTION('',(-0.56707038977819,0.,0.823669334767789));
#1394=DIRECTION('',(0.567070389778198,0.,-0.823669334767783));
#1395=DIRECTION('',(-0.823669334767789,0.,-0.56707038977819));
#1396=DIRECTION('',(-0.56707038977819,0.,0.823669334767789));
#1397=DIRECTION('',(-0.823669334767789,0.,-0.567070389778189));
#1398=DIRECTION('',(0.,-1.,0.));
#1399=DIRECTION('',(-0.823669334767789,0.,-0.567070389778189));
#1400=DIRECTION('',(0.56707038977819,0.,-0.823669334767789));
#1401=DIRECTION('',(-0.823669334767789,0.,-0.56707038977819));
#1402=DIRECTION('',(-0.567070389778196,0.,0.823669334767784));
#1403=DIRECTION('',(0.,1.,0.));
#1404=DIRECTION('',(-0.567070389778196,0.,0.823669334767784));
#1405=DIRECTION('',(0.567070389778189,0.,-0.823669334767789));
#1406=DIRECTION('',(0.567070389778189,0.,-0.823669334767789));
#1407=DIRECTION('',(0.823669334767789,0.,0.567070389778189));
#1408=DIRECTION('',(0.567070389778189,0.,-0.823669334767789));
#1409=DIRECTION('',(0.,-1.,0.));
#1410=DIRECTION('',(0.,0.,-1.));
#1411=DIRECTION('',(0.,-1.,0.));
#1412=DIRECTION('',(0.,0.,-1.));
#1413=DIRECTION('',(-0.823669334767783,0.,-0.567070389778199));
#1414=DIRECTION('',(-0.823669334767783,0.,-0.567070389778199));
#1415=DIRECTION('',(-0.567070389778198,0.,0.823669334767783));
#1416=DIRECTION('',(0.823669334767783,0.,0.567070389778198));
#1417=DIRECTION('',(0.,1.,0.));
#1418=DIRECTION('',(0.,0.,1.));
#1419=DIRECTION('',(0.,1.,0.));
#1420=DIRECTION('',(0.,0.,1.));
#1421=DIRECTION('',(-0.309513985692141,0.,0.950894890437931));
#1422=DIRECTION('',(-0.309513985692141,0.,0.950894890437931));
#1423=DIRECTION('',(0.,1.,0.));
#1424=DIRECTION('',(-0.950894890437931,0.,-0.309513985692141));
#1425=DIRECTION('',(-0.309513985692141,0.,0.950894890437931));
#1426=DIRECTION('',(0.,1.,0.));
#1427=DIRECTION('',(1.,0.,0.));
#1428=DIRECTION('',(0.,1.,0.));
#1429=DIRECTION('',(1.,0.,0.));
#1430=DIRECTION('',(0.,1.,0.));
#1431=DIRECTION('',(0.,-1.,0.));
#1432=DIRECTION('',(0.,0.,-1.));
#1433=DIRECTION('',(0.613442772896664,0.,-0.789739174905773));
#1434=DIRECTION('',(0.613442772896664,0.,-0.789739174905773));
#1435=DIRECTION('',(0.789739174905773,0.,0.613442772896664));
#1436=DIRECTION('',(0.613442772896664,0.,-0.789739174905773));
#1437=DIRECTION('',(0.,1.,0.));
#1438=DIRECTION('',(1.,0.,0.));
#1439=DIRECTION('',(0.,1.,0.));
#1440=DIRECTION('',(1.,0.,0.));
#1441=DIRECTION('',(0.,-1.,0.));
#1442=DIRECTION('',(0.,0.,-1.));
#1443=DIRECTION('',(0.,-1.,0.));
#1444=DIRECTION('',(0.,0.,-1.));
#1445=DIRECTION('',(0.,-1.,0.));
#1446=DIRECTION('',(0.,0.,-1.));
#1447=DIRECTION('',(-0.309513985692141,0.,0.950894890437931));
#1448=DIRECTION('',(-0.309513985692141,0.,0.950894890437931));
#1449=DIRECTION('',(0.,1.,0.));
#1450=DIRECTION('',(-0.950894890437931,0.,-0.309513985692141));
#1451=DIRECTION('',(-0.309513985692141,0.,0.950894890437931));
#1452=DIRECTION('',(0.,1.,0.));
#1453=DIRECTION('',(1.,0.,0.));
#1454=DIRECTION('',(0.,1.,0.));
#1455=DIRECTION('',(1.,0.,0.));
#1456=DIRECTION('',(0.,1.,0.));
#1457=DIRECTION('',(0.,-1.,0.));
#1458=DIRECTION('',(0.,0.,-1.));
#1459=DIRECTION('',(0.613442772896664,0.,-0.789739174905773));
#1460=DIRECTION('',(0.613442772896664,0.,-0.789739174905773));
#1461=DIRECTION('',(0.789739174905773,0.,0.613442772896664));
#1462=DIRECTION('',(0.613442772896664,0.,-0.789739174905773));
#1463=DIRECTION('',(0.,1.,0.));
#1464=DIRECTION('',(1.,0.,0.));
#1465=DIRECTION('',(0.,1.,0.));
#1466=DIRECTION('',(1.,0.,0.));
#1467=DIRECTION('',(0.,-1.,0.));
#1468=DIRECTION('',(0.,0.,-1.));
#1469=DIRECTION('',(0.,-1.,0.));
#1470=DIRECTION('',(0.,0.,-1.));
#1471=DIRECTION('',(0.,-1.,0.));
#1472=DIRECTION('',(0.,0.,-1.));
#1473=DIRECTION('',(-0.309513985692141,0.,0.950894890437931));
#1474=DIRECTION('',(-0.309513985692141,0.,0.950894890437931));
#1475=DIRECTION('',(0.,1.,0.));
#1476=DIRECTION('',(-0.950894890437931,0.,-0.309513985692141));
#1477=DIRECTION('',(-0.309513985692141,0.,0.950894890437931));
#1478=DIRECTION('',(0.,1.,0.));
#1479=DIRECTION('',(1.,0.,0.));
#1480=DIRECTION('',(0.,1.,0.));
#1481=DIRECTION('',(1.,0.,0.));
#1482=DIRECTION('',(0.,1.,0.));
#1483=DIRECTION('',(0.,-1.,0.));
#1484=DIRECTION('',(0.,0.,-1.));
#1485=DIRECTION('',(0.613442772896664,0.,-0.789739174905773));
#1486=DIRECTION('',(0.613442772896664,0.,-0.789739174905773));
#1487=DIRECTION('',(0.789739174905773,0.,0.613442772896664));
#1488=DIRECTION('',(0.613442772896664,0.,-0.789739174905773));
#1489=DIRECTION('',(0.,1.,0.));
#1490=DIRECTION('',(1.,0.,0.));
#1491=DIRECTION('',(0.,1.,0.));
#1492=DIRECTION('',(1.,0.,0.));
#1493=DIRECTION('',(0.,-1.,0.));
#1494=DIRECTION('',(0.,0.,-1.));
#1495=DIRECTION('',(0.,-1.,0.));
#1496=DIRECTION('',(0.,0.,-1.));
#1497=DIRECTION('',(0.,-1.,0.));
#1498=DIRECTION('',(0.,0.,-1.));
#1499=DIRECTION('',(0.,-1.,0.));
#1500=DIRECTION('',(0.,0.,-1.));
#1501=DIRECTION('',(0.,0.,-1.));
#1502=DIRECTION('',(0.,-1.,0.));
#1503=DIRECTION('',(0.,0.,-1.));
#1504=DIRECTION('',(0.,0.,1.));
#1505=DIRECTION('',(0.,-1.,0.));
#1506=DIRECTION('',(0.,0.,-1.));
#1507=DIRECTION('',(0.,-1.,0.));
#1508=DIRECTION('',(0.,0.,-1.));
#1509=DIRECTION('',(0.,-1.,0.));
#1510=DIRECTION('',(0.,0.,1.));
#1511=DIRECTION('',(1.,0.,0.));
#1512=DIRECTION('',(0.,0.,-1.));
#1513=DIRECTION('',(0.,1.,0.));
#1514=DIRECTION('',(0.,0.,1.));
#1515=DIRECTION('',(0.,0.,-1.));
#1516=DIRECTION('',(0.,1.,0.));
#1517=DIRECTION('',(0.,0.,1.));
#1518=DIRECTION('',(0.,0.,1.));
#1519=DIRECTION('',(0.,1.,0.));
#1520=DIRECTION('',(0.,0.,1.));
#1521=DIRECTION('',(0.,1.,0.));
#1522=DIRECTION('',(0.,0.,1.));
#1523=DIRECTION('',(0.,1.,0.));
#1524=DIRECTION('',(0.,0.,-1.));
#1525=DIRECTION('',(-1.,0.,0.));
#1526=DIRECTION('',(0.,0.,1.));
#1527=DIRECTION('',(0.,-1.,0.));
#1528=DIRECTION('',(0.,-1.,0.));
#1529=DIRECTION('',(1.,0.,-6.12323399573677E-17));
#1530=DIRECTION('',(0.,1.,0.));
#1531=DIRECTION('',(0.,-1.,0.));
#1532=DIRECTION('',(1.,0.,-6.12323399573677E-17));
#1533=DIRECTION('',(0.,1.,0.));
#1534=DIRECTION('',(0.,0.,1.));
#1535=DIRECTION('',(0.,-1.,0.));
#1536=DIRECTION('',(1.,0.,-6.12323399573677E-17));
#1537=DIRECTION('',(0.,-1.,0.));
#1538=DIRECTION('',(0.,-1.,0.));
#1539=DIRECTION('',(1.,0.,-6.12323399573677E-17));
#1540=DIRECTION('',(0.,1.,0.));
#1541=DIRECTION('',(0.,1.,0.));
#1542=DIRECTION('',(0.,0.,1.));
#1543=DIRECTION('',(0.,0.,-1.));
#1544=DIRECTION('',(0.,0.,1.));
#1545=DIRECTION('',(0.,-1.,0.));
#1546=DIRECTION('',(0.,0.,-1.));
#1547=DIRECTION('',(0.,0.,-1.));
#1548=DIRECTION('',(0.,0.,1.));
#1549=DIRECTION('',(0.,-1.,0.));
#1550=DIRECTION('',(0.,0.,-1.));
#1551=DIRECTION('',(0.,0.,-1.));
#1552=DIRECTION('',(0.,0.,1.));
#1553=DIRECTION('',(-1.,0.,0.));
#1554=DIRECTION('',(0.,0.,1.));
#1555=DIRECTION('',(0.,0.,1.));
#1556=DIRECTION('',(0.,0.,-1.));
#1557=DIRECTION('',(1.,0.,0.));
#1558=DIRECTION('',(0.,0.,-1.));
#1559=DIRECTION('',(0.,0.,1.));
#1560=DIRECTION('',(1.,0.,0.));
#1561=DIRECTION('',(0.,0.,1.));
#1562=DIRECTION('',(1.,0.,0.));
#1563=DIRECTION('',(0.,0.,1.));
#1564=DIRECTION('',(1.,0.,0.));
#1565=DIRECTION('',(0.,0.,1.));
#1566=DIRECTION('',(1.,0.,0.));
#1567=DIRECTION('',(0.,0.,1.));
#1568=DIRECTION('',(1.,0.,0.));
#1569=DIRECTION('',(0.,0.,1.));
#1570=DIRECTION('',(1.,0.,0.));
#1571=DIRECTION('',(0.,0.,-1.));
#1572=DIRECTION('',(-1.,0.,0.));
#1573=DIRECTION('',(0.,0.,-1.));
#1574=DIRECTION('',(-1.,0.,0.));
#1575=CARTESIAN_POINT('',(0.,0.,0.));
#1576=CARTESIAN_POINT('',(214.0933,302.5,214.413289921847));
#1577=CARTESIAN_POINT('',(214.0933,302.5,210.152465831619));
#1578=CARTESIAN_POINT('',(214.0933,302.5,214.413289921847));
#1579=CARTESIAN_POINT('',(214.0933,-382.5,210.152465831619));
#1580=CARTESIAN_POINT('',(214.0933,310.5,210.152465831619));
#1581=CARTESIAN_POINT('',(214.0933,310.5,333.3));
#1582=CARTESIAN_POINT('',(214.0933,310.5,214.413289921847));
#1583=CARTESIAN_POINT('',(214.0933,-382.5,214.413289921847));
#1584=CARTESIAN_POINT('',(214.0933,-382.5,333.3));
#1585=CARTESIAN_POINT('',(214.0933,-382.5,210.152465831619));
#1586=CARTESIAN_POINT('',(214.0933,114.166666666667,210.152465831619));
#1587=CARTESIAN_POINT('',(214.0933,282.5,210.152465831619));
#1588=CARTESIAN_POINT('',(214.0933,282.5,214.413289921847));
#1589=CARTESIAN_POINT('',(214.0933,282.5,214.413289921847));
#1590=CARTESIAN_POINT('',(214.0933,-382.5,214.413289921847));
#1591=CARTESIAN_POINT('',(214.0933,114.166666666667,214.413289921847));
#1592=CARTESIAN_POINT('',(214.0933,114.166666666667,214.413289921847));
#1593=CARTESIAN_POINT('',(214.0933,-382.5,333.3));
#1594=CARTESIAN_POINT('',(214.0933,-382.5,210.152465831619));
#1595=CARTESIAN_POINT('',(214.0933,-74.1666666666667,210.152465831619));
#1596=CARTESIAN_POINT('',(214.0933,94.1666666666667,210.152465831619));
#1597=CARTESIAN_POINT('',(214.0933,94.1666666666667,214.413289921847));
#1598=CARTESIAN_POINT('',(214.0933,94.1666666666667,214.413289921847));
#1599=CARTESIAN_POINT('',(214.0933,-382.5,214.413289921847));
#1600=CARTESIAN_POINT('',(214.0933,-74.1666666666667,214.413289921847));
#1601=CARTESIAN_POINT('',(214.0933,-74.1666666666667,214.413289921847));
#1602=CARTESIAN_POINT('',(214.0933,-382.5,333.3));
#1603=CARTESIAN_POINT('',(-214.0933,-382.5,214.413289921847));
#1604=CARTESIAN_POINT('',(-214.0933,310.5,214.413289921847));
#1605=CARTESIAN_POINT('',(-214.0933,-310.5,214.413289921847));
#1606=CARTESIAN_POINT('',(-214.0933,-310.5,214.413289921847));
#1607=CARTESIAN_POINT('',(-214.0933,-315.836766876762,214.413289921847));
#1608=CARTESIAN_POINT('',(-213.50802586457,-321.014075291343,215.001774939909));
#1609=CARTESIAN_POINT('',(-211.279793345456,-331.087325909473,217.191825950699));
#1610=CARTESIAN_POINT('',(-209.631572857874,-335.929399694296,218.795393280706));
#1611=CARTESIAN_POINT('',(-205.557505465605,-344.856473830362,222.627339755212));
#1612=CARTESIAN_POINT('',(-203.088503196141,-349.040120581405,224.894222084604));
#1613=CARTESIAN_POINT('',(-197.606144167734,-356.58774066687,229.726278524354));
#1614=CARTESIAN_POINT('',(-194.576446258039,-359.997892553318,232.308435577412));
#1615=CARTESIAN_POINT('',(-187.958459763096,-366.185807242673,237.694804491635));
#1616=CARTESIAN_POINT('',(-184.369769580915,-368.950783890045,240.496786206484));
#1617=CARTESIAN_POINT('',(-176.852008174986,-373.710966007434,246.077799314447));
#1618=CARTESIAN_POINT('',(-172.895696494792,-375.73307087719,248.880046058934));
#1619=CARTESIAN_POINT('',(-164.556553775415,-379.053215794098,254.470705194676));
#1620=CARTESIAN_POINT('',(-160.215793968351,-380.328389051726,257.228817636751));
#1621=CARTESIAN_POINT('',(-151.340957273734,-382.046555054312,262.548433457867));
#1622=CARTESIAN_POINT('',(-146.783180627086,-382.5,265.126184362979));
#1623=CARTESIAN_POINT('',(-142.0933,-382.5,267.616318813166));
#1624=CARTESIAN_POINT('',(-142.0933,-382.5,267.616318813166));
#1625=CARTESIAN_POINT('',(0.,-382.5,0.));
#1626=CARTESIAN_POINT('',(142.0933,-382.5,267.616318813166));
#1627=CARTESIAN_POINT('',(142.0933,-382.5,267.616318813166));
#1628=CARTESIAN_POINT('',(151.487377650712,-382.5,262.628448492829));
#1629=CARTESIAN_POINT('',(160.291368451482,-380.732634696577,257.323905978307));
#1630=CARTESIAN_POINT('',(172.749560317103,-375.800397175797,248.98106003719));
#1631=CARTESIAN_POINT('',(176.774678119138,-373.75327209877,246.133362425709));
#1632=CARTESIAN_POINT('',(184.294669738338,-369.004861436053,240.554346518925));
#1633=CARTESIAN_POINT('',(187.830223183007,-366.290913654533,237.796231167742));
#1634=CARTESIAN_POINT('',(194.457874783398,-360.123013777981,232.407777910475));
#1635=CARTESIAN_POINT('',(197.553022581804,-356.651825754355,229.772063227992));
#1636=CARTESIAN_POINT('',(203.045941710203,-349.10760699472,224.932752897999));
#1637=CARTESIAN_POINT('',(205.47943186147,-345.007655280013,222.699893726115));
#1638=CARTESIAN_POINT('',(209.611048889686,-335.993794738194,218.815556501592));
#1639=CARTESIAN_POINT('',(211.235073306901,-331.240790642423,217.235453978442));
#1640=CARTESIAN_POINT('',(213.490097283135,-321.142487970708,215.019713101449));
#1641=CARTESIAN_POINT('',(214.0933,-315.839969633214,214.413289921847));
#1642=CARTESIAN_POINT('',(214.0933,-310.5,214.413289921847));
#1643=CARTESIAN_POINT('',(214.0933,-310.5,214.413289921847));
#1644=CARTESIAN_POINT('',(214.0933,-382.5,214.413289921847));
#1645=CARTESIAN_POINT('',(214.0933,-282.5,214.413289921847));
#1646=CARTESIAN_POINT('',(214.0933,-262.5,214.413289921847));
#1647=CARTESIAN_POINT('',(214.0933,-262.5,214.413289921847));
#1648=CARTESIAN_POINT('',(214.0933,-382.5,214.413289921847));
#1649=CARTESIAN_POINT('',(214.0933,-94.1666666666667,214.413289921847));
#1650=CARTESIAN_POINT('',(214.0933,-74.1666666666667,214.413289921847));
#1651=CARTESIAN_POINT('',(214.0933,114.166666666667,214.413289921847));
#1652=CARTESIAN_POINT('',(214.0933,302.5,214.413289921847));
#1653=CARTESIAN_POINT('',(214.0933,310.5,214.413289921847));
#1654=CARTESIAN_POINT('',(214.0933,315.836766876762,214.413289921847));
#1655=CARTESIAN_POINT('',(213.50802586457,321.014075291344,215.001774939909));
#1656=CARTESIAN_POINT('',(211.279793345456,331.087325909473,217.191825950699));
#1657=CARTESIAN_POINT('',(209.631572857874,335.929399694296,218.795393280706));
#1658=CARTESIAN_POINT('',(205.557505465605,344.856473830362,222.627339755212));
#1659=CARTESIAN_POINT('',(203.088503196141,349.040120581405,224.894222084604));
#1660=CARTESIAN_POINT('',(197.606144167734,356.58774066687,229.726278524354));
#1661=CARTESIAN_POINT('',(194.576446258039,359.997892553318,232.308435577412));
#1662=CARTESIAN_POINT('',(187.958459763096,366.185807242673,237.694804491635));
#1663=CARTESIAN_POINT('',(184.369769580915,368.950783890045,240.496786206484));
#1664=CARTESIAN_POINT('',(176.852008174986,373.710966007434,246.077799314447));
#1665=CARTESIAN_POINT('',(172.895696494792,375.73307087719,248.880046058934));
#1666=CARTESIAN_POINT('',(164.556553775415,379.053215794098,254.470705194676));
#1667=CARTESIAN_POINT('',(160.215793968351,380.328389051726,257.228817636751));
#1668=CARTESIAN_POINT('',(151.340957273734,382.046555054312,262.548433457867));
#1669=CARTESIAN_POINT('',(146.783180627086,382.5,265.126184362979));
#1670=CARTESIAN_POINT('',(142.0933,382.5,267.616318813166));
#1671=CARTESIAN_POINT('',(142.0933,382.5,267.616318813166));
#1672=CARTESIAN_POINT('',(0.,382.5,0.));
#1673=CARTESIAN_POINT('',(-142.0933,382.5,267.616318813166));
#1674=CARTESIAN_POINT('',(-142.0933,382.5,267.616318813166));
#1675=CARTESIAN_POINT('',(-151.487377650712,382.5,262.628448492829));
#1676=CARTESIAN_POINT('',(-160.291368451482,380.732634696577,257.323905978307));
#1677=CARTESIAN_POINT('',(-172.749560317103,375.800397175797,248.98106003719));
#1678=CARTESIAN_POINT('',(-176.774678119138,373.75327209877,246.133362425709));
#1679=CARTESIAN_POINT('',(-184.294669738338,369.004861436053,240.554346518925));
#1680=CARTESIAN_POINT('',(-187.830223183007,366.290913654533,237.796231167742));
#1681=CARTESIAN_POINT('',(-194.457874783398,360.123013777981,232.407777910475));
#1682=CARTESIAN_POINT('',(-197.553022581804,356.651825754355,229.772063227992));
#1683=CARTESIAN_POINT('',(-203.045941710203,349.10760699472,224.932752897999));
#1684=CARTESIAN_POINT('',(-205.47943186147,345.007655280013,222.699893726115));
#1685=CARTESIAN_POINT('',(-209.611048889686,335.993794738194,218.815556501592));
#1686=CARTESIAN_POINT('',(-211.235073306901,331.240790642423,217.235453978442));
#1687=CARTESIAN_POINT('',(-213.490097283135,321.142487970708,215.019713101449));
#1688=CARTESIAN_POINT('',(-214.0933,315.839969633214,214.413289921847));
#1689=CARTESIAN_POINT('',(-214.0933,310.5,214.413289921847));
#1690=CARTESIAN_POINT('',(-167.680585843187,-75.,252.37317831197));
#1691=CARTESIAN_POINT('',(-167.680585843187,-75.,252.37317831197));
#1692=CARTESIAN_POINT('',(-167.68058584319,-65.,252.373178311969));
#1693=CARTESIAN_POINT('',(0.,-75.,0.));
#1694=CARTESIAN_POINT('',(-175.917279190865,-75.,246.702474414189));
#1695=CARTESIAN_POINT('',(-175.917279190865,-75.,246.702474414189));
#1696=CARTESIAN_POINT('',(-175.917279190865,-65.,246.702474414189));
#1697=CARTESIAN_POINT('',(0.,-65.,0.));
#1698=CARTESIAN_POINT('',(0.,75.,0.));
#1699=CARTESIAN_POINT('',(-167.68058584319,75.,252.373178311969));
#1700=CARTESIAN_POINT('',(-175.91727919086,75.,246.702474414192));
#1701=CARTESIAN_POINT('',(-167.680585843187,-75.,252.37317831197));
#1702=CARTESIAN_POINT('',(-167.680585843187,65.,252.37317831197));
#1703=CARTESIAN_POINT('',(0.,65.,0.));
#1704=CARTESIAN_POINT('',(-175.917279190865,65.,246.702474414188));
#1705=CARTESIAN_POINT('',(-175.917279190865,-75.,246.702474414189));
#1706=CARTESIAN_POINT('',(0.,-382.5,0.));
#1707=CARTESIAN_POINT('',(214.0933,-382.5,210.152465831619));
#1708=CARTESIAN_POINT('',(214.0933,-262.5,210.152465831619));
#1709=CARTESIAN_POINT('',(214.0933,-94.1666666666667,210.152465831619));
#1710=CARTESIAN_POINT('',(214.0933,-94.1666666666667,214.413289921847));
#1711=CARTESIAN_POINT('',(214.0933,-262.5,214.413289921847));
#1712=CARTESIAN_POINT('',(214.0933,-382.5,333.3));
#1713=CARTESIAN_POINT('',(-214.0933,-382.5,210.152465831619));
#1714=CARTESIAN_POINT('',(-214.0933,310.5,210.152465831619));
#1715=CARTESIAN_POINT('',(-214.0933,-310.5,210.152465831619));
#1716=CARTESIAN_POINT('',(-214.0933,-310.5,214.413289921847));
#1717=CARTESIAN_POINT('',(-214.0933,310.5,333.3));
#1718=CARTESIAN_POINT('',(-214.0933,382.5,333.3));
#1719=CARTESIAN_POINT('',(0.,-382.5,0.));
#1720=CARTESIAN_POINT('',(142.0933,-382.5,264.214863501488));
#1721=CARTESIAN_POINT('',(-142.0933,-382.5,264.214863501488));
#1722=CARTESIAN_POINT('',(-142.0933,-382.5,264.214863501488));
#1723=CARTESIAN_POINT('',(-151.489651081465,-382.5,259.161557584365));
#1724=CARTESIAN_POINT('',(-160.291323805835,-380.731809840686,253.786073344071));
#1725=CARTESIAN_POINT('',(-172.740772827938,-375.804296989132,245.327934162651));
#1726=CARTESIAN_POINT('',(-176.760267870003,-373.76074237045,242.441574524605));
#1727=CARTESIAN_POINT('',(-184.271407007141,-369.021171176374,236.782934171898));
#1728=CARTESIAN_POINT('',(-187.803272229081,-366.312514029424,233.983725019187));
#1729=CARTESIAN_POINT('',(-194.425656553255,-360.156447124729,228.510649002712));
#1730=CARTESIAN_POINT('',(-197.518904436855,-356.692381321238,225.831562280829));
#1731=CARTESIAN_POINT('',(-203.01297254356,-349.159115568036,220.905738067537));
#1732=CARTESIAN_POINT('',(-205.449595423136,-345.062561470407,218.629094383495));
#1733=CARTESIAN_POINT('',(-209.589792065019,-336.050232563641,214.663309004169));
#1734=CARTESIAN_POINT('',(-211.220175852832,-331.293563466746,213.046030624491));
#1735=CARTESIAN_POINT('',(-213.486660854986,-321.171704299137,210.774807529603));
#1736=CARTESIAN_POINT('',(-214.0933,-315.857001442622,210.152465831619));
#1737=CARTESIAN_POINT('',(-214.0933,-310.5,210.152465831619));
#1738=CARTESIAN_POINT('',(-214.0933,310.5,210.152465831619));
#1739=CARTESIAN_POINT('',(-214.0933,315.854316523649,210.152465831619));
#1740=CARTESIAN_POINT('',(-213.504267030736,321.045763282025,210.756832749501));
#1741=CARTESIAN_POINT('',(-211.264353428388,331.142303724935,213.002083467318));
#1742=CARTESIAN_POINT('',(-209.610124733977,335.986869218989,214.642951597189));
#1743=CARTESIAN_POINT('',(-205.525604106778,344.915765579886,218.557148402633));
#1744=CARTESIAN_POINT('',(-203.053665292373,349.094588235875,220.868217530165));
#1745=CARTESIAN_POINT('',(-197.571048024103,356.629468367309,225.785831013102));
#1746=CARTESIAN_POINT('',(-194.542200408337,360.033788144865,228.41138999144));
#1747=CARTESIAN_POINT('',(-187.926570077751,366.211710402786,233.884661909137));
#1748=CARTESIAN_POINT('',(-184.343347590703,368.969430274691,236.726929931597));
#1749=CARTESIAN_POINT('',(-176.83396255269,373.720464752038,242.387827342257));
#1750=CARTESIAN_POINT('',(-172.881110842109,375.739776604138,245.229531046556));
#1751=CARTESIAN_POINT('',(-164.546199071312,379.056437123736,250.898285674692));
#1752=CARTESIAN_POINT('',(-160.211800561388,380.32926305995,253.690971533805));
#1753=CARTESIAN_POINT('',(-151.341850339568,382.04628123603,259.080247052306));
#1754=CARTESIAN_POINT('',(-146.784700851891,382.5,261.691853933314));
#1755=CARTESIAN_POINT('',(-142.0933,382.5,264.214863501488));
#1756=CARTESIAN_POINT('',(-142.0933,382.5,264.214863501488));
#1757=CARTESIAN_POINT('',(0.,382.5,0.));
#1758=CARTESIAN_POINT('',(142.0933,382.5,264.214863501488));
#1759=CARTESIAN_POINT('',(142.0933,382.5,264.214863501488));
#1760=CARTESIAN_POINT('',(151.489651081465,382.5,259.161557584365));
#1761=CARTESIAN_POINT('',(160.291323805835,380.731809840686,253.786073344071));
#1762=CARTESIAN_POINT('',(172.740772827938,375.804296989132,245.327934162651));
#1763=CARTESIAN_POINT('',(176.760267870003,373.76074237045,242.441574524605));
#1764=CARTESIAN_POINT('',(184.271407007141,369.021171176374,236.782934171898));
#1765=CARTESIAN_POINT('',(187.803272229081,366.312514029424,233.983725019187));
#1766=CARTESIAN_POINT('',(194.425656553255,360.156447124729,228.510649002712));
#1767=CARTESIAN_POINT('',(197.518904436855,356.692381321238,225.831562280829));
#1768=CARTESIAN_POINT('',(203.01297254356,349.159115568036,220.905738067536));
#1769=CARTESIAN_POINT('',(205.449595423136,345.062561470407,218.629094383495));
#1770=CARTESIAN_POINT('',(209.589792065019,336.050232563641,214.663309004169));
#1771=CARTESIAN_POINT('',(211.220175852832,331.293563466746,213.046030624491));
#1772=CARTESIAN_POINT('',(213.486660854986,321.171704299137,210.774807529603));
#1773=CARTESIAN_POINT('',(214.0933,315.857001442622,210.15246583162));
#1774=CARTESIAN_POINT('',(214.0933,310.5,210.152465831619));
#1775=CARTESIAN_POINT('',(214.0933,302.5,210.152465831619));
#1776=CARTESIAN_POINT('',(214.0933,114.166666666667,210.152465831619));
#1777=CARTESIAN_POINT('',(214.0933,-74.1666666666667,210.152465831619));
#1778=CARTESIAN_POINT('',(214.0933,-262.5,210.152465831619));
#1779=CARTESIAN_POINT('',(214.0933,-282.5,210.152465831619));
#1780=CARTESIAN_POINT('',(214.0933,-382.5,210.152465831619));
#1781=CARTESIAN_POINT('',(214.0933,-310.5,210.152465831619));
#1782=CARTESIAN_POINT('',(214.0933,-310.5,210.152465831619));
#1783=CARTESIAN_POINT('',(214.0933,-315.854316523649,210.152465831619));
#1784=CARTESIAN_POINT('',(213.504267030736,-321.045763282025,210.756832749501));
#1785=CARTESIAN_POINT('',(211.264353428388,-331.142303724935,213.002083467318));
#1786=CARTESIAN_POINT('',(209.610124733977,-335.986869218989,214.642951597188));
#1787=CARTESIAN_POINT('',(205.525604106778,-344.915765579886,218.557148402633));
#1788=CARTESIAN_POINT('',(203.053665292373,-349.094588235875,220.868217530165));
#1789=CARTESIAN_POINT('',(197.571048024103,-356.629468367309,225.785831013102));
#1790=CARTESIAN_POINT('',(194.542200408337,-360.033788144865,228.41138999144));
#1791=CARTESIAN_POINT('',(187.926570077751,-366.211710402786,233.884661909137));
#1792=CARTESIAN_POINT('',(184.343347590703,-368.96943027469,236.726929931597));
#1793=CARTESIAN_POINT('',(176.83396255269,-373.720464752038,242.387827342256));
#1794=CARTESIAN_POINT('',(172.881110842109,-375.739776604138,245.229531046556));
#1795=CARTESIAN_POINT('',(164.546199071312,-379.056437123736,250.898285674692));
#1796=CARTESIAN_POINT('',(160.211800561388,-380.32926305995,253.690971533805));
#1797=CARTESIAN_POINT('',(151.341850339568,-382.04628123603,259.080247052306));
#1798=CARTESIAN_POINT('',(146.784700851891,-382.5,261.691853933314));
#1799=CARTESIAN_POINT('',(142.0933,-382.5,264.214863501488));
#1800=CARTESIAN_POINT('',(0.,-382.5,0.));
#1801=CARTESIAN_POINT('',(-142.0933,-382.5,210.152465831619));
#1802=CARTESIAN_POINT('',(142.0933,-382.5,214.413289921847));
#1803=CARTESIAN_POINT('',(0.,-382.5,0.));
#1804=CARTESIAN_POINT('',(142.0933,382.5,0.));
#1805=CARTESIAN_POINT('',(-142.0933,382.5,0.));
#1806=CARTESIAN_POINT('',(0.,382.5,0.));
#1807=CARTESIAN_POINT('',(214.0933,-282.5,214.413289921847));
#1808=CARTESIAN_POINT('',(214.0933,-310.5,210.152465831619));
#1809=CARTESIAN_POINT('',(214.0933,-382.5,333.3));
#1810=CARTESIAN_POINT('',(-142.0933,-310.5,0.));
#1811=CARTESIAN_POINT('',(142.0933,-310.5,333.3));
#1812=CARTESIAN_POINT('',(142.0933,310.5,0.));
#1813=CARTESIAN_POINT('',(-142.0933,310.5,333.3));
#1814=CARTESIAN_POINT('',(214.0933,-282.5,210.152465831619));
#1815=CARTESIAN_POINT('',(221.889824306672,-282.5,186.199832124904));
#1816=CARTESIAN_POINT('',(214.0933,-262.5,210.152465831619));
#1817=CARTESIAN_POINT('',(221.889824306672,-262.5,186.199832124904));
#1818=CARTESIAN_POINT('',(221.889824306672,-262.5,186.199832124904));
#1819=CARTESIAN_POINT('',(214.0933,-262.5,210.152465831619));
#1820=CARTESIAN_POINT('',(227.352746751834,-282.5,187.978000160648));
#1821=CARTESIAN_POINT('',(231.889824306672,-282.5,191.502249082983));
#1822=CARTESIAN_POINT('',(227.352746751834,-262.5,187.978000160648));
#1823=CARTESIAN_POINT('',(231.889824306672,-262.5,191.502249082983));
#1824=CARTESIAN_POINT('',(231.889824306672,-262.5,191.502249082983));
#1825=CARTESIAN_POINT('',(227.352746751834,-262.5,187.978000160648));
#1826=CARTESIAN_POINT('',(231.889824306672,-282.5,191.502249082983));
#1827=CARTESIAN_POINT('',(231.889824306672,-262.5,191.502249082983));
#1828=CARTESIAN_POINT('',(231.889824306672,-262.5,191.502249082983));
#1829=CARTESIAN_POINT('',(227.352746751834,-262.5,187.978000160648));
#1830=CARTESIAN_POINT('',(229.852746751834,-262.5,187.978000160648));
#1831=CARTESIAN_POINT('',(227.352746751834,-282.5,187.978000160648));
#1832=CARTESIAN_POINT('',(229.852746751834,-282.5,187.978000160648));
#1833=CARTESIAN_POINT('',(227.352746751834,-262.5,187.978000160648));
#1834=CARTESIAN_POINT('',(227.352746751834,-262.5,187.978000160648));
#1835=CARTESIAN_POINT('',(227.352746751834,-282.5,187.978000160648));
#1836=CARTESIAN_POINT('',(-190.363401434315,-65.,285.319951702682));
#1837=CARTESIAN_POINT('',(-190.363401434315,-65.,285.319951702682));
#1838=CARTESIAN_POINT('',(-190.363401434315,65.,285.319951702682));
#1839=CARTESIAN_POINT('',(-190.363401434315,65.,285.319951702682));
#1840=CARTESIAN_POINT('',(-167.680585843187,75.,252.37317831197));
#1841=CARTESIAN_POINT('',(-196.034105332096,75.,293.55664505036));
#1842=CARTESIAN_POINT('',(-196.034105332096,-75.,293.55664505036));
#1843=CARTESIAN_POINT('',(-196.034105332096,-75.,293.55664505036));
#1844=CARTESIAN_POINT('',(-167.680585843187,-75.,252.37317831197));
#1845=CARTESIAN_POINT('',(-190.363401434315,-65.,285.319951702682));
#1846=CARTESIAN_POINT('',(-167.680585843187,-75.,252.37317831197));
#1847=CARTESIAN_POINT('',(-196.034105332096,75.,293.55664505036));
#1848=CARTESIAN_POINT('',(-204.270798679774,75.,287.885941152578));
#1849=CARTESIAN_POINT('',(-204.270798679774,-75.,287.885941152578));
#1850=CARTESIAN_POINT('',(-204.270798679774,-75.,287.885941152578));
#1851=CARTESIAN_POINT('',(-196.034105332096,-75.,293.55664505036));
#1852=CARTESIAN_POINT('',(-196.034105332096,-75.,293.55664505036));
#1853=CARTESIAN_POINT('',(-175.917279190865,65.,246.702474414189));
#1854=CARTESIAN_POINT('',(-198.600094781993,65.,279.6492478049));
#1855=CARTESIAN_POINT('',(-198.600094781993,-65.,279.6492478049));
#1856=CARTESIAN_POINT('',(-198.600094781992,-65.,279.6492478049));
#1857=CARTESIAN_POINT('',(-175.917279190865,-65.,246.702474414189));
#1858=CARTESIAN_POINT('',(-204.270798679774,-75.,287.885941152578));
#1859=CARTESIAN_POINT('',(-204.270798679774,75.,287.885941152578));
#1860=CARTESIAN_POINT('',(-204.270798679774,-75.,287.885941152578));
#1861=CARTESIAN_POINT('',(0.,-75.,0.));
#1862=CARTESIAN_POINT('',(0.,75.,0.));
#1863=CARTESIAN_POINT('',(-198.600094781993,65.,279.6492478049));
#1864=CARTESIAN_POINT('',(-198.600094781993,-65.,279.6492478049));
#1865=CARTESIAN_POINT('',(-198.600094781993,-65.,279.6492478049));
#1866=CARTESIAN_POINT('',(0.,-65.,0.));
#1867=CARTESIAN_POINT('',(0.,65.,0.));
#1868=CARTESIAN_POINT('',(214.0933,-94.1666666666667,210.152465831619));
#1869=CARTESIAN_POINT('',(221.889824306672,-94.1666666666667,186.199832124904));
#1870=CARTESIAN_POINT('',(214.0933,-74.1666666666667,210.152465831619));
#1871=CARTESIAN_POINT('',(221.889824306672,-74.1666666666667,186.199832124904));
#1872=CARTESIAN_POINT('',(221.889824306672,-74.1666666666667,186.199832124904));
#1873=CARTESIAN_POINT('',(214.0933,-74.1666666666667,210.152465831619));
#1874=CARTESIAN_POINT('',(227.352746751834,-94.1666666666667,187.978000160648));
#1875=CARTESIAN_POINT('',(231.889824306672,-94.1666666666667,191.502249082983));
#1876=CARTESIAN_POINT('',(227.352746751834,-74.1666666666667,187.978000160648));
#1877=CARTESIAN_POINT('',(231.889824306672,-74.1666666666667,191.502249082983));
#1878=CARTESIAN_POINT('',(231.889824306672,-74.1666666666667,191.502249082983));
#1879=CARTESIAN_POINT('',(227.352746751834,-74.1666666666667,187.978000160648));
#1880=CARTESIAN_POINT('',(231.889824306672,-94.1666666666667,191.502249082983));
#1881=CARTESIAN_POINT('',(231.889824306672,-74.1666666666667,191.502249082983));
#1882=CARTESIAN_POINT('',(231.889824306672,-74.1666666666667,191.502249082983));
#1883=CARTESIAN_POINT('',(227.352746751834,-74.1666666666667,187.978000160648));
#1884=CARTESIAN_POINT('',(229.852746751834,-74.1666666666667,187.978000160648));
#1885=CARTESIAN_POINT('',(227.352746751834,-94.1666666666667,187.978000160648));
#1886=CARTESIAN_POINT('',(229.852746751834,-94.1666666666667,187.978000160648));
#1887=CARTESIAN_POINT('',(227.352746751834,-74.1666666666667,187.978000160648));
#1888=CARTESIAN_POINT('',(227.352746751834,-74.1666666666667,187.978000160648));
#1889=CARTESIAN_POINT('',(227.352746751834,-94.1666666666667,187.978000160648));
#1890=CARTESIAN_POINT('',(214.0933,94.1666666666667,210.152465831619));
#1891=CARTESIAN_POINT('',(221.889824306672,94.1666666666667,186.199832124904));
#1892=CARTESIAN_POINT('',(214.0933,114.166666666667,210.152465831619));
#1893=CARTESIAN_POINT('',(221.889824306672,114.166666666667,186.199832124904));
#1894=CARTESIAN_POINT('',(221.889824306672,114.166666666667,186.199832124904));
#1895=CARTESIAN_POINT('',(214.0933,114.166666666667,210.152465831619));
#1896=CARTESIAN_POINT('',(227.352746751834,94.1666666666667,187.978000160648));
#1897=CARTESIAN_POINT('',(231.889824306672,94.1666666666667,191.502249082983));
#1898=CARTESIAN_POINT('',(227.352746751834,114.166666666667,187.978000160648));
#1899=CARTESIAN_POINT('',(231.889824306672,114.166666666667,191.502249082983));
#1900=CARTESIAN_POINT('',(231.889824306672,114.166666666667,191.502249082983));
#1901=CARTESIAN_POINT('',(227.352746751834,114.166666666667,187.978000160648));
#1902=CARTESIAN_POINT('',(231.889824306672,94.1666666666667,191.502249082983));
#1903=CARTESIAN_POINT('',(231.889824306672,114.166666666667,191.502249082983));
#1904=CARTESIAN_POINT('',(231.889824306672,114.166666666667,191.502249082983));
#1905=CARTESIAN_POINT('',(227.352746751834,114.166666666667,187.978000160648));
#1906=CARTESIAN_POINT('',(229.852746751834,114.166666666667,187.978000160648));
#1907=CARTESIAN_POINT('',(227.352746751834,94.1666666666667,187.978000160648));
#1908=CARTESIAN_POINT('',(229.852746751834,94.1666666666667,187.978000160648));
#1909=CARTESIAN_POINT('',(227.352746751834,114.166666666667,187.978000160648));
#1910=CARTESIAN_POINT('',(227.352746751834,114.166666666667,187.978000160648));
#1911=CARTESIAN_POINT('',(227.352746751834,94.1666666666667,187.978000160648));
#1912=CARTESIAN_POINT('',(214.0933,282.5,210.152465831619));
#1913=CARTESIAN_POINT('',(221.889824306672,282.5,186.199832124904));
#1914=CARTESIAN_POINT('',(214.0933,302.5,210.152465831619));
#1915=CARTESIAN_POINT('',(221.889824306672,302.5,186.199832124904));
#1916=CARTESIAN_POINT('',(221.889824306672,302.5,186.199832124904));
#1917=CARTESIAN_POINT('',(214.0933,302.5,210.152465831619));
#1918=CARTESIAN_POINT('',(227.352746751834,282.5,187.978000160648));
#1919=CARTESIAN_POINT('',(231.889824306672,282.5,191.502249082983));
#1920=CARTESIAN_POINT('',(227.352746751834,302.5,187.978000160648));
#1921=CARTESIAN_POINT('',(231.889824306672,302.5,191.502249082983));
#1922=CARTESIAN_POINT('',(231.889824306672,302.5,191.502249082983));
#1923=CARTESIAN_POINT('',(227.352746751834,302.5,187.978000160648));
#1924=CARTESIAN_POINT('',(231.889824306672,282.5,191.502249082983));
#1925=CARTESIAN_POINT('',(231.889824306672,302.5,191.502249082983));
#1926=CARTESIAN_POINT('',(231.889824306672,302.5,191.502249082983));
#1927=CARTESIAN_POINT('',(227.352746751834,302.5,187.978000160648));
#1928=CARTESIAN_POINT('',(229.852746751834,302.5,187.978000160648));
#1929=CARTESIAN_POINT('',(227.352746751834,282.5,187.978000160648));
#1930=CARTESIAN_POINT('',(229.852746751834,282.5,187.978000160648));
#1931=CARTESIAN_POINT('',(227.352746751834,302.5,187.978000160648));
#1932=CARTESIAN_POINT('',(227.352746751834,302.5,187.978000160648));
#1933=CARTESIAN_POINT('',(227.352746751834,282.5,187.978000160648));
#1934=CARTESIAN_POINT('',(0.,-352.5,0.));
#1935=CARTESIAN_POINT('',(126.,-352.5,272.257231308922));
#1936=CARTESIAN_POINT('',(-126.,-352.5,272.257231308922));
#1937=CARTESIAN_POINT('',(126.,-352.5,233.719917850405));
#1938=CARTESIAN_POINT('',(126.,-352.5,266.737698872881));
#1939=CARTESIAN_POINT('',(0.,-352.5,0.));
#1940=CARTESIAN_POINT('',(-126.,-352.5,266.737698872881));
#1941=CARTESIAN_POINT('',(-126.,-352.5,240.));
#1942=CARTESIAN_POINT('',(180.,-352.5,333.3));
#1943=CARTESIAN_POINT('',(180.,-382.5,240.));
#1944=CARTESIAN_POINT('',(180.,298.5,240.));
#1945=CARTESIAN_POINT('',(180.,-298.5,240.));
#1946=CARTESIAN_POINT('',(180.,298.5,233.719917850405));
#1947=CARTESIAN_POINT('',(180.,298.5,233.719917850405));
#1948=CARTESIAN_POINT('',(180.,-382.5,233.719917850405));
#1949=CARTESIAN_POINT('',(180.,-298.5,233.719917850405));
#1950=CARTESIAN_POINT('',(180.,-298.5,240.));
#1951=CARTESIAN_POINT('',(180.,352.5,333.3));
#1952=CARTESIAN_POINT('',(0.,352.5,0.));
#1953=CARTESIAN_POINT('',(-126.,352.5,272.257231308922));
#1954=CARTESIAN_POINT('',(126.,352.5,272.257231308922));
#1955=CARTESIAN_POINT('',(-126.,352.5,233.719917850405));
#1956=CARTESIAN_POINT('',(-126.,352.5,266.737698872881));
#1957=CARTESIAN_POINT('',(0.,352.5,0.));
#1958=CARTESIAN_POINT('',(126.,352.5,266.737698872881));
#1959=CARTESIAN_POINT('',(126.,352.5,240.));
#1960=CARTESIAN_POINT('',(-180.,352.5,333.3));
#1961=CARTESIAN_POINT('',(-180.,-382.5,233.719917850405));
#1962=CARTESIAN_POINT('',(-180.,-298.5,233.719917850405));
#1963=CARTESIAN_POINT('',(-180.,298.5,233.719917850405));
#1964=CARTESIAN_POINT('',(-180.,298.5,240.));
#1965=CARTESIAN_POINT('',(-180.,298.5,240.));
#1966=CARTESIAN_POINT('',(-180.,-382.5,240.));
#1967=CARTESIAN_POINT('',(-180.,-298.5,240.));
#1968=CARTESIAN_POINT('',(-180.,-298.5,233.719917850405));
#1969=CARTESIAN_POINT('',(-180.,-352.5,333.3));
#1970=CARTESIAN_POINT('',(180.,-298.5,240.));
#1971=CARTESIAN_POINT('',(180.,-302.359099172511,240.));
#1972=CARTESIAN_POINT('',(179.591284454153,-306.124801369145,240.307996689161));
#1973=CARTESIAN_POINT('',(178.015547949513,-313.484863592194,241.477591947751));
#1974=CARTESIAN_POINT('',(176.832201932955,-317.086085697099,242.350400648276));
#1975=CARTESIAN_POINT('',(173.86451134047,-323.765468312119,244.488192007665));
#1976=CARTESIAN_POINT('',(172.051738748613,-326.923138358155,245.773189180069));
#1977=CARTESIAN_POINT('',(167.928156552479,-332.715013137629,248.608920924107));
#1978=CARTESIAN_POINT('',(165.634458403104,-335.338780803213,250.14836038088));
#1979=CARTESIAN_POINT('',(160.605625952595,-340.098518199614,253.406410582107));
#1980=CARTESIAN_POINT('',(157.878529939314,-342.217778127658,255.118625260817));
#1981=CARTESIAN_POINT('',(152.162666898265,-345.860317316095,258.568493775199));
#1982=CARTESIAN_POINT('',(149.153489975669,-347.403522642352,260.319798546656));
#1983=CARTESIAN_POINT('',(139.645509231428,-351.191124274897,265.615843090486));
#1984=CARTESIAN_POINT('',(132.982924938225,-352.5,269.025550232955));
#1985=CARTESIAN_POINT('',(126.,-352.5,272.257231308922));
#1986=CARTESIAN_POINT('',(-126.,-352.5,272.257231308922));
#1987=CARTESIAN_POINT('',(-132.987758493638,-352.5,269.02331327499));
#1988=CARTESIAN_POINT('',(-139.649336791385,-351.19096397309,265.614006409981));
#1989=CARTESIAN_POINT('',(-152.337624206293,-346.133723667442,258.545906791458));
#1990=CARTESIAN_POINT('',(-158.05324723161,-342.510912600396,255.059633182475));
#1991=CARTESIAN_POINT('',(-168.158977722417,-332.952745658527,248.513186070653));
#1992=CARTESIAN_POINT('',(-172.289099972183,-327.275477862321,245.622235828587));
#1993=CARTESIAN_POINT('',(-176.813721532156,-317.145185160314,242.36411049001));
#1994=CARTESIAN_POINT('',(-177.978489708944,-313.617039472752,241.504965994832));
#1995=CARTESIAN_POINT('',(-179.577645434402,-306.22814237375,240.318248702585));
#1996=CARTESIAN_POINT('',(-180.,-302.367035906057,240.));
#1997=CARTESIAN_POINT('',(-180.,-298.5,240.));
#1998=CARTESIAN_POINT('',(-180.,298.5,240.));
#1999=CARTESIAN_POINT('',(-180.,302.359099172511,240.));
#2000=CARTESIAN_POINT('',(-179.591284454153,306.124801369145,240.307996689161));
#2001=CARTESIAN_POINT('',(-178.015547949513,313.484863592195,241.477591947751));
#2002=CARTESIAN_POINT('',(-176.832201932955,317.0860856971,242.350400648276));
#2003=CARTESIAN_POINT('',(-173.86451134047,323.765468312119,244.488192007665));
#2004=CARTESIAN_POINT('',(-172.051738748613,326.923138358155,245.773189180069));
#2005=CARTESIAN_POINT('',(-167.928156552479,332.715013137629,248.608920924107));
#2006=CARTESIAN_POINT('',(-165.634458403104,335.338780803213,250.14836038088));
#2007=CARTESIAN_POINT('',(-160.605625952595,340.098518199614,253.406410582107));
#2008=CARTESIAN_POINT('',(-157.878529939314,342.217778127658,255.118625260817));
#2009=CARTESIAN_POINT('',(-152.162666898265,345.860317316095,258.568493775199));
#2010=CARTESIAN_POINT('',(-149.153489975669,347.403522642352,260.319798546656));
#2011=CARTESIAN_POINT('',(-139.645509231428,351.191124274897,265.615843090486));
#2012=CARTESIAN_POINT('',(-132.982924938225,352.5,269.025550232955));
#2013=CARTESIAN_POINT('',(-126.,352.5,272.257231308922));
#2014=CARTESIAN_POINT('',(126.,352.5,272.257231308922));
#2015=CARTESIAN_POINT('',(132.987758493638,352.5,269.02331327499));
#2016=CARTESIAN_POINT('',(139.649336791385,351.19096397309,265.614006409981));
#2017=CARTESIAN_POINT('',(152.337624206293,346.133723667442,258.545906791458));
#2018=CARTESIAN_POINT('',(158.05324723161,342.510912600396,255.059633182475));
#2019=CARTESIAN_POINT('',(168.158977722417,332.952745658527,248.513186070653));
#2020=CARTESIAN_POINT('',(172.289099972183,327.275477862321,245.622235828587));
#2021=CARTESIAN_POINT('',(176.813721532156,317.145185160314,242.36411049001));
#2022=CARTESIAN_POINT('',(177.978489708944,313.617039472752,241.504965994832));
#2023=CARTESIAN_POINT('',(179.577645434402,306.22814237375,240.318248702585));
#2024=CARTESIAN_POINT('',(180.,302.367035906057,240.));
#2025=CARTESIAN_POINT('',(180.,298.5,240.));
#2026=CARTESIAN_POINT('',(-214.0933,-382.5,210.152465831619));
#2027=CARTESIAN_POINT('',(-214.0933,310.5,210.152465831619));
#2028=CARTESIAN_POINT('',(-214.0933,-310.5,210.152465831619));
#2029=CARTESIAN_POINT('',(-214.0933,-310.5,210.152465831619));
#2030=CARTESIAN_POINT('',(-214.0933,-315.854316523649,210.152465831619));
#2031=CARTESIAN_POINT('',(-213.504267030736,-321.045763282025,210.756832749501));
#2032=CARTESIAN_POINT('',(-211.264353428388,-331.142303724935,213.002083467318));
#2033=CARTESIAN_POINT('',(-209.610124733977,-335.986869218989,214.642951597188));
#2034=CARTESIAN_POINT('',(-205.525604106778,-344.915765579886,218.557148402633));
#2035=CARTESIAN_POINT('',(-203.053665292373,-349.094588235875,220.868217530165));
#2036=CARTESIAN_POINT('',(-197.571048024103,-356.629468367309,225.785831013102));
#2037=CARTESIAN_POINT('',(-194.542200408337,-360.033788144865,228.41138999144));
#2038=CARTESIAN_POINT('',(-187.926570077751,-366.211710402786,233.884661909137));
#2039=CARTESIAN_POINT('',(-184.343347590703,-368.96943027469,236.726929931597));
#2040=CARTESIAN_POINT('',(-176.83396255269,-373.720464752038,242.387827342256));
#2041=CARTESIAN_POINT('',(-172.881110842109,-375.739776604138,245.229531046556));
#2042=CARTESIAN_POINT('',(-164.546199071312,-379.056437123736,250.898285674692));
#2043=CARTESIAN_POINT('',(-160.211800561388,-380.32926305995,253.690971533805));
#2044=CARTESIAN_POINT('',(-151.341850339568,-382.04628123603,259.080247052306));
#2045=CARTESIAN_POINT('',(-146.784700851891,-382.5,261.691853933314));
#2046=CARTESIAN_POINT('',(-142.0933,-382.5,264.214863501488));
#2047=CARTESIAN_POINT('',(-142.0933,-382.5,264.214863501488));
#2048=CARTESIAN_POINT('',(0.,-382.5,0.));
#2049=CARTESIAN_POINT('',(142.0933,-382.5,264.214863501488));
#2050=CARTESIAN_POINT('',(142.0933,-382.5,264.214863501488));
#2051=CARTESIAN_POINT('',(151.489651081465,-382.5,259.161557584365));
#2052=CARTESIAN_POINT('',(160.291323805835,-380.731809840686,253.786073344071));
#2053=CARTESIAN_POINT('',(172.740772827938,-375.804296989132,245.327934162651));
#2054=CARTESIAN_POINT('',(176.760267870003,-373.76074237045,242.441574524605));
#2055=CARTESIAN_POINT('',(184.271407007141,-369.021171176374,236.782934171898));
#2056=CARTESIAN_POINT('',(187.803272229081,-366.312514029424,233.983725019187));
#2057=CARTESIAN_POINT('',(194.425656553255,-360.156447124729,228.510649002712));
#2058=CARTESIAN_POINT('',(197.518904436855,-356.692381321238,225.831562280829));
#2059=CARTESIAN_POINT('',(203.01297254356,-349.159115568036,220.905738067537));
#2060=CARTESIAN_POINT('',(205.449595423136,-345.062561470407,218.629094383495));
#2061=CARTESIAN_POINT('',(209.589792065019,-336.050232563641,214.663309004169));
#2062=CARTESIAN_POINT('',(211.220175852832,-331.293563466746,213.046030624491));
#2063=CARTESIAN_POINT('',(213.486660854986,-321.171704299137,210.774807529603));
#2064=CARTESIAN_POINT('',(214.0933,-315.857001442622,210.152465831619));
#2065=CARTESIAN_POINT('',(214.0933,-310.5,210.152465831619));
#2066=CARTESIAN_POINT('',(214.0933,-310.5,210.152465831619));
#2067=CARTESIAN_POINT('',(214.0933,-382.5,210.152465831619));
#2068=CARTESIAN_POINT('',(214.0933,310.5,210.152465831619));
#2069=CARTESIAN_POINT('',(214.0933,310.5,210.152465831619));
#2070=CARTESIAN_POINT('',(214.0933,315.854316523649,210.152465831619));
#2071=CARTESIAN_POINT('',(213.504267030736,321.045763282025,210.756832749501));
#2072=CARTESIAN_POINT('',(211.264353428388,331.142303724935,213.002083467318));
#2073=CARTESIAN_POINT('',(209.610124733977,335.986869218989,214.642951597189));
#2074=CARTESIAN_POINT('',(205.525604106778,344.915765579886,218.557148402633));
#2075=CARTESIAN_POINT('',(203.053665292373,349.094588235875,220.868217530165));
#2076=CARTESIAN_POINT('',(197.571048024103,356.629468367309,225.785831013102));
#2077=CARTESIAN_POINT('',(194.542200408337,360.033788144865,228.41138999144));
#2078=CARTESIAN_POINT('',(187.926570077751,366.211710402786,233.884661909137));
#2079=CARTESIAN_POINT('',(184.343347590703,368.969430274691,236.726929931597));
#2080=CARTESIAN_POINT('',(176.83396255269,373.720464752038,242.387827342257));
#2081=CARTESIAN_POINT('',(172.881110842109,375.739776604138,245.229531046556));
#2082=CARTESIAN_POINT('',(164.546199071312,379.056437123736,250.898285674692));
#2083=CARTESIAN_POINT('',(160.211800561388,380.32926305995,253.690971533805));
#2084=CARTESIAN_POINT('',(151.341850339568,382.04628123603,259.080247052306));
#2085=CARTESIAN_POINT('',(146.784700851891,382.5,261.691853933314));
#2086=CARTESIAN_POINT('',(142.0933,382.5,264.214863501488));
#2087=CARTESIAN_POINT('',(142.0933,382.5,264.214863501488));
#2088=CARTESIAN_POINT('',(0.,382.5,0.));
#2089=CARTESIAN_POINT('',(-142.0933,382.5,264.214863501488));
#2090=CARTESIAN_POINT('',(-142.0933,382.5,264.214863501488));
#2091=CARTESIAN_POINT('',(-151.489651081465,382.5,259.161557584365));
#2092=CARTESIAN_POINT('',(-160.291323805835,380.731809840686,253.786073344071));
#2093=CARTESIAN_POINT('',(-172.740772827938,375.804296989132,245.327934162651));
#2094=CARTESIAN_POINT('',(-176.760267870003,373.76074237045,242.441574524605));
#2095=CARTESIAN_POINT('',(-184.271407007141,369.021171176374,236.782934171898));
#2096=CARTESIAN_POINT('',(-187.803272229081,366.312514029424,233.983725019187));
#2097=CARTESIAN_POINT('',(-194.425656553255,360.156447124729,228.510649002712));
#2098=CARTESIAN_POINT('',(-197.518904436855,356.692381321238,225.831562280829));
#2099=CARTESIAN_POINT('',(-203.01297254356,349.159115568036,220.905738067536));
#2100=CARTESIAN_POINT('',(-205.449595423136,345.062561470407,218.629094383495));
#2101=CARTESIAN_POINT('',(-209.589792065019,336.050232563641,214.663309004169));
#2102=CARTESIAN_POINT('',(-211.220175852832,331.293563466746,213.046030624491));
#2103=CARTESIAN_POINT('',(-213.486660854986,321.171704299137,210.774807529603));
#2104=CARTESIAN_POINT('',(-214.0933,315.857001442622,210.15246583162));
#2105=CARTESIAN_POINT('',(-214.0933,310.5,210.152465831619));
#2106=CARTESIAN_POINT('',(0.,-382.5,0.));
#2107=CARTESIAN_POINT('',(-180.,-298.5,233.719917850405));
#2108=CARTESIAN_POINT('',(-180.,-302.372397984341,233.719917850405));
#2109=CARTESIAN_POINT('',(-179.588512417835,-306.149494911469,234.038370688753));
#2110=CARTESIAN_POINT('',(-178.003496895197,-313.529296265239,235.246143093099));
#2111=CARTESIAN_POINT('',(-176.814382031052,-317.135565472873,236.146358032389));
#2112=CARTESIAN_POINT('',(-173.836309168987,-323.819424297967,238.347153789359));
#2113=CARTESIAN_POINT('',(-172.017516611689,-326.978175550127,239.66924651567));
#2114=CARTESIAN_POINT('',(-167.890413511288,-332.760933636201,242.578199345387));
#2115=CARTESIAN_POINT('',(-165.595602758706,-335.380351179873,244.156113783356));
#2116=CARTESIAN_POINT('',(-160.56488641521,-340.132207340948,247.493492442288));
#2117=CARTESIAN_POINT('',(-157.843032233799,-342.243230521989,249.242520439449));
#2118=CARTESIAN_POINT('',(-152.133524910747,-345.876025520108,252.767971503513));
#2119=CARTESIAN_POINT('',(-149.126890458522,-347.415965325926,254.557381901752));
#2120=CARTESIAN_POINT('',(-139.622677701013,-351.196504214654,259.968591229036));
#2121=CARTESIAN_POINT('',(-132.980702081972,-352.5,263.440195497674));
#2122=CARTESIAN_POINT('',(-126.,-352.5,266.737698872881));
#2123=CARTESIAN_POINT('',(126.,-352.5,266.737698872881));
#2124=CARTESIAN_POINT('',(132.985248768974,-352.5,263.43804776016));
#2125=CARTESIAN_POINT('',(139.636344589913,-351.19326644168,259.961301906657));
#2126=CARTESIAN_POINT('',(152.311382558303,-346.14704996051,252.743803015257));
#2127=CARTESIAN_POINT('',(158.013716752133,-342.539001395488,249.185579184751));
#2128=CARTESIAN_POINT('',(168.122488127233,-332.99648820052,242.480136385172));
#2129=CARTESIAN_POINT('',(172.248433795046,-327.345215446811,239.519686809885));
#2130=CARTESIAN_POINT('',(176.795444811278,-317.196625553595,236.160795905185));
#2131=CARTESIAN_POINT('',(177.966217141239,-313.661451617275,235.274408356204));
#2132=CARTESIAN_POINT('',(179.574291162101,-306.255814953425,234.049344422396));
#2133=CARTESIAN_POINT('',(180.,-302.380804130065,233.719917850405));
#2134=CARTESIAN_POINT('',(180.,-298.5,233.719917850405));
#2135=CARTESIAN_POINT('',(180.,298.5,233.719917850405));
#2136=CARTESIAN_POINT('',(180.,302.372397984341,233.719917850405));
#2137=CARTESIAN_POINT('',(179.588512417835,306.149494911469,234.038370688753));
#2138=CARTESIAN_POINT('',(178.003496895197,313.529296265239,235.246143093099));
#2139=CARTESIAN_POINT('',(176.814382031052,317.135565472873,236.146358032389));
#2140=CARTESIAN_POINT('',(173.836309168987,323.819424297967,238.347153789359));
#2141=CARTESIAN_POINT('',(172.017516611689,326.978175550127,239.66924651567));
#2142=CARTESIAN_POINT('',(167.890413511288,332.760933636201,242.578199345387));
#2143=CARTESIAN_POINT('',(165.595602758706,335.380351179873,244.156113783356));
#2144=CARTESIAN_POINT('',(160.56488641521,340.132207340948,247.493492442288));
#2145=CARTESIAN_POINT('',(157.843032233799,342.243230521989,249.242520439449));
#2146=CARTESIAN_POINT('',(152.133524910747,345.876025520108,252.767971503513));
#2147=CARTESIAN_POINT('',(149.126890458522,347.415965325926,254.557381901752));
#2148=CARTESIAN_POINT('',(139.622677701013,351.196504214654,259.968591229036));
#2149=CARTESIAN_POINT('',(132.980702081972,352.5,263.440195497674));
#2150=CARTESIAN_POINT('',(126.,352.5,266.737698872881));
#2151=CARTESIAN_POINT('',(-126.,352.5,266.737698872881));
#2152=CARTESIAN_POINT('',(-132.985248768974,352.5,263.43804776016));
#2153=CARTESIAN_POINT('',(-139.636344589913,351.19326644168,259.961301906657));
#2154=CARTESIAN_POINT('',(-152.311382558303,346.147049960511,252.743803015257));
#2155=CARTESIAN_POINT('',(-158.013716752133,342.539001395488,249.185579184751));
#2156=CARTESIAN_POINT('',(-168.122488127233,332.99648820052,242.480136385172));
#2157=CARTESIAN_POINT('',(-172.248433795046,327.345215446812,239.519686809885));
#2158=CARTESIAN_POINT('',(-176.795444811278,317.196625553595,236.160795905185));
#2159=CARTESIAN_POINT('',(-177.966217141239,313.661451617275,235.274408356204));
#2160=CARTESIAN_POINT('',(-179.574291162101,306.255814953425,234.049344422396));
#2161=CARTESIAN_POINT('',(-180.,302.380804130065,233.719917850405));
#2162=CARTESIAN_POINT('',(-180.,298.5,233.719917850405));
#2163=CARTESIAN_POINT('',(0.,-382.5,0.));
#2164=CARTESIAN_POINT('',(142.0933,-382.5,258.523681884484));
#2165=CARTESIAN_POINT('',(-142.0933,-382.5,258.523681884484));
#2166=CARTESIAN_POINT('',(-142.0933,-382.5,258.523681884484));
#2167=CARTESIAN_POINT('',(-151.494520740641,-382.5,253.356455155665));
#2168=CARTESIAN_POINT('',(-160.292742222188,-380.730034134051,247.857381868168));
#2169=CARTESIAN_POINT('',(-172.727351739572,-375.810215295422,239.198188120117));
#2170=CARTESIAN_POINT('',(-176.737051889103,-373.772719760659,236.244500667441));
#2171=CARTESIAN_POINT('',(-184.232749943342,-369.048214057623,230.446834333592));
#2172=CARTESIAN_POINT('',(-187.758069180732,-366.348653109721,227.575788172339));
#2173=CARTESIAN_POINT('',(-194.370849226778,-360.213187841269,221.954510825077));
#2174=CARTESIAN_POINT('',(-197.460421478571,-356.761704265548,219.19940382969));
#2175=CARTESIAN_POINT('',(-202.955831273601,-349.248105880751,214.121290958719));
#2176=CARTESIAN_POINT('',(-205.397591535968,-345.157922346931,211.767251628328));
#2177=CARTESIAN_POINT('',(-209.552359770259,-336.149174707764,207.656803369666));
#2178=CARTESIAN_POINT('',(-211.193847620749,-331.386486393549,205.972987334062));
#2179=CARTESIAN_POINT('',(-213.48059905271,-321.223083946061,203.601931749848));
#2180=CARTESIAN_POINT('',(-214.0933,-315.88744502459,202.950878034834));
#2181=CARTESIAN_POINT('',(-214.0933,-310.5,202.950878034834));
#2182=CARTESIAN_POINT('',(-214.0933,-310.5,202.950878034834));
#2183=CARTESIAN_POINT('',(-214.0933,-382.5,202.950878034834));
#2184=CARTESIAN_POINT('',(-214.0933,310.5,202.950878034834));
#2185=CARTESIAN_POINT('',(-214.0933,310.5,202.950878034834));
#2186=CARTESIAN_POINT('',(-214.0933,315.885659389106,202.950878034834));
#2187=CARTESIAN_POINT('',(-213.497532011093,321.102164542966,203.584026542258));
#2188=CARTESIAN_POINT('',(-211.236871886177,331.239737435928,205.928715806537));
#2189=CARTESIAN_POINT('',(-209.572238484982,336.087954149843,207.636236760799));
#2190=CARTESIAN_POINT('',(-205.469644253455,345.019407957004,211.696847520579));
#2191=CARTESIAN_POINT('',(-202.993306914281,349.188667092995,214.085623554036));
#2192=CARTESIAN_POINT('',(-197.510680231235,356.701058125316,219.153982530801));
#2193=CARTESIAN_POINT('',(-194.48352747392,360.095150053851,221.85580104604));
#2194=CARTESIAN_POINT('',(-187.872356600857,366.255652810891,227.481464171742));
#2195=CARTESIAN_POINT('',(-184.299194395704,369.000529856203,230.393709937065));
#2196=CARTESIAN_POINT('',(-176.80431885075,373.736023637961,236.194173232941));
#2197=CARTESIAN_POINT('',(-172.857390707441,375.750668614608,239.104758442482));
#2198=CARTESIAN_POINT('',(-160.365558368187,380.717096927761,247.812307638965));
#2199=CARTESIAN_POINT('',(-151.482304796108,382.5,253.363169449144));
#2200=CARTESIAN_POINT('',(-142.0933,382.5,258.523681884484));
#2201=CARTESIAN_POINT('',(-142.0933,382.5,258.523681884484));
#2202=CARTESIAN_POINT('',(0.,382.5,0.));
#2203=CARTESIAN_POINT('',(142.0933,382.5,258.523681884484));
#2204=CARTESIAN_POINT('',(142.0933,382.5,258.523681884484));
#2205=CARTESIAN_POINT('',(151.494520740641,382.5,253.356455155665));
#2206=CARTESIAN_POINT('',(160.292742222188,380.730034134051,247.857381868168));
#2207=CARTESIAN_POINT('',(172.727351739572,375.810215295422,239.198188120117));
#2208=CARTESIAN_POINT('',(176.737051889103,373.772719760659,236.244500667441));
#2209=CARTESIAN_POINT('',(184.232749943342,369.048214057623,230.446834333592));
#2210=CARTESIAN_POINT('',(187.758069180732,366.348653109721,227.575788172339));
#2211=CARTESIAN_POINT('',(194.370849226778,360.213187841269,221.954510825077));
#2212=CARTESIAN_POINT('',(197.460421478571,356.761704265548,219.19940382969));
#2213=CARTESIAN_POINT('',(202.955831273601,349.248105880751,214.121290958719));
#2214=CARTESIAN_POINT('',(205.397591535968,345.157922346931,211.767251628328));
#2215=CARTESIAN_POINT('',(209.552359770259,336.149174707764,207.656803369666));
#2216=CARTESIAN_POINT('',(211.193847620749,331.386486393549,205.972987334062));
#2217=CARTESIAN_POINT('',(213.48059905271,321.223083946061,203.601931749848));
#2218=CARTESIAN_POINT('',(214.0933,315.88744502459,202.950878034834));
#2219=CARTESIAN_POINT('',(214.0933,310.5,202.950878034834));
#2220=CARTESIAN_POINT('',(214.0933,310.5,202.950878034834));
#2221=CARTESIAN_POINT('',(214.0933,-382.5,202.950878034834));
#2222=CARTESIAN_POINT('',(214.0933,-310.5,202.950878034834));
#2223=CARTESIAN_POINT('',(214.0933,-310.5,202.950878034834));
#2224=CARTESIAN_POINT('',(214.0933,-315.885659389106,202.950878034834));
#2225=CARTESIAN_POINT('',(213.497532011093,-321.102164542966,203.584026542258));
#2226=CARTESIAN_POINT('',(211.236871886177,-331.239737435928,205.928715806537));
#2227=CARTESIAN_POINT('',(209.572238484982,-336.087954149843,207.636236760799));
#2228=CARTESIAN_POINT('',(205.469644253455,-345.019407957004,211.696847520579));
#2229=CARTESIAN_POINT('',(202.993306914281,-349.188667092995,214.085623554036));
#2230=CARTESIAN_POINT('',(197.510680231235,-356.701058125316,219.153982530801));
#2231=CARTESIAN_POINT('',(194.48352747392,-360.095150053851,221.85580104604));
#2232=CARTESIAN_POINT('',(187.872356600857,-366.255652810891,227.481464171742));
#2233=CARTESIAN_POINT('',(184.299194395704,-369.000529856203,230.393709937065));
#2234=CARTESIAN_POINT('',(176.80431885075,-373.736023637961,236.194173232941));
#2235=CARTESIAN_POINT('',(172.857390707441,-375.750668614608,239.104758442482));
#2236=CARTESIAN_POINT('',(160.365558368187,-380.717096927761,247.812307638965));
#2237=CARTESIAN_POINT('',(151.482304796108,-382.5,253.363169449144));
#2238=CARTESIAN_POINT('',(142.0933,-382.5,258.523681884484));
#2239=CARTESIAN_POINT('',(0.,-382.5,0.));
#2240=CARTESIAN_POINT('',(-142.0933,-382.5,202.950878034834));
#2241=CARTESIAN_POINT('',(142.0933,-382.5,210.152465831619));
#2242=CARTESIAN_POINT('',(0.,-382.5,0.));
#2243=CARTESIAN_POINT('',(142.0933,382.5,0.));
#2244=CARTESIAN_POINT('',(-142.0933,382.5,0.));
#2245=CARTESIAN_POINT('',(0.,382.5,0.));
#2246=CARTESIAN_POINT('',(214.0933,-310.5,202.950878034834));
#2247=CARTESIAN_POINT('',(214.0933,310.5,333.3));
#2248=CARTESIAN_POINT('',(214.0933,-382.5,333.3));
#2249=CARTESIAN_POINT('',(-214.0933,-310.5,210.152465831619));
#2250=CARTESIAN_POINT('',(-214.0933,310.5,333.3));
#2251=CARTESIAN_POINT('',(-214.0933,382.5,333.3));
#2252=CARTESIAN_POINT('',(-126.,298.5,333.3));
#2253=CARTESIAN_POINT('',(126.,298.5,333.3));
#2254=CARTESIAN_POINT('',(126.,-298.5,333.3));
#2255=CARTESIAN_POINT('',(-126.,-298.5,333.3));
#2256=CARTESIAN_POINT('',(-142.0933,-310.5,0.));
#2257=CARTESIAN_POINT('',(142.0933,-310.5,333.3));
#2258=CARTESIAN_POINT('',(142.0933,310.5,0.));
#2259=CARTESIAN_POINT('',(-142.0933,310.5,333.3));
#2260=MECHANICAL_DESIGN_GEOMETRIC_PRESENTATION_REPRESENTATION('',(#24,#25),
#2261);
#2261=(
GEOMETRIC_REPRESENTATION_CONTEXT(3)
GLOBAL_UNCERTAINTY_ASSIGNED_CONTEXT((#2262))
GLOBAL_UNIT_ASSIGNED_CONTEXT((#2268,#2264,#2263))
REPRESENTATION_CONTEXT('W_WS_M_04_door','TOP_LEVEL_ASSEMBLY_PART')
);
#2262=UNCERTAINTY_MEASURE_WITH_UNIT(LENGTH_MEASURE(0.0508),#2268,
'DISTANCE_ACCURACY_VALUE','Maximum Tolerance applied to model');
#2263=(
NAMED_UNIT(*)
SI_UNIT($,.STERADIAN.)
SOLID_ANGLE_UNIT()
);
#2264=(
CONVERSION_BASED_UNIT('DEGREE',#2266)
NAMED_UNIT(#2265)
PLANE_ANGLE_UNIT()
);
#2265=DIMENSIONAL_EXPONENTS(0.,0.,0.,0.,0.,0.,0.);
#2266=PLANE_ANGLE_MEASURE_WITH_UNIT(PLANE_ANGLE_MEASURE(0.0174532925),#2267);
#2267=(
NAMED_UNIT(*)
PLANE_ANGLE_UNIT()
SI_UNIT($,.RADIAN.)
);
#2268=(
LENGTH_UNIT()
NAMED_UNIT(*)
SI_UNIT(.MILLI.,.METRE.)
);
ENDSEC;
END-ISO-10303-21;
