ISO-10303-21;
HEADER;
/* Generated by software containing ST-Developer
 * from STEP Tools, Inc. (www.steptools.com) 
 */
/* OPTION: using custom schema-name function */

FILE_DESCRIPTION(
/* description */ (''),
/* implementation_level */ '2;1');

FILE_NAME(
/* name */ 'W_WS_M_01_drum.stp',
/* time_stamp */ '2025-11-20T09:26:39+01:00',
/* author */ (''),
/* organization */ (''),
/* preprocessor_version */ 'ST-DEVELOPER v18.1',
/* originating_system */ 'SIEMENS PLM Software NX 1988',
/* authorisation */ '');

FILE_SCHEMA (('AUTOMOTIVE_DESIGN { 1 0 10303 214 3 1 1 1 }'));
ENDSEC;

DATA;
#10=SHAPE_REPRESENTATION_RELATIONSHIP('None',
'relationship between W_WS_M_01_drum-None and W_WS_M_01_drum-None',#22,
#11);
#11=ADVANCED_BREP_SHAPE_REPRESENTATION('W_WS_M_01_drum-None',(#68,#69,#70,
#71,#72,#73),#4313);
#12=SHAPE_DEFINITION_REPRESENTATION(#13,#22);
#13=PRODUCT_DEFINITION_SHAPE('','',#14);
#14=PRODUCT_DEFINITION(' ','',#16,#15);
#15=PRODUCT_DEFINITION_CONTEXT('part definition',#21,'design');
#16=PRODUCT_DEFINITION_FORMATION_WITH_SPECIFIED_SOURCE(' ',' ',#18,
 .NOT_KNOWN.);
#17=PRODUCT_RELATED_PRODUCT_CATEGORY('part','',(#18));
#18=PRODUCT('W_WS_M_01_drum','W_WS_M_01_drum',' ',(#19));
#19=PRODUCT_CONTEXT(' ',#21,'mechanical');
#20=APPLICATION_PROTOCOL_DEFINITION('international standard',
'automotive_design',2010,#21);
#21=APPLICATION_CONTEXT(
'core data for automotive mechanical design processes');
#22=SHAPE_REPRESENTATION('W_WS_M_01_drum-None',(#2356),#4313);
#23=PRESENTATION_LAYER_ASSIGNMENT('1','Layer 1',(#68,#69,#70,#71,#72,#73));
#24=STYLED_ITEM('',(#30),#68);
#25=STYLED_ITEM('',(#31),#69);
#26=STYLED_ITEM('',(#32),#70);
#27=STYLED_ITEM('',(#33),#71);
#28=STYLED_ITEM('',(#34),#72);
#29=STYLED_ITEM('',(#35),#73);
#30=PRESENTATION_STYLE_ASSIGNMENT((#36));
#31=PRESENTATION_STYLE_ASSIGNMENT((#37));
#32=PRESENTATION_STYLE_ASSIGNMENT((#38));
#33=PRESENTATION_STYLE_ASSIGNMENT((#39));
#34=PRESENTATION_STYLE_ASSIGNMENT((#40));
#35=PRESENTATION_STYLE_ASSIGNMENT((#41));
#36=SURFACE_STYLE_USAGE(.BOTH.,#42);
#37=SURFACE_STYLE_USAGE(.BOTH.,#43);
#38=SURFACE_STYLE_USAGE(.BOTH.,#44);
#39=SURFACE_STYLE_USAGE(.BOTH.,#45);
#40=SURFACE_STYLE_USAGE(.BOTH.,#46);
#41=SURFACE_STYLE_USAGE(.BOTH.,#47);
#42=SURFACE_SIDE_STYLE('',(#48));
#43=SURFACE_SIDE_STYLE('',(#49));
#44=SURFACE_SIDE_STYLE('',(#50));
#45=SURFACE_SIDE_STYLE('',(#51));
#46=SURFACE_SIDE_STYLE('',(#52));
#47=SURFACE_SIDE_STYLE('',(#53));
#48=SURFACE_STYLE_FILL_AREA(#54);
#49=SURFACE_STYLE_FILL_AREA(#55);
#50=SURFACE_STYLE_FILL_AREA(#56);
#51=SURFACE_STYLE_FILL_AREA(#57);
#52=SURFACE_STYLE_FILL_AREA(#58);
#53=SURFACE_STYLE_FILL_AREA(#59);
#54=FILL_AREA_STYLE('',(#60));
#55=FILL_AREA_STYLE('',(#61));
#56=FILL_AREA_STYLE('',(#62));
#57=FILL_AREA_STYLE('',(#63));
#58=FILL_AREA_STYLE('',(#64));
#59=FILL_AREA_STYLE('',(#65));
#60=FILL_AREA_STYLE_COLOUR('',#66);
#61=FILL_AREA_STYLE_COLOUR('',#67);
#62=FILL_AREA_STYLE_COLOUR('',#66);
#63=FILL_AREA_STYLE_COLOUR('',#66);
#64=FILL_AREA_STYLE_COLOUR('',#66);
#65=FILL_AREA_STYLE_COLOUR('',#66);
#66=COLOUR_RGB('medium steel',0.596078431372549,0.666666666666667,0.686274509803922);
#67=COLOUR_RGB('dark gray',0.2,0.2,0.2);
#68=MANIFOLD_SOLID_BREP('',#74);
#69=MANIFOLD_SOLID_BREP('',#75);
#70=MANIFOLD_SOLID_BREP('',#76);
#71=MANIFOLD_SOLID_BREP('',#77);
#72=MANIFOLD_SOLID_BREP('',#78);
#73=MANIFOLD_SOLID_BREP('',#79);
#74=CLOSED_SHELL('',(#709,#710,#711,#712,#713,#714,#715,#716,#717,#718,
#719,#720,#721,#722,#723,#724,#725,#726,#727,#728,#729,#730,#731,#732,#733,
#734,#735,#736,#737,#738,#739,#740,#741,#742,#743,#744,#745,#746,#747,#748,
#749,#750,#751,#752,#753,#754,#755,#756,#757,#758,#759,#760,#761,#762,#763,
#764,#765,#766,#767,#768,#769,#770,#771,#772,#773,#774,#775,#776,#777,#778,
#779,#780,#781,#782,#783,#784,#785,#786,#787,#788,#789,#790,#791,#792,#793,
#794,#795,#796,#797,#798,#799,#800,#801,#802,#803,#804,#805,#806));
#75=CLOSED_SHELL('',(#807,#808,#809,#810,#811,#812,#813,#814,#815,#816,
#817,#818,#819,#820,#821,#822,#823,#824));
#76=CLOSED_SHELL('',(#825,#826,#827,#828,#829,#830));
#77=CLOSED_SHELL('',(#831,#832,#833,#834,#835,#836));
#78=CLOSED_SHELL('',(#837,#838,#839,#840,#841,#842));
#79=CLOSED_SHELL('',(#843,#844,#845,#846,#847,#848));
#80=PLANE('',#2369);
#81=PLANE('',#2370);
#82=PLANE('',#2371);
#83=PLANE('',#2373);
#84=PLANE('',#2390);
#85=PLANE('',#2400);
#86=PLANE('',#2401);
#87=PLANE('',#2403);
#88=PLANE('',#2404);
#89=PLANE('',#2408);
#90=PLANE('',#2409);
#91=PLANE('',#2410);
#92=PLANE('',#2411);
#93=PLANE('',#2412);
#94=PLANE('',#2413);
#95=PLANE('',#2414);
#96=PLANE('',#2415);
#97=PLANE('',#2416);
#98=PLANE('',#2418);
#99=PLANE('',#2420);
#100=PLANE('',#2421);
#101=PLANE('',#2422);
#102=PLANE('',#2423);
#103=PLANE('',#2424);
#104=PLANE('',#2425);
#105=PLANE('',#2426);
#106=PLANE('',#2427);
#107=PLANE('',#2430);
#108=PLANE('',#2433);
#109=PLANE('',#2435);
#110=PLANE('',#2437);
#111=PLANE('',#2438);
#112=PLANE('',#2440);
#113=PLANE('',#2442);
#114=PLANE('',#2444);
#115=PLANE('',#2451);
#116=PLANE('',#2454);
#117=PLANE('',#2455);
#118=PLANE('',#2456);
#119=PLANE('',#2458);
#120=PLANE('',#2461);
#121=PLANE('',#2462);
#122=PLANE('',#2463);
#123=PLANE('',#2465);
#124=PLANE('',#2468);
#125=PLANE('',#2469);
#126=PLANE('',#2470);
#127=PLANE('',#2471);
#128=PLANE('',#2476);
#129=PLANE('',#2477);
#130=PLANE('',#2478);
#131=PLANE('',#2480);
#132=PLANE('',#2482);
#133=PLANE('',#2487);
#134=PLANE('',#2488);
#135=PLANE('',#2489);
#136=PLANE('',#2491);
#137=PLANE('',#2493);
#138=PLANE('',#2498);
#139=PLANE('',#2499);
#140=PLANE('',#2500);
#141=PLANE('',#2502);
#142=PLANE('',#2504);
#143=PLANE('',#2509);
#144=PLANE('',#2510);
#145=PLANE('',#2511);
#146=PLANE('',#2513);
#147=PLANE('',#2515);
#148=PLANE('',#2517);
#149=PLANE('',#2523);
#150=PLANE('',#2529);
#151=PLANE('',#2530);
#152=PLANE('',#2531);
#153=PLANE('',#2532);
#154=PLANE('',#2533);
#155=PLANE('',#2534);
#156=PLANE('',#2543);
#157=PLANE('',#2544);
#158=PLANE('',#2545);
#159=PLANE('',#2546);
#160=PLANE('',#2547);
#161=PLANE('',#2548);
#162=PLANE('',#2549);
#163=PLANE('',#2550);
#164=PLANE('',#2551);
#165=PLANE('',#2552);
#166=PLANE('',#2553);
#167=PLANE('',#2554);
#168=PLANE('',#2555);
#169=PLANE('',#2556);
#170=PLANE('',#2557);
#171=PLANE('',#2558);
#172=PLANE('',#2559);
#173=PLANE('',#2560);
#174=PLANE('',#2561);
#175=PLANE('',#2562);
#176=PLANE('',#2563);
#177=PLANE('',#2564);
#178=PLANE('',#2565);
#179=PLANE('',#2566);
#180=FACE_OUTER_BOUND('',#986,.T.);
#181=FACE_OUTER_BOUND('',#987,.T.);
#182=FACE_OUTER_BOUND('',#988,.T.);
#183=FACE_OUTER_BOUND('',#989,.T.);
#184=FACE_OUTER_BOUND('',#990,.T.);
#185=FACE_OUTER_BOUND('',#991,.T.);
#186=FACE_OUTER_BOUND('',#992,.T.);
#187=FACE_OUTER_BOUND('',#1000,.T.);
#188=FACE_OUTER_BOUND('',#1007,.T.);
#189=FACE_OUTER_BOUND('',#1008,.T.);
#190=FACE_OUTER_BOUND('',#1009,.T.);
#191=FACE_OUTER_BOUND('',#1010,.T.);
#192=FACE_OUTER_BOUND('',#1011,.T.);
#193=FACE_OUTER_BOUND('',#1012,.T.);
#194=FACE_OUTER_BOUND('',#1013,.T.);
#195=FACE_OUTER_BOUND('',#1014,.T.);
#196=FACE_OUTER_BOUND('',#1018,.T.);
#197=FACE_OUTER_BOUND('',#1019,.T.);
#198=FACE_OUTER_BOUND('',#1020,.T.);
#199=FACE_OUTER_BOUND('',#1021,.T.);
#200=FACE_OUTER_BOUND('',#1022,.T.);
#201=FACE_OUTER_BOUND('',#1023,.T.);
#202=FACE_OUTER_BOUND('',#1024,.T.);
#203=FACE_OUTER_BOUND('',#1025,.T.);
#204=FACE_OUTER_BOUND('',#1030,.T.);
#205=FACE_OUTER_BOUND('',#1031,.T.);
#206=FACE_OUTER_BOUND('',#1032,.T.);
#207=FACE_OUTER_BOUND('',#1033,.T.);
#208=FACE_OUTER_BOUND('',#1034,.T.);
#209=FACE_OUTER_BOUND('',#1035,.T.);
#210=FACE_OUTER_BOUND('',#1036,.T.);
#211=FACE_OUTER_BOUND('',#1037,.T.);
#212=FACE_OUTER_BOUND('',#1042,.T.);
#213=FACE_OUTER_BOUND('',#1045,.T.);
#214=FACE_OUTER_BOUND('',#1046,.T.);
#215=FACE_OUTER_BOUND('',#1047,.T.);
#216=FACE_OUTER_BOUND('',#1048,.T.);
#217=FACE_OUTER_BOUND('',#1049,.T.);
#218=FACE_OUTER_BOUND('',#1050,.T.);
#219=FACE_OUTER_BOUND('',#1054,.T.);
#220=FACE_OUTER_BOUND('',#1055,.T.);
#221=FACE_OUTER_BOUND('',#1056,.T.);
#222=FACE_OUTER_BOUND('',#1057,.T.);
#223=FACE_OUTER_BOUND('',#1062,.T.);
#224=FACE_OUTER_BOUND('',#1063,.T.);
#225=FACE_OUTER_BOUND('',#1064,.T.);
#226=FACE_OUTER_BOUND('',#1069,.T.);
#227=FACE_OUTER_BOUND('',#1070,.T.);
#228=FACE_OUTER_BOUND('',#1071,.T.);
#229=FACE_OUTER_BOUND('',#1076,.T.);
#230=FACE_OUTER_BOUND('',#1077,.T.);
#231=FACE_OUTER_BOUND('',#1078,.T.);
#232=FACE_OUTER_BOUND('',#1079,.T.);
#233=FACE_OUTER_BOUND('',#1082,.T.);
#234=FACE_OUTER_BOUND('',#1083,.T.);
#235=FACE_OUTER_BOUND('',#1084,.T.);
#236=FACE_OUTER_BOUND('',#1085,.T.);
#237=FACE_OUTER_BOUND('',#1088,.T.);
#238=FACE_OUTER_BOUND('',#1091,.T.);
#239=FACE_OUTER_BOUND('',#1092,.T.);
#240=FACE_OUTER_BOUND('',#1093,.T.);
#241=FACE_OUTER_BOUND('',#1094,.T.);
#242=FACE_OUTER_BOUND('',#1097,.T.);
#243=FACE_OUTER_BOUND('',#1100,.T.);
#244=FACE_OUTER_BOUND('',#1101,.T.);
#245=FACE_OUTER_BOUND('',#1102,.T.);
#246=FACE_OUTER_BOUND('',#1103,.T.);
#247=FACE_OUTER_BOUND('',#1106,.T.);
#248=FACE_OUTER_BOUND('',#1109,.T.);
#249=FACE_OUTER_BOUND('',#1110,.T.);
#250=FACE_OUTER_BOUND('',#1111,.T.);
#251=FACE_OUTER_BOUND('',#1112,.T.);
#252=FACE_OUTER_BOUND('',#1115,.T.);
#253=FACE_OUTER_BOUND('',#1118,.T.);
#254=FACE_OUTER_BOUND('',#1121,.T.);
#255=FACE_OUTER_BOUND('',#1124,.T.);
#256=FACE_OUTER_BOUND('',#1125,.T.);
#257=FACE_OUTER_BOUND('',#1126,.T.);
#258=FACE_OUTER_BOUND('',#1127,.T.);
#259=FACE_OUTER_BOUND('',#1128,.T.);
#260=FACE_OUTER_BOUND('',#1129,.T.);
#261=FACE_OUTER_BOUND('',#1130,.T.);
#262=FACE_OUTER_BOUND('',#1131,.T.);
#263=FACE_OUTER_BOUND('',#1132,.T.);
#264=FACE_OUTER_BOUND('',#1133,.T.);
#265=FACE_OUTER_BOUND('',#1134,.T.);
#266=FACE_OUTER_BOUND('',#1135,.T.);
#267=FACE_OUTER_BOUND('',#1136,.T.);
#268=FACE_OUTER_BOUND('',#1137,.T.);
#269=FACE_OUTER_BOUND('',#1138,.T.);
#270=FACE_OUTER_BOUND('',#1139,.T.);
#271=FACE_OUTER_BOUND('',#1140,.T.);
#272=FACE_OUTER_BOUND('',#1141,.T.);
#273=FACE_OUTER_BOUND('',#1142,.T.);
#274=FACE_OUTER_BOUND('',#1143,.T.);
#275=FACE_OUTER_BOUND('',#1144,.T.);
#276=FACE_OUTER_BOUND('',#1145,.T.);
#277=FACE_OUTER_BOUND('',#1146,.T.);
#278=FACE_OUTER_BOUND('',#1147,.T.);
#279=FACE_OUTER_BOUND('',#1148,.T.);
#280=FACE_OUTER_BOUND('',#1149,.T.);
#281=FACE_OUTER_BOUND('',#1150,.T.);
#282=FACE_OUTER_BOUND('',#1151,.T.);
#283=FACE_OUTER_BOUND('',#1152,.T.);
#284=FACE_OUTER_BOUND('',#1153,.T.);
#285=FACE_OUTER_BOUND('',#1154,.T.);
#286=FACE_OUTER_BOUND('',#1155,.T.);
#287=FACE_OUTER_BOUND('',#1156,.T.);
#288=FACE_OUTER_BOUND('',#1157,.T.);
#289=FACE_OUTER_BOUND('',#1158,.T.);
#290=FACE_OUTER_BOUND('',#1159,.T.);
#291=FACE_OUTER_BOUND('',#1160,.T.);
#292=FACE_OUTER_BOUND('',#1161,.T.);
#293=LINE('',#3324,#501);
#294=LINE('',#3328,#502);
#295=LINE('',#3333,#503);
#296=LINE('',#3337,#504);
#297=LINE('',#3339,#505);
#298=LINE('',#3344,#506);
#299=LINE('',#3348,#507);
#300=LINE('',#3350,#508);
#301=LINE('',#3352,#509);
#302=LINE('',#3354,#510);
#303=LINE('',#3356,#511);
#304=LINE('',#3358,#512);
#305=LINE('',#3363,#513);
#306=LINE('',#3365,#514);
#307=LINE('',#3367,#515);
#308=LINE('',#3372,#516);
#309=LINE('',#3375,#517);
#310=LINE('',#3380,#518);
#311=LINE('',#3383,#519);
#312=LINE('',#3388,#520);
#313=LINE('',#3391,#521);
#314=LINE('',#3396,#522);
#315=LINE('',#3399,#523);
#316=LINE('',#3434,#524);
#317=LINE('',#3472,#525);
#318=LINE('',#3476,#526);
#319=LINE('',#3478,#527);
#320=LINE('',#3480,#528);
#321=LINE('',#3481,#529);
#322=LINE('',#3483,#530);
#323=LINE('',#3484,#531);
#324=LINE('',#3486,#532);
#325=LINE('',#3487,#533);
#326=LINE('',#3489,#534);
#327=LINE('',#3493,#535);
#328=LINE('',#3498,#536);
#329=LINE('',#3502,#537);
#330=LINE('',#3507,#538);
#331=LINE('',#3514,#539);
#332=LINE('',#3518,#540);
#333=LINE('',#3520,#541);
#334=LINE('',#3522,#542);
#335=LINE('',#3524,#543);
#336=LINE('',#3526,#544);
#337=LINE('',#3528,#545);
#338=LINE('',#3531,#546);
#339=LINE('',#3535,#547);
#340=LINE('',#3537,#548);
#341=LINE('',#3542,#549);
#342=LINE('',#3543,#550);
#343=LINE('',#3545,#551);
#344=LINE('',#3547,#552);
#345=LINE('',#3549,#553);
#346=LINE('',#3550,#554);
#347=LINE('',#3552,#555);
#348=LINE('',#3554,#556);
#349=LINE('',#3556,#557);
#350=LINE('',#3558,#558);
#351=LINE('',#3560,#559);
#352=LINE('',#3562,#560);
#353=LINE('',#3564,#561);
#354=LINE('',#3566,#562);
#355=LINE('',#3568,#563);
#356=LINE('',#3570,#564);
#357=LINE('',#3571,#565);
#358=LINE('',#3573,#566);
#359=LINE('',#3575,#567);
#360=LINE('',#3576,#568);
#361=LINE('',#3578,#569);
#362=LINE('',#3580,#570);
#363=LINE('',#3584,#571);
#364=LINE('',#3586,#572);
#365=LINE('',#3588,#573);
#366=LINE('',#3589,#574);
#367=LINE('',#3591,#575);
#368=LINE('',#3593,#576);
#369=LINE('',#3595,#577);
#370=LINE('',#3596,#578);
#371=LINE('',#3598,#579);
#372=LINE('',#3600,#580);
#373=LINE('',#3602,#581);
#374=LINE('',#3604,#582);
#375=LINE('',#3606,#583);
#376=LINE('',#3608,#584);
#377=LINE('',#3610,#585);
#378=LINE('',#3612,#586);
#379=LINE('',#3614,#587);
#380=LINE('',#3616,#588);
#381=LINE('',#3618,#589);
#382=LINE('',#3620,#590);
#383=LINE('',#3622,#591);
#384=LINE('',#3624,#592);
#385=LINE('',#3630,#593);
#386=LINE('',#3632,#594);
#387=LINE('',#3634,#595);
#388=LINE('',#3636,#596);
#389=LINE('',#3652,#597);
#390=LINE('',#3654,#598);
#391=LINE('',#3656,#599);
#392=LINE('',#3661,#600);
#393=LINE('',#3662,#601);
#394=LINE('',#3664,#602);
#395=LINE('',#3667,#603);
#396=LINE('',#3668,#604);
#397=LINE('',#3673,#605);
#398=LINE('',#3674,#606);
#399=LINE('',#3745,#607);
#400=LINE('',#3746,#608);
#401=LINE('',#3756,#609);
#402=LINE('',#3757,#610);
#403=LINE('',#3767,#611);
#404=LINE('',#3768,#612);
#405=LINE('',#3781,#613);
#406=LINE('',#3785,#614);
#407=LINE('',#3787,#615);
#408=LINE('',#3788,#616);
#409=LINE('',#3790,#617);
#410=LINE('',#3791,#618);
#411=LINE('',#3804,#619);
#412=LINE('',#3808,#620);
#413=LINE('',#3810,#621);
#414=LINE('',#3811,#622);
#415=LINE('',#3813,#623);
#416=LINE('',#3814,#624);
#417=LINE('',#3827,#625);
#418=LINE('',#3831,#626);
#419=LINE('',#3833,#627);
#420=LINE('',#3834,#628);
#421=LINE('',#3836,#629);
#422=LINE('',#3837,#630);
#423=LINE('',#3850,#631);
#424=LINE('',#3854,#632);
#425=LINE('',#3856,#633);
#426=LINE('',#3857,#634);
#427=LINE('',#3859,#635);
#428=LINE('',#3860,#636);
#429=LINE('',#3870,#637);
#430=LINE('',#3873,#638);
#431=LINE('',#3875,#639);
#432=LINE('',#3877,#640);
#433=LINE('',#3879,#641);
#434=LINE('',#3914,#642);
#435=LINE('',#3969,#643);
#436=LINE('',#4029,#644);
#437=LINE('',#4031,#645);
#438=LINE('',#4033,#646);
#439=LINE('',#4035,#647);
#440=LINE('',#4070,#648);
#441=LINE('',#4182,#649);
#442=LINE('',#4183,#650);
#443=LINE('',#4185,#651);
#444=LINE('',#4186,#652);
#445=LINE('',#4188,#653);
#446=LINE('',#4189,#654);
#447=LINE('',#4191,#655);
#448=LINE('',#4192,#656);
#449=LINE('',#4194,#657);
#450=LINE('',#4195,#658);
#451=LINE('',#4197,#659);
#452=LINE('',#4198,#660);
#453=LINE('',#4208,#661);
#454=LINE('',#4211,#662);
#455=LINE('',#4213,#663);
#456=LINE('',#4215,#664);
#457=LINE('',#4217,#665);
#458=LINE('',#4219,#666);
#459=LINE('',#4221,#667);
#460=LINE('',#4223,#668);
#461=LINE('',#4225,#669);
#462=LINE('',#4227,#670);
#463=LINE('',#4229,#671);
#464=LINE('',#4231,#672);
#465=LINE('',#4234,#673);
#466=LINE('',#4237,#674);
#467=LINE('',#4239,#675);
#468=LINE('',#4241,#676);
#469=LINE('',#4243,#677);
#470=LINE('',#4245,#678);
#471=LINE('',#4247,#679);
#472=LINE('',#4249,#680);
#473=LINE('',#4251,#681);
#474=LINE('',#4253,#682);
#475=LINE('',#4255,#683);
#476=LINE('',#4257,#684);
#477=LINE('',#4260,#685);
#478=LINE('',#4263,#686);
#479=LINE('',#4265,#687);
#480=LINE('',#4267,#688);
#481=LINE('',#4269,#689);
#482=LINE('',#4271,#690);
#483=LINE('',#4273,#691);
#484=LINE('',#4275,#692);
#485=LINE('',#4277,#693);
#486=LINE('',#4279,#694);
#487=LINE('',#4281,#695);
#488=LINE('',#4283,#696);
#489=LINE('',#4286,#697);
#490=LINE('',#4289,#698);
#491=LINE('',#4291,#699);
#492=LINE('',#4293,#700);
#493=LINE('',#4295,#701);
#494=LINE('',#4298,#702);
#495=LINE('',#4300,#703);
#496=LINE('',#4302,#704);
#497=LINE('',#4304,#705);
#498=LINE('',#4305,#706);
#499=LINE('',#4307,#707);
#500=LINE('',#4308,#708);
#501=VECTOR('',#2577,1.);
#502=VECTOR('',#2580,1.);
#503=VECTOR('',#2585,1.);
#504=VECTOR('',#2588,1.);
#505=VECTOR('',#2591,1.);
#506=VECTOR('',#2594,1.);
#507=VECTOR('',#2599,1.);
#508=VECTOR('',#2600,1.);
#509=VECTOR('',#2603,1.);
#510=VECTOR('',#2604,1.);
#511=VECTOR('',#2607,1.);
#512=VECTOR('',#2608,1.);
#513=VECTOR('',#2613,1.);
#514=VECTOR('',#2614,1.);
#515=VECTOR('',#2617,1.);
#516=VECTOR('',#2620,1.);
#517=VECTOR('',#2623,1.);
#518=VECTOR('',#2626,1.);
#519=VECTOR('',#2629,1.);
#520=VECTOR('',#2632,1.);
#521=VECTOR('',#2635,1.);
#522=VECTOR('',#2638,1.);
#523=VECTOR('',#2641,1.);
#524=VECTOR('',#2644,1.);
#525=VECTOR('',#2653,1.);
#526=VECTOR('',#2656,1.);
#527=VECTOR('',#2659,1.);
#528=VECTOR('',#2660,1.);
#529=VECTOR('',#2661,1.);
#530=VECTOR('',#2662,1.);
#531=VECTOR('',#2663,1.);
#532=VECTOR('',#2664,1.);
#533=VECTOR('',#2665,1.);
#534=VECTOR('',#2666,1.);
#535=VECTOR('',#2671,1.);
#536=VECTOR('',#2674,1.);
#537=VECTOR('',#2679,1.);
#538=VECTOR('',#2682,1.);
#539=VECTOR('',#2689,1.);
#540=VECTOR('',#2692,1.);
#541=VECTOR('',#2695,1.);
#542=VECTOR('',#2696,1.);
#543=VECTOR('',#2699,1.);
#544=VECTOR('',#2700,1.);
#545=VECTOR('',#2703,1.);
#546=VECTOR('',#2704,1.);
#547=VECTOR('',#2709,1.);
#548=VECTOR('',#2710,1.);
#549=VECTOR('',#2715,1.);
#550=VECTOR('',#2716,1.);
#551=VECTOR('',#2719,1.);
#552=VECTOR('',#2720,1.);
#553=VECTOR('',#2721,1.);
#554=VECTOR('',#2722,1.);
#555=VECTOR('',#2723,1.);
#556=VECTOR('',#2724,1.);
#557=VECTOR('',#2725,1.);
#558=VECTOR('',#2726,1.);
#559=VECTOR('',#2727,1.);
#560=VECTOR('',#2728,1.);
#561=VECTOR('',#2729,1.);
#562=VECTOR('',#2730,1.);
#563=VECTOR('',#2731,1.);
#564=VECTOR('',#2732,1.);
#565=VECTOR('',#2733,1.);
#566=VECTOR('',#2734,1.);
#567=VECTOR('',#2735,1.);
#568=VECTOR('',#2736,1.);
#569=VECTOR('',#2737,1.);
#570=VECTOR('',#2738,1.);
#571=VECTOR('',#2743,1.);
#572=VECTOR('',#2746,1.);
#573=VECTOR('',#2749,1.);
#574=VECTOR('',#2750,1.);
#575=VECTOR('',#2751,1.);
#576=VECTOR('',#2752,1.);
#577=VECTOR('',#2755,1.);
#578=VECTOR('',#2756,1.);
#579=VECTOR('',#2757,1.);
#580=VECTOR('',#2758,1.);
#581=VECTOR('',#2761,1.);
#582=VECTOR('',#2762,1.);
#583=VECTOR('',#2763,1.);
#584=VECTOR('',#2766,1.);
#585=VECTOR('',#2767,1.);
#586=VECTOR('',#2768,1.);
#587=VECTOR('',#2771,1.);
#588=VECTOR('',#2772,1.);
#589=VECTOR('',#2773,1.);
#590=VECTOR('',#2776,1.);
#591=VECTOR('',#2777,1.);
#592=VECTOR('',#2778,1.);
#593=VECTOR('',#2787,1.);
#594=VECTOR('',#2790,1.);
#595=VECTOR('',#2793,1.);
#596=VECTOR('',#2796,1.);
#597=VECTOR('',#2821,1.);
#598=VECTOR('',#2822,1.);
#599=VECTOR('',#2823,1.);
#600=VECTOR('',#2828,1.);
#601=VECTOR('',#2829,1.);
#602=VECTOR('',#2832,1.);
#603=VECTOR('',#2833,1.);
#604=VECTOR('',#2834,1.);
#605=VECTOR('',#2839,1.);
#606=VECTOR('',#2840,1.);
#607=VECTOR('',#2863,1.);
#608=VECTOR('',#2864,1.);
#609=VECTOR('',#2879,1.);
#610=VECTOR('',#2880,1.);
#611=VECTOR('',#2895,1.);
#612=VECTOR('',#2896,1.);
#613=VECTOR('',#2915,1.);
#614=VECTOR('',#2918,1.);
#615=VECTOR('',#2921,1.);
#616=VECTOR('',#2922,1.);
#617=VECTOR('',#2925,1.);
#618=VECTOR('',#2926,1.);
#619=VECTOR('',#2943,1.);
#620=VECTOR('',#2946,1.);
#621=VECTOR('',#2949,1.);
#622=VECTOR('',#2950,1.);
#623=VECTOR('',#2953,1.);
#624=VECTOR('',#2954,1.);
#625=VECTOR('',#2971,1.);
#626=VECTOR('',#2974,1.);
#627=VECTOR('',#2977,1.);
#628=VECTOR('',#2978,1.);
#629=VECTOR('',#2981,1.);
#630=VECTOR('',#2982,1.);
#631=VECTOR('',#2999,1.);
#632=VECTOR('',#3002,1.);
#633=VECTOR('',#3005,1.);
#634=VECTOR('',#3006,1.);
#635=VECTOR('',#3009,1.);
#636=VECTOR('',#3010,1.);
#637=VECTOR('',#3025,1.);
#638=VECTOR('',#3026,1.);
#639=VECTOR('',#3027,1.);
#640=VECTOR('',#3028,1.);
#641=VECTOR('',#3031,1.);
#642=VECTOR('',#3034,1.);
#643=VECTOR('',#3039,1.);
#644=VECTOR('',#3044,1.);
#645=VECTOR('',#3045,1.);
#646=VECTOR('',#3046,1.);
#647=VECTOR('',#3049,1.);
#648=VECTOR('',#3052,1.);
#649=VECTOR('',#3061,1.);
#650=VECTOR('',#3062,1.);
#651=VECTOR('',#3065,1.);
#652=VECTOR('',#3066,1.);
#653=VECTOR('',#3069,1.);
#654=VECTOR('',#3070,1.);
#655=VECTOR('',#3073,1.);
#656=VECTOR('',#3074,1.);
#657=VECTOR('',#3077,1.);
#658=VECTOR('',#3078,1.);
#659=VECTOR('',#3081,1.);
#660=VECTOR('',#3082,1.);
#661=VECTOR('',#3101,1.);
#662=VECTOR('',#3102,1.);
#663=VECTOR('',#3103,1.);
#664=VECTOR('',#3104,1.);
#665=VECTOR('',#3107,1.);
#666=VECTOR('',#3108,1.);
#667=VECTOR('',#3109,1.);
#668=VECTOR('',#3112,1.);
#669=VECTOR('',#3113,1.);
#670=VECTOR('',#3116,1.);
#671=VECTOR('',#3117,1.);
#672=VECTOR('',#3120,1.);
#673=VECTOR('',#3125,1.);
#674=VECTOR('',#3126,1.);
#675=VECTOR('',#3127,1.);
#676=VECTOR('',#3128,1.);
#677=VECTOR('',#3131,1.);
#678=VECTOR('',#3132,1.);
#679=VECTOR('',#3133,1.);
#680=VECTOR('',#3136,1.);
#681=VECTOR('',#3137,1.);
#682=VECTOR('',#3140,1.);
#683=VECTOR('',#3141,1.);
#684=VECTOR('',#3144,1.);
#685=VECTOR('',#3149,1.);
#686=VECTOR('',#3150,1.);
#687=VECTOR('',#3151,1.);
#688=VECTOR('',#3152,1.);
#689=VECTOR('',#3155,1.);
#690=VECTOR('',#3156,1.);
#691=VECTOR('',#3157,1.);
#692=VECTOR('',#3160,1.);
#693=VECTOR('',#3161,1.);
#694=VECTOR('',#3162,1.);
#695=VECTOR('',#3165,1.);
#696=VECTOR('',#3168,1.);
#697=VECTOR('',#3173,1.);
#698=VECTOR('',#3174,1.);
#699=VECTOR('',#3175,1.);
#700=VECTOR('',#3176,1.);
#701=VECTOR('',#3179,1.);
#702=VECTOR('',#3180,1.);
#703=VECTOR('',#3181,1.);
#704=VECTOR('',#3182,1.);
#705=VECTOR('',#3185,1.);
#706=VECTOR('',#3186,1.);
#707=VECTOR('',#3189,1.);
#708=VECTOR('',#3190,1.);
#709=ADVANCED_FACE('',(#915,#916,#917,#918),#849,.T.);
#710=ADVANCED_FACE('',(#180),#850,.F.);
#711=ADVANCED_FACE('',(#181),#851,.F.);
#712=ADVANCED_FACE('',(#182),#852,.F.);
#713=ADVANCED_FACE('',(#183),#80,.T.);
#714=ADVANCED_FACE('',(#184),#81,.T.);
#715=ADVANCED_FACE('',(#185),#82,.T.);
#716=ADVANCED_FACE('',(#186),#83,.T.);
#717=ADVANCED_FACE('',(#919,#920,#921,#922,#923,#924,#925),#853,.T.);
#718=ADVANCED_FACE('',(#187),#854,.F.);
#719=ADVANCED_FACE('',(#926,#927,#928,#929,#930,#931),#84,.T.);
#720=ADVANCED_FACE('',(#188),#855,.F.);
#721=ADVANCED_FACE('',(#189),#856,.F.);
#722=ADVANCED_FACE('',(#190),#857,.F.);
#723=ADVANCED_FACE('',(#191),#85,.F.);
#724=ADVANCED_FACE('',(#192),#86,.F.);
#725=ADVANCED_FACE('',(#193),#87,.F.);
#726=ADVANCED_FACE('',(#194),#88,.F.);
#727=ADVANCED_FACE('',(#195),#858,.F.);
#728=ADVANCED_FACE('',(#932,#933,#934),#89,.F.);
#729=ADVANCED_FACE('',(#196),#90,.F.);
#730=ADVANCED_FACE('',(#197),#91,.F.);
#731=ADVANCED_FACE('',(#198),#92,.F.);
#732=ADVANCED_FACE('',(#199),#93,.F.);
#733=ADVANCED_FACE('',(#200),#94,.T.);
#734=ADVANCED_FACE('',(#201),#95,.T.);
#735=ADVANCED_FACE('',(#202),#96,.T.);
#736=ADVANCED_FACE('',(#203),#97,.T.);
#737=ADVANCED_FACE('',(#935,#936),#98,.F.);
#738=ADVANCED_FACE('',(#937,#938),#859,.T.);
#739=ADVANCED_FACE('',(#204),#99,.T.);
#740=ADVANCED_FACE('',(#205),#100,.T.);
#741=ADVANCED_FACE('',(#206),#101,.T.);
#742=ADVANCED_FACE('',(#207),#102,.T.);
#743=ADVANCED_FACE('',(#208),#103,.T.);
#744=ADVANCED_FACE('',(#209),#104,.T.);
#745=ADVANCED_FACE('',(#210),#105,.T.);
#746=ADVANCED_FACE('',(#211),#106,.T.);
#747=ADVANCED_FACE('',(#939,#940),#107,.T.);
#748=ADVANCED_FACE('',(#941,#942),#860,.T.);
#749=ADVANCED_FACE('',(#212),#108,.F.);
#750=ADVANCED_FACE('',(#943,#944),#861,.T.);
#751=ADVANCED_FACE('',(#213),#109,.F.);
#752=ADVANCED_FACE('',(#214),#110,.F.);
#753=ADVANCED_FACE('',(#215),#111,.F.);
#754=ADVANCED_FACE('',(#216),#112,.F.);
#755=ADVANCED_FACE('',(#217),#113,.T.);
#756=ADVANCED_FACE('',(#218),#114,.F.);
#757=ADVANCED_FACE('',(#945,#946,#947),#862,.F.);
#758=ADVANCED_FACE('',(#219),#863,.F.);
#759=ADVANCED_FACE('',(#220),#864,.F.);
#760=ADVANCED_FACE('',(#221),#865,.F.);
#761=ADVANCED_FACE('',(#222),#866,.F.);
#762=ADVANCED_FACE('',(#948,#949),#115,.F.);
#763=ADVANCED_FACE('',(#950,#951),#867,.F.);
#764=ADVANCED_FACE('',(#223),#116,.F.);
#765=ADVANCED_FACE('',(#224),#117,.F.);
#766=ADVANCED_FACE('',(#225),#118,.F.);
#767=ADVANCED_FACE('',(#952,#953),#119,.F.);
#768=ADVANCED_FACE('',(#954,#955),#868,.F.);
#769=ADVANCED_FACE('',(#226),#120,.F.);
#770=ADVANCED_FACE('',(#227),#121,.F.);
#771=ADVANCED_FACE('',(#228),#122,.F.);
#772=ADVANCED_FACE('',(#956,#957),#123,.F.);
#773=ADVANCED_FACE('',(#958,#959),#869,.F.);
#774=ADVANCED_FACE('',(#229),#124,.F.);
#775=ADVANCED_FACE('',(#230),#125,.F.);
#776=ADVANCED_FACE('',(#231),#126,.F.);
#777=ADVANCED_FACE('',(#232),#127,.F.);
#778=ADVANCED_FACE('',(#960,#961),#870,.F.);
#779=ADVANCED_FACE('',(#233),#871,.T.);
#780=ADVANCED_FACE('',(#234),#128,.F.);
#781=ADVANCED_FACE('',(#235),#129,.F.);
#782=ADVANCED_FACE('',(#236),#130,.T.);
#783=ADVANCED_FACE('',(#962,#963),#131,.F.);
#784=ADVANCED_FACE('',(#237),#132,.F.);
#785=ADVANCED_FACE('',(#964,#965),#872,.T.);
#786=ADVANCED_FACE('',(#238),#873,.T.);
#787=ADVANCED_FACE('',(#239),#133,.F.);
#788=ADVANCED_FACE('',(#240),#134,.F.);
#789=ADVANCED_FACE('',(#241),#135,.T.);
#790=ADVANCED_FACE('',(#966,#967),#136,.F.);
#791=ADVANCED_FACE('',(#242),#137,.F.);
#792=ADVANCED_FACE('',(#968,#969),#874,.T.);
#793=ADVANCED_FACE('',(#243),#875,.T.);
#794=ADVANCED_FACE('',(#244),#138,.F.);
#795=ADVANCED_FACE('',(#245),#139,.F.);
#796=ADVANCED_FACE('',(#246),#140,.T.);
#797=ADVANCED_FACE('',(#970,#971),#141,.F.);
#798=ADVANCED_FACE('',(#247),#142,.F.);
#799=ADVANCED_FACE('',(#972,#973),#876,.T.);
#800=ADVANCED_FACE('',(#248),#877,.T.);
#801=ADVANCED_FACE('',(#249),#143,.F.);
#802=ADVANCED_FACE('',(#250),#144,.F.);
#803=ADVANCED_FACE('',(#251),#145,.T.);
#804=ADVANCED_FACE('',(#974,#975),#146,.F.);
#805=ADVANCED_FACE('',(#252),#147,.F.);
#806=ADVANCED_FACE('',(#976,#977),#878,.T.);
#807=ADVANCED_FACE('',(#253),#148,.F.);
#808=ADVANCED_FACE('',(#978,#979),#879,.F.);
#809=ADVANCED_FACE('',(#254),#149,.F.);
#810=ADVANCED_FACE('',(#980,#981),#880,.T.);
#811=ADVANCED_FACE('',(#255),#150,.F.);
#812=ADVANCED_FACE('',(#256),#151,.T.);
#813=ADVANCED_FACE('',(#257),#152,.F.);
#814=ADVANCED_FACE('',(#258),#153,.F.);
#815=ADVANCED_FACE('',(#259),#154,.F.);
#816=ADVANCED_FACE('',(#260),#155,.F.);
#817=ADVANCED_FACE('',(#261),#881,.F.);
#818=ADVANCED_FACE('',(#262),#882,.F.);
#819=ADVANCED_FACE('',(#263),#883,.F.);
#820=ADVANCED_FACE('',(#264),#884,.F.);
#821=ADVANCED_FACE('',(#265),#885,.T.);
#822=ADVANCED_FACE('',(#266),#886,.T.);
#823=ADVANCED_FACE('',(#267),#887,.T.);
#824=ADVANCED_FACE('',(#268),#888,.T.);
#825=ADVANCED_FACE('',(#269),#156,.F.);
#826=ADVANCED_FACE('',(#270),#157,.T.);
#827=ADVANCED_FACE('',(#271),#158,.T.);
#828=ADVANCED_FACE('',(#272),#159,.T.);
#829=ADVANCED_FACE('',(#273),#160,.T.);
#830=ADVANCED_FACE('',(#274),#161,.T.);
#831=ADVANCED_FACE('',(#275),#162,.F.);
#832=ADVANCED_FACE('',(#276),#163,.T.);
#833=ADVANCED_FACE('',(#277),#164,.T.);
#834=ADVANCED_FACE('',(#278),#165,.T.);
#835=ADVANCED_FACE('',(#279),#166,.T.);
#836=ADVANCED_FACE('',(#280),#167,.T.);
#837=ADVANCED_FACE('',(#281),#168,.T.);
#838=ADVANCED_FACE('',(#282),#169,.T.);
#839=ADVANCED_FACE('',(#283),#170,.T.);
#840=ADVANCED_FACE('',(#284),#171,.T.);
#841=ADVANCED_FACE('',(#285),#172,.T.);
#842=ADVANCED_FACE('',(#286),#173,.T.);
#843=ADVANCED_FACE('',(#287),#174,.T.);
#844=ADVANCED_FACE('',(#288),#175,.T.);
#845=ADVANCED_FACE('',(#289),#176,.T.);
#846=ADVANCED_FACE('',(#290),#177,.T.);
#847=ADVANCED_FACE('',(#291),#178,.T.);
#848=ADVANCED_FACE('',(#292),#179,.T.);
#849=CYLINDRICAL_SURFACE('',#2359,12.5);
#850=CYLINDRICAL_SURFACE('',#2362,280.);
#851=CYLINDRICAL_SURFACE('',#2365,280.);
#852=CYLINDRICAL_SURFACE('',#2368,280.);
#853=CYLINDRICAL_SURFACE('',#2386,290.);
#854=CYLINDRICAL_SURFACE('',#2388,280.);
#855=CYLINDRICAL_SURFACE('',#2393,280.);
#856=CYLINDRICAL_SURFACE('',#2396,280.);
#857=CYLINDRICAL_SURFACE('',#2399,280.);
#858=CYLINDRICAL_SURFACE('',#2406,280.);
#859=CYLINDRICAL_SURFACE('',#2419,19.0000000000001);
#860=CYLINDRICAL_SURFACE('',#2431,19.0000000000001);
#861=CYLINDRICAL_SURFACE('',#2434,12.5);
#862=CYLINDRICAL_SURFACE('',#2445,287.);
#863=CYLINDRICAL_SURFACE('',#2446,54.);
#864=CYLINDRICAL_SURFACE('',#2447,54.);
#865=CYLINDRICAL_SURFACE('',#2448,54.);
#866=CYLINDRICAL_SURFACE('',#2449,54.);
#867=CYLINDRICAL_SURFACE('',#2453,7.5);
#868=CYLINDRICAL_SURFACE('',#2460,7.5);
#869=CYLINDRICAL_SURFACE('',#2467,7.5);
#870=CYLINDRICAL_SURFACE('',#2472,3.);
#871=CYLINDRICAL_SURFACE('',#2475,4.99999999999999);
#872=CYLINDRICAL_SURFACE('',#2483,2.5);
#873=CYLINDRICAL_SURFACE('',#2486,4.99999999999999);
#874=CYLINDRICAL_SURFACE('',#2494,2.5);
#875=CYLINDRICAL_SURFACE('',#2497,4.99999999999999);
#876=CYLINDRICAL_SURFACE('',#2505,2.5);
#877=CYLINDRICAL_SURFACE('',#2508,4.99999999999999);
#878=CYLINDRICAL_SURFACE('',#2516,2.5);
#879=CYLINDRICAL_SURFACE('',#2522,290.);
#880=CYLINDRICAL_SURFACE('',#2528,295.);
#881=CYLINDRICAL_SURFACE('',#2535,54.);
#882=CYLINDRICAL_SURFACE('',#2536,54.);
#883=CYLINDRICAL_SURFACE('',#2537,54.);
#884=CYLINDRICAL_SURFACE('',#2538,54.);
#885=CYLINDRICAL_SURFACE('',#2539,72.);
#886=CYLINDRICAL_SURFACE('',#2540,72.);
#887=CYLINDRICAL_SURFACE('',#2541,72.);
#888=CYLINDRICAL_SURFACE('',#2542,72.);
#889=B_SPLINE_CURVE_WITH_KNOTS('',3,(#3202,#3203,#3204,#3205,#3206,#3207,
#3208,#3209,#3210,#3211,#3212,#3213,#3214,#3215,#3216,#3217,#3218,#3219,
#3220,#3221,#3222,#3223,#3224,#3225,#3226,#3227,#3228,#3229,#3230,#3231,
#3232,#3233,#3234,#3235,#3236,#3237,#3238,#3239,#3240,#3241,#3242,#3243,
#3244,#3245,#3246,#3247,#3248,#3249,#3250,#3251,#3252,#3253,#3254,#3255,
#3256,#3257,#3258,#3259),.UNSPECIFIED.,.T.,.F.,(1,3,3,3,3,3,3,3,3,3,3,3,
3,3,3,3,3,3,3,3,3,1),(-0.0430468113952225,0.,0.0526448525187827,0.105224301227662,
0.158780321555157,0.213048842603518,0.266284626055414,0.318398631104623,
0.370954011869736,0.42485351297393,0.478996153240543,0.531789646668298,
0.583772980655869,0.636716750375248,0.690904913186224,0.744711462980675,
0.797142460482851,0.849314601096324,0.902676625225745,0.956953188604778,
1.,1.05264485251878),.UNSPECIFIED.);
#890=B_SPLINE_CURVE_WITH_KNOTS('',3,(#3261,#3262,#3263,#3264,#3265,#3266,
#3267,#3268,#3269,#3270,#3271,#3272,#3273,#3274,#3275,#3276,#3277,#3278,
#3279,#3280,#3281,#3282,#3283,#3284,#3285,#3286,#3287,#3288,#3289,#3290,
#3291,#3292,#3293,#3294,#3295,#3296,#3297,#3298,#3299,#3300,#3301,#3302,
#3303,#3304,#3305,#3306,#3307,#3308,#3309,#3310,#3311,#3312,#3313,#3314,
#3315,#3316,#3317,#3318),.UNSPECIFIED.,.T.,.F.,(1,3,3,3,3,3,3,3,3,3,3,3,
3,3,3,3,3,3,3,3,3,1),(-0.0430468113954354,0.,0.0526448525187236,0.105224301227547,
0.158780321555031,0.213048842603385,0.266284626055281,0.318398631104481,
0.370954011869587,0.424853512973773,0.47899615324038,0.531789646668134,
0.583772980655698,0.636716750375063,0.690904913186048,0.744711462980485,
0.797142460482658,0.849314601096124,0.902676625225532,0.956953188604565,
1.,1.05264485251872),.UNSPECIFIED.);
#891=B_SPLINE_CURVE_WITH_KNOTS('',3,(#3402,#3403,#3404,#3405,#3406,#3407,
#3408,#3409,#3410,#3411,#3412,#3413,#3414,#3415),.UNSPECIFIED.,.F.,.F.,
(4,2,2,2,2,2,4),(0.,0.125,0.250000000000001,0.375000000000001,0.500000000000001,
0.75,1.),.UNSPECIFIED.);
#892=B_SPLINE_CURVE_WITH_KNOTS('',3,(#3419,#3420,#3421,#3422,#3423,#3424,
#3425,#3426,#3427,#3428,#3429,#3430,#3431,#3432),.UNSPECIFIED.,.F.,.F.,
(4,2,2,2,2,2,4),(0.,0.25,0.5,0.625,0.75,0.875,1.),.UNSPECIFIED.);
#893=B_SPLINE_CURVE_WITH_KNOTS('',3,(#3436,#3437,#3438,#3439,#3440,#3441,
#3442,#3443,#3444,#3445,#3446,#3447,#3448,#3449),.UNSPECIFIED.,.F.,.F.,
(4,2,2,2,2,2,4),(0.,0.125,0.25,0.375,0.5,0.75,1.),.UNSPECIFIED.);
#894=B_SPLINE_CURVE_WITH_KNOTS('',3,(#3453,#3454,#3455,#3456,#3457,#3458,
#3459,#3460,#3461,#3462,#3463,#3464,#3465,#3466),.UNSPECIFIED.,.F.,.F.,
(4,2,2,2,2,2,4),(0.,0.25,0.5,0.625,0.75,0.875,1.),.UNSPECIFIED.);
#895=B_SPLINE_CURVE_WITH_KNOTS('',3,(#3682,#3683,#3684,#3685,#3686,#3687,
#3688,#3689,#3690,#3691,#3692,#3693,#3694,#3695),.UNSPECIFIED.,.F.,.F.,
(4,2,2,2,2,2,4),(0.,0.125,0.249999999999999,0.374999999999999,0.499999999999998,
0.749999999999999,1.),.UNSPECIFIED.);
#896=B_SPLINE_CURVE_WITH_KNOTS('',3,(#3696,#3697,#3698,#3699,#3700,#3701,
#3702,#3703,#3704,#3705,#3706,#3707,#3708,#3709),.UNSPECIFIED.,.F.,.F.,
(4,2,2,2,2,2,4),(0.,0.25,0.5,0.625,0.75,0.875,1.),.UNSPECIFIED.);
#897=B_SPLINE_CURVE_WITH_KNOTS('',3,(#3710,#3711,#3712,#3713,#3714,#3715,
#3716,#3717,#3718,#3719,#3720,#3721,#3722,#3723),.UNSPECIFIED.,.F.,.F.,
(4,2,2,2,2,2,4),(0.,0.125,0.25,0.375,0.5,0.75,1.),.UNSPECIFIED.);
#898=B_SPLINE_CURVE_WITH_KNOTS('',3,(#3724,#3725,#3726,#3727,#3728,#3729,
#3730,#3731,#3732,#3733,#3734,#3735,#3736,#3737),.UNSPECIFIED.,.F.,.F.,
(4,2,2,2,2,2,4),(0.,0.25,0.5,0.625,0.75,0.875,1.),.UNSPECIFIED.);
#899=B_SPLINE_CURVE_WITH_KNOTS('',3,(#3882,#3883,#3884,#3885,#3886,#3887,
#3888,#3889,#3890,#3891,#3892,#3893,#3894,#3895),.UNSPECIFIED.,.F.,.F.,
(4,2,2,2,2,2,4),(0.,0.125,0.25,0.375000000000001,0.500000000000001,0.750000000000001,
1.),.UNSPECIFIED.);
#900=B_SPLINE_CURVE_WITH_KNOTS('',3,(#3899,#3900,#3901,#3902,#3903,#3904,
#3905,#3906,#3907,#3908,#3909,#3910,#3911,#3912),.UNSPECIFIED.,.F.,.F.,
(4,2,2,2,2,2,4),(0.,0.249999999999999,0.499999999999999,0.624999999999999,
0.749999999999999,0.875,1.),.UNSPECIFIED.);
#901=B_SPLINE_CURVE_WITH_KNOTS('',3,(#3916,#3917,#3918,#3919,#3920,#3921,
#3922,#3923,#3924,#3925,#3926,#3927,#3928,#3929),.UNSPECIFIED.,.F.,.F.,
(4,2,2,2,2,2,4),(0.,0.125,0.250000000000001,0.375000000000001,0.500000000000002,
0.750000000000001,1.),.UNSPECIFIED.);
#902=B_SPLINE_CURVE_WITH_KNOTS('',3,(#3933,#3934,#3935,#3936,#3937,#3938,
#3939,#3940,#3941,#3942,#3943,#3944,#3945,#3946),.UNSPECIFIED.,.F.,.F.,
(4,2,2,2,2,2,4),(0.,0.249999999999999,0.499999999999999,0.624999999999999,
0.749999999999999,0.875,1.),.UNSPECIFIED.);
#903=B_SPLINE_CURVE_WITH_KNOTS('',3,(#3950,#3951,#3952,#3953,#3954,#3955,
#3956,#3957,#3958,#3959,#3960,#3961,#3962,#3963,#3964,#3965,#3966,#3967),
 .UNSPECIFIED.,.F.,.F.,(4,2,2,2,2,2,2,2,4),(0.,0.125,0.25,0.375,0.5,0.625,
0.75,0.875,1.),.UNSPECIFIED.);
#904=B_SPLINE_CURVE_WITH_KNOTS('',3,(#3971,#3972,#3973,#3974,#3975,#3976,
#3977,#3978,#3979,#3980,#3981,#3982,#3983,#3984,#3985,#3986,#3987,#3988),
 .UNSPECIFIED.,.F.,.F.,(4,2,2,2,2,2,2,2,4),(0.,0.125,0.25,0.375,0.5,0.625,
0.75,0.875,1.),.UNSPECIFIED.);
#905=B_SPLINE_CURVE_WITH_KNOTS('',3,(#3992,#3993,#3994,#3995,#3996,#3997,
#3998,#3999,#4000,#4001,#4002,#4003,#4004,#4005,#4006,#4007,#4008,#4009),
 .UNSPECIFIED.,.F.,.F.,(4,2,2,2,2,2,2,2,4),(0.,0.125,0.25,0.375,0.5,0.625,
0.75,0.875,1.),.UNSPECIFIED.);
#906=B_SPLINE_CURVE_WITH_KNOTS('',3,(#4010,#4011,#4012,#4013,#4014,#4015,
#4016,#4017,#4018,#4019,#4020,#4021,#4022,#4023,#4024,#4025,#4026,#4027),
 .UNSPECIFIED.,.F.,.F.,(4,2,2,2,2,2,2,2,4),(0.,0.125,0.25,0.375,0.5,0.625,
0.75,0.875,1.),.UNSPECIFIED.);
#907=B_SPLINE_CURVE_WITH_KNOTS('',3,(#4038,#4039,#4040,#4041,#4042,#4043,
#4044,#4045,#4046,#4047,#4048,#4049,#4050,#4051,#4052,#4053),
 .UNSPECIFIED.,.F.,.F.,(4,2,2,2,2,2,2,4),(0.,0.125,0.249999999999999,0.374999999999999,
0.499999999999999,0.624999999999999,0.749999999999999,1.),.UNSPECIFIED.);
#908=B_SPLINE_CURVE_WITH_KNOTS('',3,(#4057,#4058,#4059,#4060,#4061,#4062,
#4063,#4064,#4065,#4066,#4067,#4068),.UNSPECIFIED.,.F.,.F.,(4,2,2,2,2,4),
(0.,0.25,0.5,0.75,0.875,1.),.UNSPECIFIED.);
#909=B_SPLINE_CURVE_WITH_KNOTS('',3,(#4072,#4073,#4074,#4075,#4076,#4077,
#4078,#4079,#4080,#4081,#4082,#4083,#4084,#4085,#4086,#4087),
 .UNSPECIFIED.,.F.,.F.,(4,2,2,2,2,2,2,4),(0.,0.125,0.249999999999999,0.374999999999999,
0.499999999999999,0.624999999999999,0.749999999999999,1.),.UNSPECIFIED.);
#910=B_SPLINE_CURVE_WITH_KNOTS('',3,(#4091,#4092,#4093,#4094,#4095,#4096,
#4097,#4098,#4099,#4100,#4101,#4102),.UNSPECIFIED.,.F.,.F.,(4,2,2,2,2,4),
(0.,0.25,0.5,0.75,0.875,1.),.UNSPECIFIED.);
#911=B_SPLINE_CURVE_WITH_KNOTS('',3,(#4103,#4104,#4105,#4106,#4107,#4108,
#4109,#4110,#4111,#4112,#4113,#4114,#4115,#4116,#4117,#4118,#4119,#4120),
 .UNSPECIFIED.,.F.,.F.,(4,2,2,2,2,2,2,2,4),(0.,0.125,0.25,0.375,0.5,0.625,
0.75,0.875,1.),.UNSPECIFIED.);
#912=B_SPLINE_CURVE_WITH_KNOTS('',3,(#4124,#4125,#4126,#4127,#4128,#4129,
#4130,#4131,#4132,#4133,#4134,#4135,#4136,#4137,#4138,#4139,#4140,#4141),
 .UNSPECIFIED.,.F.,.F.,(4,2,2,2,2,2,2,2,4),(0.,0.125,0.25,0.375,0.5,0.625,
0.75,0.875,1.),.UNSPECIFIED.);
#913=B_SPLINE_CURVE_WITH_KNOTS('',3,(#4142,#4143,#4144,#4145,#4146,#4147,
#4148,#4149,#4150,#4151,#4152,#4153,#4154,#4155,#4156,#4157,#4158,#4159),
 .UNSPECIFIED.,.F.,.F.,(4,2,2,2,2,2,2,2,4),(0.,0.125,0.25,0.375,0.5,0.625,
0.75,0.875,1.),.UNSPECIFIED.);
#914=B_SPLINE_CURVE_WITH_KNOTS('',3,(#4163,#4164,#4165,#4166,#4167,#4168,
#4169,#4170,#4171,#4172,#4173,#4174,#4175,#4176,#4177,#4178,#4179,#4180),
 .UNSPECIFIED.,.F.,.F.,(4,2,2,2,2,2,2,2,4),(0.,0.125,0.25,0.375,0.5,0.625,
0.75,0.875,1.),.UNSPECIFIED.);
#915=FACE_BOUND('',#982,.T.);
#916=FACE_BOUND('',#983,.T.);
#917=FACE_BOUND('',#984,.T.);
#918=FACE_BOUND('',#985,.T.);
#919=FACE_BOUND('',#993,.T.);
#920=FACE_BOUND('',#994,.T.);
#921=FACE_BOUND('',#995,.T.);
#922=FACE_BOUND('',#996,.T.);
#923=FACE_BOUND('',#997,.T.);
#924=FACE_BOUND('',#998,.T.);
#925=FACE_BOUND('',#999,.T.);
#926=FACE_BOUND('',#1001,.T.);
#927=FACE_BOUND('',#1002,.T.);
#928=FACE_BOUND('',#1003,.T.);
#929=FACE_BOUND('',#1004,.T.);
#930=FACE_BOUND('',#1005,.T.);
#931=FACE_BOUND('',#1006,.T.);
#932=FACE_BOUND('',#1015,.T.);
#933=FACE_BOUND('',#1016,.T.);
#934=FACE_BOUND('',#1017,.T.);
#935=FACE_BOUND('',#1026,.T.);
#936=FACE_BOUND('',#1027,.T.);
#937=FACE_BOUND('',#1028,.T.);
#938=FACE_BOUND('',#1029,.T.);
#939=FACE_BOUND('',#1038,.T.);
#940=FACE_BOUND('',#1039,.T.);
#941=FACE_BOUND('',#1040,.T.);
#942=FACE_BOUND('',#1041,.T.);
#943=FACE_BOUND('',#1043,.T.);
#944=FACE_BOUND('',#1044,.T.);
#945=FACE_BOUND('',#1051,.T.);
#946=FACE_BOUND('',#1052,.T.);
#947=FACE_BOUND('',#1053,.T.);
#948=FACE_BOUND('',#1058,.T.);
#949=FACE_BOUND('',#1059,.T.);
#950=FACE_BOUND('',#1060,.T.);
#951=FACE_BOUND('',#1061,.T.);
#952=FACE_BOUND('',#1065,.T.);
#953=FACE_BOUND('',#1066,.T.);
#954=FACE_BOUND('',#1067,.T.);
#955=FACE_BOUND('',#1068,.T.);
#956=FACE_BOUND('',#1072,.T.);
#957=FACE_BOUND('',#1073,.T.);
#958=FACE_BOUND('',#1074,.T.);
#959=FACE_BOUND('',#1075,.T.);
#960=FACE_BOUND('',#1080,.T.);
#961=FACE_BOUND('',#1081,.T.);
#962=FACE_BOUND('',#1086,.T.);
#963=FACE_BOUND('',#1087,.T.);
#964=FACE_BOUND('',#1089,.T.);
#965=FACE_BOUND('',#1090,.T.);
#966=FACE_BOUND('',#1095,.T.);
#967=FACE_BOUND('',#1096,.T.);
#968=FACE_BOUND('',#1098,.T.);
#969=FACE_BOUND('',#1099,.T.);
#970=FACE_BOUND('',#1104,.T.);
#971=FACE_BOUND('',#1105,.T.);
#972=FACE_BOUND('',#1107,.T.);
#973=FACE_BOUND('',#1108,.T.);
#974=FACE_BOUND('',#1113,.T.);
#975=FACE_BOUND('',#1114,.T.);
#976=FACE_BOUND('',#1116,.T.);
#977=FACE_BOUND('',#1117,.T.);
#978=FACE_BOUND('',#1119,.T.);
#979=FACE_BOUND('',#1120,.T.);
#980=FACE_BOUND('',#1122,.T.);
#981=FACE_BOUND('',#1123,.T.);
#982=EDGE_LOOP('',(#1162));
#983=EDGE_LOOP('',(#1163));
#984=EDGE_LOOP('',(#1164));
#985=EDGE_LOOP('',(#1165));
#986=EDGE_LOOP('',(#1166,#1167,#1168,#1169));
#987=EDGE_LOOP('',(#1170,#1171,#1172,#1173));
#988=EDGE_LOOP('',(#1174,#1175,#1176,#1177));
#989=EDGE_LOOP('',(#1178,#1179,#1180));
#990=EDGE_LOOP('',(#1181,#1182,#1183));
#991=EDGE_LOOP('',(#1184,#1185,#1186));
#992=EDGE_LOOP('',(#1187,#1188,#1189));
#993=EDGE_LOOP('',(#1190,#1191,#1192,#1193));
#994=EDGE_LOOP('',(#1194,#1195,#1196,#1197));
#995=EDGE_LOOP('',(#1198,#1199,#1200,#1201));
#996=EDGE_LOOP('',(#1202,#1203,#1204,#1205));
#997=EDGE_LOOP('',(#1206,#1207,#1208,#1209,#1210,#1211,#1212,#1213));
#998=EDGE_LOOP('',(#1214));
#999=EDGE_LOOP('',(#1215));
#1000=EDGE_LOOP('',(#1216,#1217,#1218,#1219));
#1001=EDGE_LOOP('',(#1220,#1221,#1222));
#1002=EDGE_LOOP('',(#1223,#1224,#1225));
#1003=EDGE_LOOP('',(#1226,#1227,#1228));
#1004=EDGE_LOOP('',(#1229));
#1005=EDGE_LOOP('',(#1230,#1231,#1232));
#1006=EDGE_LOOP('',(#1233));
#1007=EDGE_LOOP('',(#1234,#1235,#1236,#1237));
#1008=EDGE_LOOP('',(#1238,#1239,#1240,#1241));
#1009=EDGE_LOOP('',(#1242,#1243,#1244,#1245));
#1010=EDGE_LOOP('',(#1246,#1247,#1248));
#1011=EDGE_LOOP('',(#1249,#1250,#1251));
#1012=EDGE_LOOP('',(#1252,#1253,#1254));
#1013=EDGE_LOOP('',(#1255,#1256,#1257));
#1014=EDGE_LOOP('',(#1258,#1259,#1260,#1261));
#1015=EDGE_LOOP('',(#1262,#1263,#1264,#1265,#1266,#1267,#1268,#1269,#1270,
#1271,#1272,#1273,#1274,#1275,#1276,#1277,#1278,#1279,#1280,#1281,#1282,
#1283,#1284,#1285));
#1016=EDGE_LOOP('',(#1286));
#1017=EDGE_LOOP('',(#1287));
#1018=EDGE_LOOP('',(#1288,#1289,#1290,#1291));
#1019=EDGE_LOOP('',(#1292,#1293,#1294,#1295));
#1020=EDGE_LOOP('',(#1296,#1297,#1298,#1299,#1300,#1301,#1302,#1303));
#1021=EDGE_LOOP('',(#1304,#1305,#1306,#1307,#1308,#1309,#1310,#1311));
#1022=EDGE_LOOP('',(#1312,#1313,#1314,#1315,#1316,#1317,#1318,#1319));
#1023=EDGE_LOOP('',(#1320,#1321,#1322,#1323,#1324,#1325,#1326,#1327));
#1024=EDGE_LOOP('',(#1328,#1329,#1330,#1331,#1332,#1333,#1334,#1335));
#1025=EDGE_LOOP('',(#1336,#1337,#1338,#1339,#1340,#1341,#1342,#1343));
#1026=EDGE_LOOP('',(#1344));
#1027=EDGE_LOOP('',(#1345));
#1028=EDGE_LOOP('',(#1346));
#1029=EDGE_LOOP('',(#1347));
#1030=EDGE_LOOP('',(#1348,#1349,#1350,#1351));
#1031=EDGE_LOOP('',(#1352,#1353,#1354,#1355));
#1032=EDGE_LOOP('',(#1356,#1357,#1358,#1359));
#1033=EDGE_LOOP('',(#1360,#1361,#1362,#1363));
#1034=EDGE_LOOP('',(#1364,#1365,#1366,#1367));
#1035=EDGE_LOOP('',(#1368,#1369,#1370,#1371));
#1036=EDGE_LOOP('',(#1372,#1373,#1374,#1375));
#1037=EDGE_LOOP('',(#1376,#1377,#1378,#1379));
#1038=EDGE_LOOP('',(#1380));
#1039=EDGE_LOOP('',(#1381));
#1040=EDGE_LOOP('',(#1382));
#1041=EDGE_LOOP('',(#1383));
#1042=EDGE_LOOP('',(#1384));
#1043=EDGE_LOOP('',(#1385));
#1044=EDGE_LOOP('',(#1386));
#1045=EDGE_LOOP('',(#1387,#1388,#1389,#1390));
#1046=EDGE_LOOP('',(#1391,#1392,#1393,#1394));
#1047=EDGE_LOOP('',(#1395,#1396,#1397,#1398));
#1048=EDGE_LOOP('',(#1399,#1400,#1401,#1402));
#1049=EDGE_LOOP('',(#1403));
#1050=EDGE_LOOP('',(#1404));
#1051=EDGE_LOOP('',(#1405,#1406,#1407,#1408,#1409,#1410,#1411,#1412));
#1052=EDGE_LOOP('',(#1413));
#1053=EDGE_LOOP('',(#1414));
#1054=EDGE_LOOP('',(#1415,#1416,#1417,#1418));
#1055=EDGE_LOOP('',(#1419,#1420,#1421,#1422));
#1056=EDGE_LOOP('',(#1423,#1424,#1425,#1426));
#1057=EDGE_LOOP('',(#1427,#1428,#1429,#1430));
#1058=EDGE_LOOP('',(#1431));
#1059=EDGE_LOOP('',(#1432,#1433,#1434,#1435));
#1060=EDGE_LOOP('',(#1436));
#1061=EDGE_LOOP('',(#1437));
#1062=EDGE_LOOP('',(#1438,#1439,#1440,#1441));
#1063=EDGE_LOOP('',(#1442,#1443,#1444,#1445));
#1064=EDGE_LOOP('',(#1446));
#1065=EDGE_LOOP('',(#1447));
#1066=EDGE_LOOP('',(#1448,#1449,#1450,#1451));
#1067=EDGE_LOOP('',(#1452));
#1068=EDGE_LOOP('',(#1453));
#1069=EDGE_LOOP('',(#1454,#1455,#1456,#1457));
#1070=EDGE_LOOP('',(#1458,#1459,#1460,#1461));
#1071=EDGE_LOOP('',(#1462));
#1072=EDGE_LOOP('',(#1463));
#1073=EDGE_LOOP('',(#1464,#1465,#1466,#1467));
#1074=EDGE_LOOP('',(#1468));
#1075=EDGE_LOOP('',(#1469));
#1076=EDGE_LOOP('',(#1470,#1471,#1472,#1473));
#1077=EDGE_LOOP('',(#1474,#1475,#1476,#1477));
#1078=EDGE_LOOP('',(#1478));
#1079=EDGE_LOOP('',(#1479));
#1080=EDGE_LOOP('',(#1480));
#1081=EDGE_LOOP('',(#1481));
#1082=EDGE_LOOP('',(#1482,#1483,#1484,#1485));
#1083=EDGE_LOOP('',(#1486,#1487,#1488,#1489));
#1084=EDGE_LOOP('',(#1490,#1491,#1492,#1493));
#1085=EDGE_LOOP('',(#1494,#1495,#1496,#1497));
#1086=EDGE_LOOP('',(#1498));
#1087=EDGE_LOOP('',(#1499,#1500,#1501,#1502));
#1088=EDGE_LOOP('',(#1503));
#1089=EDGE_LOOP('',(#1504));
#1090=EDGE_LOOP('',(#1505));
#1091=EDGE_LOOP('',(#1506,#1507,#1508,#1509));
#1092=EDGE_LOOP('',(#1510,#1511,#1512,#1513));
#1093=EDGE_LOOP('',(#1514,#1515,#1516,#1517));
#1094=EDGE_LOOP('',(#1518,#1519,#1520,#1521));
#1095=EDGE_LOOP('',(#1522));
#1096=EDGE_LOOP('',(#1523,#1524,#1525,#1526));
#1097=EDGE_LOOP('',(#1527));
#1098=EDGE_LOOP('',(#1528));
#1099=EDGE_LOOP('',(#1529));
#1100=EDGE_LOOP('',(#1530,#1531,#1532,#1533));
#1101=EDGE_LOOP('',(#1534,#1535,#1536,#1537));
#1102=EDGE_LOOP('',(#1538,#1539,#1540,#1541));
#1103=EDGE_LOOP('',(#1542,#1543,#1544,#1545));
#1104=EDGE_LOOP('',(#1546));
#1105=EDGE_LOOP('',(#1547,#1548,#1549,#1550));
#1106=EDGE_LOOP('',(#1551));
#1107=EDGE_LOOP('',(#1552));
#1108=EDGE_LOOP('',(#1553));
#1109=EDGE_LOOP('',(#1554,#1555,#1556,#1557));
#1110=EDGE_LOOP('',(#1558,#1559,#1560,#1561));
#1111=EDGE_LOOP('',(#1562,#1563,#1564,#1565));
#1112=EDGE_LOOP('',(#1566,#1567,#1568,#1569));
#1113=EDGE_LOOP('',(#1570));
#1114=EDGE_LOOP('',(#1571,#1572,#1573,#1574));
#1115=EDGE_LOOP('',(#1575));
#1116=EDGE_LOOP('',(#1576));
#1117=EDGE_LOOP('',(#1577));
#1118=EDGE_LOOP('',(#1578,#1579,#1580,#1581));
#1119=EDGE_LOOP('',(#1582,#1583,#1584,#1585,#1586,#1587,#1588,#1589));
#1120=EDGE_LOOP('',(#1590,#1591,#1592,#1593,#1594,#1595,#1596,#1597));
#1121=EDGE_LOOP('',(#1598,#1599,#1600,#1601));
#1122=EDGE_LOOP('',(#1602,#1603,#1604,#1605,#1606,#1607,#1608,#1609));
#1123=EDGE_LOOP('',(#1610,#1611,#1612,#1613,#1614,#1615,#1616,#1617));
#1124=EDGE_LOOP('',(#1618,#1619,#1620,#1621));
#1125=EDGE_LOOP('',(#1622,#1623,#1624,#1625));
#1126=EDGE_LOOP('',(#1626,#1627,#1628,#1629));
#1127=EDGE_LOOP('',(#1630,#1631,#1632,#1633));
#1128=EDGE_LOOP('',(#1634,#1635,#1636,#1637));
#1129=EDGE_LOOP('',(#1638,#1639,#1640,#1641));
#1130=EDGE_LOOP('',(#1642,#1643,#1644,#1645));
#1131=EDGE_LOOP('',(#1646,#1647,#1648,#1649));
#1132=EDGE_LOOP('',(#1650,#1651,#1652,#1653));
#1133=EDGE_LOOP('',(#1654,#1655,#1656,#1657));
#1134=EDGE_LOOP('',(#1658,#1659,#1660,#1661));
#1135=EDGE_LOOP('',(#1662,#1663,#1664,#1665));
#1136=EDGE_LOOP('',(#1666,#1667,#1668,#1669));
#1137=EDGE_LOOP('',(#1670,#1671,#1672,#1673));
#1138=EDGE_LOOP('',(#1674,#1675,#1676,#1677));
#1139=EDGE_LOOP('',(#1678,#1679,#1680,#1681));
#1140=EDGE_LOOP('',(#1682,#1683,#1684,#1685));
#1141=EDGE_LOOP('',(#1686,#1687,#1688,#1689));
#1142=EDGE_LOOP('',(#1690,#1691,#1692,#1693));
#1143=EDGE_LOOP('',(#1694,#1695,#1696,#1697));
#1144=EDGE_LOOP('',(#1698,#1699,#1700,#1701));
#1145=EDGE_LOOP('',(#1702,#1703,#1704,#1705));
#1146=EDGE_LOOP('',(#1706,#1707,#1708,#1709));
#1147=EDGE_LOOP('',(#1710,#1711,#1712,#1713));
#1148=EDGE_LOOP('',(#1714,#1715,#1716,#1717));
#1149=EDGE_LOOP('',(#1718,#1719,#1720,#1721));
#1150=EDGE_LOOP('',(#1722,#1723,#1724,#1725));
#1151=EDGE_LOOP('',(#1726,#1727,#1728,#1729));
#1152=EDGE_LOOP('',(#1730,#1731,#1732,#1733));
#1153=EDGE_LOOP('',(#1734,#1735,#1736,#1737));
#1154=EDGE_LOOP('',(#1738,#1739,#1740,#1741));
#1155=EDGE_LOOP('',(#1742,#1743,#1744,#1745));
#1156=EDGE_LOOP('',(#1746,#1747,#1748,#1749));
#1157=EDGE_LOOP('',(#1750,#1751,#1752,#1753));
#1158=EDGE_LOOP('',(#1754,#1755,#1756,#1757));
#1159=EDGE_LOOP('',(#1758,#1759,#1760,#1761));
#1160=EDGE_LOOP('',(#1762,#1763,#1764,#1765));
#1161=EDGE_LOOP('',(#1766,#1767,#1768,#1769));
#1162=ORIENTED_EDGE('',*,*,#1982,.T.);
#1163=ORIENTED_EDGE('',*,*,#1983,.T.);
#1164=ORIENTED_EDGE('',*,*,#1984,.F.);
#1165=ORIENTED_EDGE('',*,*,#1985,.F.);
#1166=ORIENTED_EDGE('',*,*,#1986,.T.);
#1167=ORIENTED_EDGE('',*,*,#1987,.T.);
#1168=ORIENTED_EDGE('',*,*,#1988,.F.);
#1169=ORIENTED_EDGE('',*,*,#1989,.F.);
#1170=ORIENTED_EDGE('',*,*,#1990,.T.);
#1171=ORIENTED_EDGE('',*,*,#1991,.T.);
#1172=ORIENTED_EDGE('',*,*,#1992,.F.);
#1173=ORIENTED_EDGE('',*,*,#1993,.F.);
#1174=ORIENTED_EDGE('',*,*,#1994,.T.);
#1175=ORIENTED_EDGE('',*,*,#1995,.T.);
#1176=ORIENTED_EDGE('',*,*,#1996,.F.);
#1177=ORIENTED_EDGE('',*,*,#1997,.F.);
#1178=ORIENTED_EDGE('',*,*,#1988,.T.);
#1179=ORIENTED_EDGE('',*,*,#1998,.T.);
#1180=ORIENTED_EDGE('',*,*,#1999,.T.);
#1181=ORIENTED_EDGE('',*,*,#1997,.T.);
#1182=ORIENTED_EDGE('',*,*,#2000,.T.);
#1183=ORIENTED_EDGE('',*,*,#2001,.T.);
#1184=ORIENTED_EDGE('',*,*,#1992,.T.);
#1185=ORIENTED_EDGE('',*,*,#2002,.T.);
#1186=ORIENTED_EDGE('',*,*,#2003,.T.);
#1187=ORIENTED_EDGE('',*,*,#2004,.T.);
#1188=ORIENTED_EDGE('',*,*,#2005,.T.);
#1189=ORIENTED_EDGE('',*,*,#2006,.T.);
#1190=ORIENTED_EDGE('',*,*,#2007,.F.);
#1191=ORIENTED_EDGE('',*,*,#2008,.T.);
#1192=ORIENTED_EDGE('',*,*,#2009,.T.);
#1193=ORIENTED_EDGE('',*,*,#2010,.F.);
#1194=ORIENTED_EDGE('',*,*,#2011,.F.);
#1195=ORIENTED_EDGE('',*,*,#2012,.T.);
#1196=ORIENTED_EDGE('',*,*,#2013,.T.);
#1197=ORIENTED_EDGE('',*,*,#2014,.F.);
#1198=ORIENTED_EDGE('',*,*,#2015,.F.);
#1199=ORIENTED_EDGE('',*,*,#2016,.T.);
#1200=ORIENTED_EDGE('',*,*,#2017,.T.);
#1201=ORIENTED_EDGE('',*,*,#2018,.F.);
#1202=ORIENTED_EDGE('',*,*,#2019,.F.);
#1203=ORIENTED_EDGE('',*,*,#2020,.T.);
#1204=ORIENTED_EDGE('',*,*,#2021,.T.);
#1205=ORIENTED_EDGE('',*,*,#2022,.F.);
#1206=ORIENTED_EDGE('',*,*,#2023,.T.);
#1207=ORIENTED_EDGE('',*,*,#2024,.T.);
#1208=ORIENTED_EDGE('',*,*,#2025,.T.);
#1209=ORIENTED_EDGE('',*,*,#2026,.T.);
#1210=ORIENTED_EDGE('',*,*,#2027,.T.);
#1211=ORIENTED_EDGE('',*,*,#2028,.T.);
#1212=ORIENTED_EDGE('',*,*,#2029,.T.);
#1213=ORIENTED_EDGE('',*,*,#2030,.T.);
#1214=ORIENTED_EDGE('',*,*,#2031,.F.);
#1215=ORIENTED_EDGE('',*,*,#2032,.T.);
#1216=ORIENTED_EDGE('',*,*,#2033,.T.);
#1217=ORIENTED_EDGE('',*,*,#2034,.T.);
#1218=ORIENTED_EDGE('',*,*,#2035,.F.);
#1219=ORIENTED_EDGE('',*,*,#2004,.F.);
#1220=ORIENTED_EDGE('',*,*,#2036,.F.);
#1221=ORIENTED_EDGE('',*,*,#1986,.F.);
#1222=ORIENTED_EDGE('',*,*,#2037,.F.);
#1223=ORIENTED_EDGE('',*,*,#2038,.F.);
#1224=ORIENTED_EDGE('',*,*,#1990,.F.);
#1225=ORIENTED_EDGE('',*,*,#2039,.F.);
#1226=ORIENTED_EDGE('',*,*,#2040,.F.);
#1227=ORIENTED_EDGE('',*,*,#1995,.F.);
#1228=ORIENTED_EDGE('',*,*,#2041,.F.);
#1229=ORIENTED_EDGE('',*,*,#2031,.T.);
#1230=ORIENTED_EDGE('',*,*,#2034,.F.);
#1231=ORIENTED_EDGE('',*,*,#2042,.F.);
#1232=ORIENTED_EDGE('',*,*,#2043,.F.);
#1233=ORIENTED_EDGE('',*,*,#2044,.T.);
#1234=ORIENTED_EDGE('',*,*,#2045,.F.);
#1235=ORIENTED_EDGE('',*,*,#2046,.F.);
#1236=ORIENTED_EDGE('',*,*,#2047,.T.);
#1237=ORIENTED_EDGE('',*,*,#2048,.T.);
#1238=ORIENTED_EDGE('',*,*,#2049,.F.);
#1239=ORIENTED_EDGE('',*,*,#2050,.F.);
#1240=ORIENTED_EDGE('',*,*,#2051,.T.);
#1241=ORIENTED_EDGE('',*,*,#2052,.T.);
#1242=ORIENTED_EDGE('',*,*,#2053,.F.);
#1243=ORIENTED_EDGE('',*,*,#2054,.F.);
#1244=ORIENTED_EDGE('',*,*,#2055,.T.);
#1245=ORIENTED_EDGE('',*,*,#2056,.T.);
#1246=ORIENTED_EDGE('',*,*,#2057,.F.);
#1247=ORIENTED_EDGE('',*,*,#2058,.F.);
#1248=ORIENTED_EDGE('',*,*,#2055,.F.);
#1249=ORIENTED_EDGE('',*,*,#2059,.F.);
#1250=ORIENTED_EDGE('',*,*,#2060,.F.);
#1251=ORIENTED_EDGE('',*,*,#2052,.F.);
#1252=ORIENTED_EDGE('',*,*,#2061,.F.);
#1253=ORIENTED_EDGE('',*,*,#2062,.F.);
#1254=ORIENTED_EDGE('',*,*,#2063,.F.);
#1255=ORIENTED_EDGE('',*,*,#2064,.F.);
#1256=ORIENTED_EDGE('',*,*,#2065,.F.);
#1257=ORIENTED_EDGE('',*,*,#2048,.F.);
#1258=ORIENTED_EDGE('',*,*,#2066,.F.);
#1259=ORIENTED_EDGE('',*,*,#2067,.F.);
#1260=ORIENTED_EDGE('',*,*,#2063,.T.);
#1261=ORIENTED_EDGE('',*,*,#2068,.T.);
#1262=ORIENTED_EDGE('',*,*,#2069,.T.);
#1263=ORIENTED_EDGE('',*,*,#2070,.T.);
#1264=ORIENTED_EDGE('',*,*,#2071,.T.);
#1265=ORIENTED_EDGE('',*,*,#2050,.T.);
#1266=ORIENTED_EDGE('',*,*,#2072,.T.);
#1267=ORIENTED_EDGE('',*,*,#2073,.T.);
#1268=ORIENTED_EDGE('',*,*,#2074,.T.);
#1269=ORIENTED_EDGE('',*,*,#2075,.T.);
#1270=ORIENTED_EDGE('',*,*,#2076,.T.);
#1271=ORIENTED_EDGE('',*,*,#2077,.T.);
#1272=ORIENTED_EDGE('',*,*,#2078,.T.);
#1273=ORIENTED_EDGE('',*,*,#2079,.T.);
#1274=ORIENTED_EDGE('',*,*,#2080,.T.);
#1275=ORIENTED_EDGE('',*,*,#2081,.T.);
#1276=ORIENTED_EDGE('',*,*,#2082,.T.);
#1277=ORIENTED_EDGE('',*,*,#2066,.T.);
#1278=ORIENTED_EDGE('',*,*,#2083,.T.);
#1279=ORIENTED_EDGE('',*,*,#2084,.T.);
#1280=ORIENTED_EDGE('',*,*,#2085,.T.);
#1281=ORIENTED_EDGE('',*,*,#2046,.T.);
#1282=ORIENTED_EDGE('',*,*,#2086,.T.);
#1283=ORIENTED_EDGE('',*,*,#2087,.T.);
#1284=ORIENTED_EDGE('',*,*,#2088,.T.);
#1285=ORIENTED_EDGE('',*,*,#2053,.T.);
#1286=ORIENTED_EDGE('',*,*,#2032,.F.);
#1287=ORIENTED_EDGE('',*,*,#2089,.F.);
#1288=ORIENTED_EDGE('',*,*,#2082,.F.);
#1289=ORIENTED_EDGE('',*,*,#2090,.T.);
#1290=ORIENTED_EDGE('',*,*,#2061,.T.);
#1291=ORIENTED_EDGE('',*,*,#2067,.T.);
#1292=ORIENTED_EDGE('',*,*,#2060,.T.);
#1293=ORIENTED_EDGE('',*,*,#2091,.T.);
#1294=ORIENTED_EDGE('',*,*,#2072,.F.);
#1295=ORIENTED_EDGE('',*,*,#2049,.T.);
#1296=ORIENTED_EDGE('',*,*,#2065,.T.);
#1297=ORIENTED_EDGE('',*,*,#2092,.T.);
#1298=ORIENTED_EDGE('',*,*,#2078,.F.);
#1299=ORIENTED_EDGE('',*,*,#2093,.T.);
#1300=ORIENTED_EDGE('',*,*,#2094,.T.);
#1301=ORIENTED_EDGE('',*,*,#2095,.F.);
#1302=ORIENTED_EDGE('',*,*,#2086,.F.);
#1303=ORIENTED_EDGE('',*,*,#2045,.T.);
#1304=ORIENTED_EDGE('',*,*,#2076,.F.);
#1305=ORIENTED_EDGE('',*,*,#2096,.T.);
#1306=ORIENTED_EDGE('',*,*,#2057,.T.);
#1307=ORIENTED_EDGE('',*,*,#2054,.T.);
#1308=ORIENTED_EDGE('',*,*,#2088,.F.);
#1309=ORIENTED_EDGE('',*,*,#2097,.T.);
#1310=ORIENTED_EDGE('',*,*,#2098,.T.);
#1311=ORIENTED_EDGE('',*,*,#2099,.F.);
#1312=ORIENTED_EDGE('',*,*,#2096,.F.);
#1313=ORIENTED_EDGE('',*,*,#2075,.F.);
#1314=ORIENTED_EDGE('',*,*,#2100,.T.);
#1315=ORIENTED_EDGE('',*,*,#2101,.T.);
#1316=ORIENTED_EDGE('',*,*,#2102,.F.);
#1317=ORIENTED_EDGE('',*,*,#2069,.F.);
#1318=ORIENTED_EDGE('',*,*,#2056,.F.);
#1319=ORIENTED_EDGE('',*,*,#2058,.T.);
#1320=ORIENTED_EDGE('',*,*,#2091,.F.);
#1321=ORIENTED_EDGE('',*,*,#2059,.T.);
#1322=ORIENTED_EDGE('',*,*,#2051,.F.);
#1323=ORIENTED_EDGE('',*,*,#2071,.F.);
#1324=ORIENTED_EDGE('',*,*,#2103,.T.);
#1325=ORIENTED_EDGE('',*,*,#2104,.T.);
#1326=ORIENTED_EDGE('',*,*,#2105,.F.);
#1327=ORIENTED_EDGE('',*,*,#2073,.F.);
#1328=ORIENTED_EDGE('',*,*,#2090,.F.);
#1329=ORIENTED_EDGE('',*,*,#2081,.F.);
#1330=ORIENTED_EDGE('',*,*,#2106,.T.);
#1331=ORIENTED_EDGE('',*,*,#2107,.T.);
#1332=ORIENTED_EDGE('',*,*,#2108,.F.);
#1333=ORIENTED_EDGE('',*,*,#2083,.F.);
#1334=ORIENTED_EDGE('',*,*,#2068,.F.);
#1335=ORIENTED_EDGE('',*,*,#2062,.T.);
#1336=ORIENTED_EDGE('',*,*,#2092,.F.);
#1337=ORIENTED_EDGE('',*,*,#2064,.T.);
#1338=ORIENTED_EDGE('',*,*,#2047,.F.);
#1339=ORIENTED_EDGE('',*,*,#2085,.F.);
#1340=ORIENTED_EDGE('',*,*,#2109,.T.);
#1341=ORIENTED_EDGE('',*,*,#2110,.T.);
#1342=ORIENTED_EDGE('',*,*,#2111,.F.);
#1343=ORIENTED_EDGE('',*,*,#2079,.F.);
#1344=ORIENTED_EDGE('',*,*,#1982,.F.);
#1345=ORIENTED_EDGE('',*,*,#2112,.T.);
#1346=ORIENTED_EDGE('',*,*,#2112,.F.);
#1347=ORIENTED_EDGE('',*,*,#2089,.T.);
#1348=ORIENTED_EDGE('',*,*,#2113,.F.);
#1349=ORIENTED_EDGE('',*,*,#2002,.F.);
#1350=ORIENTED_EDGE('',*,*,#1991,.F.);
#1351=ORIENTED_EDGE('',*,*,#2038,.T.);
#1352=ORIENTED_EDGE('',*,*,#2114,.F.);
#1353=ORIENTED_EDGE('',*,*,#2041,.T.);
#1354=ORIENTED_EDGE('',*,*,#1994,.F.);
#1355=ORIENTED_EDGE('',*,*,#2001,.F.);
#1356=ORIENTED_EDGE('',*,*,#2115,.F.);
#1357=ORIENTED_EDGE('',*,*,#2042,.T.);
#1358=ORIENTED_EDGE('',*,*,#2033,.F.);
#1359=ORIENTED_EDGE('',*,*,#2006,.F.);
#1360=ORIENTED_EDGE('',*,*,#2116,.F.);
#1361=ORIENTED_EDGE('',*,*,#1998,.F.);
#1362=ORIENTED_EDGE('',*,*,#1987,.F.);
#1363=ORIENTED_EDGE('',*,*,#2036,.T.);
#1364=ORIENTED_EDGE('',*,*,#2040,.T.);
#1365=ORIENTED_EDGE('',*,*,#2114,.T.);
#1366=ORIENTED_EDGE('',*,*,#2000,.F.);
#1367=ORIENTED_EDGE('',*,*,#1996,.T.);
#1368=ORIENTED_EDGE('',*,*,#1999,.F.);
#1369=ORIENTED_EDGE('',*,*,#2116,.T.);
#1370=ORIENTED_EDGE('',*,*,#2037,.T.);
#1371=ORIENTED_EDGE('',*,*,#1989,.T.);
#1372=ORIENTED_EDGE('',*,*,#2043,.T.);
#1373=ORIENTED_EDGE('',*,*,#2115,.T.);
#1374=ORIENTED_EDGE('',*,*,#2005,.F.);
#1375=ORIENTED_EDGE('',*,*,#2035,.T.);
#1376=ORIENTED_EDGE('',*,*,#2003,.F.);
#1377=ORIENTED_EDGE('',*,*,#2113,.T.);
#1378=ORIENTED_EDGE('',*,*,#2039,.T.);
#1379=ORIENTED_EDGE('',*,*,#1993,.T.);
#1380=ORIENTED_EDGE('',*,*,#2117,.T.);
#1381=ORIENTED_EDGE('',*,*,#2118,.F.);
#1382=ORIENTED_EDGE('',*,*,#2044,.F.);
#1383=ORIENTED_EDGE('',*,*,#2118,.T.);
#1384=ORIENTED_EDGE('',*,*,#2119,.F.);
#1385=ORIENTED_EDGE('',*,*,#2117,.F.);
#1386=ORIENTED_EDGE('',*,*,#2119,.T.);
#1387=ORIENTED_EDGE('',*,*,#2027,.F.);
#1388=ORIENTED_EDGE('',*,*,#2120,.T.);
#1389=ORIENTED_EDGE('',*,*,#2121,.T.);
#1390=ORIENTED_EDGE('',*,*,#2122,.T.);
#1391=ORIENTED_EDGE('',*,*,#2123,.T.);
#1392=ORIENTED_EDGE('',*,*,#2124,.T.);
#1393=ORIENTED_EDGE('',*,*,#2029,.F.);
#1394=ORIENTED_EDGE('',*,*,#2125,.T.);
#1395=ORIENTED_EDGE('',*,*,#2126,.T.);
#1396=ORIENTED_EDGE('',*,*,#2127,.T.);
#1397=ORIENTED_EDGE('',*,*,#2023,.F.);
#1398=ORIENTED_EDGE('',*,*,#2128,.T.);
#1399=ORIENTED_EDGE('',*,*,#2129,.T.);
#1400=ORIENTED_EDGE('',*,*,#2130,.T.);
#1401=ORIENTED_EDGE('',*,*,#2025,.F.);
#1402=ORIENTED_EDGE('',*,*,#2131,.T.);
#1403=ORIENTED_EDGE('',*,*,#2132,.T.);
#1404=ORIENTED_EDGE('',*,*,#2133,.F.);
#1405=ORIENTED_EDGE('',*,*,#2121,.F.);
#1406=ORIENTED_EDGE('',*,*,#2134,.T.);
#1407=ORIENTED_EDGE('',*,*,#2129,.F.);
#1408=ORIENTED_EDGE('',*,*,#2135,.T.);
#1409=ORIENTED_EDGE('',*,*,#2126,.F.);
#1410=ORIENTED_EDGE('',*,*,#2136,.T.);
#1411=ORIENTED_EDGE('',*,*,#2123,.F.);
#1412=ORIENTED_EDGE('',*,*,#2137,.T.);
#1413=ORIENTED_EDGE('',*,*,#2133,.T.);
#1414=ORIENTED_EDGE('',*,*,#2132,.F.);
#1415=ORIENTED_EDGE('',*,*,#2134,.F.);
#1416=ORIENTED_EDGE('',*,*,#2120,.F.);
#1417=ORIENTED_EDGE('',*,*,#2026,.F.);
#1418=ORIENTED_EDGE('',*,*,#2130,.F.);
#1419=ORIENTED_EDGE('',*,*,#2135,.F.);
#1420=ORIENTED_EDGE('',*,*,#2131,.F.);
#1421=ORIENTED_EDGE('',*,*,#2024,.F.);
#1422=ORIENTED_EDGE('',*,*,#2127,.F.);
#1423=ORIENTED_EDGE('',*,*,#2136,.F.);
#1424=ORIENTED_EDGE('',*,*,#2128,.F.);
#1425=ORIENTED_EDGE('',*,*,#2030,.F.);
#1426=ORIENTED_EDGE('',*,*,#2124,.F.);
#1427=ORIENTED_EDGE('',*,*,#2137,.F.);
#1428=ORIENTED_EDGE('',*,*,#2125,.F.);
#1429=ORIENTED_EDGE('',*,*,#2028,.F.);
#1430=ORIENTED_EDGE('',*,*,#2122,.F.);
#1431=ORIENTED_EDGE('',*,*,#2138,.F.);
#1432=ORIENTED_EDGE('',*,*,#2094,.F.);
#1433=ORIENTED_EDGE('',*,*,#2139,.F.);
#1434=ORIENTED_EDGE('',*,*,#2098,.F.);
#1435=ORIENTED_EDGE('',*,*,#2140,.F.);
#1436=ORIENTED_EDGE('',*,*,#2138,.T.);
#1437=ORIENTED_EDGE('',*,*,#2141,.T.);
#1438=ORIENTED_EDGE('',*,*,#2099,.T.);
#1439=ORIENTED_EDGE('',*,*,#2139,.T.);
#1440=ORIENTED_EDGE('',*,*,#2093,.F.);
#1441=ORIENTED_EDGE('',*,*,#2077,.F.);
#1442=ORIENTED_EDGE('',*,*,#2095,.T.);
#1443=ORIENTED_EDGE('',*,*,#2140,.T.);
#1444=ORIENTED_EDGE('',*,*,#2097,.F.);
#1445=ORIENTED_EDGE('',*,*,#2087,.F.);
#1446=ORIENTED_EDGE('',*,*,#2141,.F.);
#1447=ORIENTED_EDGE('',*,*,#2142,.F.);
#1448=ORIENTED_EDGE('',*,*,#2107,.F.);
#1449=ORIENTED_EDGE('',*,*,#2143,.F.);
#1450=ORIENTED_EDGE('',*,*,#2110,.F.);
#1451=ORIENTED_EDGE('',*,*,#2144,.F.);
#1452=ORIENTED_EDGE('',*,*,#2142,.T.);
#1453=ORIENTED_EDGE('',*,*,#2145,.T.);
#1454=ORIENTED_EDGE('',*,*,#2111,.T.);
#1455=ORIENTED_EDGE('',*,*,#2143,.T.);
#1456=ORIENTED_EDGE('',*,*,#2106,.F.);
#1457=ORIENTED_EDGE('',*,*,#2080,.F.);
#1458=ORIENTED_EDGE('',*,*,#2108,.T.);
#1459=ORIENTED_EDGE('',*,*,#2144,.T.);
#1460=ORIENTED_EDGE('',*,*,#2109,.F.);
#1461=ORIENTED_EDGE('',*,*,#2084,.F.);
#1462=ORIENTED_EDGE('',*,*,#2145,.F.);
#1463=ORIENTED_EDGE('',*,*,#2146,.F.);
#1464=ORIENTED_EDGE('',*,*,#2101,.F.);
#1465=ORIENTED_EDGE('',*,*,#2147,.F.);
#1466=ORIENTED_EDGE('',*,*,#2104,.F.);
#1467=ORIENTED_EDGE('',*,*,#2148,.F.);
#1468=ORIENTED_EDGE('',*,*,#2146,.T.);
#1469=ORIENTED_EDGE('',*,*,#2149,.T.);
#1470=ORIENTED_EDGE('',*,*,#2105,.T.);
#1471=ORIENTED_EDGE('',*,*,#2147,.T.);
#1472=ORIENTED_EDGE('',*,*,#2100,.F.);
#1473=ORIENTED_EDGE('',*,*,#2074,.F.);
#1474=ORIENTED_EDGE('',*,*,#2102,.T.);
#1475=ORIENTED_EDGE('',*,*,#2148,.T.);
#1476=ORIENTED_EDGE('',*,*,#2103,.F.);
#1477=ORIENTED_EDGE('',*,*,#2070,.F.);
#1478=ORIENTED_EDGE('',*,*,#2149,.F.);
#1479=ORIENTED_EDGE('',*,*,#1983,.F.);
#1480=ORIENTED_EDGE('',*,*,#1984,.T.);
#1481=ORIENTED_EDGE('',*,*,#1985,.T.);
#1482=ORIENTED_EDGE('',*,*,#2150,.T.);
#1483=ORIENTED_EDGE('',*,*,#2151,.F.);
#1484=ORIENTED_EDGE('',*,*,#2152,.F.);
#1485=ORIENTED_EDGE('',*,*,#2153,.T.);
#1486=ORIENTED_EDGE('',*,*,#2154,.T.);
#1487=ORIENTED_EDGE('',*,*,#2021,.F.);
#1488=ORIENTED_EDGE('',*,*,#2155,.F.);
#1489=ORIENTED_EDGE('',*,*,#2151,.T.);
#1490=ORIENTED_EDGE('',*,*,#2156,.T.);
#1491=ORIENTED_EDGE('',*,*,#2153,.F.);
#1492=ORIENTED_EDGE('',*,*,#2157,.F.);
#1493=ORIENTED_EDGE('',*,*,#2019,.T.);
#1494=ORIENTED_EDGE('',*,*,#2020,.F.);
#1495=ORIENTED_EDGE('',*,*,#2157,.T.);
#1496=ORIENTED_EDGE('',*,*,#2152,.T.);
#1497=ORIENTED_EDGE('',*,*,#2155,.T.);
#1498=ORIENTED_EDGE('',*,*,#2158,.F.);
#1499=ORIENTED_EDGE('',*,*,#2156,.F.);
#1500=ORIENTED_EDGE('',*,*,#2022,.T.);
#1501=ORIENTED_EDGE('',*,*,#2154,.F.);
#1502=ORIENTED_EDGE('',*,*,#2150,.F.);
#1503=ORIENTED_EDGE('',*,*,#2159,.T.);
#1504=ORIENTED_EDGE('',*,*,#2159,.F.);
#1505=ORIENTED_EDGE('',*,*,#2158,.T.);
#1506=ORIENTED_EDGE('',*,*,#2160,.T.);
#1507=ORIENTED_EDGE('',*,*,#2161,.F.);
#1508=ORIENTED_EDGE('',*,*,#2162,.F.);
#1509=ORIENTED_EDGE('',*,*,#2163,.T.);
#1510=ORIENTED_EDGE('',*,*,#2164,.T.);
#1511=ORIENTED_EDGE('',*,*,#2017,.F.);
#1512=ORIENTED_EDGE('',*,*,#2165,.F.);
#1513=ORIENTED_EDGE('',*,*,#2161,.T.);
#1514=ORIENTED_EDGE('',*,*,#2166,.T.);
#1515=ORIENTED_EDGE('',*,*,#2163,.F.);
#1516=ORIENTED_EDGE('',*,*,#2167,.F.);
#1517=ORIENTED_EDGE('',*,*,#2015,.T.);
#1518=ORIENTED_EDGE('',*,*,#2016,.F.);
#1519=ORIENTED_EDGE('',*,*,#2167,.T.);
#1520=ORIENTED_EDGE('',*,*,#2162,.T.);
#1521=ORIENTED_EDGE('',*,*,#2165,.T.);
#1522=ORIENTED_EDGE('',*,*,#2168,.F.);
#1523=ORIENTED_EDGE('',*,*,#2166,.F.);
#1524=ORIENTED_EDGE('',*,*,#2018,.T.);
#1525=ORIENTED_EDGE('',*,*,#2164,.F.);
#1526=ORIENTED_EDGE('',*,*,#2160,.F.);
#1527=ORIENTED_EDGE('',*,*,#2169,.T.);
#1528=ORIENTED_EDGE('',*,*,#2169,.F.);
#1529=ORIENTED_EDGE('',*,*,#2168,.T.);
#1530=ORIENTED_EDGE('',*,*,#2170,.T.);
#1531=ORIENTED_EDGE('',*,*,#2171,.F.);
#1532=ORIENTED_EDGE('',*,*,#2172,.F.);
#1533=ORIENTED_EDGE('',*,*,#2173,.T.);
#1534=ORIENTED_EDGE('',*,*,#2174,.T.);
#1535=ORIENTED_EDGE('',*,*,#2013,.F.);
#1536=ORIENTED_EDGE('',*,*,#2175,.F.);
#1537=ORIENTED_EDGE('',*,*,#2171,.T.);
#1538=ORIENTED_EDGE('',*,*,#2176,.T.);
#1539=ORIENTED_EDGE('',*,*,#2173,.F.);
#1540=ORIENTED_EDGE('',*,*,#2177,.F.);
#1541=ORIENTED_EDGE('',*,*,#2011,.T.);
#1542=ORIENTED_EDGE('',*,*,#2012,.F.);
#1543=ORIENTED_EDGE('',*,*,#2177,.T.);
#1544=ORIENTED_EDGE('',*,*,#2172,.T.);
#1545=ORIENTED_EDGE('',*,*,#2175,.T.);
#1546=ORIENTED_EDGE('',*,*,#2178,.F.);
#1547=ORIENTED_EDGE('',*,*,#2176,.F.);
#1548=ORIENTED_EDGE('',*,*,#2014,.T.);
#1549=ORIENTED_EDGE('',*,*,#2174,.F.);
#1550=ORIENTED_EDGE('',*,*,#2170,.F.);
#1551=ORIENTED_EDGE('',*,*,#2179,.T.);
#1552=ORIENTED_EDGE('',*,*,#2179,.F.);
#1553=ORIENTED_EDGE('',*,*,#2178,.T.);
#1554=ORIENTED_EDGE('',*,*,#2180,.T.);
#1555=ORIENTED_EDGE('',*,*,#2181,.F.);
#1556=ORIENTED_EDGE('',*,*,#2182,.F.);
#1557=ORIENTED_EDGE('',*,*,#2183,.T.);
#1558=ORIENTED_EDGE('',*,*,#2184,.T.);
#1559=ORIENTED_EDGE('',*,*,#2009,.F.);
#1560=ORIENTED_EDGE('',*,*,#2185,.F.);
#1561=ORIENTED_EDGE('',*,*,#2181,.T.);
#1562=ORIENTED_EDGE('',*,*,#2186,.T.);
#1563=ORIENTED_EDGE('',*,*,#2183,.F.);
#1564=ORIENTED_EDGE('',*,*,#2187,.F.);
#1565=ORIENTED_EDGE('',*,*,#2007,.T.);
#1566=ORIENTED_EDGE('',*,*,#2008,.F.);
#1567=ORIENTED_EDGE('',*,*,#2187,.T.);
#1568=ORIENTED_EDGE('',*,*,#2182,.T.);
#1569=ORIENTED_EDGE('',*,*,#2185,.T.);
#1570=ORIENTED_EDGE('',*,*,#2188,.F.);
#1571=ORIENTED_EDGE('',*,*,#2186,.F.);
#1572=ORIENTED_EDGE('',*,*,#2010,.T.);
#1573=ORIENTED_EDGE('',*,*,#2184,.F.);
#1574=ORIENTED_EDGE('',*,*,#2180,.F.);
#1575=ORIENTED_EDGE('',*,*,#2189,.T.);
#1576=ORIENTED_EDGE('',*,*,#2189,.F.);
#1577=ORIENTED_EDGE('',*,*,#2188,.T.);
#1578=ORIENTED_EDGE('',*,*,#2190,.T.);
#1579=ORIENTED_EDGE('',*,*,#2191,.T.);
#1580=ORIENTED_EDGE('',*,*,#2192,.F.);
#1581=ORIENTED_EDGE('',*,*,#2193,.T.);
#1582=ORIENTED_EDGE('',*,*,#2194,.T.);
#1583=ORIENTED_EDGE('',*,*,#2195,.T.);
#1584=ORIENTED_EDGE('',*,*,#2196,.T.);
#1585=ORIENTED_EDGE('',*,*,#2197,.T.);
#1586=ORIENTED_EDGE('',*,*,#2198,.T.);
#1587=ORIENTED_EDGE('',*,*,#2199,.T.);
#1588=ORIENTED_EDGE('',*,*,#2200,.T.);
#1589=ORIENTED_EDGE('',*,*,#2201,.T.);
#1590=ORIENTED_EDGE('',*,*,#2202,.T.);
#1591=ORIENTED_EDGE('',*,*,#2203,.T.);
#1592=ORIENTED_EDGE('',*,*,#2204,.F.);
#1593=ORIENTED_EDGE('',*,*,#2205,.T.);
#1594=ORIENTED_EDGE('',*,*,#2206,.F.);
#1595=ORIENTED_EDGE('',*,*,#2207,.T.);
#1596=ORIENTED_EDGE('',*,*,#2192,.T.);
#1597=ORIENTED_EDGE('',*,*,#2208,.T.);
#1598=ORIENTED_EDGE('',*,*,#2204,.T.);
#1599=ORIENTED_EDGE('',*,*,#2209,.T.);
#1600=ORIENTED_EDGE('',*,*,#2210,.F.);
#1601=ORIENTED_EDGE('',*,*,#2211,.T.);
#1602=ORIENTED_EDGE('',*,*,#2212,.T.);
#1603=ORIENTED_EDGE('',*,*,#2213,.T.);
#1604=ORIENTED_EDGE('',*,*,#2214,.T.);
#1605=ORIENTED_EDGE('',*,*,#2215,.T.);
#1606=ORIENTED_EDGE('',*,*,#2216,.T.);
#1607=ORIENTED_EDGE('',*,*,#2217,.T.);
#1608=ORIENTED_EDGE('',*,*,#2218,.T.);
#1609=ORIENTED_EDGE('',*,*,#2219,.T.);
#1610=ORIENTED_EDGE('',*,*,#2210,.T.);
#1611=ORIENTED_EDGE('',*,*,#2220,.T.);
#1612=ORIENTED_EDGE('',*,*,#2221,.T.);
#1613=ORIENTED_EDGE('',*,*,#2222,.T.);
#1614=ORIENTED_EDGE('',*,*,#2190,.F.);
#1615=ORIENTED_EDGE('',*,*,#2223,.T.);
#1616=ORIENTED_EDGE('',*,*,#2224,.F.);
#1617=ORIENTED_EDGE('',*,*,#2225,.T.);
#1618=ORIENTED_EDGE('',*,*,#2224,.T.);
#1619=ORIENTED_EDGE('',*,*,#2226,.T.);
#1620=ORIENTED_EDGE('',*,*,#2206,.T.);
#1621=ORIENTED_EDGE('',*,*,#2227,.T.);
#1622=ORIENTED_EDGE('',*,*,#2221,.F.);
#1623=ORIENTED_EDGE('',*,*,#2228,.T.);
#1624=ORIENTED_EDGE('',*,*,#2202,.F.);
#1625=ORIENTED_EDGE('',*,*,#2229,.T.);
#1626=ORIENTED_EDGE('',*,*,#2216,.F.);
#1627=ORIENTED_EDGE('',*,*,#2230,.T.);
#1628=ORIENTED_EDGE('',*,*,#2198,.F.);
#1629=ORIENTED_EDGE('',*,*,#2231,.T.);
#1630=ORIENTED_EDGE('',*,*,#2196,.F.);
#1631=ORIENTED_EDGE('',*,*,#2232,.T.);
#1632=ORIENTED_EDGE('',*,*,#2218,.F.);
#1633=ORIENTED_EDGE('',*,*,#2233,.T.);
#1634=ORIENTED_EDGE('',*,*,#2194,.F.);
#1635=ORIENTED_EDGE('',*,*,#2234,.T.);
#1636=ORIENTED_EDGE('',*,*,#2212,.F.);
#1637=ORIENTED_EDGE('',*,*,#2235,.T.);
#1638=ORIENTED_EDGE('',*,*,#2200,.F.);
#1639=ORIENTED_EDGE('',*,*,#2236,.T.);
#1640=ORIENTED_EDGE('',*,*,#2214,.F.);
#1641=ORIENTED_EDGE('',*,*,#2237,.T.);
#1642=ORIENTED_EDGE('',*,*,#2199,.F.);
#1643=ORIENTED_EDGE('',*,*,#2230,.F.);
#1644=ORIENTED_EDGE('',*,*,#2215,.F.);
#1645=ORIENTED_EDGE('',*,*,#2236,.F.);
#1646=ORIENTED_EDGE('',*,*,#2201,.F.);
#1647=ORIENTED_EDGE('',*,*,#2237,.F.);
#1648=ORIENTED_EDGE('',*,*,#2213,.F.);
#1649=ORIENTED_EDGE('',*,*,#2234,.F.);
#1650=ORIENTED_EDGE('',*,*,#2195,.F.);
#1651=ORIENTED_EDGE('',*,*,#2235,.F.);
#1652=ORIENTED_EDGE('',*,*,#2219,.F.);
#1653=ORIENTED_EDGE('',*,*,#2232,.F.);
#1654=ORIENTED_EDGE('',*,*,#2197,.F.);
#1655=ORIENTED_EDGE('',*,*,#2233,.F.);
#1656=ORIENTED_EDGE('',*,*,#2217,.F.);
#1657=ORIENTED_EDGE('',*,*,#2231,.F.);
#1658=ORIENTED_EDGE('',*,*,#2203,.F.);
#1659=ORIENTED_EDGE('',*,*,#2228,.F.);
#1660=ORIENTED_EDGE('',*,*,#2220,.F.);
#1661=ORIENTED_EDGE('',*,*,#2209,.F.);
#1662=ORIENTED_EDGE('',*,*,#2222,.F.);
#1663=ORIENTED_EDGE('',*,*,#2229,.F.);
#1664=ORIENTED_EDGE('',*,*,#2208,.F.);
#1665=ORIENTED_EDGE('',*,*,#2191,.F.);
#1666=ORIENTED_EDGE('',*,*,#2223,.F.);
#1667=ORIENTED_EDGE('',*,*,#2193,.F.);
#1668=ORIENTED_EDGE('',*,*,#2207,.F.);
#1669=ORIENTED_EDGE('',*,*,#2226,.F.);
#1670=ORIENTED_EDGE('',*,*,#2205,.F.);
#1671=ORIENTED_EDGE('',*,*,#2211,.F.);
#1672=ORIENTED_EDGE('',*,*,#2225,.F.);
#1673=ORIENTED_EDGE('',*,*,#2227,.F.);
#1674=ORIENTED_EDGE('',*,*,#2238,.T.);
#1675=ORIENTED_EDGE('',*,*,#2239,.T.);
#1676=ORIENTED_EDGE('',*,*,#2240,.T.);
#1677=ORIENTED_EDGE('',*,*,#2241,.T.);
#1678=ORIENTED_EDGE('',*,*,#2238,.F.);
#1679=ORIENTED_EDGE('',*,*,#2242,.T.);
#1680=ORIENTED_EDGE('',*,*,#2243,.F.);
#1681=ORIENTED_EDGE('',*,*,#2244,.F.);
#1682=ORIENTED_EDGE('',*,*,#2241,.F.);
#1683=ORIENTED_EDGE('',*,*,#2245,.T.);
#1684=ORIENTED_EDGE('',*,*,#2246,.F.);
#1685=ORIENTED_EDGE('',*,*,#2242,.F.);
#1686=ORIENTED_EDGE('',*,*,#2240,.F.);
#1687=ORIENTED_EDGE('',*,*,#2247,.T.);
#1688=ORIENTED_EDGE('',*,*,#2248,.F.);
#1689=ORIENTED_EDGE('',*,*,#2245,.F.);
#1690=ORIENTED_EDGE('',*,*,#2239,.F.);
#1691=ORIENTED_EDGE('',*,*,#2244,.T.);
#1692=ORIENTED_EDGE('',*,*,#2249,.F.);
#1693=ORIENTED_EDGE('',*,*,#2247,.F.);
#1694=ORIENTED_EDGE('',*,*,#2243,.T.);
#1695=ORIENTED_EDGE('',*,*,#2246,.T.);
#1696=ORIENTED_EDGE('',*,*,#2248,.T.);
#1697=ORIENTED_EDGE('',*,*,#2249,.T.);
#1698=ORIENTED_EDGE('',*,*,#2250,.T.);
#1699=ORIENTED_EDGE('',*,*,#2251,.T.);
#1700=ORIENTED_EDGE('',*,*,#2252,.T.);
#1701=ORIENTED_EDGE('',*,*,#2253,.T.);
#1702=ORIENTED_EDGE('',*,*,#2250,.F.);
#1703=ORIENTED_EDGE('',*,*,#2254,.T.);
#1704=ORIENTED_EDGE('',*,*,#2255,.F.);
#1705=ORIENTED_EDGE('',*,*,#2256,.F.);
#1706=ORIENTED_EDGE('',*,*,#2253,.F.);
#1707=ORIENTED_EDGE('',*,*,#2257,.T.);
#1708=ORIENTED_EDGE('',*,*,#2258,.F.);
#1709=ORIENTED_EDGE('',*,*,#2254,.F.);
#1710=ORIENTED_EDGE('',*,*,#2252,.F.);
#1711=ORIENTED_EDGE('',*,*,#2259,.T.);
#1712=ORIENTED_EDGE('',*,*,#2260,.F.);
#1713=ORIENTED_EDGE('',*,*,#2257,.F.);
#1714=ORIENTED_EDGE('',*,*,#2251,.F.);
#1715=ORIENTED_EDGE('',*,*,#2256,.T.);
#1716=ORIENTED_EDGE('',*,*,#2261,.F.);
#1717=ORIENTED_EDGE('',*,*,#2259,.F.);
#1718=ORIENTED_EDGE('',*,*,#2255,.T.);
#1719=ORIENTED_EDGE('',*,*,#2258,.T.);
#1720=ORIENTED_EDGE('',*,*,#2260,.T.);
#1721=ORIENTED_EDGE('',*,*,#2261,.T.);
#1722=ORIENTED_EDGE('',*,*,#2262,.F.);
#1723=ORIENTED_EDGE('',*,*,#2263,.F.);
#1724=ORIENTED_EDGE('',*,*,#2264,.F.);
#1725=ORIENTED_EDGE('',*,*,#2265,.F.);
#1726=ORIENTED_EDGE('',*,*,#2266,.F.);
#1727=ORIENTED_EDGE('',*,*,#2264,.T.);
#1728=ORIENTED_EDGE('',*,*,#2267,.T.);
#1729=ORIENTED_EDGE('',*,*,#2268,.F.);
#1730=ORIENTED_EDGE('',*,*,#2269,.T.);
#1731=ORIENTED_EDGE('',*,*,#2268,.T.);
#1732=ORIENTED_EDGE('',*,*,#2270,.T.);
#1733=ORIENTED_EDGE('',*,*,#2271,.T.);
#1734=ORIENTED_EDGE('',*,*,#2267,.F.);
#1735=ORIENTED_EDGE('',*,*,#2263,.T.);
#1736=ORIENTED_EDGE('',*,*,#2272,.T.);
#1737=ORIENTED_EDGE('',*,*,#2270,.F.);
#1738=ORIENTED_EDGE('',*,*,#2272,.F.);
#1739=ORIENTED_EDGE('',*,*,#2262,.T.);
#1740=ORIENTED_EDGE('',*,*,#2273,.T.);
#1741=ORIENTED_EDGE('',*,*,#2271,.F.);
#1742=ORIENTED_EDGE('',*,*,#2273,.F.);
#1743=ORIENTED_EDGE('',*,*,#2265,.T.);
#1744=ORIENTED_EDGE('',*,*,#2266,.T.);
#1745=ORIENTED_EDGE('',*,*,#2269,.F.);
#1746=ORIENTED_EDGE('',*,*,#2274,.F.);
#1747=ORIENTED_EDGE('',*,*,#2275,.F.);
#1748=ORIENTED_EDGE('',*,*,#2276,.F.);
#1749=ORIENTED_EDGE('',*,*,#2277,.F.);
#1750=ORIENTED_EDGE('',*,*,#2278,.T.);
#1751=ORIENTED_EDGE('',*,*,#2279,.T.);
#1752=ORIENTED_EDGE('',*,*,#2280,.T.);
#1753=ORIENTED_EDGE('',*,*,#2281,.T.);
#1754=ORIENTED_EDGE('',*,*,#2282,.F.);
#1755=ORIENTED_EDGE('',*,*,#2277,.T.);
#1756=ORIENTED_EDGE('',*,*,#2283,.T.);
#1757=ORIENTED_EDGE('',*,*,#2278,.F.);
#1758=ORIENTED_EDGE('',*,*,#2284,.F.);
#1759=ORIENTED_EDGE('',*,*,#2275,.T.);
#1760=ORIENTED_EDGE('',*,*,#2285,.T.);
#1761=ORIENTED_EDGE('',*,*,#2280,.F.);
#1762=ORIENTED_EDGE('',*,*,#2285,.F.);
#1763=ORIENTED_EDGE('',*,*,#2274,.T.);
#1764=ORIENTED_EDGE('',*,*,#2282,.T.);
#1765=ORIENTED_EDGE('',*,*,#2281,.F.);
#1766=ORIENTED_EDGE('',*,*,#2283,.F.);
#1767=ORIENTED_EDGE('',*,*,#2276,.T.);
#1768=ORIENTED_EDGE('',*,*,#2284,.T.);
#1769=ORIENTED_EDGE('',*,*,#2279,.F.);
#1770=VERTEX_POINT('',#3199);
#1771=VERTEX_POINT('',#3201);
#1772=VERTEX_POINT('',#3260);
#1773=VERTEX_POINT('',#3319);
#1774=VERTEX_POINT('',#3322);
#1775=VERTEX_POINT('',#3323);
#1776=VERTEX_POINT('',#3325);
#1777=VERTEX_POINT('',#3327);
#1778=VERTEX_POINT('',#3331);
#1779=VERTEX_POINT('',#3332);
#1780=VERTEX_POINT('',#3334);
#1781=VERTEX_POINT('',#3336);
#1782=VERTEX_POINT('',#3340);
#1783=VERTEX_POINT('',#3341);
#1784=VERTEX_POINT('',#3343);
#1785=VERTEX_POINT('',#3345);
#1786=VERTEX_POINT('',#3349);
#1787=VERTEX_POINT('',#3353);
#1788=VERTEX_POINT('',#3357);
#1789=VERTEX_POINT('',#3361);
#1790=VERTEX_POINT('',#3362);
#1791=VERTEX_POINT('',#3364);
#1792=VERTEX_POINT('',#3368);
#1793=VERTEX_POINT('',#3369);
#1794=VERTEX_POINT('',#3371);
#1795=VERTEX_POINT('',#3373);
#1796=VERTEX_POINT('',#3376);
#1797=VERTEX_POINT('',#3377);
#1798=VERTEX_POINT('',#3379);
#1799=VERTEX_POINT('',#3381);
#1800=VERTEX_POINT('',#3384);
#1801=VERTEX_POINT('',#3385);
#1802=VERTEX_POINT('',#3387);
#1803=VERTEX_POINT('',#3389);
#1804=VERTEX_POINT('',#3392);
#1805=VERTEX_POINT('',#3393);
#1806=VERTEX_POINT('',#3395);
#1807=VERTEX_POINT('',#3397);
#1808=VERTEX_POINT('',#3400);
#1809=VERTEX_POINT('',#3401);
#1810=VERTEX_POINT('',#3416);
#1811=VERTEX_POINT('',#3418);
#1812=VERTEX_POINT('',#3433);
#1813=VERTEX_POINT('',#3435);
#1814=VERTEX_POINT('',#3450);
#1815=VERTEX_POINT('',#3452);
#1816=VERTEX_POINT('',#3468);
#1817=VERTEX_POINT('',#3470);
#1818=VERTEX_POINT('',#3473);
#1819=VERTEX_POINT('',#3475);
#1820=VERTEX_POINT('',#3479);
#1821=VERTEX_POINT('',#3482);
#1822=VERTEX_POINT('',#3485);
#1823=VERTEX_POINT('',#3488);
#1824=VERTEX_POINT('',#3491);
#1825=VERTEX_POINT('',#3494);
#1826=VERTEX_POINT('',#3495);
#1827=VERTEX_POINT('',#3497);
#1828=VERTEX_POINT('',#3499);
#1829=VERTEX_POINT('',#3503);
#1830=VERTEX_POINT('',#3504);
#1831=VERTEX_POINT('',#3506);
#1832=VERTEX_POINT('',#3508);
#1833=VERTEX_POINT('',#3512);
#1834=VERTEX_POINT('',#3513);
#1835=VERTEX_POINT('',#3515);
#1836=VERTEX_POINT('',#3517);
#1837=VERTEX_POINT('',#3521);
#1838=VERTEX_POINT('',#3525);
#1839=VERTEX_POINT('',#3529);
#1840=VERTEX_POINT('',#3530);
#1841=VERTEX_POINT('',#3532);
#1842=VERTEX_POINT('',#3536);
#1843=VERTEX_POINT('',#3540);
#1844=VERTEX_POINT('',#3541);
#1845=VERTEX_POINT('',#3546);
#1846=VERTEX_POINT('',#3548);
#1847=VERTEX_POINT('',#3551);
#1848=VERTEX_POINT('',#3553);
#1849=VERTEX_POINT('',#3555);
#1850=VERTEX_POINT('',#3557);
#1851=VERTEX_POINT('',#3559);
#1852=VERTEX_POINT('',#3561);
#1853=VERTEX_POINT('',#3563);
#1854=VERTEX_POINT('',#3565);
#1855=VERTEX_POINT('',#3567);
#1856=VERTEX_POINT('',#3569);
#1857=VERTEX_POINT('',#3572);
#1858=VERTEX_POINT('',#3574);
#1859=VERTEX_POINT('',#3577);
#1860=VERTEX_POINT('',#3579);
#1861=VERTEX_POINT('',#3582);
#1862=VERTEX_POINT('',#3590);
#1863=VERTEX_POINT('',#3592);
#1864=VERTEX_POINT('',#3597);
#1865=VERTEX_POINT('',#3599);
#1866=VERTEX_POINT('',#3603);
#1867=VERTEX_POINT('',#3605);
#1868=VERTEX_POINT('',#3609);
#1869=VERTEX_POINT('',#3611);
#1870=VERTEX_POINT('',#3615);
#1871=VERTEX_POINT('',#3617);
#1872=VERTEX_POINT('',#3621);
#1873=VERTEX_POINT('',#3623);
#1874=VERTEX_POINT('',#3627);
#1875=VERTEX_POINT('',#3643);
#1876=VERTEX_POINT('',#3645);
#1877=VERTEX_POINT('',#3649);
#1878=VERTEX_POINT('',#3653);
#1879=VERTEX_POINT('',#3655);
#1880=VERTEX_POINT('',#3659);
#1881=VERTEX_POINT('',#3660);
#1882=VERTEX_POINT('',#3665);
#1883=VERTEX_POINT('',#3666);
#1884=VERTEX_POINT('',#3671);
#1885=VERTEX_POINT('',#3672);
#1886=VERTEX_POINT('',#3677);
#1887=VERTEX_POINT('',#3680);
#1888=VERTEX_POINT('',#3744);
#1889=VERTEX_POINT('',#3749);
#1890=VERTEX_POINT('',#3755);
#1891=VERTEX_POINT('',#3760);
#1892=VERTEX_POINT('',#3766);
#1893=VERTEX_POINT('',#3771);
#1894=VERTEX_POINT('',#3779);
#1895=VERTEX_POINT('',#3780);
#1896=VERTEX_POINT('',#3782);
#1897=VERTEX_POINT('',#3784);
#1898=VERTEX_POINT('',#3795);
#1899=VERTEX_POINT('',#3798);
#1900=VERTEX_POINT('',#3802);
#1901=VERTEX_POINT('',#3803);
#1902=VERTEX_POINT('',#3805);
#1903=VERTEX_POINT('',#3807);
#1904=VERTEX_POINT('',#3818);
#1905=VERTEX_POINT('',#3821);
#1906=VERTEX_POINT('',#3825);
#1907=VERTEX_POINT('',#3826);
#1908=VERTEX_POINT('',#3828);
#1909=VERTEX_POINT('',#3830);
#1910=VERTEX_POINT('',#3841);
#1911=VERTEX_POINT('',#3844);
#1912=VERTEX_POINT('',#3848);
#1913=VERTEX_POINT('',#3849);
#1914=VERTEX_POINT('',#3851);
#1915=VERTEX_POINT('',#3853);
#1916=VERTEX_POINT('',#3864);
#1917=VERTEX_POINT('',#3867);
#1918=VERTEX_POINT('',#3871);
#1919=VERTEX_POINT('',#3872);
#1920=VERTEX_POINT('',#3874);
#1921=VERTEX_POINT('',#3876);
#1922=VERTEX_POINT('',#3880);
#1923=VERTEX_POINT('',#3881);
#1924=VERTEX_POINT('',#3896);
#1925=VERTEX_POINT('',#3898);
#1926=VERTEX_POINT('',#3913);
#1927=VERTEX_POINT('',#3915);
#1928=VERTEX_POINT('',#3930);
#1929=VERTEX_POINT('',#3932);
#1930=VERTEX_POINT('',#3948);
#1931=VERTEX_POINT('',#3949);
#1932=VERTEX_POINT('',#3968);
#1933=VERTEX_POINT('',#3970);
#1934=VERTEX_POINT('',#3989);
#1935=VERTEX_POINT('',#3991);
#1936=VERTEX_POINT('',#4030);
#1937=VERTEX_POINT('',#4032);
#1938=VERTEX_POINT('',#4036);
#1939=VERTEX_POINT('',#4037);
#1940=VERTEX_POINT('',#4054);
#1941=VERTEX_POINT('',#4056);
#1942=VERTEX_POINT('',#4069);
#1943=VERTEX_POINT('',#4071);
#1944=VERTEX_POINT('',#4088);
#1945=VERTEX_POINT('',#4090);
#1946=VERTEX_POINT('',#4121);
#1947=VERTEX_POINT('',#4123);
#1948=VERTEX_POINT('',#4160);
#1949=VERTEX_POINT('',#4162);
#1950=VERTEX_POINT('',#4209);
#1951=VERTEX_POINT('',#4210);
#1952=VERTEX_POINT('',#4212);
#1953=VERTEX_POINT('',#4214);
#1954=VERTEX_POINT('',#4218);
#1955=VERTEX_POINT('',#4220);
#1956=VERTEX_POINT('',#4224);
#1957=VERTEX_POINT('',#4228);
#1958=VERTEX_POINT('',#4235);
#1959=VERTEX_POINT('',#4236);
#1960=VERTEX_POINT('',#4238);
#1961=VERTEX_POINT('',#4240);
#1962=VERTEX_POINT('',#4244);
#1963=VERTEX_POINT('',#4246);
#1964=VERTEX_POINT('',#4250);
#1965=VERTEX_POINT('',#4254);
#1966=VERTEX_POINT('',#4261);
#1967=VERTEX_POINT('',#4262);
#1968=VERTEX_POINT('',#4264);
#1969=VERTEX_POINT('',#4266);
#1970=VERTEX_POINT('',#4270);
#1971=VERTEX_POINT('',#4272);
#1972=VERTEX_POINT('',#4276);
#1973=VERTEX_POINT('',#4278);
#1974=VERTEX_POINT('',#4287);
#1975=VERTEX_POINT('',#4288);
#1976=VERTEX_POINT('',#4290);
#1977=VERTEX_POINT('',#4292);
#1978=VERTEX_POINT('',#4296);
#1979=VERTEX_POINT('',#4297);
#1980=VERTEX_POINT('',#4299);
#1981=VERTEX_POINT('',#4301);
#1982=EDGE_CURVE('',#1770,#1770,#2286,.T.);
#1983=EDGE_CURVE('',#1771,#1771,#2287,.T.);
#1984=EDGE_CURVE('',#1772,#1772,#889,.T.);
#1985=EDGE_CURVE('',#1773,#1773,#890,.T.);
#1986=EDGE_CURVE('',#1774,#1775,#2288,.T.);
#1987=EDGE_CURVE('',#1775,#1776,#293,.T.);
#1988=EDGE_CURVE('',#1777,#1776,#2289,.T.);
#1989=EDGE_CURVE('',#1774,#1777,#294,.T.);
#1990=EDGE_CURVE('',#1778,#1779,#2290,.T.);
#1991=EDGE_CURVE('',#1779,#1780,#295,.T.);
#1992=EDGE_CURVE('',#1781,#1780,#2291,.T.);
#1993=EDGE_CURVE('',#1778,#1781,#296,.T.);
#1994=EDGE_CURVE('',#1782,#1783,#297,.T.);
#1995=EDGE_CURVE('',#1783,#1784,#2292,.T.);
#1996=EDGE_CURVE('',#1785,#1784,#298,.T.);
#1997=EDGE_CURVE('',#1782,#1785,#2293,.T.);
#1998=EDGE_CURVE('',#1776,#1786,#299,.T.);
#1999=EDGE_CURVE('',#1786,#1777,#300,.T.);
#2000=EDGE_CURVE('',#1785,#1787,#301,.T.);
#2001=EDGE_CURVE('',#1787,#1782,#302,.T.);
#2002=EDGE_CURVE('',#1780,#1788,#303,.T.);
#2003=EDGE_CURVE('',#1788,#1781,#304,.T.);
#2004=EDGE_CURVE('',#1789,#1790,#2294,.T.);
#2005=EDGE_CURVE('',#1790,#1791,#305,.T.);
#2006=EDGE_CURVE('',#1791,#1789,#306,.T.);
#2007=EDGE_CURVE('',#1792,#1793,#307,.T.);
#2008=EDGE_CURVE('',#1792,#1794,#2295,.T.);
#2009=EDGE_CURVE('',#1794,#1795,#308,.T.);
#2010=EDGE_CURVE('',#1793,#1795,#2296,.T.);
#2011=EDGE_CURVE('',#1796,#1797,#309,.T.);
#2012=EDGE_CURVE('',#1796,#1798,#2297,.T.);
#2013=EDGE_CURVE('',#1798,#1799,#310,.T.);
#2014=EDGE_CURVE('',#1797,#1799,#2298,.T.);
#2015=EDGE_CURVE('',#1800,#1801,#311,.T.);
#2016=EDGE_CURVE('',#1800,#1802,#2299,.T.);
#2017=EDGE_CURVE('',#1802,#1803,#312,.T.);
#2018=EDGE_CURVE('',#1801,#1803,#2300,.T.);
#2019=EDGE_CURVE('',#1804,#1805,#313,.T.);
#2020=EDGE_CURVE('',#1804,#1806,#2301,.T.);
#2021=EDGE_CURVE('',#1806,#1807,#314,.T.);
#2022=EDGE_CURVE('',#1805,#1807,#2302,.T.);
#2023=EDGE_CURVE('',#1808,#1809,#315,.T.);
#2024=EDGE_CURVE('',#1809,#1810,#891,.T.);
#2025=EDGE_CURVE('',#1810,#1811,#2303,.T.);
#2026=EDGE_CURVE('',#1811,#1812,#892,.T.);
#2027=EDGE_CURVE('',#1812,#1813,#316,.T.);
#2028=EDGE_CURVE('',#1813,#1814,#893,.T.);
#2029=EDGE_CURVE('',#1814,#1815,#2304,.T.);
#2030=EDGE_CURVE('',#1815,#1808,#894,.T.);
#2031=EDGE_CURVE('',#1816,#1816,#2305,.T.);
#2032=EDGE_CURVE('',#1817,#1817,#2306,.T.);
#2033=EDGE_CURVE('',#1789,#1818,#317,.T.);
#2034=EDGE_CURVE('',#1818,#1819,#2307,.T.);
#2035=EDGE_CURVE('',#1790,#1819,#318,.T.);
#2036=EDGE_CURVE('',#1775,#1820,#319,.T.);
#2037=EDGE_CURVE('',#1820,#1774,#320,.T.);
#2038=EDGE_CURVE('',#1779,#1821,#321,.T.);
#2039=EDGE_CURVE('',#1821,#1778,#322,.T.);
#2040=EDGE_CURVE('',#1784,#1822,#323,.T.);
#2041=EDGE_CURVE('',#1822,#1783,#324,.T.);
#2042=EDGE_CURVE('',#1823,#1818,#325,.T.);
#2043=EDGE_CURVE('',#1819,#1823,#326,.T.);
#2044=EDGE_CURVE('',#1824,#1824,#2308,.T.);
#2045=EDGE_CURVE('',#1825,#1826,#327,.T.);
#2046=EDGE_CURVE('',#1827,#1825,#2309,.T.);
#2047=EDGE_CURVE('',#1827,#1828,#328,.T.);
#2048=EDGE_CURVE('',#1828,#1826,#2310,.T.);
#2049=EDGE_CURVE('',#1829,#1830,#329,.T.);
#2050=EDGE_CURVE('',#1831,#1829,#2311,.T.);
#2051=EDGE_CURVE('',#1831,#1832,#330,.T.);
#2052=EDGE_CURVE('',#1832,#1830,#2312,.T.);
#2053=EDGE_CURVE('',#1833,#1834,#2313,.T.);
#2054=EDGE_CURVE('',#1835,#1833,#331,.T.);
#2055=EDGE_CURVE('',#1835,#1836,#2314,.T.);
#2056=EDGE_CURVE('',#1836,#1834,#332,.T.);
#2057=EDGE_CURVE('',#1837,#1835,#333,.T.);
#2058=EDGE_CURVE('',#1836,#1837,#334,.T.);
#2059=EDGE_CURVE('',#1838,#1832,#335,.T.);
#2060=EDGE_CURVE('',#1830,#1838,#336,.T.);
#2061=EDGE_CURVE('',#1839,#1840,#337,.T.);
#2062=EDGE_CURVE('',#1841,#1839,#338,.T.);
#2063=EDGE_CURVE('',#1840,#1841,#2315,.T.);
#2064=EDGE_CURVE('',#1842,#1828,#339,.T.);
#2065=EDGE_CURVE('',#1826,#1842,#340,.T.);
#2066=EDGE_CURVE('',#1843,#1844,#2316,.T.);
#2067=EDGE_CURVE('',#1840,#1843,#341,.T.);
#2068=EDGE_CURVE('',#1841,#1844,#342,.T.);
#2069=EDGE_CURVE('',#1834,#1845,#343,.T.);
#2070=EDGE_CURVE('',#1845,#1846,#344,.T.);
#2071=EDGE_CURVE('',#1846,#1831,#345,.T.);
#2072=EDGE_CURVE('',#1829,#1847,#346,.T.);
#2073=EDGE_CURVE('',#1847,#1848,#347,.T.);
#2074=EDGE_CURVE('',#1848,#1849,#348,.T.);
#2075=EDGE_CURVE('',#1849,#1850,#349,.T.);
#2076=EDGE_CURVE('',#1850,#1851,#350,.T.);
#2077=EDGE_CURVE('',#1851,#1852,#351,.T.);
#2078=EDGE_CURVE('',#1852,#1853,#352,.T.);
#2079=EDGE_CURVE('',#1853,#1854,#353,.T.);
#2080=EDGE_CURVE('',#1854,#1855,#354,.T.);
#2081=EDGE_CURVE('',#1855,#1856,#355,.T.);
#2082=EDGE_CURVE('',#1856,#1843,#356,.T.);
#2083=EDGE_CURVE('',#1844,#1857,#357,.T.);
#2084=EDGE_CURVE('',#1857,#1858,#358,.T.);
#2085=EDGE_CURVE('',#1858,#1827,#359,.T.);
#2086=EDGE_CURVE('',#1825,#1859,#360,.T.);
#2087=EDGE_CURVE('',#1859,#1860,#361,.T.);
#2088=EDGE_CURVE('',#1860,#1833,#362,.T.);
#2089=EDGE_CURVE('',#1861,#1861,#2317,.T.);
#2090=EDGE_CURVE('',#1856,#1839,#363,.T.);
#2091=EDGE_CURVE('',#1838,#1847,#364,.T.);
#2092=EDGE_CURVE('',#1842,#1853,#365,.T.);
#2093=EDGE_CURVE('',#1852,#1862,#366,.T.);
#2094=EDGE_CURVE('',#1862,#1863,#367,.T.);
#2095=EDGE_CURVE('',#1859,#1863,#368,.T.);
#2096=EDGE_CURVE('',#1850,#1837,#369,.T.);
#2097=EDGE_CURVE('',#1860,#1864,#370,.T.);
#2098=EDGE_CURVE('',#1864,#1865,#371,.T.);
#2099=EDGE_CURVE('',#1851,#1865,#372,.T.);
#2100=EDGE_CURVE('',#1849,#1866,#373,.T.);
#2101=EDGE_CURVE('',#1866,#1867,#374,.T.);
#2102=EDGE_CURVE('',#1845,#1867,#375,.T.);
#2103=EDGE_CURVE('',#1846,#1868,#376,.T.);
#2104=EDGE_CURVE('',#1868,#1869,#377,.T.);
#2105=EDGE_CURVE('',#1848,#1869,#378,.T.);
#2106=EDGE_CURVE('',#1855,#1870,#379,.T.);
#2107=EDGE_CURVE('',#1870,#1871,#380,.T.);
#2108=EDGE_CURVE('',#1857,#1871,#381,.T.);
#2109=EDGE_CURVE('',#1858,#1872,#382,.T.);
#2110=EDGE_CURVE('',#1872,#1873,#383,.T.);
#2111=EDGE_CURVE('',#1854,#1873,#384,.T.);
#2112=EDGE_CURVE('',#1874,#1874,#2318,.T.);
#2113=EDGE_CURVE('',#1788,#1821,#385,.T.);
#2114=EDGE_CURVE('',#1822,#1787,#386,.T.);
#2115=EDGE_CURVE('',#1823,#1791,#387,.T.);
#2116=EDGE_CURVE('',#1786,#1820,#388,.T.);
#2117=EDGE_CURVE('',#1875,#1875,#2319,.T.);
#2118=EDGE_CURVE('',#1876,#1876,#2320,.T.);
#2119=EDGE_CURVE('',#1877,#1877,#2321,.T.);
#2120=EDGE_CURVE('',#1812,#1878,#389,.T.);
#2121=EDGE_CURVE('',#1878,#1879,#390,.T.);
#2122=EDGE_CURVE('',#1879,#1813,#391,.T.);
#2123=EDGE_CURVE('',#1880,#1881,#2322,.T.);
#2124=EDGE_CURVE('',#1881,#1815,#392,.T.);
#2125=EDGE_CURVE('',#1814,#1880,#393,.T.);
#2126=EDGE_CURVE('',#1882,#1883,#394,.T.);
#2127=EDGE_CURVE('',#1883,#1809,#395,.T.);
#2128=EDGE_CURVE('',#1808,#1882,#396,.T.);
#2129=EDGE_CURVE('',#1884,#1885,#2323,.T.);
#2130=EDGE_CURVE('',#1885,#1811,#397,.T.);
#2131=EDGE_CURVE('',#1810,#1884,#398,.T.);
#2132=EDGE_CURVE('',#1886,#1886,#2324,.T.);
#2133=EDGE_CURVE('',#1887,#1887,#2325,.T.);
#2134=EDGE_CURVE('',#1878,#1885,#895,.T.);
#2135=EDGE_CURVE('',#1884,#1883,#896,.T.);
#2136=EDGE_CURVE('',#1882,#1881,#897,.T.);
#2137=EDGE_CURVE('',#1880,#1879,#898,.T.);
#2138=EDGE_CURVE('',#1888,#1888,#2326,.T.);
#2139=EDGE_CURVE('',#1865,#1862,#399,.T.);
#2140=EDGE_CURVE('',#1863,#1864,#400,.T.);
#2141=EDGE_CURVE('',#1889,#1889,#2327,.T.);
#2142=EDGE_CURVE('',#1890,#1890,#2328,.T.);
#2143=EDGE_CURVE('',#1873,#1870,#401,.T.);
#2144=EDGE_CURVE('',#1871,#1872,#402,.T.);
#2145=EDGE_CURVE('',#1891,#1891,#2329,.T.);
#2146=EDGE_CURVE('',#1892,#1892,#2330,.T.);
#2147=EDGE_CURVE('',#1869,#1866,#403,.T.);
#2148=EDGE_CURVE('',#1867,#1868,#404,.T.);
#2149=EDGE_CURVE('',#1893,#1893,#2331,.T.);
#2150=EDGE_CURVE('',#1894,#1895,#2332,.T.);
#2151=EDGE_CURVE('',#1896,#1895,#405,.T.);
#2152=EDGE_CURVE('',#1897,#1896,#2333,.T.);
#2153=EDGE_CURVE('',#1897,#1894,#406,.T.);
#2154=EDGE_CURVE('',#1895,#1807,#407,.T.);
#2155=EDGE_CURVE('',#1896,#1806,#408,.T.);
#2156=EDGE_CURVE('',#1805,#1894,#409,.T.);
#2157=EDGE_CURVE('',#1804,#1897,#410,.T.);
#2158=EDGE_CURVE('',#1898,#1898,#2334,.T.);
#2159=EDGE_CURVE('',#1899,#1899,#2335,.T.);
#2160=EDGE_CURVE('',#1900,#1901,#2336,.T.);
#2161=EDGE_CURVE('',#1902,#1901,#411,.T.);
#2162=EDGE_CURVE('',#1903,#1902,#2337,.T.);
#2163=EDGE_CURVE('',#1903,#1900,#412,.T.);
#2164=EDGE_CURVE('',#1901,#1803,#413,.T.);
#2165=EDGE_CURVE('',#1902,#1802,#414,.T.);
#2166=EDGE_CURVE('',#1801,#1900,#415,.T.);
#2167=EDGE_CURVE('',#1800,#1903,#416,.T.);
#2168=EDGE_CURVE('',#1904,#1904,#2338,.T.);
#2169=EDGE_CURVE('',#1905,#1905,#2339,.T.);
#2170=EDGE_CURVE('',#1906,#1907,#2340,.T.);
#2171=EDGE_CURVE('',#1908,#1907,#417,.T.);
#2172=EDGE_CURVE('',#1909,#1908,#2341,.T.);
#2173=EDGE_CURVE('',#1909,#1906,#418,.T.);
#2174=EDGE_CURVE('',#1907,#1799,#419,.T.);
#2175=EDGE_CURVE('',#1908,#1798,#420,.T.);
#2176=EDGE_CURVE('',#1797,#1906,#421,.T.);
#2177=EDGE_CURVE('',#1796,#1909,#422,.T.);
#2178=EDGE_CURVE('',#1910,#1910,#2342,.T.);
#2179=EDGE_CURVE('',#1911,#1911,#2343,.T.);
#2180=EDGE_CURVE('',#1912,#1913,#2344,.T.);
#2181=EDGE_CURVE('',#1914,#1913,#423,.T.);
#2182=EDGE_CURVE('',#1915,#1914,#2345,.T.);
#2183=EDGE_CURVE('',#1915,#1912,#424,.T.);
#2184=EDGE_CURVE('',#1913,#1795,#425,.T.);
#2185=EDGE_CURVE('',#1914,#1794,#426,.T.);
#2186=EDGE_CURVE('',#1793,#1912,#427,.T.);
#2187=EDGE_CURVE('',#1792,#1915,#428,.T.);
#2188=EDGE_CURVE('',#1916,#1916,#2346,.T.);
#2189=EDGE_CURVE('',#1917,#1917,#2347,.T.);
#2190=EDGE_CURVE('',#1918,#1919,#429,.T.);
#2191=EDGE_CURVE('',#1919,#1920,#430,.T.);
#2192=EDGE_CURVE('',#1921,#1920,#431,.T.);
#2193=EDGE_CURVE('',#1921,#1918,#432,.T.);
#2194=EDGE_CURVE('',#1922,#1923,#433,.T.);
#2195=EDGE_CURVE('',#1923,#1924,#899,.T.);
#2196=EDGE_CURVE('',#1924,#1925,#2348,.T.);
#2197=EDGE_CURVE('',#1925,#1926,#900,.T.);
#2198=EDGE_CURVE('',#1926,#1927,#434,.T.);
#2199=EDGE_CURVE('',#1927,#1928,#901,.T.);
#2200=EDGE_CURVE('',#1928,#1929,#2349,.T.);
#2201=EDGE_CURVE('',#1929,#1922,#902,.T.);
#2202=EDGE_CURVE('',#1930,#1931,#2350,.T.);
#2203=EDGE_CURVE('',#1931,#1932,#903,.T.);
#2204=EDGE_CURVE('',#1933,#1932,#435,.T.);
#2205=EDGE_CURVE('',#1933,#1934,#904,.T.);
#2206=EDGE_CURVE('',#1935,#1934,#2351,.T.);
#2207=EDGE_CURVE('',#1935,#1921,#905,.T.);
#2208=EDGE_CURVE('',#1920,#1930,#906,.T.);
#2209=EDGE_CURVE('',#1932,#1936,#436,.T.);
#2210=EDGE_CURVE('',#1937,#1936,#437,.T.);
#2211=EDGE_CURVE('',#1937,#1933,#438,.T.);
#2212=EDGE_CURVE('',#1938,#1939,#439,.T.);
#2213=EDGE_CURVE('',#1939,#1940,#907,.T.);
#2214=EDGE_CURVE('',#1940,#1941,#2352,.T.);
#2215=EDGE_CURVE('',#1941,#1942,#908,.T.);
#2216=EDGE_CURVE('',#1942,#1943,#440,.T.);
#2217=EDGE_CURVE('',#1943,#1944,#909,.T.);
#2218=EDGE_CURVE('',#1944,#1945,#2353,.T.);
#2219=EDGE_CURVE('',#1945,#1938,#910,.T.);
#2220=EDGE_CURVE('',#1936,#1946,#911,.T.);
#2221=EDGE_CURVE('',#1946,#1947,#2354,.T.);
#2222=EDGE_CURVE('',#1947,#1919,#912,.T.);
#2223=EDGE_CURVE('',#1918,#1948,#913,.T.);
#2224=EDGE_CURVE('',#1949,#1948,#2355,.T.);
#2225=EDGE_CURVE('',#1949,#1937,#914,.T.);
#2226=EDGE_CURVE('',#1948,#1935,#441,.T.);
#2227=EDGE_CURVE('',#1934,#1949,#442,.T.);
#2228=EDGE_CURVE('',#1946,#1931,#443,.T.);
#2229=EDGE_CURVE('',#1930,#1947,#444,.T.);
#2230=EDGE_CURVE('',#1942,#1927,#445,.T.);
#2231=EDGE_CURVE('',#1926,#1943,#446,.T.);
#2232=EDGE_CURVE('',#1924,#1945,#447,.T.);
#2233=EDGE_CURVE('',#1944,#1925,#448,.T.);
#2234=EDGE_CURVE('',#1922,#1939,#449,.T.);
#2235=EDGE_CURVE('',#1938,#1923,#450,.T.);
#2236=EDGE_CURVE('',#1928,#1941,#451,.T.);
#2237=EDGE_CURVE('',#1940,#1929,#452,.T.);
#2238=EDGE_CURVE('',#1950,#1951,#453,.T.);
#2239=EDGE_CURVE('',#1951,#1952,#454,.T.);
#2240=EDGE_CURVE('',#1952,#1953,#455,.T.);
#2241=EDGE_CURVE('',#1953,#1950,#456,.T.);
#2242=EDGE_CURVE('',#1950,#1954,#457,.T.);
#2243=EDGE_CURVE('',#1955,#1954,#458,.T.);
#2244=EDGE_CURVE('',#1951,#1955,#459,.T.);
#2245=EDGE_CURVE('',#1953,#1956,#460,.T.);
#2246=EDGE_CURVE('',#1954,#1956,#461,.T.);
#2247=EDGE_CURVE('',#1952,#1957,#462,.T.);
#2248=EDGE_CURVE('',#1956,#1957,#463,.T.);
#2249=EDGE_CURVE('',#1957,#1955,#464,.T.);
#2250=EDGE_CURVE('',#1958,#1959,#465,.T.);
#2251=EDGE_CURVE('',#1959,#1960,#466,.T.);
#2252=EDGE_CURVE('',#1960,#1961,#467,.T.);
#2253=EDGE_CURVE('',#1961,#1958,#468,.T.);
#2254=EDGE_CURVE('',#1958,#1962,#469,.T.);
#2255=EDGE_CURVE('',#1963,#1962,#470,.T.);
#2256=EDGE_CURVE('',#1959,#1963,#471,.T.);
#2257=EDGE_CURVE('',#1961,#1964,#472,.T.);
#2258=EDGE_CURVE('',#1962,#1964,#473,.T.);
#2259=EDGE_CURVE('',#1960,#1965,#474,.T.);
#2260=EDGE_CURVE('',#1964,#1965,#475,.T.);
#2261=EDGE_CURVE('',#1965,#1963,#476,.T.);
#2262=EDGE_CURVE('',#1966,#1967,#477,.T.);
#2263=EDGE_CURVE('',#1968,#1966,#478,.T.);
#2264=EDGE_CURVE('',#1969,#1968,#479,.T.);
#2265=EDGE_CURVE('',#1967,#1969,#480,.T.);
#2266=EDGE_CURVE('',#1969,#1970,#481,.T.);
#2267=EDGE_CURVE('',#1968,#1971,#482,.T.);
#2268=EDGE_CURVE('',#1970,#1971,#483,.T.);
#2269=EDGE_CURVE('',#1972,#1970,#484,.T.);
#2270=EDGE_CURVE('',#1971,#1973,#485,.T.);
#2271=EDGE_CURVE('',#1973,#1972,#486,.T.);
#2272=EDGE_CURVE('',#1966,#1973,#487,.T.);
#2273=EDGE_CURVE('',#1967,#1972,#488,.T.);
#2274=EDGE_CURVE('',#1974,#1975,#489,.T.);
#2275=EDGE_CURVE('',#1976,#1974,#490,.T.);
#2276=EDGE_CURVE('',#1977,#1976,#491,.T.);
#2277=EDGE_CURVE('',#1975,#1977,#492,.T.);
#2278=EDGE_CURVE('',#1978,#1979,#493,.T.);
#2279=EDGE_CURVE('',#1979,#1980,#494,.T.);
#2280=EDGE_CURVE('',#1980,#1981,#495,.T.);
#2281=EDGE_CURVE('',#1981,#1978,#496,.T.);
#2282=EDGE_CURVE('',#1975,#1978,#497,.T.);
#2283=EDGE_CURVE('',#1977,#1979,#498,.T.);
#2284=EDGE_CURVE('',#1976,#1980,#499,.T.);
#2285=EDGE_CURVE('',#1974,#1981,#500,.T.);
#2286=CIRCLE('',#2357,12.5);
#2287=CIRCLE('',#2358,12.5);
#2288=CIRCLE('',#2360,280.);
#2289=CIRCLE('',#2361,280.);
#2290=CIRCLE('',#2363,280.);
#2291=CIRCLE('',#2364,280.);
#2292=CIRCLE('',#2366,280.);
#2293=CIRCLE('',#2367,280.);
#2294=CIRCLE('',#2372,280.);
#2295=CIRCLE('',#2374,290.);
#2296=CIRCLE('',#2375,290.);
#2297=CIRCLE('',#2376,290.);
#2298=CIRCLE('',#2377,290.);
#2299=CIRCLE('',#2378,290.);
#2300=CIRCLE('',#2379,290.);
#2301=CIRCLE('',#2380,290.);
#2302=CIRCLE('',#2381,290.);
#2303=CIRCLE('',#2382,290.);
#2304=CIRCLE('',#2383,290.);
#2305=CIRCLE('',#2384,290.);
#2306=CIRCLE('',#2385,290.);
#2307=CIRCLE('',#2387,280.);
#2308=CIRCLE('',#2389,19.0000000000001);
#2309=CIRCLE('',#2391,280.);
#2310=CIRCLE('',#2392,280.);
#2311=CIRCLE('',#2394,280.);
#2312=CIRCLE('',#2395,280.);
#2313=CIRCLE('',#2397,280.);
#2314=CIRCLE('',#2398,280.);
#2315=CIRCLE('',#2402,280.);
#2316=CIRCLE('',#2405,280.);
#2317=CIRCLE('',#2407,19.0000000000001);
#2318=CIRCLE('',#2417,19.0000000000001);
#2319=CIRCLE('',#2428,12.5);
#2320=CIRCLE('',#2429,19.0000000000001);
#2321=CIRCLE('',#2432,12.5);
#2322=CIRCLE('',#2436,287.);
#2323=CIRCLE('',#2439,287.);
#2324=CIRCLE('',#2441,287.);
#2325=CIRCLE('',#2443,287.);
#2326=CIRCLE('',#2450,7.5);
#2327=CIRCLE('',#2452,7.5);
#2328=CIRCLE('',#2457,7.5);
#2329=CIRCLE('',#2459,7.5);
#2330=CIRCLE('',#2464,7.5);
#2331=CIRCLE('',#2466,7.5);
#2332=CIRCLE('',#2473,4.99999999999999);
#2333=CIRCLE('',#2474,4.99999999999999);
#2334=CIRCLE('',#2479,2.5);
#2335=CIRCLE('',#2481,2.5);
#2336=CIRCLE('',#2484,4.99999999999999);
#2337=CIRCLE('',#2485,4.99999999999999);
#2338=CIRCLE('',#2490,2.5);
#2339=CIRCLE('',#2492,2.5);
#2340=CIRCLE('',#2495,4.99999999999999);
#2341=CIRCLE('',#2496,4.99999999999999);
#2342=CIRCLE('',#2501,2.5);
#2343=CIRCLE('',#2503,2.5);
#2344=CIRCLE('',#2506,4.99999999999999);
#2345=CIRCLE('',#2507,4.99999999999999);
#2346=CIRCLE('',#2512,2.5);
#2347=CIRCLE('',#2514,2.5);
#2348=CIRCLE('',#2518,290.);
#2349=CIRCLE('',#2519,290.);
#2350=CIRCLE('',#2520,290.);
#2351=CIRCLE('',#2521,290.);
#2352=CIRCLE('',#2524,295.);
#2353=CIRCLE('',#2525,295.);
#2354=CIRCLE('',#2526,295.);
#2355=CIRCLE('',#2527,295.);
#2356=AXIS2_PLACEMENT_3D('',#3197,#2567,#2568);
#2357=AXIS2_PLACEMENT_3D('',#3198,#2569,#2570);
#2358=AXIS2_PLACEMENT_3D('',#3200,#2571,#2572);
#2359=AXIS2_PLACEMENT_3D('',#3320,#2573,#2574);
#2360=AXIS2_PLACEMENT_3D('',#3321,#2575,#2576);
#2361=AXIS2_PLACEMENT_3D('',#3326,#2578,#2579);
#2362=AXIS2_PLACEMENT_3D('',#3329,#2581,#2582);
#2363=AXIS2_PLACEMENT_3D('',#3330,#2583,#2584);
#2364=AXIS2_PLACEMENT_3D('',#3335,#2586,#2587);
#2365=AXIS2_PLACEMENT_3D('',#3338,#2589,#2590);
#2366=AXIS2_PLACEMENT_3D('',#3342,#2592,#2593);
#2367=AXIS2_PLACEMENT_3D('',#3346,#2595,#2596);
#2368=AXIS2_PLACEMENT_3D('',#3347,#2597,#2598);
#2369=AXIS2_PLACEMENT_3D('',#3351,#2601,#2602);
#2370=AXIS2_PLACEMENT_3D('',#3355,#2605,#2606);
#2371=AXIS2_PLACEMENT_3D('',#3359,#2609,#2610);
#2372=AXIS2_PLACEMENT_3D('',#3360,#2611,#2612);
#2373=AXIS2_PLACEMENT_3D('',#3366,#2615,#2616);
#2374=AXIS2_PLACEMENT_3D('',#3370,#2618,#2619);
#2375=AXIS2_PLACEMENT_3D('',#3374,#2621,#2622);
#2376=AXIS2_PLACEMENT_3D('',#3378,#2624,#2625);
#2377=AXIS2_PLACEMENT_3D('',#3382,#2627,#2628);
#2378=AXIS2_PLACEMENT_3D('',#3386,#2630,#2631);
#2379=AXIS2_PLACEMENT_3D('',#3390,#2633,#2634);
#2380=AXIS2_PLACEMENT_3D('',#3394,#2636,#2637);
#2381=AXIS2_PLACEMENT_3D('',#3398,#2639,#2640);
#2382=AXIS2_PLACEMENT_3D('',#3417,#2642,#2643);
#2383=AXIS2_PLACEMENT_3D('',#3451,#2645,#2646);
#2384=AXIS2_PLACEMENT_3D('',#3467,#2647,#2648);
#2385=AXIS2_PLACEMENT_3D('',#3469,#2649,#2650);
#2386=AXIS2_PLACEMENT_3D('',#3471,#2651,#2652);
#2387=AXIS2_PLACEMENT_3D('',#3474,#2654,#2655);
#2388=AXIS2_PLACEMENT_3D('',#3477,#2657,#2658);
#2389=AXIS2_PLACEMENT_3D('',#3490,#2667,#2668);
#2390=AXIS2_PLACEMENT_3D('',#3492,#2669,#2670);
#2391=AXIS2_PLACEMENT_3D('',#3496,#2672,#2673);
#2392=AXIS2_PLACEMENT_3D('',#3500,#2675,#2676);
#2393=AXIS2_PLACEMENT_3D('',#3501,#2677,#2678);
#2394=AXIS2_PLACEMENT_3D('',#3505,#2680,#2681);
#2395=AXIS2_PLACEMENT_3D('',#3509,#2683,#2684);
#2396=AXIS2_PLACEMENT_3D('',#3510,#2685,#2686);
#2397=AXIS2_PLACEMENT_3D('',#3511,#2687,#2688);
#2398=AXIS2_PLACEMENT_3D('',#3516,#2690,#2691);
#2399=AXIS2_PLACEMENT_3D('',#3519,#2693,#2694);
#2400=AXIS2_PLACEMENT_3D('',#3523,#2697,#2698);
#2401=AXIS2_PLACEMENT_3D('',#3527,#2701,#2702);
#2402=AXIS2_PLACEMENT_3D('',#3533,#2705,#2706);
#2403=AXIS2_PLACEMENT_3D('',#3534,#2707,#2708);
#2404=AXIS2_PLACEMENT_3D('',#3538,#2711,#2712);
#2405=AXIS2_PLACEMENT_3D('',#3539,#2713,#2714);
#2406=AXIS2_PLACEMENT_3D('',#3544,#2717,#2718);
#2407=AXIS2_PLACEMENT_3D('',#3581,#2739,#2740);
#2408=AXIS2_PLACEMENT_3D('',#3583,#2741,#2742);
#2409=AXIS2_PLACEMENT_3D('',#3585,#2744,#2745);
#2410=AXIS2_PLACEMENT_3D('',#3587,#2747,#2748);
#2411=AXIS2_PLACEMENT_3D('',#3594,#2753,#2754);
#2412=AXIS2_PLACEMENT_3D('',#3601,#2759,#2760);
#2413=AXIS2_PLACEMENT_3D('',#3607,#2764,#2765);
#2414=AXIS2_PLACEMENT_3D('',#3613,#2769,#2770);
#2415=AXIS2_PLACEMENT_3D('',#3619,#2774,#2775);
#2416=AXIS2_PLACEMENT_3D('',#3625,#2779,#2780);
#2417=AXIS2_PLACEMENT_3D('',#3626,#2781,#2782);
#2418=AXIS2_PLACEMENT_3D('',#3628,#2783,#2784);
#2419=AXIS2_PLACEMENT_3D('',#3629,#2785,#2786);
#2420=AXIS2_PLACEMENT_3D('',#3631,#2788,#2789);
#2421=AXIS2_PLACEMENT_3D('',#3633,#2791,#2792);
#2422=AXIS2_PLACEMENT_3D('',#3635,#2794,#2795);
#2423=AXIS2_PLACEMENT_3D('',#3637,#2797,#2798);
#2424=AXIS2_PLACEMENT_3D('',#3638,#2799,#2800);
#2425=AXIS2_PLACEMENT_3D('',#3639,#2801,#2802);
#2426=AXIS2_PLACEMENT_3D('',#3640,#2803,#2804);
#2427=AXIS2_PLACEMENT_3D('',#3641,#2805,#2806);
#2428=AXIS2_PLACEMENT_3D('',#3642,#2807,#2808);
#2429=AXIS2_PLACEMENT_3D('',#3644,#2809,#2810);
#2430=AXIS2_PLACEMENT_3D('',#3646,#2811,#2812);
#2431=AXIS2_PLACEMENT_3D('',#3647,#2813,#2814);
#2432=AXIS2_PLACEMENT_3D('',#3648,#2815,#2816);
#2433=AXIS2_PLACEMENT_3D('',#3650,#2817,#2818);
#2434=AXIS2_PLACEMENT_3D('',#3651,#2819,#2820);
#2435=AXIS2_PLACEMENT_3D('',#3657,#2824,#2825);
#2436=AXIS2_PLACEMENT_3D('',#3658,#2826,#2827);
#2437=AXIS2_PLACEMENT_3D('',#3663,#2830,#2831);
#2438=AXIS2_PLACEMENT_3D('',#3669,#2835,#2836);
#2439=AXIS2_PLACEMENT_3D('',#3670,#2837,#2838);
#2440=AXIS2_PLACEMENT_3D('',#3675,#2841,#2842);
#2441=AXIS2_PLACEMENT_3D('',#3676,#2843,#2844);
#2442=AXIS2_PLACEMENT_3D('',#3678,#2845,#2846);
#2443=AXIS2_PLACEMENT_3D('',#3679,#2847,#2848);
#2444=AXIS2_PLACEMENT_3D('',#3681,#2849,#2850);
#2445=AXIS2_PLACEMENT_3D('',#3738,#2851,#2852);
#2446=AXIS2_PLACEMENT_3D('',#3739,#2853,#2854);
#2447=AXIS2_PLACEMENT_3D('',#3740,#2855,#2856);
#2448=AXIS2_PLACEMENT_3D('',#3741,#2857,#2858);
#2449=AXIS2_PLACEMENT_3D('',#3742,#2859,#2860);
#2450=AXIS2_PLACEMENT_3D('',#3743,#2861,#2862);
#2451=AXIS2_PLACEMENT_3D('',#3747,#2865,#2866);
#2452=AXIS2_PLACEMENT_3D('',#3748,#2867,#2868);
#2453=AXIS2_PLACEMENT_3D('',#3750,#2869,#2870);
#2454=AXIS2_PLACEMENT_3D('',#3751,#2871,#2872);
#2455=AXIS2_PLACEMENT_3D('',#3752,#2873,#2874);
#2456=AXIS2_PLACEMENT_3D('',#3753,#2875,#2876);
#2457=AXIS2_PLACEMENT_3D('',#3754,#2877,#2878);
#2458=AXIS2_PLACEMENT_3D('',#3758,#2881,#2882);
#2459=AXIS2_PLACEMENT_3D('',#3759,#2883,#2884);
#2460=AXIS2_PLACEMENT_3D('',#3761,#2885,#2886);
#2461=AXIS2_PLACEMENT_3D('',#3762,#2887,#2888);
#2462=AXIS2_PLACEMENT_3D('',#3763,#2889,#2890);
#2463=AXIS2_PLACEMENT_3D('',#3764,#2891,#2892);
#2464=AXIS2_PLACEMENT_3D('',#3765,#2893,#2894);
#2465=AXIS2_PLACEMENT_3D('',#3769,#2897,#2898);
#2466=AXIS2_PLACEMENT_3D('',#3770,#2899,#2900);
#2467=AXIS2_PLACEMENT_3D('',#3772,#2901,#2902);
#2468=AXIS2_PLACEMENT_3D('',#3773,#2903,#2904);
#2469=AXIS2_PLACEMENT_3D('',#3774,#2905,#2906);
#2470=AXIS2_PLACEMENT_3D('',#3775,#2907,#2908);
#2471=AXIS2_PLACEMENT_3D('',#3776,#2909,#2910);
#2472=AXIS2_PLACEMENT_3D('',#3777,#2911,#2912);
#2473=AXIS2_PLACEMENT_3D('',#3778,#2913,#2914);
#2474=AXIS2_PLACEMENT_3D('',#3783,#2916,#2917);
#2475=AXIS2_PLACEMENT_3D('',#3786,#2919,#2920);
#2476=AXIS2_PLACEMENT_3D('',#3789,#2923,#2924);
#2477=AXIS2_PLACEMENT_3D('',#3792,#2927,#2928);
#2478=AXIS2_PLACEMENT_3D('',#3793,#2929,#2930);
#2479=AXIS2_PLACEMENT_3D('',#3794,#2931,#2932);
#2480=AXIS2_PLACEMENT_3D('',#3796,#2933,#2934);
#2481=AXIS2_PLACEMENT_3D('',#3797,#2935,#2936);
#2482=AXIS2_PLACEMENT_3D('',#3799,#2937,#2938);
#2483=AXIS2_PLACEMENT_3D('',#3800,#2939,#2940);
#2484=AXIS2_PLACEMENT_3D('',#3801,#2941,#2942);
#2485=AXIS2_PLACEMENT_3D('',#3806,#2944,#2945);
#2486=AXIS2_PLACEMENT_3D('',#3809,#2947,#2948);
#2487=AXIS2_PLACEMENT_3D('',#3812,#2951,#2952);
#2488=AXIS2_PLACEMENT_3D('',#3815,#2955,#2956);
#2489=AXIS2_PLACEMENT_3D('',#3816,#2957,#2958);
#2490=AXIS2_PLACEMENT_3D('',#3817,#2959,#2960);
#2491=AXIS2_PLACEMENT_3D('',#3819,#2961,#2962);
#2492=AXIS2_PLACEMENT_3D('',#3820,#2963,#2964);
#2493=AXIS2_PLACEMENT_3D('',#3822,#2965,#2966);
#2494=AXIS2_PLACEMENT_3D('',#3823,#2967,#2968);
#2495=AXIS2_PLACEMENT_3D('',#3824,#2969,#2970);
#2496=AXIS2_PLACEMENT_3D('',#3829,#2972,#2973);
#2497=AXIS2_PLACEMENT_3D('',#3832,#2975,#2976);
#2498=AXIS2_PLACEMENT_3D('',#3835,#2979,#2980);
#2499=AXIS2_PLACEMENT_3D('',#3838,#2983,#2984);
#2500=AXIS2_PLACEMENT_3D('',#3839,#2985,#2986);
#2501=AXIS2_PLACEMENT_3D('',#3840,#2987,#2988);
#2502=AXIS2_PLACEMENT_3D('',#3842,#2989,#2990);
#2503=AXIS2_PLACEMENT_3D('',#3843,#2991,#2992);
#2504=AXIS2_PLACEMENT_3D('',#3845,#2993,#2994);
#2505=AXIS2_PLACEMENT_3D('',#3846,#2995,#2996);
#2506=AXIS2_PLACEMENT_3D('',#3847,#2997,#2998);
#2507=AXIS2_PLACEMENT_3D('',#3852,#3000,#3001);
#2508=AXIS2_PLACEMENT_3D('',#3855,#3003,#3004);
#2509=AXIS2_PLACEMENT_3D('',#3858,#3007,#3008);
#2510=AXIS2_PLACEMENT_3D('',#3861,#3011,#3012);
#2511=AXIS2_PLACEMENT_3D('',#3862,#3013,#3014);
#2512=AXIS2_PLACEMENT_3D('',#3863,#3015,#3016);
#2513=AXIS2_PLACEMENT_3D('',#3865,#3017,#3018);
#2514=AXIS2_PLACEMENT_3D('',#3866,#3019,#3020);
#2515=AXIS2_PLACEMENT_3D('',#3868,#3021,#3022);
#2516=AXIS2_PLACEMENT_3D('',#3869,#3023,#3024);
#2517=AXIS2_PLACEMENT_3D('',#3878,#3029,#3030);
#2518=AXIS2_PLACEMENT_3D('',#3897,#3032,#3033);
#2519=AXIS2_PLACEMENT_3D('',#3931,#3035,#3036);
#2520=AXIS2_PLACEMENT_3D('',#3947,#3037,#3038);
#2521=AXIS2_PLACEMENT_3D('',#3990,#3040,#3041);
#2522=AXIS2_PLACEMENT_3D('',#4028,#3042,#3043);
#2523=AXIS2_PLACEMENT_3D('',#4034,#3047,#3048);
#2524=AXIS2_PLACEMENT_3D('',#4055,#3050,#3051);
#2525=AXIS2_PLACEMENT_3D('',#4089,#3053,#3054);
#2526=AXIS2_PLACEMENT_3D('',#4122,#3055,#3056);
#2527=AXIS2_PLACEMENT_3D('',#4161,#3057,#3058);
#2528=AXIS2_PLACEMENT_3D('',#4181,#3059,#3060);
#2529=AXIS2_PLACEMENT_3D('',#4184,#3063,#3064);
#2530=AXIS2_PLACEMENT_3D('',#4187,#3067,#3068);
#2531=AXIS2_PLACEMENT_3D('',#4190,#3071,#3072);
#2532=AXIS2_PLACEMENT_3D('',#4193,#3075,#3076);
#2533=AXIS2_PLACEMENT_3D('',#4196,#3079,#3080);
#2534=AXIS2_PLACEMENT_3D('',#4199,#3083,#3084);
#2535=AXIS2_PLACEMENT_3D('',#4200,#3085,#3086);
#2536=AXIS2_PLACEMENT_3D('',#4201,#3087,#3088);
#2537=AXIS2_PLACEMENT_3D('',#4202,#3089,#3090);
#2538=AXIS2_PLACEMENT_3D('',#4203,#3091,#3092);
#2539=AXIS2_PLACEMENT_3D('',#4204,#3093,#3094);
#2540=AXIS2_PLACEMENT_3D('',#4205,#3095,#3096);
#2541=AXIS2_PLACEMENT_3D('',#4206,#3097,#3098);
#2542=AXIS2_PLACEMENT_3D('',#4207,#3099,#3100);
#2543=AXIS2_PLACEMENT_3D('',#4216,#3105,#3106);
#2544=AXIS2_PLACEMENT_3D('',#4222,#3110,#3111);
#2545=AXIS2_PLACEMENT_3D('',#4226,#3114,#3115);
#2546=AXIS2_PLACEMENT_3D('',#4230,#3118,#3119);
#2547=AXIS2_PLACEMENT_3D('',#4232,#3121,#3122);
#2548=AXIS2_PLACEMENT_3D('',#4233,#3123,#3124);
#2549=AXIS2_PLACEMENT_3D('',#4242,#3129,#3130);
#2550=AXIS2_PLACEMENT_3D('',#4248,#3134,#3135);
#2551=AXIS2_PLACEMENT_3D('',#4252,#3138,#3139);
#2552=AXIS2_PLACEMENT_3D('',#4256,#3142,#3143);
#2553=AXIS2_PLACEMENT_3D('',#4258,#3145,#3146);
#2554=AXIS2_PLACEMENT_3D('',#4259,#3147,#3148);
#2555=AXIS2_PLACEMENT_3D('',#4268,#3153,#3154);
#2556=AXIS2_PLACEMENT_3D('',#4274,#3158,#3159);
#2557=AXIS2_PLACEMENT_3D('',#4280,#3163,#3164);
#2558=AXIS2_PLACEMENT_3D('',#4282,#3166,#3167);
#2559=AXIS2_PLACEMENT_3D('',#4284,#3169,#3170);
#2560=AXIS2_PLACEMENT_3D('',#4285,#3171,#3172);
#2561=AXIS2_PLACEMENT_3D('',#4294,#3177,#3178);
#2562=AXIS2_PLACEMENT_3D('',#4303,#3183,#3184);
#2563=AXIS2_PLACEMENT_3D('',#4306,#3187,#3188);
#2564=AXIS2_PLACEMENT_3D('',#4309,#3191,#3192);
#2565=AXIS2_PLACEMENT_3D('',#4310,#3193,#3194);
#2566=AXIS2_PLACEMENT_3D('',#4311,#3195,#3196);
#2567=DIRECTION('',(0.,0.,1.));
#2568=DIRECTION('',(1.,0.,0.));
#2569=DIRECTION('',(0.,1.,0.));
#2570=DIRECTION('',(0.,0.,-1.));
#2571=DIRECTION('',(0.,-1.,0.));
#2572=DIRECTION('',(1.,0.,-6.12323399573677E-17));
#2573=DIRECTION('',(0.,-1.,0.));
#2574=DIRECTION('',(0.,0.,-1.));
#2575=DIRECTION('',(0.,-1.,0.));
#2576=DIRECTION('',(1.,0.,-6.12323399573677E-17));
#2577=DIRECTION('',(0.,1.,0.));
#2578=DIRECTION('',(0.,-1.,0.));
#2579=DIRECTION('',(1.,0.,-6.12323399573677E-17));
#2580=DIRECTION('',(0.,1.,0.));
#2581=DIRECTION('',(0.,1.,0.));
#2582=DIRECTION('',(0.,0.,1.));
#2583=DIRECTION('',(0.,-1.,0.));
#2584=DIRECTION('',(1.,0.,-6.12323399573677E-17));
#2585=DIRECTION('',(0.,1.,0.));
#2586=DIRECTION('',(0.,-1.,0.));
#2587=DIRECTION('',(1.,0.,-6.12323399573677E-17));
#2588=DIRECTION('',(0.,1.,0.));
#2589=DIRECTION('',(0.,1.,0.));
#2590=DIRECTION('',(0.,0.,1.));
#2591=DIRECTION('',(0.,-1.,0.));
#2592=DIRECTION('',(0.,-1.,0.));
#2593=DIRECTION('',(1.,0.,-6.12323399573677E-17));
#2594=DIRECTION('',(0.,-1.,0.));
#2595=DIRECTION('',(0.,-1.,0.));
#2596=DIRECTION('',(1.,0.,-6.12323399573677E-17));
#2597=DIRECTION('',(0.,1.,0.));
#2598=DIRECTION('',(0.,0.,1.));
#2599=DIRECTION('',(1.,0.,0.));
#2600=DIRECTION('',(1.17145536458252E-15,0.,1.));
#2601=DIRECTION('',(0.,-1.,0.));
#2602=DIRECTION('',(0.,0.,-1.));
#2603=DIRECTION('',(-1.17145536458252E-15,0.,-1.));
#2604=DIRECTION('',(1.,0.,0.));
#2605=DIRECTION('',(0.,-1.,0.));
#2606=DIRECTION('',(0.,0.,-1.));
#2607=DIRECTION('',(-1.,0.,0.));
#2608=DIRECTION('',(-1.17145536458252E-15,0.,-1.));
#2609=DIRECTION('',(0.,-1.,0.));
#2610=DIRECTION('',(0.,0.,-1.));
#2611=DIRECTION('',(0.,-1.,0.));
#2612=DIRECTION('',(1.,0.,-6.12323399573677E-17));
#2613=DIRECTION('',(1.17145536458252E-15,0.,1.));
#2614=DIRECTION('',(-1.,0.,0.));
#2615=DIRECTION('',(0.,-1.,0.));
#2616=DIRECTION('',(0.,0.,-1.));
#2617=DIRECTION('',(0.,1.,0.));
#2618=DIRECTION('',(0.,-1.,0.));
#2619=DIRECTION('',(0.,0.,-1.));
#2620=DIRECTION('',(0.,1.,0.));
#2621=DIRECTION('',(0.,-1.,0.));
#2622=DIRECTION('',(0.,0.,-1.));
#2623=DIRECTION('',(0.,1.,0.));
#2624=DIRECTION('',(0.,-1.,0.));
#2625=DIRECTION('',(0.,0.,-1.));
#2626=DIRECTION('',(0.,1.,0.));
#2627=DIRECTION('',(0.,-1.,0.));
#2628=DIRECTION('',(0.,0.,-1.));
#2629=DIRECTION('',(0.,1.,0.));
#2630=DIRECTION('',(0.,-1.,0.));
#2631=DIRECTION('',(0.,0.,-1.));
#2632=DIRECTION('',(0.,1.,0.));
#2633=DIRECTION('',(0.,-1.,0.));
#2634=DIRECTION('',(0.,0.,-1.));
#2635=DIRECTION('',(0.,1.,0.));
#2636=DIRECTION('',(0.,-1.,0.));
#2637=DIRECTION('',(0.,0.,-1.));
#2638=DIRECTION('',(0.,1.,0.));
#2639=DIRECTION('',(0.,-1.,0.));
#2640=DIRECTION('',(0.,0.,-1.));
#2641=DIRECTION('',(0.,-1.,0.));
#2642=DIRECTION('',(0.,-1.,0.));
#2643=DIRECTION('',(0.,0.,-1.));
#2644=DIRECTION('',(0.,1.,0.));
#2645=DIRECTION('',(0.,1.,0.));
#2646=DIRECTION('',(0.,0.,1.));
#2647=DIRECTION('',(0.,-1.,0.));
#2648=DIRECTION('',(1.,0.,-6.12323399573677E-17));
#2649=DIRECTION('',(0.,-1.,0.));
#2650=DIRECTION('',(1.,0.,-6.12323399573677E-17));
#2651=DIRECTION('',(0.,1.,0.));
#2652=DIRECTION('',(0.,0.,1.));
#2653=DIRECTION('',(0.,-1.,0.));
#2654=DIRECTION('',(0.,-1.,0.));
#2655=DIRECTION('',(1.,0.,-6.12323399573677E-17));
#2656=DIRECTION('',(0.,-1.,0.));
#2657=DIRECTION('',(0.,1.,0.));
#2658=DIRECTION('',(0.,0.,1.));
#2659=DIRECTION('',(1.,0.,0.));
#2660=DIRECTION('',(1.17145536458252E-15,0.,1.));
#2661=DIRECTION('',(-1.,0.,0.));
#2662=DIRECTION('',(-1.17145536458252E-15,0.,-1.));
#2663=DIRECTION('',(-1.17145536458252E-15,0.,-1.));
#2664=DIRECTION('',(1.,0.,0.));
#2665=DIRECTION('',(-1.,0.,0.));
#2666=DIRECTION('',(1.17145536458252E-15,0.,1.));
#2667=DIRECTION('',(0.,1.,0.));
#2668=DIRECTION('',(0.,0.,-1.));
#2669=DIRECTION('',(0.,-1.,0.));
#2670=DIRECTION('',(0.,0.,-1.));
#2671=DIRECTION('',(0.,-1.,0.));
#2672=DIRECTION('',(0.,-1.,0.));
#2673=DIRECTION('',(1.,0.,-6.12323399573677E-17));
#2674=DIRECTION('',(0.,-1.,0.));
#2675=DIRECTION('',(0.,-1.,0.));
#2676=DIRECTION('',(1.,0.,-6.12323399573677E-17));
#2677=DIRECTION('',(0.,-1.,0.));
#2678=DIRECTION('',(0.,0.,-1.));
#2679=DIRECTION('',(0.,-1.,0.));
#2680=DIRECTION('',(0.,-1.,0.));
#2681=DIRECTION('',(1.,0.,-6.12323399573677E-17));
#2682=DIRECTION('',(0.,-1.,0.));
#2683=DIRECTION('',(0.,-1.,0.));
#2684=DIRECTION('',(1.,0.,-6.12323399573677E-17));
#2685=DIRECTION('',(0.,-1.,0.));
#2686=DIRECTION('',(0.,0.,-1.));
#2687=DIRECTION('',(0.,-1.,0.));
#2688=DIRECTION('',(1.,0.,-6.12323399573677E-17));
#2689=DIRECTION('',(0.,1.,0.));
#2690=DIRECTION('',(0.,-1.,0.));
#2691=DIRECTION('',(1.,0.,-6.12323399573677E-17));
#2692=DIRECTION('',(0.,1.,0.));
#2693=DIRECTION('',(0.,-1.,0.));
#2694=DIRECTION('',(0.,0.,-1.));
#2695=DIRECTION('',(-1.,0.,0.));
#2696=DIRECTION('',(1.17145536458252E-15,0.,1.));
#2697=DIRECTION('',(0.,-1.,0.));
#2698=DIRECTION('',(0.,0.,-1.));
#2699=DIRECTION('',(-1.17145536458252E-15,0.,-1.));
#2700=DIRECTION('',(-1.,0.,0.));
#2701=DIRECTION('',(0.,-1.,0.));
#2702=DIRECTION('',(0.,0.,-1.));
#2703=DIRECTION('',(1.,0.,0.));
#2704=DIRECTION('',(-1.17145536458252E-15,0.,-1.));
#2705=DIRECTION('',(0.,-1.,0.));
#2706=DIRECTION('',(1.,0.,-6.12323399573677E-17));
#2707=DIRECTION('',(0.,-1.,0.));
#2708=DIRECTION('',(0.,0.,-1.));
#2709=DIRECTION('',(1.17145536458252E-15,0.,1.));
#2710=DIRECTION('',(1.,0.,0.));
#2711=DIRECTION('',(0.,-1.,0.));
#2712=DIRECTION('',(0.,0.,-1.));
#2713=DIRECTION('',(0.,-1.,0.));
#2714=DIRECTION('',(1.,0.,-6.12323399573677E-17));
#2715=DIRECTION('',(0.,1.,0.));
#2716=DIRECTION('',(0.,1.,0.));
#2717=DIRECTION('',(0.,-1.,0.));
#2718=DIRECTION('',(0.,0.,-1.));
#2719=DIRECTION('',(1.17145536458252E-15,0.,1.));
#2720=DIRECTION('',(1.,0.,3.7364106986726E-15));
#2721=DIRECTION('',(-1.17145536458252E-15,0.,-1.));
#2722=DIRECTION('',(-1.,0.,0.));
#2723=DIRECTION('',(-1.17145536458252E-15,0.,-1.));
#2724=DIRECTION('',(-1.,0.,-3.7364106986726E-15));
#2725=DIRECTION('',(1.17145536458252E-15,0.,1.));
#2726=DIRECTION('',(-1.,0.,0.));
#2727=DIRECTION('',(0.,0.,1.));
#2728=DIRECTION('',(1.,0.,0.));
#2729=DIRECTION('',(1.17145536458252E-15,0.,1.));
#2730=DIRECTION('',(1.,0.,1.17145536458252E-15));
#2731=DIRECTION('',(-1.17145536458252E-15,0.,-1.));
#2732=DIRECTION('',(1.,0.,0.));
#2733=DIRECTION('',(-1.17145536458252E-15,0.,-1.));
#2734=DIRECTION('',(-1.,0.,-1.17145536458252E-15));
#2735=DIRECTION('',(1.17145536458252E-15,0.,1.));
#2736=DIRECTION('',(1.,0.,0.));
#2737=DIRECTION('',(0.,0.,-1.));
#2738=DIRECTION('',(-1.,0.,0.));
#2739=DIRECTION('',(0.,1.,0.));
#2740=DIRECTION('',(0.,0.,-1.));
#2741=DIRECTION('',(0.,-1.,0.));
#2742=DIRECTION('',(0.,0.,-1.));
#2743=DIRECTION('',(0.,-1.,0.));
#2744=DIRECTION('',(0.,0.,-1.));
#2745=DIRECTION('',(-1.,0.,0.));
#2746=DIRECTION('',(0.,1.,0.));
#2747=DIRECTION('',(0.,0.,1.));
#2748=DIRECTION('',(1.,0.,0.));
#2749=DIRECTION('',(0.,1.,0.));
#2750=DIRECTION('',(0.,1.,0.));
#2751=DIRECTION('',(-1.,0.,1.85757347797131E-16));
#2752=DIRECTION('',(0.,1.,0.));
#2753=DIRECTION('',(0.,0.,-1.));
#2754=DIRECTION('',(-1.,0.,0.));
#2755=DIRECTION('',(0.,-1.,0.));
#2756=DIRECTION('',(0.,1.,0.));
#2757=DIRECTION('',(1.,0.,1.85757347797131E-16));
#2758=DIRECTION('',(0.,1.,0.));
#2759=DIRECTION('',(0.,0.,1.));
#2760=DIRECTION('',(1.,0.,0.));
#2761=DIRECTION('',(0.,1.,0.));
#2762=DIRECTION('',(3.55065335087547E-15,0.,-1.));
#2763=DIRECTION('',(0.,1.,0.));
#2764=DIRECTION('',(-1.,0.,1.17145536458252E-15));
#2765=DIRECTION('',(1.17267306976032E-15,0.,1.));
#2766=DIRECTION('',(0.,1.,0.));
#2767=DIRECTION('',(-3.92216804646973E-15,0.,1.));
#2768=DIRECTION('',(0.,1.,0.));
#2769=DIRECTION('',(1.,0.,-1.17145536458252E-15));
#2770=DIRECTION('',(-1.17267306976032E-15,0.,-1.));
#2771=DIRECTION('',(0.,1.,0.));
#2772=DIRECTION('',(-9.85698016785394E-16,0.,1.));
#2773=DIRECTION('',(0.,1.,0.));
#2774=DIRECTION('',(1.,0.,-1.17145536458252E-15));
#2775=DIRECTION('',(-1.17267306976032E-15,0.,-1.));
#2776=DIRECTION('',(0.,1.,0.));
#2777=DIRECTION('',(1.35721271237965E-15,0.,-1.));
#2778=DIRECTION('',(0.,1.,0.));
#2779=DIRECTION('',(-1.,0.,1.17145536458252E-15));
#2780=DIRECTION('',(1.17267306976032E-15,0.,1.));
#2781=DIRECTION('',(0.,1.,0.));
#2782=DIRECTION('',(0.,0.,-1.));
#2783=DIRECTION('',(0.,-1.,0.));
#2784=DIRECTION('',(0.,0.,-1.));
#2785=DIRECTION('',(0.,-1.,0.));
#2786=DIRECTION('',(0.,0.,-1.));
#2787=DIRECTION('',(0.,-1.,0.));
#2788=DIRECTION('',(0.,0.,-1.));
#2789=DIRECTION('',(-1.,0.,0.));
#2790=DIRECTION('',(0.,1.,0.));
#2791=DIRECTION('',(0.,0.,1.));
#2792=DIRECTION('',(1.,0.,0.));
#2793=DIRECTION('',(0.,1.,0.));
#2794=DIRECTION('',(0.,0.,-1.));
#2795=DIRECTION('',(-1.,0.,0.));
#2796=DIRECTION('',(0.,-1.,0.));
#2797=DIRECTION('',(0.,0.,1.));
#2798=DIRECTION('',(1.,0.,0.));
#2799=DIRECTION('',(1.,0.,-1.17145536458252E-15));
#2800=DIRECTION('',(-1.17267306976032E-15,0.,-1.));
#2801=DIRECTION('',(-1.,0.,1.17145536458252E-15));
#2802=DIRECTION('',(1.17267306976032E-15,0.,1.));
#2803=DIRECTION('',(-1.,0.,1.17145536458252E-15));
#2804=DIRECTION('',(1.17267306976032E-15,0.,1.));
#2805=DIRECTION('',(1.,0.,-1.17145536458252E-15));
#2806=DIRECTION('',(-1.17267306976032E-15,0.,-1.));
#2807=DIRECTION('',(0.,1.,0.));
#2808=DIRECTION('',(0.,0.,-1.));
#2809=DIRECTION('',(0.,1.,0.));
#2810=DIRECTION('',(0.,0.,-1.));
#2811=DIRECTION('',(0.,-1.,0.));
#2812=DIRECTION('',(0.,0.,-1.));
#2813=DIRECTION('',(0.,1.,0.));
#2814=DIRECTION('',(0.,0.,1.));
#2815=DIRECTION('',(0.,1.,0.));
#2816=DIRECTION('',(1.,0.,6.12323399573677E-17));
#2817=DIRECTION('',(0.,1.,0.));
#2818=DIRECTION('',(0.,0.,1.));
#2819=DIRECTION('',(0.,1.,0.));
#2820=DIRECTION('',(0.,0.,1.));
#2821=DIRECTION('',(0.,0.,-1.));
#2822=DIRECTION('',(0.,1.,0.));
#2823=DIRECTION('',(0.,0.,1.));
#2824=DIRECTION('',(-1.,0.,0.));
#2825=DIRECTION('',(0.,0.,1.));
#2826=DIRECTION('',(0.,1.,0.));
#2827=DIRECTION('',(0.,0.,1.));
#2828=DIRECTION('',(0.,0.,1.));
#2829=DIRECTION('',(0.,0.,-1.));
#2830=DIRECTION('',(0.,1.,0.));
#2831=DIRECTION('',(0.,0.,1.));
#2832=DIRECTION('',(0.,-1.,0.));
#2833=DIRECTION('',(0.,0.,1.));
#2834=DIRECTION('',(0.,0.,-1.));
#2835=DIRECTION('',(1.,0.,0.));
#2836=DIRECTION('',(0.,0.,-1.));
#2837=DIRECTION('',(0.,-1.,0.));
#2838=DIRECTION('',(0.,0.,-1.));
#2839=DIRECTION('',(0.,0.,1.));
#2840=DIRECTION('',(0.,0.,-1.));
#2841=DIRECTION('',(0.,-1.,0.));
#2842=DIRECTION('',(0.,0.,-1.));
#2843=DIRECTION('',(0.,-1.,0.));
#2844=DIRECTION('',(1.,0.,-6.12323399573677E-17));
#2845=DIRECTION('',(0.,-1.,0.));
#2846=DIRECTION('',(0.,0.,-1.));
#2847=DIRECTION('',(0.,-1.,0.));
#2848=DIRECTION('',(1.,0.,-6.12323399573677E-17));
#2849=DIRECTION('',(0.,-1.,0.));
#2850=DIRECTION('',(0.,0.,-1.));
#2851=DIRECTION('',(0.,1.,0.));
#2852=DIRECTION('',(0.,0.,1.));
#2853=DIRECTION('',(0.,0.,-1.));
#2854=DIRECTION('',(-1.,0.,0.));
#2855=DIRECTION('',(0.,0.,-1.));
#2856=DIRECTION('',(-1.,0.,0.));
#2857=DIRECTION('',(0.,0.,-1.));
#2858=DIRECTION('',(-1.,0.,0.));
#2859=DIRECTION('',(0.,0.,-1.));
#2860=DIRECTION('',(-1.,0.,0.));
#2861=DIRECTION('',(0.,1.,0.));
#2862=DIRECTION('',(0.,0.,-1.));
#2863=DIRECTION('',(0.,0.,1.));
#2864=DIRECTION('',(0.,0.,-1.));
#2865=DIRECTION('',(0.,-1.,0.));
#2866=DIRECTION('',(0.,0.,-1.));
#2867=DIRECTION('',(0.,-1.,0.));
#2868=DIRECTION('',(0.,0.,-1.));
#2869=DIRECTION('',(0.,-1.,0.));
#2870=DIRECTION('',(0.,0.,-1.));
#2871=DIRECTION('',(-1.,0.,0.));
#2872=DIRECTION('',(0.,0.,1.));
#2873=DIRECTION('',(1.,0.,0.));
#2874=DIRECTION('',(0.,0.,-1.));
#2875=DIRECTION('',(0.,-1.,0.));
#2876=DIRECTION('',(0.,0.,-1.));
#2877=DIRECTION('',(0.,1.,0.));
#2878=DIRECTION('',(-1.,0.,0.));
#2879=DIRECTION('',(1.,0.,1.17145536458252E-15));
#2880=DIRECTION('',(-1.,0.,-1.17145536458252E-15));
#2881=DIRECTION('',(0.,-1.,0.));
#2882=DIRECTION('',(-1.,0.,-1.17145536458252E-15));
#2883=DIRECTION('',(0.,-1.,0.));
#2884=DIRECTION('',(0.,0.,-1.));
#2885=DIRECTION('',(0.,-1.,0.));
#2886=DIRECTION('',(-1.,0.,0.));
#2887=DIRECTION('',(-1.17145536458252E-15,0.,1.));
#2888=DIRECTION('',(1.,0.,1.16573417585641E-15));
#2889=DIRECTION('',(1.17145536458252E-15,0.,-1.));
#2890=DIRECTION('',(-1.,0.,-1.16573417585641E-15));
#2891=DIRECTION('',(0.,-1.,0.));
#2892=DIRECTION('',(0.,0.,-1.));
#2893=DIRECTION('',(0.,1.,0.));
#2894=DIRECTION('',(1.,0.,3.70074341541719E-15));
#2895=DIRECTION('',(-1.,0.,-3.7364106986726E-15));
#2896=DIRECTION('',(1.,0.,3.7364106986726E-15));
#2897=DIRECTION('',(0.,-1.,0.));
#2898=DIRECTION('',(1.,0.,3.7364106986726E-15));
#2899=DIRECTION('',(0.,-1.,0.));
#2900=DIRECTION('',(0.,0.,-1.));
#2901=DIRECTION('',(0.,-1.,0.));
#2902=DIRECTION('',(1.,0.,3.70074341541719E-15));
#2903=DIRECTION('',(3.7364106986726E-15,0.,-1.));
#2904=DIRECTION('',(-1.,0.,-3.7470027081099E-15));
#2905=DIRECTION('',(-3.7364106986726E-15,0.,1.));
#2906=DIRECTION('',(1.,0.,3.71924713249427E-15));
#2907=DIRECTION('',(0.,-1.,0.));
#2908=DIRECTION('',(0.,0.,-1.));
#2909=DIRECTION('',(0.,-1.,0.));
#2910=DIRECTION('',(0.,0.,-1.));
#2911=DIRECTION('',(-1.,0.,0.));
#2912=DIRECTION('',(0.,0.,1.));
#2913=DIRECTION('',(0.,-1.,0.));
#2914=DIRECTION('',(0.999999999999997,0.,0.));
#2915=DIRECTION('',(0.,1.,0.));
#2916=DIRECTION('',(0.,-1.,0.));
#2917=DIRECTION('',(0.999999999999997,0.,0.));
#2918=DIRECTION('',(0.,1.,0.));
#2919=DIRECTION('',(0.,1.,0.));
#2920=DIRECTION('',(0.,0.,0.999999999999997));
#2921=DIRECTION('',(-0.769203135802219,0.,-0.639004331653575));
#2922=DIRECTION('',(-0.769203135802219,0.,-0.639004331653575));
#2923=DIRECTION('',(0.639004331653575,0.,-0.769203135802219));
#2924=DIRECTION('',(-0.76920313580222,0.,-0.639004331653575));
#2925=DIRECTION('',(0.769203135802214,0.,0.639004331653582));
#2926=DIRECTION('',(0.769203135802214,0.,0.639004331653582));
#2927=DIRECTION('',(-0.639004331653582,0.,0.769203135802214));
#2928=DIRECTION('',(0.769203135802214,0.,0.639004331653582));
#2929=DIRECTION('',(0.,-1.,0.));
#2930=DIRECTION('',(0.,0.,-1.));
#2931=DIRECTION('',(0.,1.,0.));
#2932=DIRECTION('',(0.,0.,-1.));
#2933=DIRECTION('',(0.,-1.,0.));
#2934=DIRECTION('',(0.,0.,-1.));
#2935=DIRECTION('',(0.,1.,0.));
#2936=DIRECTION('',(0.,0.,-1.));
#2937=DIRECTION('',(0.,-1.,0.));
#2938=DIRECTION('',(0.,0.,-1.));
#2939=DIRECTION('',(0.,-1.,0.));
#2940=DIRECTION('',(0.,0.,-1.));
#2941=DIRECTION('',(0.,-1.,0.));
#2942=DIRECTION('',(0.999999999999997,0.,0.));
#2943=DIRECTION('',(0.,1.,0.));
#2944=DIRECTION('',(0.,-1.,0.));
#2945=DIRECTION('',(0.999999999999997,0.,0.));
#2946=DIRECTION('',(0.,1.,0.));
#2947=DIRECTION('',(0.,1.,0.));
#2948=DIRECTION('',(0.,0.,0.999999999999997));
#2949=DIRECTION('',(-0.769203135802219,0.,-0.639004331653575));
#2950=DIRECTION('',(-0.769203135802219,0.,-0.639004331653575));
#2951=DIRECTION('',(0.639004331653575,0.,-0.769203135802219));
#2952=DIRECTION('',(-0.76920313580222,0.,-0.639004331653575));
#2953=DIRECTION('',(0.769203135802214,0.,0.639004331653582));
#2954=DIRECTION('',(0.769203135802214,0.,0.639004331653582));
#2955=DIRECTION('',(-0.639004331653582,0.,0.769203135802214));
#2956=DIRECTION('',(0.769203135802214,0.,0.639004331653582));
#2957=DIRECTION('',(0.,-1.,0.));
#2958=DIRECTION('',(0.,0.,-1.));
#2959=DIRECTION('',(0.,1.,0.));
#2960=DIRECTION('',(0.,0.,-1.));
#2961=DIRECTION('',(0.,-1.,0.));
#2962=DIRECTION('',(0.,0.,-1.));
#2963=DIRECTION('',(0.,1.,0.));
#2964=DIRECTION('',(0.,0.,-1.));
#2965=DIRECTION('',(0.,-1.,0.));
#2966=DIRECTION('',(0.,0.,-1.));
#2967=DIRECTION('',(0.,-1.,0.));
#2968=DIRECTION('',(0.,0.,-1.));
#2969=DIRECTION('',(0.,-1.,0.));
#2970=DIRECTION('',(0.999999999999997,0.,0.));
#2971=DIRECTION('',(0.,1.,0.));
#2972=DIRECTION('',(0.,-1.,0.));
#2973=DIRECTION('',(0.999999999999997,0.,0.));
#2974=DIRECTION('',(0.,1.,0.));
#2975=DIRECTION('',(0.,1.,0.));
#2976=DIRECTION('',(0.,0.,0.999999999999997));
#2977=DIRECTION('',(-0.769203135802219,0.,-0.639004331653575));
#2978=DIRECTION('',(-0.769203135802219,0.,-0.639004331653575));
#2979=DIRECTION('',(0.639004331653575,0.,-0.769203135802219));
#2980=DIRECTION('',(-0.76920313580222,0.,-0.639004331653575));
#2981=DIRECTION('',(0.769203135802214,0.,0.639004331653582));
#2982=DIRECTION('',(0.769203135802214,0.,0.639004331653582));
#2983=DIRECTION('',(-0.639004331653582,0.,0.769203135802214));
#2984=DIRECTION('',(0.769203135802214,0.,0.639004331653582));
#2985=DIRECTION('',(0.,-1.,0.));
#2986=DIRECTION('',(0.,0.,-1.));
#2987=DIRECTION('',(0.,1.,0.));
#2988=DIRECTION('',(0.,0.,-1.));
#2989=DIRECTION('',(0.,-1.,0.));
#2990=DIRECTION('',(0.,0.,-1.));
#2991=DIRECTION('',(0.,1.,0.));
#2992=DIRECTION('',(0.,0.,-1.));
#2993=DIRECTION('',(0.,-1.,0.));
#2994=DIRECTION('',(0.,0.,-1.));
#2995=DIRECTION('',(0.,-1.,0.));
#2996=DIRECTION('',(0.,0.,-1.));
#2997=DIRECTION('',(0.,-1.,0.));
#2998=DIRECTION('',(0.999999999999997,0.,0.));
#2999=DIRECTION('',(0.,1.,0.));
#3000=DIRECTION('',(0.,-1.,0.));
#3001=DIRECTION('',(0.999999999999997,0.,0.));
#3002=DIRECTION('',(0.,1.,0.));
#3003=DIRECTION('',(0.,1.,0.));
#3004=DIRECTION('',(0.,0.,0.999999999999997));
#3005=DIRECTION('',(-0.769203135802219,0.,-0.639004331653575));
#3006=DIRECTION('',(-0.769203135802219,0.,-0.639004331653575));
#3007=DIRECTION('',(0.639004331653575,0.,-0.769203135802219));
#3008=DIRECTION('',(-0.76920313580222,0.,-0.639004331653575));
#3009=DIRECTION('',(0.769203135802214,0.,0.639004331653582));
#3010=DIRECTION('',(0.769203135802214,0.,0.639004331653582));
#3011=DIRECTION('',(-0.639004331653582,0.,0.769203135802214));
#3012=DIRECTION('',(0.769203135802214,0.,0.639004331653582));
#3013=DIRECTION('',(0.,-1.,0.));
#3014=DIRECTION('',(0.,0.,-1.));
#3015=DIRECTION('',(0.,1.,0.));
#3016=DIRECTION('',(0.,0.,-1.));
#3017=DIRECTION('',(0.,-1.,0.));
#3018=DIRECTION('',(0.,0.,-1.));
#3019=DIRECTION('',(0.,1.,0.));
#3020=DIRECTION('',(0.,0.,-1.));
#3021=DIRECTION('',(0.,-1.,0.));
#3022=DIRECTION('',(0.,0.,-1.));
#3023=DIRECTION('',(0.,-1.,0.));
#3024=DIRECTION('',(0.,0.,-1.));
#3025=DIRECTION('',(0.,1.,0.));
#3026=DIRECTION('',(0.724137931034486,0.,-0.68965517241379));
#3027=DIRECTION('',(0.,1.,0.));
#3028=DIRECTION('',(-0.724137931034486,0.,0.68965517241379));
#3029=DIRECTION('',(0.68965517241379,0.,0.724137931034486));
#3030=DIRECTION('',(0.724137931034486,0.,-0.68965517241379));
#3031=DIRECTION('',(0.,1.,0.));
#3032=DIRECTION('',(0.,-1.,0.));
#3033=DIRECTION('',(0.,0.,1.));
#3034=DIRECTION('',(0.,-1.,0.));
#3035=DIRECTION('',(0.,1.,0.));
#3036=DIRECTION('',(0.,0.,-1.));
#3037=DIRECTION('',(0.,1.,0.));
#3038=DIRECTION('',(1.,0.,6.12323399573677E-17));
#3039=DIRECTION('',(0.,1.,0.));
#3040=DIRECTION('',(0.,1.,0.));
#3041=DIRECTION('',(1.,0.,6.12323399573677E-17));
#3042=DIRECTION('',(0.,1.,0.));
#3043=DIRECTION('',(0.,0.,1.));
#3044=DIRECTION('',(0.724137931034486,0.,0.68965517241379));
#3045=DIRECTION('',(0.,1.,0.));
#3046=DIRECTION('',(-0.724137931034486,0.,-0.68965517241379));
#3047=DIRECTION('',(-0.68965517241379,0.,0.724137931034486));
#3048=DIRECTION('',(0.724137931034486,0.,0.68965517241379));
#3049=DIRECTION('',(0.,-1.,0.));
#3050=DIRECTION('',(0.,-1.,0.));
#3051=DIRECTION('',(0.,0.,-1.));
#3052=DIRECTION('',(0.,1.,0.));
#3053=DIRECTION('',(0.,1.,0.));
#3054=DIRECTION('',(0.,0.,1.));
#3055=DIRECTION('',(0.,-1.,0.));
#3056=DIRECTION('',(1.,0.,-6.12323399573677E-17));
#3057=DIRECTION('',(0.,-1.,0.));
#3058=DIRECTION('',(1.,0.,-6.12323399573677E-17));
#3059=DIRECTION('',(0.,1.,0.));
#3060=DIRECTION('',(0.,0.,1.));
#3061=DIRECTION('',(0.724137931034486,0.,-0.68965517241379));
#3062=DIRECTION('',(0.724137931034486,0.,0.68965517241379));
#3063=DIRECTION('',(0.,1.,0.));
#3064=DIRECTION('',(0.,0.,1.));
#3065=DIRECTION('',(-0.724137931034486,0.,-0.68965517241379));
#3066=DIRECTION('',(-0.724137931034486,0.,0.68965517241379));
#3067=DIRECTION('',(0.,1.,0.));
#3068=DIRECTION('',(0.,0.,1.));
#3069=DIRECTION('',(0.,0.,-1.));
#3070=DIRECTION('',(0.,0.,1.));
#3071=DIRECTION('',(-1.,0.,0.));
#3072=DIRECTION('',(0.,0.,1.));
#3073=DIRECTION('',(0.,0.,1.));
#3074=DIRECTION('',(0.,0.,-1.));
#3075=DIRECTION('',(0.,1.,0.));
#3076=DIRECTION('',(0.,0.,1.));
#3077=DIRECTION('',(0.,0.,1.));
#3078=DIRECTION('',(0.,0.,-1.));
#3079=DIRECTION('',(1.,0.,0.));
#3080=DIRECTION('',(0.,0.,-1.));
#3081=DIRECTION('',(0.,0.,1.));
#3082=DIRECTION('',(0.,0.,-1.));
#3083=DIRECTION('',(0.,-1.,0.));
#3084=DIRECTION('',(0.,0.,-1.));
#3085=DIRECTION('',(0.,0.,-1.));
#3086=DIRECTION('',(-1.,0.,0.));
#3087=DIRECTION('',(0.,0.,-1.));
#3088=DIRECTION('',(-1.,0.,0.));
#3089=DIRECTION('',(0.,0.,-1.));
#3090=DIRECTION('',(-1.,0.,0.));
#3091=DIRECTION('',(0.,0.,-1.));
#3092=DIRECTION('',(-1.,0.,0.));
#3093=DIRECTION('',(-0.724137931034486,0.,-0.68965517241379));
#3094=DIRECTION('',(-0.68965517241379,0.,0.724137931034486));
#3095=DIRECTION('',(-0.724137931034486,0.,0.68965517241379));
#3096=DIRECTION('',(0.68965517241379,0.,0.724137931034486));
#3097=DIRECTION('',(0.724137931034486,0.,-0.68965517241379));
#3098=DIRECTION('',(-0.68965517241379,0.,-0.724137931034486));
#3099=DIRECTION('',(0.724137931034486,0.,0.68965517241379));
#3100=DIRECTION('',(0.68965517241379,0.,-0.724137931034486));
#3101=DIRECTION('',(0.707106781186543,0.,-0.707106781186552));
#3102=DIRECTION('',(-0.707106781186545,0.,-0.70710678118655));
#3103=DIRECTION('',(-0.707106781186543,0.,0.707106781186552));
#3104=DIRECTION('',(0.70710678118655,0.,0.707106781186545));
#3105=DIRECTION('',(0.,-1.,0.));
#3106=DIRECTION('',(0.,0.,-1.));
#3107=DIRECTION('',(0.,-1.,0.));
#3108=DIRECTION('',(-0.707106781186543,0.,0.707106781186552));
#3109=DIRECTION('',(0.,-1.,0.));
#3110=DIRECTION('',(0.707106781186552,0.,0.707106781186543));
#3111=DIRECTION('',(0.707106781186543,0.,-0.707106781186552));
#3112=DIRECTION('',(0.,-1.,0.));
#3113=DIRECTION('',(-0.70710678118655,0.,-0.707106781186545));
#3114=DIRECTION('',(-0.707106781186545,0.,0.70710678118655));
#3115=DIRECTION('',(0.70710678118655,0.,0.707106781186545));
#3116=DIRECTION('',(0.,-1.,0.));
#3117=DIRECTION('',(0.707106781186543,0.,-0.707106781186552));
#3118=DIRECTION('',(-0.707106781186552,0.,-0.707106781186543));
#3119=DIRECTION('',(-0.707106781186543,0.,0.707106781186552));
#3120=DIRECTION('',(0.707106781186545,0.,0.70710678118655));
#3121=DIRECTION('',(0.70710678118655,0.,-0.707106781186545));
#3122=DIRECTION('',(-0.707106781186545,0.,-0.70710678118655));
#3123=DIRECTION('',(0.,-1.,0.));
#3124=DIRECTION('',(0.,0.,-1.));
#3125=DIRECTION('',(0.707106781186548,0.,0.707106781186548));
#3126=DIRECTION('',(0.707106781186555,0.,-0.70710678118654));
#3127=DIRECTION('',(-0.707106781186547,0.,-0.707106781186548));
#3128=DIRECTION('',(-0.707106781186549,0.,0.707106781186546));
#3129=DIRECTION('',(0.,-1.,0.));
#3130=DIRECTION('',(0.,0.,-1.));
#3131=DIRECTION('',(0.,-1.,0.));
#3132=DIRECTION('',(-0.707106781186547,0.,-0.707106781186547));
#3133=DIRECTION('',(0.,-1.,0.));
#3134=DIRECTION('',(-0.707106781186548,0.,0.707106781186548));
#3135=DIRECTION('',(0.707106781186547,0.,0.707106781186548));
#3136=DIRECTION('',(0.,-1.,0.));
#3137=DIRECTION('',(0.707106781186549,0.,-0.707106781186546));
#3138=DIRECTION('',(-0.707106781186546,0.,-0.707106781186549));
#3139=DIRECTION('',(-0.707106781186549,0.,0.707106781186546));
#3140=DIRECTION('',(0.,-1.,0.));
#3141=DIRECTION('',(0.707106781186547,0.,0.707106781186548));
#3142=DIRECTION('',(0.707106781186548,0.,-0.707106781186547));
#3143=DIRECTION('',(-0.707106781186547,0.,-0.707106781186548));
#3144=DIRECTION('',(-0.707106781186556,0.,0.70710678118654));
#3145=DIRECTION('',(0.70710678118654,0.,0.707106781186555));
#3146=DIRECTION('',(0.707106781186555,0.,-0.70710678118654));
#3147=DIRECTION('',(0.,-1.,0.));
#3148=DIRECTION('',(0.,0.,-1.));
#3149=DIRECTION('',(-0.707106781186542,0.,-0.707106781186553));
#3150=DIRECTION('',(0.707106781186545,0.,-0.70710678118655));
#3151=DIRECTION('',(0.707106781186542,0.,0.707106781186553));
#3152=DIRECTION('',(-0.70710678118655,0.,0.707106781186545));
#3153=DIRECTION('',(0.,-1.,0.));
#3154=DIRECTION('',(0.,0.,-1.));
#3155=DIRECTION('',(0.,1.,0.));
#3156=DIRECTION('',(0.,1.,0.));
#3157=DIRECTION('',(0.707106781186542,0.,0.707106781186553));
#3158=DIRECTION('',(-0.707106781186553,0.,0.707106781186542));
#3159=DIRECTION('',(0.707106781186542,0.,0.707106781186553));
#3160=DIRECTION('',(-0.70710678118655,0.,0.707106781186545));
#3161=DIRECTION('',(0.707106781186545,0.,-0.70710678118655));
#3162=DIRECTION('',(-0.707106781186542,0.,-0.707106781186553));
#3163=DIRECTION('',(0.,1.,0.));
#3164=DIRECTION('',(0.,0.,1.));
#3165=DIRECTION('',(0.,1.,0.));
#3166=DIRECTION('',(0.70710678118655,0.,0.707106781186545));
#3167=DIRECTION('',(0.707106781186545,0.,-0.70710678118655));
#3168=DIRECTION('',(0.,1.,0.));
#3169=DIRECTION('',(0.707106781186553,0.,-0.707106781186542));
#3170=DIRECTION('',(-0.707106781186542,0.,-0.707106781186553));
#3171=DIRECTION('',(-0.707106781186545,0.,-0.70710678118655));
#3172=DIRECTION('',(-0.70710678118655,0.,0.707106781186545));
#3173=DIRECTION('',(-0.707106781186548,0.,0.707106781186548));
#3174=DIRECTION('',(-0.707106781186555,0.,-0.70710678118654));
#3175=DIRECTION('',(0.707106781186547,0.,-0.707106781186548));
#3176=DIRECTION('',(0.707106781186549,0.,0.707106781186546));
#3177=DIRECTION('',(0.,-1.,0.));
#3178=DIRECTION('',(0.,0.,-1.));
#3179=DIRECTION('',(0.707106781186549,0.,0.707106781186546));
#3180=DIRECTION('',(0.707106781186547,0.,-0.707106781186548));
#3181=DIRECTION('',(-0.707106781186556,0.,-0.70710678118654));
#3182=DIRECTION('',(-0.707106781186547,0.,0.707106781186547));
#3183=DIRECTION('',(0.,1.,0.));
#3184=DIRECTION('',(0.,0.,1.));
#3185=DIRECTION('',(0.,1.,0.));
#3186=DIRECTION('',(0.,1.,0.));
#3187=DIRECTION('',(-0.707106781186546,0.,0.707106781186549));
#3188=DIRECTION('',(0.707106781186549,0.,0.707106781186546));
#3189=DIRECTION('',(0.,1.,0.));
#3190=DIRECTION('',(0.,1.,0.));
#3191=DIRECTION('',(0.70710678118654,0.,-0.707106781186555));
#3192=DIRECTION('',(-0.707106781186555,0.,-0.70710678118654));
#3193=DIRECTION('',(-0.707106781186548,0.,-0.707106781186548));
#3194=DIRECTION('',(-0.707106781186548,0.,0.707106781186548));
#3195=DIRECTION('',(0.707106781186548,0.,0.707106781186547));
#3196=DIRECTION('',(0.707106781186547,0.,-0.707106781186548));
#3197=CARTESIAN_POINT('',(0.,0.,0.));
#3198=CARTESIAN_POINT('',(0.,457.5,0.));
#3199=CARTESIAN_POINT('',(0.,457.5,-12.5));
#3200=CARTESIAN_POINT('',(0.,689.5,0.));
#3201=CARTESIAN_POINT('',(12.5,689.5,-7.65404249467096E-16));
#3202=CARTESIAN_POINT('',(-12.1346610995116,649.499999999999,3.));
#3203=CARTESIAN_POINT('',(-12.1346610995116,649.830346328766,3.));
#3204=CARTESIAN_POINT('',(-12.1489154757367,650.165226933899,2.94380323086313));
#3205=CARTESIAN_POINT('',(-12.1739026985638,650.476681582758,2.83656360512157));
#3206=CARTESIAN_POINT('',(-12.1988722188675,650.787915577514,2.72939995468998));
#3207=CARTESIAN_POINT('',(-12.2349746136613,651.084299272087,2.56855239183244));
#3208=CARTESIAN_POINT('',(-12.2738146868487,651.342966892568,2.36716561163294));
#3209=CARTESIAN_POINT('',(-12.3133651395004,651.60636550737,2.16209549560791));
#3210=CARTESIAN_POINT('',(-12.3565511494062,651.837927320719,1.90938022196559));
#3211=CARTESIAN_POINT('',(-12.3934270503495,652.019332064722,1.62879278843711));
#3212=CARTESIAN_POINT('',(-12.4307650121409,652.203009838744,1.34468955016421));
#3213=CARTESIAN_POINT('',(-12.4624010266235,652.340293772561,1.02383607620021));
#3214=CARTESIAN_POINT('',(-12.4807660117893,652.418821721352,0.69316647276477));
#3215=CARTESIAN_POINT('',(-12.4987842906774,652.495867167839,0.368739467746849));
#3216=CARTESIAN_POINT('',(-12.5043868330161,652.518407883869,0.0257117264032052));
#3217=CARTESIAN_POINT('',(-12.4962446894518,652.484314215804,-0.306379929739237));
#3218=CARTESIAN_POINT('',(-12.4882677436725,652.450912281851,-0.631733703461673));
#3219=CARTESIAN_POINT('',(-12.4669834686182,652.362387610735,-0.955449510937307));
#3220=CARTESIAN_POINT('',(-12.4371875479087,652.226469163929,-1.25154540394853));
#3221=CARTESIAN_POINT('',(-12.4071321407684,652.089367031846,-1.55021993405617));
#3222=CARTESIAN_POINT('',(-12.36782637268,651.900512969371,-1.82889572541723));
#3223=CARTESIAN_POINT('',(-12.3280180006278,651.674862713783,-2.06639109952494));
#3224=CARTESIAN_POINT('',(-12.2872171671308,651.443586777787,-2.309807464369));
#3225=CARTESIAN_POINT('',(-12.2450398494758,651.167216694047,-2.5166779069297));
#3226=CARTESIAN_POINT('',(-12.211489870022,650.867656698755,-2.67011519495905));
#3227=CARTESIAN_POINT('',(-12.1778099750994,650.566936718335,-2.82414663766497));
#3228=CARTESIAN_POINT('',(-12.1522002027553,650.234162414932,-2.928510989849));
#3229=CARTESIAN_POINT('',(-12.1411793986943,649.897790386106,-2.97351018305326));
#3230=CARTESIAN_POINT('',(-12.1304283025497,649.569650261097,-3.01740812823885));
#3231=CARTESIAN_POINT('',(-12.1333660165273,649.228939838292,-3.00599275594556));
#3232=CARTESIAN_POINT('',(-12.149256178216,648.904663386041,-2.94033574886946));
#3233=CARTESIAN_POINT('',(-12.1649151462424,648.58510498903,-2.87563401740499));
#3234=CARTESIAN_POINT('',(-12.1933730719892,648.272852657746,-2.7567120495589));
#3235=CARTESIAN_POINT('',(-12.2279731103054,647.992244586694,-2.59358316112034));
#3236=CARTESIAN_POINT('',(-12.2632096443747,647.706474502702,-2.42745338454015));
#3237=CARTESIAN_POINT('',(-12.3054880736494,647.445730569889,-2.21108752486144));
#3238=CARTESIAN_POINT('',(-12.3451658107092,647.229951785996,-1.96134675824985));
#3239=CARTESIAN_POINT('',(-12.3857436068291,647.009278225741,-1.7059408137238));
#3240=CARTESIAN_POINT('',(-12.4244447727099,646.829551444285,-1.40837252059323));
#3241=CARTESIAN_POINT('',(-12.45213825121,646.706123297773,-1.09281881972806));
#3242=CARTESIAN_POINT('',(-12.4796282503025,646.583602046583,-0.779583667618878));
#3243=CARTESIAN_POINT('',(-12.4968176740867,646.513266496832,-0.439657554274175));
#3244=CARTESIAN_POINT('',(-12.4995805680635,646.501748113065,-0.102399328559511));
#3245=CARTESIAN_POINT('',(-12.5022746720656,646.490516511684,0.226461910146615));
#3246=CARTESIAN_POINT('',(-12.4913339948467,646.534847934198,0.561845017381289));
#3247=CARTESIAN_POINT('',(-12.469276694407,646.630703695732,0.875864554778554));
#3248=CARTESIAN_POINT('',(-12.447315691835,646.726140969725,1.18851314417872));
#3249=CARTESIAN_POINT('',(-12.4139321634773,646.875029670816,1.48844587357748));
#3250=CARTESIAN_POINT('',(-12.3765242540403,647.065179141939,1.7526115910697));
#3251=CARTESIAN_POINT('',(-12.3382751831847,647.259604350501,2.02271738949706));
#3252=CARTESIAN_POINT('',(-12.295027197794,647.502414979306,2.2628315580534));
#3253=CARTESIAN_POINT('',(-12.2567033088368,647.774666408821,2.45422574331469));
#3254=CARTESIAN_POINT('',(-12.2177537832716,648.051362336677,2.64874443425975));
#3255=CARTESIAN_POINT('',(-12.1831184910237,648.366417059036,2.79829128669004));
#3256=CARTESIAN_POINT('',(-12.1614202433639,648.693685957147,2.88961202660476));
#3257=CARTESIAN_POINT('',(-12.144121908154,648.954592146074,2.96241499186843));
#3258=CARTESIAN_POINT('',(-12.1346610995258,649.228574976149,3.));
#3259=CARTESIAN_POINT('',(-12.1346610995116,649.499999999999,3.));
#3260=CARTESIAN_POINT('',(-12.1346610995116,649.499999999999,3.));
#3261=CARTESIAN_POINT('',(12.1346610995116,649.499999999999,3.));
#3262=CARTESIAN_POINT('',(12.1346610995116,649.169653671233,3.));
#3263=CARTESIAN_POINT('',(12.1489154757367,648.834773066101,2.94380323086304));
#3264=CARTESIAN_POINT('',(12.1739026985638,648.523318417242,2.83656360512191));
#3265=CARTESIAN_POINT('',(12.1988722188673,648.212084422487,2.72939995469053));
#3266=CARTESIAN_POINT('',(12.2349746136611,647.915700727914,2.5685523918333));
#3267=CARTESIAN_POINT('',(12.2738146868484,647.657033107433,2.36716561163415));
#3268=CARTESIAN_POINT('',(12.3133651395001,647.393634492631,2.16209549560932));
#3269=CARTESIAN_POINT('',(12.3565511494059,647.162072679282,1.9093802219672));
#3270=CARTESIAN_POINT('',(12.3934270503493,646.980667935279,1.62879278843888));
#3271=CARTESIAN_POINT('',(12.4307650121407,646.796990161257,1.34468955016611));
#3272=CARTESIAN_POINT('',(12.4624010266234,646.65970622744,1.02383607620221));
#3273=CARTESIAN_POINT('',(12.4807660117892,646.581178278649,0.693166472766828));
#3274=CARTESIAN_POINT('',(12.4987842906774,646.504132832161,0.368739467748927));
#3275=CARTESIAN_POINT('',(12.5043868330161,646.48159211613,0.0257117264052588));
#3276=CARTESIAN_POINT('',(12.4962446894519,646.515685784195,-0.306379929737244));
#3277=CARTESIAN_POINT('',(12.4882677436726,646.549087718149,-0.631733703459692));
#3278=CARTESIAN_POINT('',(12.4669834686183,646.637612389264,-0.955449510935384));
#3279=CARTESIAN_POINT('',(12.4371875479089,646.77353083607,-1.25154540394669));
#3280=CARTESIAN_POINT('',(12.4071321407686,646.910632968153,-1.55021993405442));
#3281=CARTESIAN_POINT('',(12.3678263726802,647.099487030627,-1.82889572541558));
#3282=CARTESIAN_POINT('',(12.3280180006281,647.325137286215,-2.06639109952344));
#3283=CARTESIAN_POINT('',(12.287217167131,647.556413222211,-2.30980746436765));
#3284=CARTESIAN_POINT('',(12.2450398494761,647.832783305951,-2.51667790692853));
#3285=CARTESIAN_POINT('',(12.2114898700222,648.132343301243,-2.67011519495808));
#3286=CARTESIAN_POINT('',(12.1778099750995,648.433063281663,-2.82414663766421));
#3287=CARTESIAN_POINT('',(12.1522002027554,648.765837585066,-2.92851098984848));
#3288=CARTESIAN_POINT('',(12.1411793986944,649.102209613892,-2.97351018305298));
#3289=CARTESIAN_POINT('',(12.1304283025497,649.430349738901,-3.0174081282388));
#3290=CARTESIAN_POINT('',(12.1333660165272,649.771060161706,-3.00599275594575));
#3291=CARTESIAN_POINT('',(12.1492561782159,650.095336613957,-2.94033574886986));
#3292=CARTESIAN_POINT('',(12.1649151462422,650.414895010968,-2.87563401740561));
#3293=CARTESIAN_POINT('',(12.193373071989,650.727147342251,-2.75671204955973));
#3294=CARTESIAN_POINT('',(12.2279731103052,651.007755413304,-2.59358316112138));
#3295=CARTESIAN_POINT('',(12.2632096443744,651.293525497295,-2.4274533845414));
#3296=CARTESIAN_POINT('',(12.3054880736492,651.554269430109,-2.2110875248629));
#3297=CARTESIAN_POINT('',(12.3451658107089,651.770048214002,-1.9613467582515));
#3298=CARTESIAN_POINT('',(12.3857436068289,651.990721774257,-1.70594081372555));
#3299=CARTESIAN_POINT('',(12.4244447727097,652.170448555714,-1.40837252059505));
#3300=CARTESIAN_POINT('',(12.4521382512099,652.293876702226,-1.09281881972988));
#3301=CARTESIAN_POINT('',(12.4796282503024,652.416397953416,-0.779583667620827));
#3302=CARTESIAN_POINT('',(12.4968176740866,652.486733503168,-0.439657554276206));
#3303=CARTESIAN_POINT('',(12.4995805680635,652.498251886935,-0.102399328561596));
#3304=CARTESIAN_POINT('',(12.5022746720656,652.509483488316,0.22646191014454));
#3305=CARTESIAN_POINT('',(12.4913339948468,652.465152065802,0.561845017379281));
#3306=CARTESIAN_POINT('',(12.4692766944072,652.369296304268,0.875864554776631));
#3307=CARTESIAN_POINT('',(12.4473156918352,652.273859030275,1.18851314417686));
#3308=CARTESIAN_POINT('',(12.4139321634775,652.124970329185,1.4884458735757));
#3309=CARTESIAN_POINT('',(12.3765242540405,651.934820858062,1.75261159106805));
#3310=CARTESIAN_POINT('',(12.338275183185,651.7403956495,2.02271738949551));
#3311=CARTESIAN_POINT('',(12.2950271977943,651.497585020696,2.26283155805199));
#3312=CARTESIAN_POINT('',(12.2567033088371,651.225333591181,2.45422574331346));
#3313=CARTESIAN_POINT('',(12.2177537832718,650.948637663325,2.64874443425874));
#3314=CARTESIAN_POINT('',(12.1831184910239,650.633582940966,2.79829128668925));
#3315=CARTESIAN_POINT('',(12.161420243364,650.306314042854,2.8896120266042));
#3316=CARTESIAN_POINT('',(12.144121908154,650.045407853927,2.96241499186832));
#3317=CARTESIAN_POINT('',(12.1346610994974,649.771425023851,3.));
#3318=CARTESIAN_POINT('',(12.1346610995116,649.499999999999,3.));
#3319=CARTESIAN_POINT('',(12.1346610995116,649.499999999999,3.));
#3320=CARTESIAN_POINT('',(0.,667.5,0.));
#3321=CARTESIAN_POINT('',(0.,-447.5,0.));
#3322=CARTESIAN_POINT('',(-18.9999999999996,-447.5,279.354613350129));
#3323=CARTESIAN_POINT('',(-279.354613350129,-447.5,18.9999999999999));
#3324=CARTESIAN_POINT('',(-279.354613350129,-4027.5,18.9999999999999));
#3325=CARTESIAN_POINT('',(-279.354613350129,-427.5,18.9999999999999));
#3326=CARTESIAN_POINT('',(0.,-427.5,0.));
#3327=CARTESIAN_POINT('',(-18.9999999999996,-427.5,279.354613350129));
#3328=CARTESIAN_POINT('',(-18.9999999999996,-4027.5,279.354613350129));
#3329=CARTESIAN_POINT('',(0.,-447.5,0.));
#3330=CARTESIAN_POINT('',(0.,-447.5,0.));
#3331=CARTESIAN_POINT('',(18.9999999999996,-447.5,-279.354613350129));
#3332=CARTESIAN_POINT('',(279.354613350129,-447.5,-19.));
#3333=CARTESIAN_POINT('',(279.354613350129,-4027.5,-19.));
#3334=CARTESIAN_POINT('',(279.354613350129,-427.5,-19.));
#3335=CARTESIAN_POINT('',(0.,-427.5,0.));
#3336=CARTESIAN_POINT('',(18.9999999999996,-427.5,-279.354613350129));
#3337=CARTESIAN_POINT('',(18.9999999999996,-4027.5,-279.354613350129));
#3338=CARTESIAN_POINT('',(0.,-447.5,0.));
#3339=CARTESIAN_POINT('',(279.354613350129,-4027.5,19.));
#3340=CARTESIAN_POINT('',(279.354613350129,-427.5,19.));
#3341=CARTESIAN_POINT('',(279.354613350129,-447.5,19.));
#3342=CARTESIAN_POINT('',(0.,-447.5,0.));
#3343=CARTESIAN_POINT('',(19.0000000000003,-447.5,279.354613350129));
#3344=CARTESIAN_POINT('',(19.0000000000003,-4027.5,279.354613350129));
#3345=CARTESIAN_POINT('',(19.0000000000003,-427.5,279.354613350129));
#3346=CARTESIAN_POINT('',(0.,-427.5,0.));
#3347=CARTESIAN_POINT('',(0.,-447.5,0.));
#3348=CARTESIAN_POINT('',(-279.354613350129,-427.5,19.));
#3349=CARTESIAN_POINT('',(-19.,-427.5,19.));
#3350=CARTESIAN_POINT('',(-19.0000000000003,-427.5,-279.354613350129));
#3351=CARTESIAN_POINT('',(0.,-427.5,0.));
#3352=CARTESIAN_POINT('',(19.0000000000003,-427.5,279.354613350129));
#3353=CARTESIAN_POINT('',(19.,-427.5,19.));
#3354=CARTESIAN_POINT('',(-279.354613350129,-427.5,19.));
#3355=CARTESIAN_POINT('',(0.,-427.5,0.));
#3356=CARTESIAN_POINT('',(279.354613350129,-427.5,-19.));
#3357=CARTESIAN_POINT('',(19.,-427.5,-19.));
#3358=CARTESIAN_POINT('',(19.0000000000003,-427.5,279.354613350129));
#3359=CARTESIAN_POINT('',(0.,-427.5,0.));
#3360=CARTESIAN_POINT('',(0.,-427.5,0.));
#3361=CARTESIAN_POINT('',(-279.354613350129,-427.5,-19.));
#3362=CARTESIAN_POINT('',(-19.0000000000002,-427.5,-279.354613350129));
#3363=CARTESIAN_POINT('',(-19.0000000000003,-427.5,-279.354613350129));
#3364=CARTESIAN_POINT('',(-19.,-427.5,-19.));
#3365=CARTESIAN_POINT('',(279.354613350129,-427.5,-19.));
#3366=CARTESIAN_POINT('',(0.,-427.5,0.));
#3367=CARTESIAN_POINT('',(226.230773268987,262.5,181.43769516315));
#3368=CARTESIAN_POINT('',(226.230773268987,262.5,181.43769516315));
#3369=CARTESIAN_POINT('',(226.230773268987,282.5,181.43769516315));
#3370=CARTESIAN_POINT('',(0.,262.5,0.));
#3371=CARTESIAN_POINT('',(219.840729952452,262.5,189.129726521171));
#3372=CARTESIAN_POINT('',(219.840729952451,262.5,189.129726521173));
#3373=CARTESIAN_POINT('',(219.840729952451,282.5,189.129726521173));
#3374=CARTESIAN_POINT('',(0.,282.5,0.));
#3375=CARTESIAN_POINT('',(226.230773268987,74.1666666666667,181.43769516315));
#3376=CARTESIAN_POINT('',(226.230773268987,74.1666666666667,181.43769516315));
#3377=CARTESIAN_POINT('',(226.230773268987,94.1666666666667,181.43769516315));
#3378=CARTESIAN_POINT('',(0.,74.1666666666667,0.));
#3379=CARTESIAN_POINT('',(219.840729952452,74.1666666666667,189.129726521171));
#3380=CARTESIAN_POINT('',(219.840729952451,74.1666666666667,189.129726521173));
#3381=CARTESIAN_POINT('',(219.840729952451,94.1666666666667,189.129726521173));
#3382=CARTESIAN_POINT('',(0.,94.1666666666667,0.));
#3383=CARTESIAN_POINT('',(226.230773268987,-114.166666666667,181.43769516315));
#3384=CARTESIAN_POINT('',(226.230773268987,-114.166666666667,181.43769516315));
#3385=CARTESIAN_POINT('',(226.230773268987,-94.1666666666667,181.43769516315));
#3386=CARTESIAN_POINT('',(0.,-114.166666666667,0.));
#3387=CARTESIAN_POINT('',(219.840729952452,-114.166666666667,189.129726521171));
#3388=CARTESIAN_POINT('',(219.840729952451,-114.166666666667,189.129726521173));
#3389=CARTESIAN_POINT('',(219.840729952451,-94.1666666666667,189.129726521173));
#3390=CARTESIAN_POINT('',(0.,-94.1666666666667,0.));
#3391=CARTESIAN_POINT('',(226.230773268987,-302.5,181.43769516315));
#3392=CARTESIAN_POINT('',(226.230773268987,-302.5,181.43769516315));
#3393=CARTESIAN_POINT('',(226.230773268987,-282.5,181.43769516315));
#3394=CARTESIAN_POINT('',(0.,-302.5,0.));
#3395=CARTESIAN_POINT('',(219.840729952452,-302.5,189.129726521171));
#3396=CARTESIAN_POINT('',(219.840729952451,-302.5,189.129726521173));
#3397=CARTESIAN_POINT('',(219.840729952451,-282.5,189.129726521173));
#3398=CARTESIAN_POINT('',(0.,-282.5,0.));
#3399=CARTESIAN_POINT('',(180.,-447.5,227.376340018042));
#3400=CARTESIAN_POINT('',(180.,298.5,227.376340018042));
#3401=CARTESIAN_POINT('',(180.,-298.5,227.376340018042));
#3402=CARTESIAN_POINT('',(180.,-298.5,227.376340018042));
#3403=CARTESIAN_POINT('',(180.,-302.386712863523,227.376340018042));
#3404=CARTESIAN_POINT('',(179.585519574078,-306.176032499278,227.706098085242));
#3405=CARTESIAN_POINT('',(177.990528488461,-313.576946986853,228.955012424484));
#3406=CARTESIAN_POINT('',(176.795291833813,-317.188389535604,229.884633255414));
#3407=CARTESIAN_POINT('',(173.806198370257,-323.876859011712,232.152805775976));
#3408=CARTESIAN_POINT('',(171.98128687004,-327.036278905038,233.514309629669));
#3409=CARTESIAN_POINT('',(167.850512570868,-332.809365390905,236.500954046687));
#3410=CARTESIAN_POINT('',(165.554553253121,-335.42417217075,238.119608705146));
#3411=CARTESIAN_POINT('',(158.005554574522,-342.539450162032,243.251469336832));
#3412=CARTESIAN_POINT('',(152.254720130164,-346.175632521569,246.925141068768));
#3413=CARTESIAN_POINT('',(139.610169321323,-351.197623822045,254.288272863333));
#3414=CARTESIAN_POINT('',(132.978662916545,-352.5,257.830777905729));
#3415=CARTESIAN_POINT('',(126.,-352.5,261.197243477032));
#3416=CARTESIAN_POINT('',(126.,-352.5,261.197243477032));
#3417=CARTESIAN_POINT('',(0.,-352.5,0.));
#3418=CARTESIAN_POINT('',(-126.,-352.5,261.197243477032));
#3419=CARTESIAN_POINT('',(-126.,-352.5,261.197243477032));
#3420=CARTESIAN_POINT('',(-132.978671790897,-352.5,257.830773624794));
#3421=CARTESIAN_POINT('',(-139.614676715056,-351.197262471108,254.285979066654));
#3422=CARTESIAN_POINT('',(-152.269802886399,-346.16821110881,246.916026683311));
#3423=CARTESIAN_POINT('',(-157.954520498414,-342.580663096308,243.285287893408));
#3424=CARTESIAN_POINT('',(-165.537610609046,-335.443557045185,238.1315601441));
#3425=CARTESIAN_POINT('',(-167.830857656716,-332.83095198517,236.514758659405));
#3426=CARTESIAN_POINT('',(-171.940340367856,-327.099301449337,233.544315280187));
#3427=CARTESIAN_POINT('',(-173.774831744508,-323.937494416627,232.1763675019));
#3428=CARTESIAN_POINT('',(-176.780226156941,-317.23150559517,229.896301436344));
#3429=CARTESIAN_POINT('',(-177.957178316862,-313.701127526313,228.981016073611));
#3430=CARTESIAN_POINT('',(-179.580850865135,-306.227553124346,227.709861532515));
#3431=CARTESIAN_POINT('',(-180.,-302.388661031062,227.376340018041));
#3432=CARTESIAN_POINT('',(-180.,-298.5,227.376340018041));
#3433=CARTESIAN_POINT('',(-180.,-298.5,227.376340018042));
#3434=CARTESIAN_POINT('',(-180.,-447.5,227.376340018042));
#3435=CARTESIAN_POINT('',(-180.,298.5,227.376340018042));
#3436=CARTESIAN_POINT('',(-180.,298.5,227.376340018042));
#3437=CARTESIAN_POINT('',(-180.,302.386712863523,227.376340018042));
#3438=CARTESIAN_POINT('',(-179.585519574078,306.176032499278,227.706098085242));
#3439=CARTESIAN_POINT('',(-177.990528488461,313.576946986853,228.955012424484));
#3440=CARTESIAN_POINT('',(-176.795291833813,317.188389535604,229.884633255414));
#3441=CARTESIAN_POINT('',(-173.806198370257,323.876859011712,232.152805775976));
#3442=CARTESIAN_POINT('',(-171.98128687004,327.036278905038,233.514309629669));
#3443=CARTESIAN_POINT('',(-167.850512570868,332.809365390905,236.500954046687));
#3444=CARTESIAN_POINT('',(-165.554553253121,335.42417217075,238.119608705146));
#3445=CARTESIAN_POINT('',(-158.005554574522,342.539450162032,243.251469336832));
#3446=CARTESIAN_POINT('',(-152.254720130164,346.175632521569,246.925141068768));
#3447=CARTESIAN_POINT('',(-139.610169321323,351.197623822045,254.288272863333));
#3448=CARTESIAN_POINT('',(-132.978662916545,352.5,257.830777905729));
#3449=CARTESIAN_POINT('',(-126.,352.5,261.197243477032));
#3450=CARTESIAN_POINT('',(-126.,352.5,261.197243477032));
#3451=CARTESIAN_POINT('',(0.,352.5,0.));
#3452=CARTESIAN_POINT('',(126.,352.5,261.197243477032));
#3453=CARTESIAN_POINT('',(126.,352.5,261.197243477032));
#3454=CARTESIAN_POINT('',(132.978671790897,352.5,257.830773624794));
#3455=CARTESIAN_POINT('',(139.614676715056,351.197262471108,254.285979066654));
#3456=CARTESIAN_POINT('',(152.269802886399,346.16821110881,246.916026683311));
#3457=CARTESIAN_POINT('',(157.954520498414,342.580663096308,243.285287893408));
#3458=CARTESIAN_POINT('',(165.537610609046,335.443557045185,238.1315601441));
#3459=CARTESIAN_POINT('',(167.830857656716,332.83095198517,236.514758659405));
#3460=CARTESIAN_POINT('',(171.940340367856,327.099301449337,233.544315280187));
#3461=CARTESIAN_POINT('',(173.774831744508,323.937494416627,232.1763675019));
#3462=CARTESIAN_POINT('',(176.780226156941,317.23150559517,229.896301436344));
#3463=CARTESIAN_POINT('',(177.957178316862,313.701127526313,228.981016073611));
#3464=CARTESIAN_POINT('',(179.580850865135,306.227553124346,227.709861532515));
#3465=CARTESIAN_POINT('',(180.,302.388661031062,227.376340018041));
#3466=CARTESIAN_POINT('',(180.,298.5,227.376340018041));
#3467=CARTESIAN_POINT('',(0.,-447.5,0.));
#3468=CARTESIAN_POINT('',(290.,-447.5,-1.77573785876366E-14));
#3469=CARTESIAN_POINT('',(0.,447.5,0.));
#3470=CARTESIAN_POINT('',(290.,447.5,-1.77573785876366E-14));
#3471=CARTESIAN_POINT('',(0.,-447.5,0.));
#3472=CARTESIAN_POINT('',(-279.354613350129,-4027.5,-19.));
#3473=CARTESIAN_POINT('',(-279.354613350129,-447.5,-19.));
#3474=CARTESIAN_POINT('',(0.,-447.5,0.));
#3475=CARTESIAN_POINT('',(-19.0000000000002,-447.5,-279.354613350129));
#3476=CARTESIAN_POINT('',(-19.0000000000002,-4027.5,-279.354613350129));
#3477=CARTESIAN_POINT('',(0.,-447.5,0.));
#3478=CARTESIAN_POINT('',(-279.354613350129,-447.5,19.));
#3479=CARTESIAN_POINT('',(-18.9999999999999,-447.5,19.));
#3480=CARTESIAN_POINT('',(-19.0000000000003,-447.5,-279.354613350129));
#3481=CARTESIAN_POINT('',(279.354613350129,-447.5,-19.));
#3482=CARTESIAN_POINT('',(19.,-447.5,-19.));
#3483=CARTESIAN_POINT('',(19.0000000000003,-447.5,279.354613350129));
#3484=CARTESIAN_POINT('',(19.0000000000003,-447.5,279.354613350129));
#3485=CARTESIAN_POINT('',(19.,-447.5,19.));
#3486=CARTESIAN_POINT('',(-279.354613350129,-447.5,19.));
#3487=CARTESIAN_POINT('',(279.354613350129,-447.5,-19.));
#3488=CARTESIAN_POINT('',(-19.,-447.5,-19.));
#3489=CARTESIAN_POINT('',(-19.0000000000003,-447.5,-279.354613350129));
#3490=CARTESIAN_POINT('',(0.,-447.5,0.));
#3491=CARTESIAN_POINT('',(0.,-447.5,-19.0000000000001));
#3492=CARTESIAN_POINT('',(0.,-447.5,0.));
#3493=CARTESIAN_POINT('',(-279.354613350129,4027.5,18.9999999999999));
#3494=CARTESIAN_POINT('',(-279.354613350129,447.5,19.));
#3495=CARTESIAN_POINT('',(-279.354613350129,427.5,18.9999999999999));
#3496=CARTESIAN_POINT('',(0.,447.5,0.));
#3497=CARTESIAN_POINT('',(-18.9999999999996,447.5,279.354613350129));
#3498=CARTESIAN_POINT('',(-18.9999999999996,4027.5,279.354613350129));
#3499=CARTESIAN_POINT('',(-18.9999999999996,427.5,279.354613350129));
#3500=CARTESIAN_POINT('',(0.,427.5,0.));
#3501=CARTESIAN_POINT('',(0.,447.5,0.));
#3502=CARTESIAN_POINT('',(279.354613350129,4027.5,-19.));
#3503=CARTESIAN_POINT('',(279.354613350129,447.5,-19.));
#3504=CARTESIAN_POINT('',(279.354613350129,427.5,-19.));
#3505=CARTESIAN_POINT('',(0.,447.5,0.));
#3506=CARTESIAN_POINT('',(18.9999999999996,447.5,-279.354613350129));
#3507=CARTESIAN_POINT('',(18.9999999999996,4027.5,-279.354613350129));
#3508=CARTESIAN_POINT('',(18.9999999999996,427.5,-279.354613350129));
#3509=CARTESIAN_POINT('',(0.,427.5,0.));
#3510=CARTESIAN_POINT('',(0.,447.5,0.));
#3511=CARTESIAN_POINT('',(0.,447.5,0.));
#3512=CARTESIAN_POINT('',(-279.354613350129,447.5,-19.));
#3513=CARTESIAN_POINT('',(-19.0000000000003,447.5,-279.354613350129));
#3514=CARTESIAN_POINT('',(-279.354613350129,4027.5,-19.));
#3515=CARTESIAN_POINT('',(-279.354613350129,427.5,-19.));
#3516=CARTESIAN_POINT('',(0.,427.5,0.));
#3517=CARTESIAN_POINT('',(-19.0000000000002,427.5,-279.354613350129));
#3518=CARTESIAN_POINT('',(-19.0000000000002,4027.5,-279.354613350129));
#3519=CARTESIAN_POINT('',(0.,447.5,0.));
#3520=CARTESIAN_POINT('',(279.354613350129,427.5,-19.));
#3521=CARTESIAN_POINT('',(-19.,427.5,-19.));
#3522=CARTESIAN_POINT('',(-19.0000000000003,427.5,-279.354613350129));
#3523=CARTESIAN_POINT('',(0.,427.5,0.));
#3524=CARTESIAN_POINT('',(19.0000000000003,427.5,279.354613350129));
#3525=CARTESIAN_POINT('',(18.9999999999999,427.5,-19.));
#3526=CARTESIAN_POINT('',(279.354613350129,427.5,-19.));
#3527=CARTESIAN_POINT('',(0.,427.5,0.));
#3528=CARTESIAN_POINT('',(-279.354613350129,427.5,19.));
#3529=CARTESIAN_POINT('',(19.,427.5,19.));
#3530=CARTESIAN_POINT('',(279.354613350129,427.5,19.));
#3531=CARTESIAN_POINT('',(19.0000000000003,427.5,279.354613350129));
#3532=CARTESIAN_POINT('',(19.0000000000003,427.5,279.354613350129));
#3533=CARTESIAN_POINT('',(0.,427.5,0.));
#3534=CARTESIAN_POINT('',(0.,427.5,0.));
#3535=CARTESIAN_POINT('',(-19.0000000000003,427.5,-279.354613350129));
#3536=CARTESIAN_POINT('',(-18.9999999999999,427.5,19.));
#3537=CARTESIAN_POINT('',(-279.354613350129,427.5,19.));
#3538=CARTESIAN_POINT('',(0.,427.5,0.));
#3539=CARTESIAN_POINT('',(0.,447.5,0.));
#3540=CARTESIAN_POINT('',(279.354613350129,447.5,19.));
#3541=CARTESIAN_POINT('',(19.0000000000003,447.5,279.354613350129));
#3542=CARTESIAN_POINT('',(279.354613350129,4027.5,19.));
#3543=CARTESIAN_POINT('',(19.0000000000003,4027.5,279.354613350129));
#3544=CARTESIAN_POINT('',(0.,447.5,0.));
#3545=CARTESIAN_POINT('',(-19.0000000000003,447.5,-279.354613350129));
#3546=CARTESIAN_POINT('',(-18.999999999999,447.500000000001,-259.354613350129));
#3547=CARTESIAN_POINT('',(19.0000000000009,447.5,-259.354613350129));
#3548=CARTESIAN_POINT('',(19.0000000000009,447.500000000001,-259.354613350129));
#3549=CARTESIAN_POINT('',(19.0000000000003,447.5,279.354613350129));
#3550=CARTESIAN_POINT('',(279.354613350129,447.5,-19.));
#3551=CARTESIAN_POINT('',(18.9999999999999,447.5,-19.));
#3552=CARTESIAN_POINT('',(19.0000000000003,447.5,279.354613350129));
#3553=CARTESIAN_POINT('',(19.0000000000006,447.500000000001,-184.645386649871));
#3554=CARTESIAN_POINT('',(-18.9999999999993,447.5,-184.645386649871));
#3555=CARTESIAN_POINT('',(-19.0000000000002,447.5,-184.645386649871));
#3556=CARTESIAN_POINT('',(-19.0000000000003,447.5,-279.354613350129));
#3557=CARTESIAN_POINT('',(-19.,447.5,-19.));
#3558=CARTESIAN_POINT('',(279.354613350129,447.5,-19.));
#3559=CARTESIAN_POINT('',(-184.645386649871,447.500000000001,-19.));
#3560=CARTESIAN_POINT('',(-184.645386649871,447.5,19.));
#3561=CARTESIAN_POINT('',(-184.645386649871,447.5,19.));
#3562=CARTESIAN_POINT('',(-279.354613350129,447.5,19.));
#3563=CARTESIAN_POINT('',(-18.9999999999999,447.5,19.));
#3564=CARTESIAN_POINT('',(-19.0000000000003,447.5,-279.354613350129));
#3565=CARTESIAN_POINT('',(-19.0000000000002,447.500000000001,184.645386649871));
#3566=CARTESIAN_POINT('',(18.9999999999997,447.5,184.645386649871));
#3567=CARTESIAN_POINT('',(19.0000000000002,447.5,184.645386649871));
#3568=CARTESIAN_POINT('',(19.0000000000003,447.5,279.354613350129));
#3569=CARTESIAN_POINT('',(19.,447.5,19.));
#3570=CARTESIAN_POINT('',(-279.354613350129,447.5,19.));
#3571=CARTESIAN_POINT('',(19.0000000000003,447.5,279.354613350129));
#3572=CARTESIAN_POINT('',(18.9999999999997,447.500000000001,259.354613350129));
#3573=CARTESIAN_POINT('',(-19.0000000000003,447.5,259.354613350129));
#3574=CARTESIAN_POINT('',(-19.0000000000003,447.500000000001,259.354613350129));
#3575=CARTESIAN_POINT('',(-19.0000000000003,447.5,-279.354613350129));
#3576=CARTESIAN_POINT('',(-279.354613350129,447.5,19.));
#3577=CARTESIAN_POINT('',(-259.354613350129,447.500000000001,19.));
#3578=CARTESIAN_POINT('',(-259.354613350129,447.5,-19.));
#3579=CARTESIAN_POINT('',(-259.354613350129,447.500000000001,-19.));
#3580=CARTESIAN_POINT('',(279.354613350129,447.5,-19.));
#3581=CARTESIAN_POINT('',(0.,447.5,0.));
#3582=CARTESIAN_POINT('',(0.,447.5,-19.0000000000001));
#3583=CARTESIAN_POINT('',(0.,447.5,0.));
#3584=CARTESIAN_POINT('',(19.,4027.5,19.));
#3585=CARTESIAN_POINT('',(-279.354613350129,4027.5,19.));
#3586=CARTESIAN_POINT('',(19.,4027.5,-19.));
#3587=CARTESIAN_POINT('',(279.354613350129,4027.5,-19.));
#3588=CARTESIAN_POINT('',(-19.,4027.5,19.));
#3589=CARTESIAN_POINT('',(-184.645386649871,4207.5,19.));
#3590=CARTESIAN_POINT('',(-184.645386649871,467.500000000001,19.));
#3591=CARTESIAN_POINT('',(-259.354613350129,467.5,19.));
#3592=CARTESIAN_POINT('',(-259.354613350129,467.500000000001,19.));
#3593=CARTESIAN_POINT('',(-259.354613350129,4207.5,19.));
#3594=CARTESIAN_POINT('',(-279.354613350129,4027.5,19.));
#3595=CARTESIAN_POINT('',(-19.,4027.5,-19.));
#3596=CARTESIAN_POINT('',(-259.354613350129,4207.5,-19.));
#3597=CARTESIAN_POINT('',(-259.354613350129,467.500000000001,-19.));
#3598=CARTESIAN_POINT('',(-184.645386649871,467.5,-19.));
#3599=CARTESIAN_POINT('',(-184.645386649871,467.500000000001,-19.));
#3600=CARTESIAN_POINT('',(-184.645386649871,4207.5,-19.));
#3601=CARTESIAN_POINT('',(279.354613350129,4027.5,-19.));
#3602=CARTESIAN_POINT('',(-18.9999999999993,4207.5,-184.645386649871));
#3603=CARTESIAN_POINT('',(-18.9999999999993,467.500000000001,-184.645386649871));
#3604=CARTESIAN_POINT('',(-18.999999999999,467.5,-259.354613350129));
#3605=CARTESIAN_POINT('',(-18.999999999999,467.500000000001,-259.354613350129));
#3606=CARTESIAN_POINT('',(-18.999999999999,4207.5,-259.354613350129));
#3607=CARTESIAN_POINT('',(-19.0000000000003,4027.5,-279.354613350129));
#3608=CARTESIAN_POINT('',(19.0000000000009,4207.5,-259.354613350129));
#3609=CARTESIAN_POINT('',(19.0000000000009,467.500000000001,-259.354613350129));
#3610=CARTESIAN_POINT('',(19.0000000000006,467.5,-184.645386649871));
#3611=CARTESIAN_POINT('',(19.0000000000006,467.500000000001,-184.645386649871));
#3612=CARTESIAN_POINT('',(19.0000000000006,4207.5,-184.645386649871));
#3613=CARTESIAN_POINT('',(19.0000000000003,4027.5,279.354613350129));
#3614=CARTESIAN_POINT('',(18.9999999999997,4207.5,184.645386649871));
#3615=CARTESIAN_POINT('',(18.9999999999997,467.500000000001,184.645386649871));
#3616=CARTESIAN_POINT('',(18.9999999999997,467.5,259.354613350129));
#3617=CARTESIAN_POINT('',(18.9999999999997,467.500000000001,259.354613350129));
#3618=CARTESIAN_POINT('',(18.9999999999997,4207.5,259.354613350129));
#3619=CARTESIAN_POINT('',(19.0000000000003,4027.5,279.354613350129));
#3620=CARTESIAN_POINT('',(-19.0000000000003,4207.5,259.354613350129));
#3621=CARTESIAN_POINT('',(-19.0000000000003,467.500000000001,259.354613350129));
#3622=CARTESIAN_POINT('',(-19.0000000000002,467.5,184.645386649871));
#3623=CARTESIAN_POINT('',(-19.0000000000002,467.500000000001,184.645386649871));
#3624=CARTESIAN_POINT('',(-19.0000000000002,4207.5,184.645386649871));
#3625=CARTESIAN_POINT('',(-19.0000000000003,4027.5,-279.354613350129));
#3626=CARTESIAN_POINT('',(0.,457.5,0.));
#3627=CARTESIAN_POINT('',(0.,457.5,-19.0000000000001));
#3628=CARTESIAN_POINT('',(0.,457.5,0.));
#3629=CARTESIAN_POINT('',(0.,4117.5,0.));
#3630=CARTESIAN_POINT('',(19.,-4027.5,-19.));
#3631=CARTESIAN_POINT('',(279.354613350129,-4027.5,-19.));
#3632=CARTESIAN_POINT('',(19.,-4027.5,19.));
#3633=CARTESIAN_POINT('',(-279.354613350129,-4027.5,19.));
#3634=CARTESIAN_POINT('',(-19.,-4027.5,-19.));
#3635=CARTESIAN_POINT('',(279.354613350129,-4027.5,-19.));
#3636=CARTESIAN_POINT('',(-19.,-4027.5,19.));
#3637=CARTESIAN_POINT('',(-279.354613350129,-4027.5,19.));
#3638=CARTESIAN_POINT('',(19.0000000000003,-4027.5,279.354613350129));
#3639=CARTESIAN_POINT('',(-19.0000000000003,-4027.5,-279.354613350129));
#3640=CARTESIAN_POINT('',(-19.0000000000003,-4027.5,-279.354613350129));
#3641=CARTESIAN_POINT('',(19.0000000000003,-4027.5,279.354613350129));
#3642=CARTESIAN_POINT('',(0.,-457.5,0.));
#3643=CARTESIAN_POINT('',(0.,-457.5,-12.5));
#3644=CARTESIAN_POINT('',(0.,-457.5,0.));
#3645=CARTESIAN_POINT('',(0.,-457.5,-19.0000000000001));
#3646=CARTESIAN_POINT('',(0.,-457.5,0.));
#3647=CARTESIAN_POINT('',(0.,-4117.5,0.));
#3648=CARTESIAN_POINT('',(0.,-667.5,0.));
#3649=CARTESIAN_POINT('',(12.5,-667.5,7.65404249467096E-16));
#3650=CARTESIAN_POINT('',(0.,-667.5,0.));
#3651=CARTESIAN_POINT('',(0.,-667.5,0.));
#3652=CARTESIAN_POINT('',(-180.,-298.5,223.537468895038));
#3653=CARTESIAN_POINT('',(-180.,-298.5,223.537468895038));
#3654=CARTESIAN_POINT('',(-180.,-424.5,223.537468895038));
#3655=CARTESIAN_POINT('',(-180.,298.5,223.537468895038));
#3656=CARTESIAN_POINT('',(-180.,298.5,227.376340018042));
#3657=CARTESIAN_POINT('',(-180.,-352.5,319.));
#3658=CARTESIAN_POINT('',(0.,352.5,0.));
#3659=CARTESIAN_POINT('',(-126.,352.5,257.862366389514));
#3660=CARTESIAN_POINT('',(126.,352.5,257.862366389514));
#3661=CARTESIAN_POINT('',(126.,352.5,227.376340018042));
#3662=CARTESIAN_POINT('',(-126.,352.5,223.537468895038));
#3663=CARTESIAN_POINT('',(-180.,352.5,319.));
#3664=CARTESIAN_POINT('',(180.,-424.5,223.537468895038));
#3665=CARTESIAN_POINT('',(180.,298.5,223.537468895038));
#3666=CARTESIAN_POINT('',(180.,-298.5,223.537468895038));
#3667=CARTESIAN_POINT('',(180.,-298.5,227.376340018042));
#3668=CARTESIAN_POINT('',(180.,298.5,223.537468895038));
#3669=CARTESIAN_POINT('',(180.,352.5,319.));
#3670=CARTESIAN_POINT('',(0.,-352.5,0.));
#3671=CARTESIAN_POINT('',(126.,-352.5,257.862366389514));
#3672=CARTESIAN_POINT('',(-126.,-352.5,257.862366389514));
#3673=CARTESIAN_POINT('',(-126.,-352.5,227.376340018042));
#3674=CARTESIAN_POINT('',(126.,-352.5,223.537468895038));
#3675=CARTESIAN_POINT('',(180.,-352.5,319.));
#3676=CARTESIAN_POINT('',(0.,424.5,0.));
#3677=CARTESIAN_POINT('',(287.,424.5,-1.75736815677645E-14));
#3678=CARTESIAN_POINT('',(0.,424.5,0.));
#3679=CARTESIAN_POINT('',(0.,-424.5,0.));
#3680=CARTESIAN_POINT('',(287.,-424.5,-1.75736815677645E-14));
#3681=CARTESIAN_POINT('',(0.,-424.5,0.));
#3682=CARTESIAN_POINT('',(-180.,-298.5,223.537468895038));
#3683=CARTESIAN_POINT('',(-180.,-302.395836894191,223.537468895038));
#3684=CARTESIAN_POINT('',(-179.583607147199,-306.192923516319,223.874464013193));
#3685=CARTESIAN_POINT('',(-177.982265151285,-313.607221348575,225.149641094121));
#3686=CARTESIAN_POINT('',(-176.783174510526,-317.221821443896,226.097961797184));
#3687=CARTESIAN_POINT('',(-173.787141649988,-323.913116779878,228.408862603856));
#3688=CARTESIAN_POINT('',(-171.958519168671,-327.072707188107,229.795217342386));
#3689=CARTESIAN_POINT('',(-167.825470209368,-332.839701833296,232.830809338285));
#3690=CARTESIAN_POINT('',(-165.528805958721,-335.451607209009,234.475086867443));
#3691=CARTESIAN_POINT('',(-157.978008911771,-342.559029147758,239.685954020528));
#3692=CARTESIAN_POINT('',(-152.229448207891,-346.188016884534,243.411060961362));
#3693=CARTESIAN_POINT('',(-139.603159996719,-351.198054478071,250.865914820936));
#3694=CARTESIAN_POINT('',(-132.977550469195,-352.5,254.452906640004));
#3695=CARTESIAN_POINT('',(-126.,-352.5,257.862366389514));
#3696=CARTESIAN_POINT('',(126.,-352.5,257.862366389514));
#3697=CARTESIAN_POINT('',(132.977214073856,-352.5,254.453071013787));
#3698=CARTESIAN_POINT('',(139.607842217002,-351.198125846029,250.863606813155));
#3699=CARTESIAN_POINT('',(152.251257878042,-346.177429642413,243.397726584179));
#3700=CARTESIAN_POINT('',(157.930286330756,-342.597297756425,239.718020313562));
#3701=CARTESIAN_POINT('',(165.511580278507,-335.471120317632,234.487404660897));
#3702=CARTESIAN_POINT('',(167.806395107836,-332.860618096577,232.844413739603));
#3703=CARTESIAN_POINT('',(171.918720370061,-327.133858759648,229.824848167355));
#3704=CARTESIAN_POINT('',(173.755415490387,-323.974403262842,228.433085260227));
#3705=CARTESIAN_POINT('',(176.768271587374,-317.264528512275,226.109701281824));
#3706=CARTESIAN_POINT('',(177.949001605621,-313.73068154456,225.176015170049));
#3707=CARTESIAN_POINT('',(179.578777991084,-306.245126023167,223.878421192236));
#3708=CARTESIAN_POINT('',(180.,-302.397722158995,223.537468895038));
#3709=CARTESIAN_POINT('',(180.,-298.5,223.537468895038));
#3710=CARTESIAN_POINT('',(180.,298.5,223.537468895038));
#3711=CARTESIAN_POINT('',(180.,302.395836894191,223.537468895038));
#3712=CARTESIAN_POINT('',(179.583607147199,306.192923516319,223.874464013193));
#3713=CARTESIAN_POINT('',(177.982265151285,313.607221348575,225.149641094121));
#3714=CARTESIAN_POINT('',(176.783174510526,317.221821443896,226.097961797184));
#3715=CARTESIAN_POINT('',(173.787141649988,323.913116779878,228.408862603856));
#3716=CARTESIAN_POINT('',(171.958519168671,327.072707188108,229.795217342386));
#3717=CARTESIAN_POINT('',(167.825470209368,332.839701833296,232.830809338285));
#3718=CARTESIAN_POINT('',(165.528805958721,335.451607209009,234.475086867443));
#3719=CARTESIAN_POINT('',(157.978008911771,342.559029147758,239.685954020528));
#3720=CARTESIAN_POINT('',(152.229448207891,346.188016884534,243.411060961362));
#3721=CARTESIAN_POINT('',(139.603159996719,351.198054478071,250.865914820936));
#3722=CARTESIAN_POINT('',(132.977550469195,352.5,254.452906640004));
#3723=CARTESIAN_POINT('',(126.,352.5,257.862366389514));
#3724=CARTESIAN_POINT('',(-126.,352.5,257.862366389514));
#3725=CARTESIAN_POINT('',(-132.977214073856,352.5,254.453071013787));
#3726=CARTESIAN_POINT('',(-139.607842217002,351.198125846029,250.863606813155));
#3727=CARTESIAN_POINT('',(-152.251257878042,346.177429642413,243.397726584179));
#3728=CARTESIAN_POINT('',(-157.930286330756,342.597297756425,239.718020313562));
#3729=CARTESIAN_POINT('',(-165.511580278507,335.471120317632,234.487404660897));
#3730=CARTESIAN_POINT('',(-167.806395107836,332.860618096577,232.844413739603));
#3731=CARTESIAN_POINT('',(-171.918720370061,327.133858759648,229.824848167355));
#3732=CARTESIAN_POINT('',(-173.755415490387,323.974403262842,228.433085260227));
#3733=CARTESIAN_POINT('',(-176.768271587374,317.264528512275,226.109701281824));
#3734=CARTESIAN_POINT('',(-177.949001605621,313.73068154456,225.176015170049));
#3735=CARTESIAN_POINT('',(-179.578777991084,306.245126023167,223.878421192236));
#3736=CARTESIAN_POINT('',(-180.,302.397722158995,223.537468895038));
#3737=CARTESIAN_POINT('',(-180.,298.5,223.537468895038));
#3738=CARTESIAN_POINT('',(0.,-424.5,0.));
#3739=CARTESIAN_POINT('',(-126.,-298.5,319.));
#3740=CARTESIAN_POINT('',(126.,-298.5,319.));
#3741=CARTESIAN_POINT('',(126.,298.5,319.));
#3742=CARTESIAN_POINT('',(-126.,298.5,319.));
#3743=CARTESIAN_POINT('',(-222.,467.5,0.));
#3744=CARTESIAN_POINT('',(-222.,467.5,-7.5));
#3745=CARTESIAN_POINT('',(-184.645386649871,467.5,19.));
#3746=CARTESIAN_POINT('',(-259.354613350129,467.5,-19.));
#3747=CARTESIAN_POINT('',(0.,467.5,0.));
#3748=CARTESIAN_POINT('',(-222.,447.5,0.));
#3749=CARTESIAN_POINT('',(-222.,447.5,-7.5));
#3750=CARTESIAN_POINT('',(-222.,4207.5,0.));
#3751=CARTESIAN_POINT('',(-184.645386649871,4207.5,19.));
#3752=CARTESIAN_POINT('',(-259.354613350129,4207.5,-19.));
#3753=CARTESIAN_POINT('',(0.,447.5,0.));
#3754=CARTESIAN_POINT('',(-2.6006309093732E-13,467.5,222.));
#3755=CARTESIAN_POINT('',(-7.50000000000026,467.5,222.));
#3756=CARTESIAN_POINT('',(18.9999999999997,467.5,184.645386649871));
#3757=CARTESIAN_POINT('',(-19.0000000000003,467.5,259.354613350129));
#3758=CARTESIAN_POINT('',(0.,467.5,0.));
#3759=CARTESIAN_POINT('',(-2.6006309093732E-13,447.5,222.));
#3760=CARTESIAN_POINT('',(-2.6006309093732E-13,447.5,214.5));
#3761=CARTESIAN_POINT('',(-2.6006309093732E-13,4207.5,222.));
#3762=CARTESIAN_POINT('',(18.9999999999997,4207.5,184.645386649871));
#3763=CARTESIAN_POINT('',(-19.0000000000003,4207.5,259.354613350129));
#3764=CARTESIAN_POINT('',(0.,447.5,0.));
#3765=CARTESIAN_POINT('',(8.29483175105318E-13,467.5,-222.));
#3766=CARTESIAN_POINT('',(7.50000000000083,467.5,-222.));
#3767=CARTESIAN_POINT('',(-18.9999999999993,467.5,-184.645386649871));
#3768=CARTESIAN_POINT('',(19.0000000000009,467.5,-259.354613350129));
#3769=CARTESIAN_POINT('',(0.,467.5,0.));
#3770=CARTESIAN_POINT('',(8.29483175105318E-13,447.5,-222.));
#3771=CARTESIAN_POINT('',(8.29483175105318E-13,447.5,-229.5));
#3772=CARTESIAN_POINT('',(8.29483175105318E-13,4207.5,-222.));
#3773=CARTESIAN_POINT('',(-18.9999999999993,4207.5,-184.645386649871));
#3774=CARTESIAN_POINT('',(19.0000000000009,4207.5,-259.354613350129));
#3775=CARTESIAN_POINT('',(0.,447.5,0.));
#3776=CARTESIAN_POINT('',(0.,689.5,0.));
#3777=CARTESIAN_POINT('',(55000.,649.5,0.));
#3778=CARTESIAN_POINT('',(226.914925061653,-282.5,188.506277837806));
#3779=CARTESIAN_POINT('',(230.109946719921,-282.5,184.660262158795));
#3780=CARTESIAN_POINT('',(223.719903403385,-282.5,192.352293516817));
#3781=CARTESIAN_POINT('',(223.719903403385,-302.5,192.352293516817));
#3782=CARTESIAN_POINT('',(223.719903403385,-302.5,192.352293516817));
#3783=CARTESIAN_POINT('',(226.914925061653,-302.5,188.506277837806));
#3784=CARTESIAN_POINT('',(230.109946719921,-302.5,184.660262158795));
#3785=CARTESIAN_POINT('',(230.109946719921,-302.5,184.660262158795));
#3786=CARTESIAN_POINT('',(226.914925061653,-302.5,188.506277837806));
#3787=CARTESIAN_POINT('',(223.719903403385,-282.5,192.352293516817));
#3788=CARTESIAN_POINT('',(223.719903403385,-302.5,192.352293516817));
#3789=CARTESIAN_POINT('',(223.719903403385,-302.5,192.352293516817));
#3790=CARTESIAN_POINT('',(226.230773268987,-282.5,181.43769516315));
#3791=CARTESIAN_POINT('',(226.230773268987,-302.5,181.43769516315));
#3792=CARTESIAN_POINT('',(226.230773268987,-302.5,181.43769516315));
#3793=CARTESIAN_POINT('',(226.914925061653,-302.5,188.506277837806));
#3794=CARTESIAN_POINT('',(226.914925061653,-282.5,188.506277837806));
#3795=CARTESIAN_POINT('',(226.914925061653,-282.5,186.006277837806));
#3796=CARTESIAN_POINT('',(226.914925061653,-282.5,188.506277837806));
#3797=CARTESIAN_POINT('',(226.914925061653,-262.5,188.506277837806));
#3798=CARTESIAN_POINT('',(226.914925061653,-262.5,186.006277837806));
#3799=CARTESIAN_POINT('',(226.914925061653,-262.5,188.506277837806));
#3800=CARTESIAN_POINT('',(226.914925061653,1977.5,188.506277837806));
#3801=CARTESIAN_POINT('',(226.914925061653,-94.1666666666667,188.506277837806));
#3802=CARTESIAN_POINT('',(230.109946719921,-94.1666666666667,184.660262158795));
#3803=CARTESIAN_POINT('',(223.719903403385,-94.1666666666667,192.352293516817));
#3804=CARTESIAN_POINT('',(223.719903403385,-114.166666666667,192.352293516817));
#3805=CARTESIAN_POINT('',(223.719903403385,-114.166666666667,192.352293516817));
#3806=CARTESIAN_POINT('',(226.914925061653,-114.166666666667,188.506277837806));
#3807=CARTESIAN_POINT('',(230.109946719921,-114.166666666667,184.660262158795));
#3808=CARTESIAN_POINT('',(230.109946719921,-114.166666666667,184.660262158795));
#3809=CARTESIAN_POINT('',(226.914925061653,-114.166666666667,188.506277837806));
#3810=CARTESIAN_POINT('',(223.719903403385,-94.1666666666667,192.352293516817));
#3811=CARTESIAN_POINT('',(223.719903403385,-114.166666666667,192.352293516817));
#3812=CARTESIAN_POINT('',(223.719903403385,-114.166666666667,192.352293516817));
#3813=CARTESIAN_POINT('',(226.230773268987,-94.1666666666667,181.43769516315));
#3814=CARTESIAN_POINT('',(226.230773268987,-114.166666666667,181.43769516315));
#3815=CARTESIAN_POINT('',(226.230773268987,-114.166666666667,181.43769516315));
#3816=CARTESIAN_POINT('',(226.914925061653,-114.166666666667,188.506277837806));
#3817=CARTESIAN_POINT('',(226.914925061653,-94.1666666666667,188.506277837806));
#3818=CARTESIAN_POINT('',(226.914925061653,-94.1666666666667,186.006277837806));
#3819=CARTESIAN_POINT('',(226.914925061653,-94.1666666666667,188.506277837806));
#3820=CARTESIAN_POINT('',(226.914925061653,-74.1666666666667,188.506277837806));
#3821=CARTESIAN_POINT('',(226.914925061653,-74.1666666666667,186.006277837806));
#3822=CARTESIAN_POINT('',(226.914925061653,-74.1666666666667,188.506277837806));
#3823=CARTESIAN_POINT('',(226.914925061653,2165.83333333333,188.506277837806));
#3824=CARTESIAN_POINT('',(226.914925061653,94.1666666666667,188.506277837806));
#3825=CARTESIAN_POINT('',(230.109946719921,94.1666666666667,184.660262158795));
#3826=CARTESIAN_POINT('',(223.719903403385,94.1666666666667,192.352293516817));
#3827=CARTESIAN_POINT('',(223.719903403385,74.1666666666667,192.352293516817));
#3828=CARTESIAN_POINT('',(223.719903403385,74.1666666666667,192.352293516817));
#3829=CARTESIAN_POINT('',(226.914925061653,74.1666666666667,188.506277837806));
#3830=CARTESIAN_POINT('',(230.109946719921,74.1666666666667,184.660262158795));
#3831=CARTESIAN_POINT('',(230.109946719921,74.1666666666667,184.660262158795));
#3832=CARTESIAN_POINT('',(226.914925061653,74.1666666666667,188.506277837806));
#3833=CARTESIAN_POINT('',(223.719903403385,94.1666666666667,192.352293516817));
#3834=CARTESIAN_POINT('',(223.719903403385,74.1666666666667,192.352293516817));
#3835=CARTESIAN_POINT('',(223.719903403385,74.1666666666667,192.352293516817));
#3836=CARTESIAN_POINT('',(226.230773268987,94.1666666666667,181.43769516315));
#3837=CARTESIAN_POINT('',(226.230773268987,74.1666666666667,181.43769516315));
#3838=CARTESIAN_POINT('',(226.230773268987,74.1666666666667,181.43769516315));
#3839=CARTESIAN_POINT('',(226.914925061653,74.1666666666667,188.506277837806));
#3840=CARTESIAN_POINT('',(226.914925061653,94.1666666666667,188.506277837806));
#3841=CARTESIAN_POINT('',(226.914925061653,94.1666666666667,186.006277837806));
#3842=CARTESIAN_POINT('',(226.914925061653,94.1666666666667,188.506277837806));
#3843=CARTESIAN_POINT('',(226.914925061653,114.166666666667,188.506277837806));
#3844=CARTESIAN_POINT('',(226.914925061653,114.166666666667,186.006277837806));
#3845=CARTESIAN_POINT('',(226.914925061653,114.166666666667,188.506277837806));
#3846=CARTESIAN_POINT('',(226.914925061653,2354.16666666667,188.506277837806));
#3847=CARTESIAN_POINT('',(226.914925061653,282.5,188.506277837806));
#3848=CARTESIAN_POINT('',(230.109946719921,282.5,184.660262158795));
#3849=CARTESIAN_POINT('',(223.719903403385,282.5,192.352293516817));
#3850=CARTESIAN_POINT('',(223.719903403385,262.5,192.352293516817));
#3851=CARTESIAN_POINT('',(223.719903403385,262.5,192.352293516817));
#3852=CARTESIAN_POINT('',(226.914925061653,262.5,188.506277837806));
#3853=CARTESIAN_POINT('',(230.109946719921,262.5,184.660262158795));
#3854=CARTESIAN_POINT('',(230.109946719921,262.5,184.660262158795));
#3855=CARTESIAN_POINT('',(226.914925061653,262.5,188.506277837806));
#3856=CARTESIAN_POINT('',(223.719903403385,282.5,192.352293516817));
#3857=CARTESIAN_POINT('',(223.719903403385,262.5,192.352293516817));
#3858=CARTESIAN_POINT('',(223.719903403385,262.5,192.352293516817));
#3859=CARTESIAN_POINT('',(226.230773268987,282.5,181.43769516315));
#3860=CARTESIAN_POINT('',(226.230773268987,262.5,181.43769516315));
#3861=CARTESIAN_POINT('',(226.230773268987,262.5,181.43769516315));
#3862=CARTESIAN_POINT('',(226.914925061653,262.5,188.506277837806));
#3863=CARTESIAN_POINT('',(226.914925061653,282.5,188.506277837806));
#3864=CARTESIAN_POINT('',(226.914925061653,282.5,186.006277837806));
#3865=CARTESIAN_POINT('',(226.914925061653,282.5,188.506277837806));
#3866=CARTESIAN_POINT('',(226.914925061653,302.5,188.506277837806));
#3867=CARTESIAN_POINT('',(226.914925061653,302.5,186.006277837806));
#3868=CARTESIAN_POINT('',(226.914925061653,302.5,188.506277837806));
#3869=CARTESIAN_POINT('',(226.914925061653,2542.5,188.506277837806));
#3870=CARTESIAN_POINT('',(-213.620689655172,-382.5,203.448275862069));
#3871=CARTESIAN_POINT('',(-213.620689655172,-310.5,203.448275862069));
#3872=CARTESIAN_POINT('',(-213.620689655172,310.5,203.448275862069));
#3873=CARTESIAN_POINT('',(-210.,310.5,200.));
#3874=CARTESIAN_POINT('',(-210.,310.5,200.));
#3875=CARTESIAN_POINT('',(-210.,-382.5,200.));
#3876=CARTESIAN_POINT('',(-210.,-310.5,200.));
#3877=CARTESIAN_POINT('',(-213.620689655172,-310.5,203.448275862069));
#3878=CARTESIAN_POINT('',(-213.620689655172,-382.5,203.448275862069));
#3879=CARTESIAN_POINT('',(180.,-382.5,227.376340018042));
#3880=CARTESIAN_POINT('',(180.,-298.5,227.376340018042));
#3881=CARTESIAN_POINT('',(180.,298.5,227.376340018042));
#3882=CARTESIAN_POINT('',(180.,298.5,227.376340018042));
#3883=CARTESIAN_POINT('',(180.,302.386712863523,227.376340018042));
#3884=CARTESIAN_POINT('',(179.585519574078,306.176032499278,227.706098085242));
#3885=CARTESIAN_POINT('',(177.990528488461,313.576946986853,228.955012424484));
#3886=CARTESIAN_POINT('',(176.795291833813,317.188389535604,229.884633255414));
#3887=CARTESIAN_POINT('',(173.806198370257,323.876859011712,232.152805775976));
#3888=CARTESIAN_POINT('',(171.98128687004,327.036278905038,233.51430962967));
#3889=CARTESIAN_POINT('',(167.850512570868,332.809365390905,236.500954046687));
#3890=CARTESIAN_POINT('',(165.554553253121,335.42417217075,238.119608705146));
#3891=CARTESIAN_POINT('',(158.005554574522,342.539450162032,243.251469336832));
#3892=CARTESIAN_POINT('',(152.254720130164,346.175632521569,246.925141068768));
#3893=CARTESIAN_POINT('',(139.610169321323,351.197623822045,254.288272863333));
#3894=CARTESIAN_POINT('',(132.978662916545,352.5,257.830777905729));
#3895=CARTESIAN_POINT('',(126.,352.5,261.197243477032));
#3896=CARTESIAN_POINT('',(126.,352.5,261.197243477032));
#3897=CARTESIAN_POINT('',(0.,352.5,0.));
#3898=CARTESIAN_POINT('',(-126.,352.5,261.197243477032));
#3899=CARTESIAN_POINT('',(-126.,352.5,261.197243477032));
#3900=CARTESIAN_POINT('',(-132.978671790897,352.5,257.830773624794));
#3901=CARTESIAN_POINT('',(-139.614676715056,351.197262471108,254.285979066654));
#3902=CARTESIAN_POINT('',(-152.269802886399,346.16821110881,246.916026683311));
#3903=CARTESIAN_POINT('',(-157.954520498414,342.580663096308,243.285287893408));
#3904=CARTESIAN_POINT('',(-165.537610609046,335.443557045185,238.1315601441));
#3905=CARTESIAN_POINT('',(-167.830857656716,332.83095198517,236.514758659405));
#3906=CARTESIAN_POINT('',(-171.940340367856,327.099301449337,233.544315280187));
#3907=CARTESIAN_POINT('',(-173.774831744508,323.937494416627,232.1763675019));
#3908=CARTESIAN_POINT('',(-176.780226156941,317.23150559517,229.896301436344));
#3909=CARTESIAN_POINT('',(-177.957178316862,313.701127526313,228.981016073611));
#3910=CARTESIAN_POINT('',(-179.580850865135,306.227553124346,227.709861532515));
#3911=CARTESIAN_POINT('',(-180.,302.388661031062,227.376340018041));
#3912=CARTESIAN_POINT('',(-180.,298.5,227.376340018041));
#3913=CARTESIAN_POINT('',(-180.,298.5,227.376340018042));
#3914=CARTESIAN_POINT('',(-180.,-382.5,227.376340018042));
#3915=CARTESIAN_POINT('',(-180.,-298.5,227.376340018042));
#3916=CARTESIAN_POINT('',(-180.,-298.5,227.376340018042));
#3917=CARTESIAN_POINT('',(-180.,-302.386712863523,227.376340018042));
#3918=CARTESIAN_POINT('',(-179.585519574078,-306.176032499278,227.706098085242));
#3919=CARTESIAN_POINT('',(-177.990528488461,-313.576946986853,228.955012424484));
#3920=CARTESIAN_POINT('',(-176.795291833813,-317.188389535604,229.884633255414));
#3921=CARTESIAN_POINT('',(-173.806198370257,-323.876859011712,232.152805775976));
#3922=CARTESIAN_POINT('',(-171.98128687004,-327.036278905038,233.514309629669));
#3923=CARTESIAN_POINT('',(-167.850512570868,-332.809365390905,236.500954046687));
#3924=CARTESIAN_POINT('',(-165.554553253121,-335.42417217075,238.119608705146));
#3925=CARTESIAN_POINT('',(-158.005554574522,-342.539450162032,243.251469336832));
#3926=CARTESIAN_POINT('',(-152.254720130164,-346.175632521569,246.925141068768));
#3927=CARTESIAN_POINT('',(-139.610169321323,-351.197623822045,254.288272863333));
#3928=CARTESIAN_POINT('',(-132.978662916545,-352.5,257.830777905729));
#3929=CARTESIAN_POINT('',(-126.,-352.5,261.197243477032));
#3930=CARTESIAN_POINT('',(-126.,-352.5,261.197243477032));
#3931=CARTESIAN_POINT('',(0.,-352.5,0.));
#3932=CARTESIAN_POINT('',(126.,-352.5,261.197243477032));
#3933=CARTESIAN_POINT('',(126.,-352.5,261.197243477032));
#3934=CARTESIAN_POINT('',(132.978671790897,-352.5,257.830773624794));
#3935=CARTESIAN_POINT('',(139.614676715056,-351.197262471108,254.285979066654));
#3936=CARTESIAN_POINT('',(152.269802886399,-346.16821110881,246.916026683311));
#3937=CARTESIAN_POINT('',(157.954520498414,-342.580663096308,243.285287893408));
#3938=CARTESIAN_POINT('',(165.537610609046,-335.443557045185,238.1315601441));
#3939=CARTESIAN_POINT('',(167.830857656716,-332.83095198517,236.514758659405));
#3940=CARTESIAN_POINT('',(171.940340367856,-327.099301449337,233.544315280187));
#3941=CARTESIAN_POINT('',(173.774831744508,-323.937494416627,232.1763675019));
#3942=CARTESIAN_POINT('',(176.780226156941,-317.23150559517,229.896301436344));
#3943=CARTESIAN_POINT('',(177.957178316862,-313.701127526313,228.981016073611));
#3944=CARTESIAN_POINT('',(179.580850865135,-306.227553124346,227.709861532515));
#3945=CARTESIAN_POINT('',(180.,-302.388661031062,227.376340018041));
#3946=CARTESIAN_POINT('',(180.,-298.5,227.376340018041));
#3947=CARTESIAN_POINT('',(0.,382.5,0.));
#3948=CARTESIAN_POINT('',(-153.769595368902,382.5,245.87580511324));
#3949=CARTESIAN_POINT('',(153.769595368902,382.5,245.87580511324));
#3950=CARTESIAN_POINT('',(153.769595368902,382.5,245.87580511324));
#3951=CARTESIAN_POINT('',(157.824696470738,382.5,243.339763572585));
#3952=CARTESIAN_POINT('',(161.751884194929,382.05679446116,240.744290473223));
#3953=CARTESIAN_POINT('',(169.363204383742,380.288371209613,235.451885609218));
#3954=CARTESIAN_POINT('',(173.086635094781,378.940554044691,232.723828984025));
#3955=CARTESIAN_POINT('',(180.067984213814,375.393787100354,227.365091618288));
#3956=CARTESIAN_POINT('',(183.321931335418,373.211922346986,224.741515627689));
#3957=CARTESIAN_POINT('',(189.389773030281,368.025411807795,219.652437333887));
#3958=CARTESIAN_POINT('',(192.209980843536,364.995792323198,217.178788398034));
#3959=CARTESIAN_POINT('',(197.193158519075,358.360053377073,212.66443308457));
#3960=CARTESIAN_POINT('',(199.392764261401,354.72909969905,210.593580625255));
#3961=CARTESIAN_POINT('',(203.236926178773,346.822360127222,206.886158255627));
#3962=CARTESIAN_POINT('',(204.835805171941,342.631929107713,205.29395393947));
#3963=CARTESIAN_POINT('',(207.39720838848,333.926777174546,202.705975632698));
#3964=CARTESIAN_POINT('',(208.374576281198,329.35082857192,201.69510684033));
#3965=CARTESIAN_POINT('',(209.675196824947,320.010849239895,200.342686415354));
#3966=CARTESIAN_POINT('',(210.,315.284151369442,200.));
#3967=CARTESIAN_POINT('',(210.,310.5,200.));
#3968=CARTESIAN_POINT('',(210.,310.5,200.));
#3969=CARTESIAN_POINT('',(210.,-382.5,200.));
#3970=CARTESIAN_POINT('',(210.,-310.5,200.));
#3971=CARTESIAN_POINT('',(210.,-310.5,200.));
#3972=CARTESIAN_POINT('',(210.,-315.284347987387,200.));
#3973=CARTESIAN_POINT('',(209.675178967075,-319.988336692853,200.3426440505));
#3974=CARTESIAN_POINT('',(208.392821282636,-329.24213006883,201.676195268265));
#3975=CARTESIAN_POINT('',(207.419208379785,-333.840567053967,202.683523940116));
#3976=CARTESIAN_POINT('',(204.848663979544,-342.599514620647,205.281182156271));
#3977=CARTESIAN_POINT('',(203.263907949298,-346.752140993976,206.859302848734));
#3978=CARTESIAN_POINT('',(199.459361932845,-354.606485706847,210.530165029212));
#3979=CARTESIAN_POINT('',(197.219797392048,-358.318957668459,212.639675198116));
#3980=CARTESIAN_POINT('',(192.24229202315,-364.958322319985,217.15013495139));
#3981=CARTESIAN_POINT('',(189.486932018299,-367.931498631141,219.569051271042));
#3982=CARTESIAN_POINT('',(183.384989322691,-373.168608040593,224.690479043704));
#3983=CARTESIAN_POINT('',(180.094097399822,-375.375623161936,227.343888890241));
#3984=CARTESIAN_POINT('',(173.156550351084,-378.909864904103,232.671306362661));
#3985=CARTESIAN_POINT('',(169.458107270269,-380.26141717895,235.38449446069));
#3986=CARTESIAN_POINT('',(161.77319592745,-382.056673456047,240.730852678993));
#3987=CARTESIAN_POINT('',(157.825562259765,-382.5,243.339222112117));
#3988=CARTESIAN_POINT('',(153.769595368902,-382.5,245.87580511324));
#3989=CARTESIAN_POINT('',(153.769595368902,-382.5,245.87580511324));
#3990=CARTESIAN_POINT('',(0.,-382.5,0.));
#3991=CARTESIAN_POINT('',(-153.769595368902,-382.5,245.87580511324));
#3992=CARTESIAN_POINT('',(-153.769595368902,-382.5,245.87580511324));
#3993=CARTESIAN_POINT('',(-157.824696470738,-382.5,243.339763572585));
#3994=CARTESIAN_POINT('',(-161.751884194929,-382.05679446116,240.744290473223));
#3995=CARTESIAN_POINT('',(-169.363204383742,-380.288371209613,235.451885609218));
#3996=CARTESIAN_POINT('',(-173.086635094781,-378.94055404469,232.723828984025));
#3997=CARTESIAN_POINT('',(-180.067984213814,-375.393787100354,227.365091618288));
#3998=CARTESIAN_POINT('',(-183.321931335419,-373.211922346986,224.741515627689));
#3999=CARTESIAN_POINT('',(-189.389773030281,-368.025411807794,219.652437333887));
#4000=CARTESIAN_POINT('',(-192.209980843536,-364.995792323197,217.178788398034));
#4001=CARTESIAN_POINT('',(-197.193158519075,-358.360053377073,212.66443308457));
#4002=CARTESIAN_POINT('',(-199.392764261401,-354.729099699049,210.593580625255));
#4003=CARTESIAN_POINT('',(-203.236926178773,-346.822360127222,206.886158255627));
#4004=CARTESIAN_POINT('',(-204.835805171941,-342.631929107712,205.29395393947));
#4005=CARTESIAN_POINT('',(-207.39720838848,-333.926777174546,202.705975632698));
#4006=CARTESIAN_POINT('',(-208.374576281198,-329.35082857192,201.69510684033));
#4007=CARTESIAN_POINT('',(-209.675196824947,-320.010849239895,200.342686415354));
#4008=CARTESIAN_POINT('',(-210.,-315.284151369442,200.));
#4009=CARTESIAN_POINT('',(-210.,-310.5,200.));
#4010=CARTESIAN_POINT('',(-210.,310.5,200.));
#4011=CARTESIAN_POINT('',(-210.,315.284347987387,200.));
#4012=CARTESIAN_POINT('',(-209.675178967075,319.988336692853,200.3426440505));
#4013=CARTESIAN_POINT('',(-208.392821282636,329.24213006883,201.676195268265));
#4014=CARTESIAN_POINT('',(-207.419208379786,333.840567053967,202.683523940116));
#4015=CARTESIAN_POINT('',(-204.848663979544,342.599514620647,205.281182156271));
#4016=CARTESIAN_POINT('',(-203.263907949298,346.752140993976,206.859302848734));
#4017=CARTESIAN_POINT('',(-199.459361932845,354.606485706847,210.530165029212));
#4018=CARTESIAN_POINT('',(-197.219797392048,358.318957668459,212.639675198116));
#4019=CARTESIAN_POINT('',(-192.24229202315,364.958322319985,217.15013495139));
#4020=CARTESIAN_POINT('',(-189.486932018299,367.931498631141,219.569051271042));
#4021=CARTESIAN_POINT('',(-183.384989322691,373.168608040593,224.690479043704));
#4022=CARTESIAN_POINT('',(-180.094097399822,375.375623161936,227.343888890241));
#4023=CARTESIAN_POINT('',(-173.156550351084,378.909864904103,232.671306362661));
#4024=CARTESIAN_POINT('',(-169.458107270269,380.26141717895,235.38449446069));
#4025=CARTESIAN_POINT('',(-161.77319592745,382.056673456047,240.730852678993));
#4026=CARTESIAN_POINT('',(-157.825562259765,382.5,243.339222112117));
#4027=CARTESIAN_POINT('',(-153.769595368902,382.5,245.87580511324));
#4028=CARTESIAN_POINT('',(0.,-382.5,0.));
#4029=CARTESIAN_POINT('',(213.620689655172,310.5,203.448275862069));
#4030=CARTESIAN_POINT('',(213.620689655172,310.5,203.448275862069));
#4031=CARTESIAN_POINT('',(213.620689655172,-382.5,203.448275862069));
#4032=CARTESIAN_POINT('',(213.620689655172,-310.5,203.448275862069));
#4033=CARTESIAN_POINT('',(210.,-310.5,200.));
#4034=CARTESIAN_POINT('',(210.,-382.5,200.));
#4035=CARTESIAN_POINT('',(180.,-382.5,233.719917850405));
#4036=CARTESIAN_POINT('',(180.,298.5,233.719917850405));
#4037=CARTESIAN_POINT('',(180.,-298.5,233.719917850405));
#4038=CARTESIAN_POINT('',(180.,-298.5,233.719917850405));
#4039=CARTESIAN_POINT('',(180.,-302.372397984342,233.719917850405));
#4040=CARTESIAN_POINT('',(179.588512417835,-306.149494911469,234.038370688753));
#4041=CARTESIAN_POINT('',(178.003496895196,-313.529296265239,235.246143093099));
#4042=CARTESIAN_POINT('',(176.814382031052,-317.135565472873,236.146358032389));
#4043=CARTESIAN_POINT('',(173.836309168987,-323.819424297967,238.347153789359));
#4044=CARTESIAN_POINT('',(172.017516611688,-326.978175550127,239.66924651567));
#4045=CARTESIAN_POINT('',(167.890413511288,-332.760933636201,242.578199345387));
#4046=CARTESIAN_POINT('',(165.595602758706,-335.380351179873,244.156113783356));
#4047=CARTESIAN_POINT('',(160.56488641521,-340.132207340948,247.493492442288));
#4048=CARTESIAN_POINT('',(157.843032233799,-342.243230521989,249.242520439449));
#4049=CARTESIAN_POINT('',(152.133524910746,-345.876025520109,252.767971503513));
#4050=CARTESIAN_POINT('',(149.126890458522,-347.415965325926,254.557381901752));
#4051=CARTESIAN_POINT('',(139.622677701013,-351.196504214654,259.968591229036));
#4052=CARTESIAN_POINT('',(132.980702081972,-352.5,263.440195497674));
#4053=CARTESIAN_POINT('',(126.,-352.5,266.737698872882));
#4054=CARTESIAN_POINT('',(126.,-352.5,266.737698872881));
#4055=CARTESIAN_POINT('',(0.,-352.5,0.));
#4056=CARTESIAN_POINT('',(-126.,-352.5,266.737698872882));
#4057=CARTESIAN_POINT('',(-126.,-352.5,266.737698872882));
#4058=CARTESIAN_POINT('',(-132.985248768974,-352.5,263.43804776016));
#4059=CARTESIAN_POINT('',(-139.636344589913,-351.19326644168,259.961301906657));
#4060=CARTESIAN_POINT('',(-152.311382558302,-346.147049960511,252.743803015257));
#4061=CARTESIAN_POINT('',(-158.013716752133,-342.539001395488,249.185579184751));
#4062=CARTESIAN_POINT('',(-168.122488127233,-332.99648820052,242.480136385172));
#4063=CARTESIAN_POINT('',(-172.248433795046,-327.345215446812,239.519686809885));
#4064=CARTESIAN_POINT('',(-176.795444811278,-317.196625553595,236.160795905185));
#4065=CARTESIAN_POINT('',(-177.966217141239,-313.661451617275,235.274408356204));
#4066=CARTESIAN_POINT('',(-179.574291162101,-306.255814953426,234.049344422396));
#4067=CARTESIAN_POINT('',(-180.,-302.380804130065,233.719917850405));
#4068=CARTESIAN_POINT('',(-180.,-298.5,233.719917850405));
#4069=CARTESIAN_POINT('',(-180.,-298.5,233.719917850405));
#4070=CARTESIAN_POINT('',(-180.,-382.5,233.719917850405));
#4071=CARTESIAN_POINT('',(-180.,298.5,233.719917850405));
#4072=CARTESIAN_POINT('',(-180.,298.5,233.719917850405));
#4073=CARTESIAN_POINT('',(-180.,302.372397984342,233.719917850405));
#4074=CARTESIAN_POINT('',(-179.588512417835,306.149494911469,234.038370688753));
#4075=CARTESIAN_POINT('',(-178.003496895196,313.529296265239,235.246143093099));
#4076=CARTESIAN_POINT('',(-176.814382031052,317.135565472873,236.146358032389));
#4077=CARTESIAN_POINT('',(-173.836309168987,323.819424297967,238.347153789359));
#4078=CARTESIAN_POINT('',(-172.017516611688,326.978175550127,239.66924651567));
#4079=CARTESIAN_POINT('',(-167.890413511288,332.760933636201,242.578199345387));
#4080=CARTESIAN_POINT('',(-165.595602758706,335.380351179873,244.156113783356));
#4081=CARTESIAN_POINT('',(-160.56488641521,340.132207340948,247.493492442288));
#4082=CARTESIAN_POINT('',(-157.843032233799,342.243230521989,249.242520439449));
#4083=CARTESIAN_POINT('',(-152.133524910746,345.876025520109,252.767971503513));
#4084=CARTESIAN_POINT('',(-149.126890458522,347.415965325926,254.557381901752));
#4085=CARTESIAN_POINT('',(-139.622677701013,351.196504214654,259.968591229036));
#4086=CARTESIAN_POINT('',(-132.980702081972,352.5,263.440195497674));
#4087=CARTESIAN_POINT('',(-126.,352.5,266.737698872882));
#4088=CARTESIAN_POINT('',(-126.,352.5,266.737698872881));
#4089=CARTESIAN_POINT('',(0.,352.5,0.));
#4090=CARTESIAN_POINT('',(126.,352.5,266.737698872882));
#4091=CARTESIAN_POINT('',(126.,352.5,266.737698872882));
#4092=CARTESIAN_POINT('',(132.985248768974,352.5,263.43804776016));
#4093=CARTESIAN_POINT('',(139.636344589913,351.19326644168,259.961301906657));
#4094=CARTESIAN_POINT('',(152.311382558302,346.147049960511,252.743803015257));
#4095=CARTESIAN_POINT('',(158.013716752133,342.539001395488,249.185579184751));
#4096=CARTESIAN_POINT('',(168.122488127233,332.99648820052,242.480136385172));
#4097=CARTESIAN_POINT('',(172.248433795046,327.345215446812,239.519686809885));
#4098=CARTESIAN_POINT('',(176.795444811278,317.196625553595,236.160795905185));
#4099=CARTESIAN_POINT('',(177.966217141239,313.661451617275,235.274408356204));
#4100=CARTESIAN_POINT('',(179.574291162101,306.255814953425,234.049344422396));
#4101=CARTESIAN_POINT('',(180.,302.380804130065,233.719917850405));
#4102=CARTESIAN_POINT('',(180.,298.5,233.719917850405));
#4103=CARTESIAN_POINT('',(213.620689655172,310.5,203.448275862069));
#4104=CARTESIAN_POINT('',(213.620689655172,315.283295115712,203.448275862069));
#4105=CARTESIAN_POINT('',(213.295996481404,319.986264403591,203.790757479214));
#4106=CARTESIAN_POINT('',(212.014313318212,329.238084504497,205.123830641771));
#4107=CARTESIAN_POINT('',(211.04127189886,333.835532196587,206.130826447095));
#4108=CARTESIAN_POINT('',(208.472679073585,342.592974898618,208.728239910974));
#4109=CARTESIAN_POINT('',(206.889322469273,346.74494904294,210.306418081626));
#4110=CARTESIAN_POINT('',(203.089163691084,354.598234931274,213.978440104078));
#4111=CARTESIAN_POINT('',(200.852561096233,358.310452541989,216.089146589941));
#4112=CARTESIAN_POINT('',(195.882892343012,364.949893997496,220.604086680689));
#4113=CARTESIAN_POINT('',(193.132468355007,367.923325780325,223.026233756226));
#4114=CARTESIAN_POINT('',(187.04322690669,373.161387795169,228.157144408667));
#4115=CARTESIAN_POINT('',(183.75943373428,375.369507504327,230.817210160485));
#4116=CARTESIAN_POINT('',(176.838724143286,378.90582893915,236.161342382676));
#4117=CARTESIAN_POINT('',(173.150269407976,380.258485886039,238.884668450671));
#4118=CARTESIAN_POINT('',(165.485830053491,382.055896067012,244.256710590209));
#4119=CARTESIAN_POINT('',(161.549277543318,382.5,246.879942776764));
#4120=CARTESIAN_POINT('',(157.505236922052,382.5,249.433558973383));
#4121=CARTESIAN_POINT('',(157.505236922052,382.5,249.433558973383));
#4122=CARTESIAN_POINT('',(0.,382.5,0.));
#4123=CARTESIAN_POINT('',(-157.505236922052,382.5,249.433558973383));
#4124=CARTESIAN_POINT('',(-157.505236922052,382.5,249.433558973383));
#4125=CARTESIAN_POINT('',(-161.548439105403,382.5,246.880472209784));
#4126=CARTESIAN_POINT('',(-165.464501446101,382.056015344503,244.270285599551));
#4127=CARTESIAN_POINT('',(-173.055146030423,380.285601755139,238.952694268305));
#4128=CARTESIAN_POINT('',(-176.768885204026,378.936588939334,236.214123425815));
#4129=CARTESIAN_POINT('',(-183.733451802727,375.387642408493,230.838405753365));
#4130=CARTESIAN_POINT('',(-186.980169776711,373.204834047298,228.208418624163));
#4131=CARTESIAN_POINT('',(-193.035570182437,368.01719394773,223.109692449724));
#4132=CARTESIAN_POINT('',(-195.850712551828,364.987274655401,220.632707524945));
#4133=CARTESIAN_POINT('',(-200.825983557889,358.351505343427,216.113899517948));
#4134=CARTESIAN_POINT('',(-203.022599537289,354.720892328609,214.041929656253));
#4135=CARTESIAN_POINT('',(-206.86212182383,346.815702993008,210.333511662772));
#4136=CARTESIAN_POINT('',(-208.459843785087,342.625331399555,208.741000203713));
#4137=CARTESIAN_POINT('',(-211.019235968543,333.921912248234,206.153325678249));
#4138=CARTESIAN_POINT('',(-211.995940127103,329.347581359254,205.142879346857));
#4139=CARTESIAN_POINT('',(-213.296013368721,320.008947343029,203.790800229313));
#4140=CARTESIAN_POINT('',(-213.620689655172,315.283103023161,203.448275862069));
#4141=CARTESIAN_POINT('',(-213.620689655172,310.5,203.448275862069));
#4142=CARTESIAN_POINT('',(-213.620689655172,-310.5,203.448275862069));
#4143=CARTESIAN_POINT('',(-213.620689655172,-315.283295115712,203.448275862069));
#4144=CARTESIAN_POINT('',(-213.295996481404,-319.98626440359,203.790757479214));
#4145=CARTESIAN_POINT('',(-212.014313318212,-329.238084504497,205.123830641771));
#4146=CARTESIAN_POINT('',(-211.04127189886,-333.835532196587,206.130826447095));
#4147=CARTESIAN_POINT('',(-208.472679073585,-342.592974898618,208.728239910974));
#4148=CARTESIAN_POINT('',(-206.889322469273,-346.74494904294,210.306418081626));
#4149=CARTESIAN_POINT('',(-203.089163691084,-354.598234931274,213.978440104078));
#4150=CARTESIAN_POINT('',(-200.852561096233,-358.310452541989,216.089146589941));
#4151=CARTESIAN_POINT('',(-195.882892343012,-364.949893997496,220.604086680689));
#4152=CARTESIAN_POINT('',(-193.132468355007,-367.923325780325,223.026233756226));
#4153=CARTESIAN_POINT('',(-187.04322690669,-373.161387795169,228.157144408667));
#4154=CARTESIAN_POINT('',(-183.75943373428,-375.369507504327,230.817210160485));
#4155=CARTESIAN_POINT('',(-176.838724143286,-378.90582893915,236.161342382676));
#4156=CARTESIAN_POINT('',(-173.150269407976,-380.258485886039,238.884668450671));
#4157=CARTESIAN_POINT('',(-165.485830053491,-382.055896067012,244.256710590209));
#4158=CARTESIAN_POINT('',(-161.549277543318,-382.5,246.879942776764));
#4159=CARTESIAN_POINT('',(-157.505236922052,-382.5,249.433558973383));
#4160=CARTESIAN_POINT('',(-157.505236922052,-382.5,249.433558973383));
#4161=CARTESIAN_POINT('',(0.,-382.5,0.));
#4162=CARTESIAN_POINT('',(157.505236922052,-382.5,249.433558973383));
#4163=CARTESIAN_POINT('',(157.505236922052,-382.5,249.433558973383));
#4164=CARTESIAN_POINT('',(161.548439105403,-382.5,246.880472209784));
#4165=CARTESIAN_POINT('',(165.464501446101,-382.056015344503,244.270285599551));
#4166=CARTESIAN_POINT('',(173.055146030423,-380.285601755139,238.952694268305));
#4167=CARTESIAN_POINT('',(176.768885204026,-378.936588939334,236.214123425815));
#4168=CARTESIAN_POINT('',(183.733451802727,-375.387642408493,230.838405753365));
#4169=CARTESIAN_POINT('',(186.980169776711,-373.204834047298,228.208418624163));
#4170=CARTESIAN_POINT('',(193.035570182437,-368.01719394773,223.109692449724));
#4171=CARTESIAN_POINT('',(195.850712551828,-364.987274655401,220.632707524945));
#4172=CARTESIAN_POINT('',(200.825983557889,-358.351505343427,216.113899517948));
#4173=CARTESIAN_POINT('',(203.022599537289,-354.720892328609,214.041929656253));
#4174=CARTESIAN_POINT('',(206.86212182383,-346.815702993008,210.333511662772));
#4175=CARTESIAN_POINT('',(208.459843785087,-342.625331399555,208.741000203713));
#4176=CARTESIAN_POINT('',(211.019235968543,-333.921912248234,206.153325678249));
#4177=CARTESIAN_POINT('',(211.995940127103,-329.347581359254,205.142879346857));
#4178=CARTESIAN_POINT('',(213.296013368721,-320.008947343029,203.790800229313));
#4179=CARTESIAN_POINT('',(213.620689655172,-315.283103023161,203.448275862069));
#4180=CARTESIAN_POINT('',(213.620689655172,-310.5,203.448275862069));
#4181=CARTESIAN_POINT('',(0.,-382.5,0.));
#4182=CARTESIAN_POINT('',(49.6551724137938,-382.5,52.137931034484));
#4183=CARTESIAN_POINT('',(-49.6551724137938,-382.5,52.137931034484));
#4184=CARTESIAN_POINT('',(0.,-382.5,0.));
#4185=CARTESIAN_POINT('',(160.344827586207,382.5,252.137931034483));
#4186=CARTESIAN_POINT('',(-163.96551724138,382.5,255.586206896552));
#4187=CARTESIAN_POINT('',(0.,382.5,0.));
#4188=CARTESIAN_POINT('',(-180.,-298.5,227.376340018041));
#4189=CARTESIAN_POINT('',(-180.,298.5,233.719917850405));
#4190=CARTESIAN_POINT('',(-180.,-352.5,324.5));
#4191=CARTESIAN_POINT('',(126.,352.5,233.719917850405));
#4192=CARTESIAN_POINT('',(-126.,352.5,227.376340018041));
#4193=CARTESIAN_POINT('',(-180.,352.5,324.5));
#4194=CARTESIAN_POINT('',(180.,-298.5,233.719917850405));
#4195=CARTESIAN_POINT('',(180.,298.5,227.376340018042));
#4196=CARTESIAN_POINT('',(180.,352.5,324.5));
#4197=CARTESIAN_POINT('',(-126.,-352.5,233.719917850405));
#4198=CARTESIAN_POINT('',(126.,-352.5,227.376340018041));
#4199=CARTESIAN_POINT('',(180.,-352.5,324.5));
#4200=CARTESIAN_POINT('',(-126.,-298.5,324.5));
#4201=CARTESIAN_POINT('',(126.,-298.5,324.5));
#4202=CARTESIAN_POINT('',(126.,298.5,324.5));
#4203=CARTESIAN_POINT('',(-126.,298.5,324.5));
#4204=CARTESIAN_POINT('',(160.344827586207,310.5,252.137931034483));
#4205=CARTESIAN_POINT('',(-163.96551724138,310.5,255.586206896552));
#4206=CARTESIAN_POINT('',(49.6551724137938,-310.5,52.137931034484));
#4207=CARTESIAN_POINT('',(-49.6551724137938,-310.5,52.137931034484));
#4208=CARTESIAN_POINT('',(-168.875293956698,424.5,183.017429580429));
#4209=CARTESIAN_POINT('',(-195.745351641787,424.5,209.887487265518));
#4210=CARTESIAN_POINT('',(-168.875293956698,424.5,183.017429580429));
#4211=CARTESIAN_POINT('',(-183.017429580429,424.5,168.875293956698));
#4212=CARTESIAN_POINT('',(-183.017429580429,424.5,168.875293956698));
#4213=CARTESIAN_POINT('',(-209.887487265518,424.5,195.745351641788));
#4214=CARTESIAN_POINT('',(-209.887487265518,424.5,195.745351641788));
#4215=CARTESIAN_POINT('',(-195.745351641787,424.5,209.887487265518));
#4216=CARTESIAN_POINT('',(0.,424.5,0.));
#4217=CARTESIAN_POINT('',(-195.745351641787,4202.55,209.887487265518));
#4218=CARTESIAN_POINT('',(-195.745351641787,-74.5833333333333,209.887487265518));
#4219=CARTESIAN_POINT('',(-168.875293956698,-74.5833333333333,183.017429580429));
#4220=CARTESIAN_POINT('',(-168.875293956698,-74.5833333333333,183.017429580429));
#4221=CARTESIAN_POINT('',(-168.875293956698,4202.55,183.017429580429));
#4222=CARTESIAN_POINT('',(-168.875293956698,4202.55,183.017429580429));
#4223=CARTESIAN_POINT('',(-209.887487265518,4202.55,195.745351641788));
#4224=CARTESIAN_POINT('',(-209.887487265518,-74.5833333333333,195.745351641788));
#4225=CARTESIAN_POINT('',(-195.745351641787,-74.5833333333333,209.887487265518));
#4226=CARTESIAN_POINT('',(-195.745351641787,4202.55,209.887487265518));
#4227=CARTESIAN_POINT('',(-183.017429580429,4202.55,168.875293956698));
#4228=CARTESIAN_POINT('',(-183.017429580429,-74.5833333333333,168.875293956698));
#4229=CARTESIAN_POINT('',(-209.887487265518,-74.5833333333333,195.745351641788));
#4230=CARTESIAN_POINT('',(-209.887487265518,4202.55,195.745351641788));
#4231=CARTESIAN_POINT('',(-183.017429580429,-74.5833333333333,168.875293956698));
#4232=CARTESIAN_POINT('',(-183.017429580429,4202.55,168.875293956698));
#4233=CARTESIAN_POINT('',(0.,-74.5833333333333,0.));
#4234=CARTESIAN_POINT('',(183.017429580429,424.5,-168.875293956698));
#4235=CARTESIAN_POINT('',(168.875293956698,424.5,-183.017429580429));
#4236=CARTESIAN_POINT('',(183.017429580429,424.5,-168.875293956698));
#4237=CARTESIAN_POINT('',(209.887487265518,424.5,-195.745351641787));
#4238=CARTESIAN_POINT('',(209.887487265518,424.5,-195.745351641787));
#4239=CARTESIAN_POINT('',(195.745351641787,424.5,-209.887487265518));
#4240=CARTESIAN_POINT('',(195.745351641787,424.5,-209.887487265518));
#4241=CARTESIAN_POINT('',(168.875293956698,424.5,-183.017429580429));
#4242=CARTESIAN_POINT('',(0.,424.5,0.));
#4243=CARTESIAN_POINT('',(168.875293956698,4202.55,-183.017429580429));
#4244=CARTESIAN_POINT('',(168.875293956698,-74.5833333333333,-183.017429580429));
#4245=CARTESIAN_POINT('',(183.017429580429,-74.5833333333333,-168.875293956698));
#4246=CARTESIAN_POINT('',(183.017429580429,-74.5833333333333,-168.875293956698));
#4247=CARTESIAN_POINT('',(183.017429580429,4202.55,-168.875293956698));
#4248=CARTESIAN_POINT('',(183.017429580429,4202.55,-168.875293956698));
#4249=CARTESIAN_POINT('',(195.745351641787,4202.55,-209.887487265518));
#4250=CARTESIAN_POINT('',(195.745351641787,-74.5833333333333,-209.887487265518));
#4251=CARTESIAN_POINT('',(168.875293956698,-74.5833333333333,-183.017429580429));
#4252=CARTESIAN_POINT('',(168.875293956698,4202.55,-183.017429580429));
#4253=CARTESIAN_POINT('',(209.887487265518,4202.55,-195.745351641787));
#4254=CARTESIAN_POINT('',(209.887487265518,-74.5833333333333,-195.745351641787));
#4255=CARTESIAN_POINT('',(195.745351641787,-74.5833333333333,-209.887487265518));
#4256=CARTESIAN_POINT('',(195.745351641787,4202.55,-209.887487265518));
#4257=CARTESIAN_POINT('',(209.887487265518,-74.5833333333333,-195.745351641787));
#4258=CARTESIAN_POINT('',(209.887487265518,4202.55,-195.745351641787));
#4259=CARTESIAN_POINT('',(0.,-74.5833333333333,0.));
#4260=CARTESIAN_POINT('',(-168.875293956698,-424.5,-183.017429580429));
#4261=CARTESIAN_POINT('',(-168.875293956698,-424.5,-183.017429580429));
#4262=CARTESIAN_POINT('',(-195.745351641787,-424.5,-209.887487265518));
#4263=CARTESIAN_POINT('',(-183.017429580429,-424.5,-168.875293956698));
#4264=CARTESIAN_POINT('',(-183.017429580429,-424.5,-168.875293956698));
#4265=CARTESIAN_POINT('',(-209.887487265518,-424.5,-195.745351641788));
#4266=CARTESIAN_POINT('',(-209.887487265518,-424.5,-195.745351641788));
#4267=CARTESIAN_POINT('',(-195.745351641787,-424.5,-209.887487265518));
#4268=CARTESIAN_POINT('',(0.,-424.5,0.));
#4269=CARTESIAN_POINT('',(-209.887487265518,-4202.55,-195.745351641788));
#4270=CARTESIAN_POINT('',(-209.887487265518,74.5833333333333,-195.745351641788));
#4271=CARTESIAN_POINT('',(-183.017429580429,-4202.55,-168.875293956698));
#4272=CARTESIAN_POINT('',(-183.017429580429,74.5833333333333,-168.875293956698));
#4273=CARTESIAN_POINT('',(-209.887487265518,74.5833333333333,-195.745351641788));
#4274=CARTESIAN_POINT('',(-209.887487265518,-4202.55,-195.745351641788));
#4275=CARTESIAN_POINT('',(-195.745351641787,74.5833333333333,-209.887487265518));
#4276=CARTESIAN_POINT('',(-195.745351641787,74.5833333333333,-209.887487265518));
#4277=CARTESIAN_POINT('',(-183.017429580429,74.5833333333333,-168.875293956698));
#4278=CARTESIAN_POINT('',(-168.875293956698,74.5833333333333,-183.017429580429));
#4279=CARTESIAN_POINT('',(-168.875293956698,74.5833333333333,-183.017429580429));
#4280=CARTESIAN_POINT('',(0.,74.5833333333333,0.));
#4281=CARTESIAN_POINT('',(-168.875293956698,-4202.55,-183.017429580429));
#4282=CARTESIAN_POINT('',(-183.017429580429,-4202.55,-168.875293956698));
#4283=CARTESIAN_POINT('',(-195.745351641787,-4202.55,-209.887487265518));
#4284=CARTESIAN_POINT('',(-168.875293956698,-4202.55,-183.017429580429));
#4285=CARTESIAN_POINT('',(-195.745351641787,-4202.55,-209.887487265518));
#4286=CARTESIAN_POINT('',(183.017429580429,-424.5,168.875293956698));
#4287=CARTESIAN_POINT('',(183.017429580429,-424.5,168.875293956698));
#4288=CARTESIAN_POINT('',(168.875293956698,-424.5,183.017429580429));
#4289=CARTESIAN_POINT('',(209.887487265518,-424.5,195.745351641787));
#4290=CARTESIAN_POINT('',(209.887487265518,-424.5,195.745351641787));
#4291=CARTESIAN_POINT('',(195.745351641787,-424.5,209.887487265518));
#4292=CARTESIAN_POINT('',(195.745351641787,-424.5,209.887487265518));
#4293=CARTESIAN_POINT('',(168.875293956698,-424.5,183.017429580429));
#4294=CARTESIAN_POINT('',(0.,-424.5,0.));
#4295=CARTESIAN_POINT('',(168.875293956698,74.5833333333333,183.017429580429));
#4296=CARTESIAN_POINT('',(168.875293956698,74.5833333333333,183.017429580429));
#4297=CARTESIAN_POINT('',(195.745351641787,74.5833333333333,209.887487265518));
#4298=CARTESIAN_POINT('',(195.745351641787,74.5833333333333,209.887487265518));
#4299=CARTESIAN_POINT('',(209.887487265518,74.5833333333333,195.745351641787));
#4300=CARTESIAN_POINT('',(209.887487265518,74.5833333333333,195.745351641787));
#4301=CARTESIAN_POINT('',(183.017429580429,74.5833333333333,168.875293956698));
#4302=CARTESIAN_POINT('',(183.017429580429,74.5833333333333,168.875293956698));
#4303=CARTESIAN_POINT('',(0.,74.5833333333333,0.));
#4304=CARTESIAN_POINT('',(168.875293956698,-4202.55,183.017429580429));
#4305=CARTESIAN_POINT('',(195.745351641787,-4202.55,209.887487265518));
#4306=CARTESIAN_POINT('',(168.875293956698,-4202.55,183.017429580429));
#4307=CARTESIAN_POINT('',(209.887487265518,-4202.55,195.745351641787));
#4308=CARTESIAN_POINT('',(183.017429580429,-4202.55,168.875293956698));
#4309=CARTESIAN_POINT('',(209.887487265518,-4202.55,195.745351641787));
#4310=CARTESIAN_POINT('',(183.017429580429,-4202.55,168.875293956698));
#4311=CARTESIAN_POINT('',(195.745351641787,-4202.55,209.887487265518));
#4312=MECHANICAL_DESIGN_GEOMETRIC_PRESENTATION_REPRESENTATION('',(#24,#25,
#26,#27,#28,#29),#4313);
#4313=(
GEOMETRIC_REPRESENTATION_CONTEXT(3)
GLOBAL_UNCERTAINTY_ASSIGNED_CONTEXT((#4314))
GLOBAL_UNIT_ASSIGNED_CONTEXT((#4320,#4316,#4315))
REPRESENTATION_CONTEXT('W_WS_M_01_drum','TOP_LEVEL_ASSEMBLY_PART')
);
#4314=UNCERTAINTY_MEASURE_WITH_UNIT(LENGTH_MEASURE(0.0508),#4320,
'DISTANCE_ACCURACY_VALUE','Maximum Tolerance applied to model');
#4315=(
NAMED_UNIT(*)
SI_UNIT($,.STERADIAN.)
SOLID_ANGLE_UNIT()
);
#4316=(
CONVERSION_BASED_UNIT('DEGREE',#4318)
NAMED_UNIT(#4317)
PLANE_ANGLE_UNIT()
);
#4317=DIMENSIONAL_EXPONENTS(0.,0.,0.,0.,0.,0.,0.);
#4318=PLANE_ANGLE_MEASURE_WITH_UNIT(PLANE_ANGLE_MEASURE(0.0174532925),#4319);
#4319=(
NAMED_UNIT(*)
PLANE_ANGLE_UNIT()
SI_UNIT($,.RADIAN.)
);
#4320=(
LENGTH_UNIT()
NAMED_UNIT(*)
SI_UNIT(.MILLI.,.METRE.)
);
ENDSEC;
END-ISO-10303-21;
